rsid,matched_chr
rs1005734,1
rs1006298,1
rs10127775,1
rs1015890,1
rs1018454,1
rs10218613,1
rs1036332,1
rs10399820,1
rs1041310,1
rs1044145,1
rs10489615,1
rs10493441,1
rs10494275,1
rs1050316,1
rs1062964,1
rs1063412,1
rs10749636,1
rs10752957,1
rs10779750,1
rs10798014,1
rs10799940,1
rs10800097,1
rs10800531,1
rs10801586,1
rs10803164,1
rs10863569,1
rs10889333,1
rs10908458,1
rs10910095,1
rs10910535,1
rs10914144,1
rs10914684,1
rs10915885,1
rs10917469,1
rs10918077,1
rs10922106,1
rs10922147,1
rs10923344,1
rs10923385,1
rs10926988,1
rs10927074,1
rs10927878,1
rs11102967,1
rs11102972,1
rs11119933,1
rs11121012,1
rs11122449,1
rs11122450,1
rs11122454,1
rs11166258,1
rs11203346,1
rs11204523,1
rs11204701,1
rs11204771,1
rs11205303,1
rs11210731,1
rs11211541,1
rs112268616,1
rs1123571,1
rs11247595,1
rs11247956,1
rs11249215,1
rs112694611,1
rs112720009,1
rs11277,1
rs113292219,1
rs113312468,1
rs113630435,1
rs1139978,1
rs114165349,1
rs1142287,1
rs114269697,1
rs114529222,1
rs114678888,1
rs11487264,1
rs115126145,1
rs115276619,1
rs115340020,1
rs115427247,1
rs11544513,1
rs11548102,1
rs115482159,1
rs11573156,1
rs11576356,1
rs11576522,1
rs11578369,1
rs11578572,1
rs11580721,1
rs11581248,1
rs11587840,1
rs11588432,1
rs11588675,1
rs11589479,1
rs11591147,1
rs1168085,1
rs1172113,1
rs1172133,1
rs1172134,1
rs11799962,1
rs11803731,1
rs11803768,1
rs11808092,1
rs11809759,1
rs11810143,1
rs1198423,1
rs12022008,1
rs12024740,1
rs12029068,1
rs12034138,1
rs12035067,1
rs12037133,1
rs12037944,1
rs12038699,1
rs12042692,1
rs12045800,1
rs12046713,1
rs12048704,1
rs12048743,1
rs12058824,1
rs12075,1
rs12075086,1
rs12076635,1
rs12080068,1
rs12084158,1
rs12086222,1
rs12086750,1
rs12092798,1
rs12097901,1
rs12117480,1
rs12119876,1
rs12120616,1
rs12122508,1
rs12125200,1
rs12125241,1
rs12128631,1
rs12129860,1
rs12130298,1
rs12131882,1
rs12132412,1
rs12133641,1
rs12133665,1
rs12134456,1
rs12134960,1
rs12136409,1
rs12136856,1
rs12137164,1
rs12137270,1
rs12138621,1
rs12140070,1
rs12142181,1
rs1220399,1
rs12239736,1
rs12240047,1
rs12371,1
rs12401792,1
rs12407843,1
rs12408663,1
rs1242331,1
rs12561888,1
rs12562475,1
rs12564303,1
rs12566888,1
rs12568320,1
rs12720707,1
rs12729620,1
rs12732792,1
rs12733512,1
rs12740374,1
rs12741781,1
rs12743084,1
rs12748771,1
rs12753193,1
rs12755944,1
rs12757307,1
rs12760274,1
rs12760654,1
rs1276302,1
rs1293261,1
rs1316406,1
rs1329123,1
rs1337526,1
rs1339847,1
rs1342442,1
rs1343744,1
rs13551,1
rs1376675,1
rs138429240,1
rs138933538,1
rs139610968,1
rs13962,1
rs139795227,1
rs139958347,1
rs140386498,1
rs1414660,1
rs1418978,1
rs142374557,1
rs1434282,1
rs144126567,1
rs145831350,1
rs1471633,1
rs147350405,1
rs147440039,1
rs1475133,1
rs148212596,1
rs148526074,1
rs148644471,1
rs1493694,1
rs1497406,1
rs150394890,1
rs150649461,1
rs150789461,1
rs150816167,1
rs1556562,1
rs1560,1
rs1562200,1
rs1569419,1
rs1570805,1
rs1619485,1
rs165316,1
rs1668867,1
rs1668871,1
rs16829209,1
rs16836630,1
rs16840639,1
rs1689791,1
rs1690789,1
rs17020123,1
rs17037307,1
rs17045771,1
rs1707115,1
rs171003,1
rs17162190,1
rs17162854,1
rs17185052,1
rs1730851,1
rs1730858,1
rs17387365,1
rs17433088,1
rs17464525,1
rs1751479,1
rs17560427,1
rs17597619,1
rs17597773,1
rs17602729,1
rs1762482,1
rs1762484,1
rs1762509,1
rs17625587,1
rs17849502,1
rs1800674,1
rs1801174,1
rs1801274,1
rs1805110,1
rs1805404,1
rs183053322,1
rs1856027,1
rs1857513,1
rs188530181,1
rs1886654,1
rs1891058,1
rs190018150,1
rs191275,1
rs1925677,1
rs1925679,1
rs1925950,1
rs193084249,1
rs193280350,1
rs193290301,1
rs1933630,1
rs1970265,1
rs198389,1
rs1984769,1
rs1984983,1
rs200688856,1
rs2011178,1
rs2025577,1
rs2055938,1
rs2070803,1
rs2070901,1
rs2070902,1
rs2071533,1
rs2072671,1
rs2099684,1
rs213481,1
rs213499,1
rs2144300,1
rs2146204,1
rs2153463,1
rs2211651,1
rs2223286,1
rs2225767,1
rs2229474,1
rs2229688,1
rs2235256,1
rs2235910,1
rs2235913,1
rs2240336,1
rs2243191,1
rs2251847,1
rs2266782,1
rs2269615,1
rs2273967,1
rs2274319,1
rs2274700,1
rs2275529,1
rs2275767,1
rs2281415,1
rs2281525,1
rs2282286,1
rs2284860,1
rs2285170,1
rs228648,1
rs228682,1
rs2295615,1
rs2295616,1
rs2298005,1
rs2298632,1
rs232813,1
rs2358816,1
rs2360962,1
rs2365715,1
rs2369633,1
rs2446624,1
rs2453044,1
rs2473378,1
rs2476601,1
rs2484713,1
rs2486950,1
rs2487442,1
rs2487583,1
rs2493134,1
rs2493214,1
rs2493415,1
rs2495366,1
rs2495396,1
rs2576233,1
rs2642438,1
rs267733,1
rs2685,1
rs2724373,1
rs2736831,1
rs2765495,1
rs2765501,1
rs2773078,1
rs2783971,1
rs2784270,1
rs2788095,1
rs2791463,1
rs2793833,1
rs2802230,1
rs2802929,1
rs2808467,1
rs2816941,1
rs2843151,1
rs2843153,1
rs28454582,1
rs2852702,1
rs28594470,1
rs28734002,1
rs28768088,1
rs2884425,1
rs2889195,1
rs2901785,1
rs291091,1
rs291103,1
rs2919490,1
rs2926468,1
rs2990223,1
rs2999719,1
rs3007678,1
rs3008870,1
rs3014874,1
rs301816,1
rs3024505,1
rs3120034,1
rs3121560,1
rs320339,1
rs320366,1
rs3213563,1
rs331635,1
rs333947,1
rs333957,1
rs334699,1
rs334728,1
rs33915960,1
rs34144903,1
rs34157438,1
rs34217609,1
rs34257409,1
rs34262568,1
rs34370185,1
rs343764,1
rs343816,1
rs343817,1
rs34687326,1
rs34863121,1
rs35194649,1
rs35249183,1
rs35311109,1
rs35340377,1
rs35383942,1
rs35426013,1
rs35434391,1
rs3557,1
rs35661734,1
rs35731977,1
rs360058,1
rs36010924,1
rs36043533,1
rs36086195,1
rs36126250,1
rs368971323,1
rs3737240,1
rs3737803,1
rs37453,1
rs37454,1
rs37455,1
rs37458,1
rs37459,1
rs37460,1
rs37470,1
rs37471,1
rs3747617,1
rs3748770,1
rs3753437,1
rs3754109,1
rs375414,1
rs3765963,1
rs3766370,1
rs3766405,1
rs3768013,1
rs3768046,1
rs3768321,1
rs3768414,1
rs3790455,1
rs3790646,1
rs3791101,1
rs3806417,1
rs3811444,1
rs3813202,1
rs3813948,1
rs3820285,1
rs3850625,1
rs3851912,1
rs3856239,1
rs3856240,1
rs3917932,1
rs3917999,1
rs4073054,1
rs4075184,1
rs4085749,1
rs41264945,1
rs41265164,1
rs41267433,1
rs41271951,1
rs41273215,1
rs41292143,1
rs4129267,1
rs41302089,1
rs41302235,1
rs41313926,1
rs41315284,1
rs41315846,1
rs4133213,1
rs4149909,1
rs423144,1
rs4233367,1
rs4335411,1
rs4361977,1
rs4363479,1
rs4379708,1
rs4390169,1
rs4399146,1
rs4420065,1
rs4460623,1
rs4511075,1
rs4564157,1
rs4644481,1
rs4646063,1
rs4655794,1
rs4656319,1
rs4656926,1
rs4657825,1
rs4660128,1
rs4660130,1
rs4660740,1
rs4660743,1
rs4661012,1
rs469773,1
rs47219,1
rs4744,1
rs4745,1
rs474918,1
rs4762,1
rs478691,1
rs4844573,1
rs4844601,1
rs4845373,1
rs4846914,1
rs4846922,1
rs4846923,1
rs486906,1
rs487174,1
rs4915946,1
rs4916258,1
rs4916354,1
rs4920605,1
rs4925621,1
rs4927110,1
rs4949912,1
rs4950771,1
rs4950806,1
rs4950836,1
rs4950928,1
rs4951018,1
rs4951182,1
rs496654,1
rs497078,1
rs4970836,1
rs4970991,1
rs4971085,1
rs4971099,1
rs4971100,1
rs4971154,1
rs4992899,1
rs5016801,1
rs510379,1
rs528749486,1
rs529541,1
rs532534,1
rs547866,1
rs556107,1
rs55706902,1
rs55725529,1
rs557933,1
rs55794721,1
rs56043070,1
rs56199187,1
rs56221835,1
rs56319043,1
rs565919,1
rs5746011,1
rs58064215,1
rs58175074,1
rs58394161,1
rs587654685,1
rs59235751,1
rs594716,1
rs600806,1
rs602633,1
rs60640129,1
rs60766209,1
rs608339,1
rs61200828,1
rs6136,1
rs61394658,1
rs61685000,1
rs61747728,1
rs61764920,1
rs61777615,1
rs61779319,1
rs61779759,1
rs61781599,1
rs61801180,1
rs61804205,1
rs61804211,1
rs61809091,1
rs61811427,1
rs61812598,1
rs61821108,1
rs61821315,1
rs61822566,1
rs61822669,1
rs61823192,1
rs61830291,1
rs61837267,1
rs61837633,1
rs61840351,1
rs61844237,1
rs621328,1
rs626457,1
rs628745,1
rs629301,1
rs636523,1
rs6427756,1
rs6427943,1
rs6428708,1
rs6429636,1
rs646776,1
rs6577536,1
rs660240,1
rs661955,1
rs662026,1
rs663650,1
rs66539868,1
rs6658257,1
rs6662263,1
rs6662696,1
rs6664374,1
rs6664877,1
rs6664906,1
rs6667039,1
rs6667939,1
rs6668886,1
rs6669046,1
rs6671850,1
rs6672434,1
rs6676150,1
rs6677309,1
rs6678914,1
rs6680345,1
rs6682862,1
rs6683580,1
rs6686987,1
rs6687240,1
rs6690317,1
rs6690576,1
rs6693121,1
rs6693836,1
rs6693993,1
rs6694403,1
rs6695321,1
rs6695528,1
rs6696437,1
rs6697193,1
rs6700182,1
rs6700245,1
rs6700896,1
rs67295569,1
rs6759,1
rs676705,1
rs67908756,1
rs679515,1
rs68160490,1
rs688498,1
rs705193,1
rs70621,1
rs710221,1
rs71628146,1
rs72482675,1
rs72550870,1
rs72632294,1
rs72634819,1
rs72654647,1
rs72656914,1
rs72657272,1
rs72672271,1
rs72689399,1
rs72690493,1
rs72691756,1
rs72692781,1
rs72692819,1
rs72694438,1
rs72700845,1
rs72702561,1
rs72704072,1
rs72704449,1
rs72708715,1
rs72717040,1
rs72717048,1
rs72732234,1
rs72742919,1
rs72749982,1
rs730278,1
rs7333,1
rs734725,1
rs7412502,1
rs74139098,1
rs74227709,1
rs74359208,1
rs74441312,1
rs74451129,1
rs74785543,1
rs74874969,1
rs7513428,1
rs7514323,1
rs7515714,1
rs7516312,1
rs7516441,1
rs7517356,1
rs7518671,1
rs7519758,1
rs7520050,1
rs7520996,1
rs7522061,1
rs75232123,1
rs7524592,1
rs7528419,1
rs7528684,1
rs7529794,1
rs7529925,1
rs7535214,1
rs7535263,1
rs7535275,1
rs7537101,1
rs7537226,1
rs7537908,1
rs7539443,1
rs7540115,1
rs7541799,1
rs7542235,1
rs7542844,1
rs7543171,1
rs7544377,1
rs75446219,1
rs7545538,1
rs7545591,1
rs75460349,1
rs7546336,1
rs7546818,1
rs7548219,1
rs7549785,1
rs7550273,1
rs7550771,1
rs75650857,1
rs760077,1
rs76088187,1
rs76183323,1
rs76258507,1
rs76502631,1
rs76701955,1
rs767303,1
rs76798800,1
rs77382942,1
rs77542178,1
rs78037977,1
rs78265569,1
rs78342082,1
rs78444298,1
rs78663305,1
rs78806832,1
rs78867914,1
rs78945826,1
rs79412885,1
rs79451801,1
rs79598313,1
rs79723172,1
rs79795228,1
rs800292,1
rs80293268,1
rs823068,1
rs823079,1
rs826404,1
rs835664,1
rs848217,1
rs859670,1
rs861212,1
rs867772,1
rs870465,1
rs880315,1
rs908702,1
rs910502,1
rs911274,1
rs913257,1
rs924204,1
rs9332651,1
rs9426827,1
rs9426828,1
rs9427094,1
rs9427402,1
rs9429789,1
rs9432148,1
rs9435340,1
rs9439081,1
rs9442234,1
rs945214,1
rs946527,1
rs953492,1
rs9660126,1
rs994767,1
rs1008982,10
rs1013495,10
rs1031101,10
rs1034086,10
rs1040875,10
rs10430531,10
rs1044261,10
rs1049951,10
rs1072160,10
rs10733789,10
rs10733793,10
rs10740118,10
rs10740126,10
rs10740131,10
rs10748526,10
rs10749609,10
rs10761598,10
rs10761731,10
rs10761737,10
rs10761741,10
rs10762296,10
rs10762833,10
rs10764844,10
rs10785897,10
rs10786548,10
rs10787429,10
rs10796294,10
rs10821946,10
rs10822037,10
rs10822060,10
rs10822143,10
rs10822145,10
rs10822155,10
rs10822156,10
rs10822159,10
rs10822163,10
rs10822182,10
rs10822186,10
rs10823305,10
rs10823370,10
rs10823374,10
rs10823395,10
rs10823397,10
rs10824307,10
rs10824369,10
rs10857472,10
rs10882105,10
rs10882558,10
rs10883368,10
rs10883451,10
rs10883567,10
rs10883587,10
rs10884920,10
rs10886430,10
rs10904115,10
rs10904908,10
rs10906857,10
rs10993994,10
rs10994838,10
rs10995455,10
rs10995527,10
rs10998776,10
rs10998779,10
rs10998780,10
rs10999992,10
rs11000035,10
rs11000300,10
rs11001272,10
rs11002852,10
rs11003134,10
rs11016918,10
rs111354685,10
rs111622195,10
rs11187128,10
rs11190812,10
rs11197029,10
rs11197603,10
rs11200565,10
rs11202684,10
rs11202709,10
rs11203116,10
rs11239028,10
rs11239528,10
rs11239534,10
rs11253530,10
rs11254406,10
rs11256771,10
rs11259539,10
rs112972631,10
rs113344952,10
rs113422568,10
rs11517386,10
rs11591675,10
rs11591681,10
rs11594179,10
rs11594905,10
rs11596680,10
rs11598726,10
rs11599284,10
rs11599750,10
rs116052829,10
rs116792212,10
rs11814929,10
rs11817773,10
rs12245149,10
rs12253180,10
rs12256551,10
rs12257692,10
rs12262170,10
rs12264390,10
rs1227967,10
rs12354466,10
rs12355186,10
rs12357173,10
rs12359178,10
rs12360270,10
rs12413042,10
rs12416473,10
rs1250540,10
rs1250567,10
rs1250568,10
rs1250569,10
rs12571098,10
rs12572610,10
rs1265829,10
rs1265831,10
rs12722497,10
rs12761424,10
rs12762934,10
rs12767368,10
rs12767683,10
rs12772559,10
rs12784975,10
rs13095,10
rs1332327,10
rs1366050,10
rs1408579,10
rs141266925,10
rs1418278,10
rs143356584,10
rs143674922,10
rs1463597,10
rs149472343,10
rs1509955,10
rs151068477,10
rs161246,10
rs16926246,10
rs16937003,10
rs17096301,10
rs17099139,10
rs17112478,10
rs1727,10
rs17476364,10
rs1747716,10
rs17490500,10
rs17490626,10
rs17546173,10
rs17617337,10
rs17685390,10
rs17886395,10
rs1800450,10
rs1800682,10
rs181242111,10
rs1852959,10
rs1870137,10
rs1870148,10
rs1871451,10
rs1877558,10
rs1878036,10
rs1890966,10
rs1896995,10
rs1900464,10
rs1902708,10
rs191249894,10
rs1926197,10
rs1935,10
rs1937682,10
rs1965708,10
rs1977230,10
rs2031610,10
rs2068888,10
rs2082206,10
rs2163150,10
rs2163188,10
rs2166631,10
rs2227566,10
rs2229498,10
rs2234962,10
rs2250645,10
rs2286779,10
rs2291428,10
rs2296436,10
rs2368337,10
rs2393967,10
rs2393969,10
rs2429511,10
rs2435373,10
rs2435381,10
rs2438988,10
rs2497318,10
rs2630336,10
rs2633318,10
rs2646420,10
rs2784773,10
rs2787147,10
rs2792735,10
rs2803619,10
rs2862954,10
rs28741041,10
rs2981430,10
rs2981746,10
rs2995310,10
rs3019482,10
rs3019493,10
rs304438,10
rs3136630,10
rs34004366,10
rs34350728,10
rs34377578,10
rs34538474,10
rs35049778,10
rs35434411,10
rs35524242,10
rs35793747,10
rs35835884,10
rs369705328,10
rs3736946,10
rs3740217,10
rs374532236,10
rs3781295,10
rs3781452,10
rs3881611,10
rs3891783,10
rs3930831,10
rs3956959,10
rs3999089,10
rs41281340,10
rs41298373,10
rs41317268,10
rs4287251,10
rs4390300,10
rs4399232,10
rs4399275,10
rs4418728,10
rs4486555,10
rs4523587,10
rs4536103,10
rs4595427,10
rs4595491,10
rs4600153,10
rs4746203,10
rs4746340,10
rs4747200,10
rs4748650,10
rs4749125,10
rs4751995,10
rs4751996,10
rs478839,10
rs4933698,10
rs4934192,10
rs4934434,10
rs4934470,10
rs4948492,10
rs536725,10
rs546615589,10
rs55744193,10
rs55882340,10
rs55922628,10
rs55998424,10
rs56007204,10
rs56278466,10
rs56318703,10
rs56347655,10
rs57682907,10
rs58475177,10
rs60212594,10
rs603424,10
rs61678916,10
rs61738953,10
rs61751507,10
rs61839660,10
rs61840024,10
rs61848153,10
rs61854835,10
rs61871171,10
rs62625031,10
rs6479877,10
rs6480407,10
rs6480771,10
rs6480913,10
rs6481597,10
rs6583826,10
rs6584357,10
rs6586030,10
rs6601924,10
rs6686,10
rs67372909,10
rs67852477,10
rs683595,10
rs6858,10
rs697240,10
rs7068821,10
rs7069556,10
rs7070876,10
rs7072547,10
rs7073746,10
rs7075195,10
rs7077236,10
rs7077538,10
rs7077566,10
rs7078507,10
rs7079237,10
rs7080169,10
rs7080386,10
rs7080536,10
rs7082470,10
rs7083373,10
rs7084042,10
rs7084707,10
rs7084817,10
rs7086834,10
rs7088592,10
rs7088799,10
rs7090111,10
rs7094461,10
rs7095953,10
rs7096909,10
rs7097068,10
rs7098111,10
rs7098181,10
rs7099612,10
rs71481756,10
rs721917,10
rs727415,10
rs72775231,10
rs72783935,10
rs72823014,10
rs72842207,10
rs730334,10
rs734186,10
rs74118031,10
rs74152959,10
rs74501283,10
rs746552,10
rs7475335,10
rs748113,10
rs74973131,10
rs751514,10
rs75222352,10
rs75406471,10
rs754466,10
rs76669111,10
rs76809526,10
rs77880513,10
rs77958433,10
rs78325861,10
rs7869,10
rs7893498,10
rs7893993,10
rs7894504,10
rs7896518,10
rs7896897,10
rs7898019,10
rs7898735,10
rs7899547,10
rs7900957,10
rs7901856,10
rs7902343,10
rs7904738,10
rs7905367,10
rs7909516,10
rs7910135,10
rs7911226,10
rs7913063,10
rs7913582,10
rs7914847,10
rs7916100,10
rs7916271,10
rs7917848,10
rs7920058,10
rs7923609,10
rs7924036,10
rs79671623,10
rs80282103,10
rs815246,10
rs816828,10
rs8177636,10
rs8177651,10
rs8177652,10
rs8177653,10
rs8177654,10
rs8177655,10
rs8177683,10
rs8211,10
rs873110,10
rs885828,10
rs927826,10
rs9414801,10
rs9415044,10
rs9418120,10
rs9420589,10
rs9633740,10
rs9665663,10
rs9787438,10
rs9988738,10
rs102274,11
rs102275,11
rs10398,11
rs10437655,11
rs10444211,11
rs1044522,11
rs1049728,11
rs10500661,11
rs10501135,11
rs1050239,11
rs1058900,11
rs1058935,11
rs1059091,11
rs10741702,11
rs10742583,11
rs10742826,11
rs10751647,11
rs10751648,11
rs10765875,11
rs10769160,11
rs10769256,11
rs10770089,11
rs10770093,11
rs10790175,11
rs10790256,11
rs10790517,11
rs10791824,11
rs10794307,11
rs10830278,11
rs10831243,11
rs10832164,11
rs10832570,11
rs10833711,11
rs10833712,11
rs10835996,11
rs10836317,11
rs10838503,11
rs10838649,11
rs10838703,11
rs10838705,11
rs10839828,11
rs10840595,11
rs108499,11
rs10892342,11
rs10892873,11
rs10893498,11
rs10893501,11
rs10896045,11
rs10896113,11
rs10896373,11
rs10899345,11
rs11019400,11
rs11021221,11
rs11021759,11
rs11022114,11
rs11023881,11
rs11031006,11
rs11038357,11
rs11039144,11
rs11039216,11
rs11039221,11
rs11042583,11
rs11042676,11
rs11042976,11
rs11043076,11
rs11043115,11
rs111925329,11
rs11214489,11
rs11215416,11
rs11216898,11
rs11216900,11
rs11217078,11
rs11217194,11
rs11217815,11
rs11220468,11
rs11220477,11
rs11220505,11
rs11220517,11
rs11220518,11
rs11222444,11
rs11223741,11
rs11229075,11
rs11229439,11
rs11230313,11
rs11230563,11
rs11230768,11
rs11245925,11
rs11245998,11
rs11246276,11
rs112771035,11
rs113186715,11
rs113328990,11
rs113873801,11
rs113954756,11
rs114708736,11
rs1149596,11
rs1149597,11
rs1149607,11
rs11500477,11
rs11502185,11
rs11512560,11
rs11568819,11
rs115974400,11
rs11600334,11
rs11601507,11
rs11602909,11
rs11603123,11
rs11604127,11
rs11604175,11
rs11604462,11
rs11604580,11
rs11605246,11
rs11606532,11
rs11607122,11
rs11607757,11
rs117154779,11
rs117558678,11
rs117706710,11
rs117739035,11
rs118147870,11
rs11821656,11
rs11822913,11
rs11825821,11
rs12146443,11
rs1219549,11
rs12274456,11
rs12275459,11
rs12277151,11
rs12280510,11
rs12284180,11
rs12287028,11
rs12288924,11
rs12292693,11
rs12360820,11
rs12362038,11
rs12365875,11
rs12416873,11
rs12419615,11
rs12420758,11
rs12421465,11
rs12574283,11
rs12574844,11
rs12575474,11
rs12575749,11
rs12789028,11
rs12790261,11
rs12794649,11
rs12801491,11
rs12805381,11
rs13377454,11
rs1377416,11
rs1392996,11
rs1408035,11
rs141379009,11
rs14408,11
rs145678014,11
rs146893981,11
rs149440923,11
rs149703780,11
rs149934734,11
rs150370599,11
rs150770244,11
rs1519125,11
rs1535,11
rs1660579,11
rs16913576,11
rs170327,11
rs171052,11
rs17145884,11
rs17157266,11
rs1729405,11
rs17368814,11
rs174530,11
rs174533,11
rs174534,11
rs174536,11
rs174537,11
rs174544,11
rs174546,11
rs174547,11
rs174548,11
rs174551,11
rs174553,11
rs174556,11
rs174557,11
rs174559,11
rs174560,11
rs174561,11
rs174564,11
rs174566,11
rs174567,11
rs174568,11
rs174572,11
rs174574,11
rs174576,11
rs174581,11
rs174594,11
rs174598,11
rs174600,11
rs174601,11
rs17655730,11
rs17711539,11
rs1787909,11
rs1794089,11
rs1799963,11
rs1815739,11
rs1837095,11
rs1838095,11
rs1850521,11
rs1863243,11
rs1879888,11
rs1893990,11
rs1945391,11
rs1976848,11
rs199568356,11
rs2001754,11
rs2012605,11
rs201265508,11
rs201510256,11
rs2035675,11
rs2051773,11
rs2060009,11
rs2074038,11
rs2074417,11
rs2075842,11
rs2131535,11
rs214068,11
rs214082,11
rs2158026,11
rs2160669,11
rs2168101,11
rs2186564,11
rs2186717,11
rs2233244,11
rs2233546,11
rs2236653,11
rs2250417,11
rs2269434,11
rs2289123,11
rs2289125,11
rs2298475,11
rs2302361,11
rs2302605,11
rs231907,11
rs2351958,11
rs2370794,11
rs2403310,11
rs2444239,11
rs2472632,11
rs2508490,11
rs2508782,11
rs2509049,11
rs2509121,11
rs2509656,11
rs2510564,11
rs2511241,11
rs2622935,11
rs2670910,11
rs2697923,11
rs2724424,11
rs2727784,11
rs273592,11
rs2785171,11
rs2786800,11
rs28362944,11
rs28362947,11
rs28365809,11
rs28456,11
rs2845705,11
rs2847501,11
rs2848626,11
rs28503875,11
rs2852190,11
rs28521954,11
rs2930191,11
rs3016275,11
rs308326,11
rs3135506,11
rs3135932,11
rs34068447,11
rs34092660,11
rs34324219,11
rs34383631,11
rs34434834,11
rs34481144,11
rs34587557,11
rs35056404,11
rs35166255,11
rs35231465,11
rs35458154,11
rs35705950,11
rs35887873,11
rs35923643,11
rs36020612,11
rs36027301,11
rs36030645,11
rs36051450,11
rs3740688,11
rs3740720,11
rs3741085,11
rs3741156,11
rs3741240,11
rs3741343,11
rs3758938,11
rs376140926,11
rs3781781,11
rs3824949,11
rs3829241,11
rs3842763,11
rs3862627,11
rs3862630,11
rs3925584,11
rs3937027,11
rs3967200,11
rs4055121,11
rs4099470,11
rs4121392,11
rs4237722,11
rs4246215,11
rs4256938,11
rs4288784,11
rs4325274,11
rs4340079,11
rs4369416,11
rs4408267,11
rs4414241,11
rs4475891,11
rs4492844,11
rs4520607,11
rs4543942,11
rs45489595,11
rs45505501,11
rs45558732,11
rs4570592,11
rs4601794,11
rs4633440,11
rs471994,11
rs4752977,11
rs4753126,11
rs4756950,11
rs4757282,11
rs476994,11
rs481080,11
rs482246,11
rs486055,11
rs488962,11
rs492186,11
rs4926,11
rs4937122,11
rs4937127,11
rs4939113,11
rs494144,11
rs498045,11
rs5002812,11
rs502857,11
rs507695,11
rs513249,11
rs513365,11
rs525028,11
rs535716,11
rs542275,11
rs542831,11
rs546202,11
rs550299,11
rs550729,11
rs555465,11
rs55646096,11
rs55696240,11
rs55797351,11
rs558593,11
rs55861089,11
rs55933700,11
rs561722,11
rs561877,11
rs561945,11
rs562028,11
rs56363318,11
rs564699,11
rs56801796,11
rs569550,11
rs572608,11
rs5743659,11
rs574941,11
rs576785,11
rs579926,11
rs587862,11
rs58833930,11
rs594144,11
rs596002,11
rs59648931,11
rs59822672,11
rs599816,11
rs604085,11
rs60843925,11
rs613808,11
rs61652119,11
rs61734554,11
rs61736408,11
rs61744929,11
rs61759893,11
rs617819,11
rs61882275,11
rs61886532,11
rs61896141,11
rs61897431,11
rs61897793,11
rs61897795,11
rs61905116,11
rs619360,11
rs62618693,11
rs633683,11
rs635887,11
rs637571,11
rs6484784,11
rs6485720,11
rs6486122,11
rs648710,11
rs6541,11
rs6578313,11
rs6589598,11
rs6589823,11
rs6589938,11
rs6590199,11
rs6590334,11
rs6591649,11
rs660442,11
rs663939,11
rs66619583,11
rs667528,11
rs669661,11
rs672110,11
rs67513506,11
rs683486,11
rs686056,11
rs695110,11
rs695112,11
rs7103461,11
rs7108216,11
rs7108717,11
rs7110043,11
rs7110845,11
rs7111242,11
rs7112154,11
rs7114195,11
rs7114578,11
rs7117842,11
rs7120175,11
rs7121123,11
rs7122754,11
rs7124914,11
rs7127347,11
rs7127978,11
rs7128207,11
rs71469854,11
rs71475909,11
rs7232,11
rs72867737,11
rs72882960,11
rs72968738,11
rs72992152,11
rs72997349,11
rs73000929,11
rs73000965,11
rs73017385,11
rs73017399,11
rs73021441,11
rs73044885,11
rs735665,11
rs7358384,11
rs73632745,11
rs7395567,11
rs74611001,11
rs74612335,11
rs74622686,11
rs7478680,11
rs7480143,11
rs7481951,11
rs74992301,11
rs75071241,11
rs75117940,11
rs75128008,11
rs75491173,11
rs755760,11
rs75592015,11
rs757081,11
rs75782559,11
rs75902876,11
rs762803,11
rs76369658,11
rs76485191,11
rs76525968,11
rs76794772,11
rs76970536,11
rs77256447,11
rs77806870,11
rs78689694,11
rs78778622,11
rs7932766,11
rs7933202,11
rs7933887,11
rs7937642,11
rs7938055,11
rs7938316,11
rs7938323,11
rs7944186,11
rs7944598,11
rs7944748,11
rs7945556,11
rs7948108,11
rs7948455,11
rs7949566,11
rs7951028,11
rs7952194,11
rs7952602,11
rs79637814,11
rs8181503,11
rs831636,11
rs836143,11
rs907612,11
rs94499,11
rs950802,11
rs950803,11
rs964184,11
rs968567,11
rs9704688,11
rs9704782,11
rs99780,11
rs1006409,12
rs10083067,12
rs10083137,12
rs10128856,12
rs10128858,12
rs1013311,12
rs10161364,12
rs1017301,12
rs1027315,12
rs1043011,12
rs10444559,12
rs1047912,12
rs1050625,12
rs1056008,12
rs1063193,12
rs1070073,12
rs10744648,12
rs10745507,12
rs10745925,12
rs10771162,12
rs10772279,12
rs10772388,12
rs10772424,12
rs10773005,12
rs10774624,12
rs10774625,12
rs10777164,12
rs10777172,12
rs10777178,12
rs10778118,12
rs10778143,12
rs10778152,12
rs10778153,12
rs10785594,12
rs10841568,12
rs10843390,12
rs10843403,12
rs10845030,12
rs10845251,12
rs10845338,12
rs10846740,12
rs10846744,12
rs10848975,12
rs10849032,12
rs10849082,12
rs10849411,12
rs10849412,12
rs10849448,12
rs10849546,12
rs10849949,12
rs10860794,12
rs10860937,12
rs10875723,12
rs10876169,12
rs10876406,12
rs10876550,12
rs10878774,12
rs10879065,12
rs10880853,12
rs11045816,12
rs11045819,12
rs11045826,12
rs11045856,12
rs11045885,12
rs11047224,12
rs11047261,12
rs11047635,12
rs11048473,12
rs11049110,12
rs11050167,12
rs11050175,12
rs11053802,12
rs11054397,12
rs11054402,12
rs11054859,12
rs11055602,12
rs11056780,12
rs11057839,12
rs11057840,12
rs11057841,12
rs11060065,12
rs11064077,12
rs11064501,12
rs11065078,12
rs11065286,12
rs11065365,12
rs11065385,12
rs11068372,12
rs11105298,12
rs11105352,12
rs11105794,12
rs11105798,12
rs11111026,12
rs11147139,12
rs11147230,12
rs111653196,12
rs11170326,12
rs11170874,12
rs11172111,12
rs11172113,12
rs11172134,12
rs11172841,12
rs11177604,12
rs111831204,12
rs11183272,12
rs112279878,12
rs112403212,12
rs112538604,12
rs112630705,12
rs112683685,12
rs112814955,12
rs1131017,12
rs113379328,12
rs11362821,12
rs114749801,12
rs1151851,12
rs115484757,12
rs11553699,12
rs11559982,12
rs11572960,12
rs1157486,12
rs115840458,12
rs11610944,12
rs1161106,12
rs11612228,12
rs11613352,12
rs11614179,12
rs11614202,12
rs11616188,12
rs1167697,12
rs1168948,12
rs1169284,12
rs1169288,12
rs1169292,12
rs1169294,12
rs117213717,12
rs117654599,12
rs117692263,12
rs117788567,12
rs117801489,12
rs1182933,12
rs11830324,12
rs11830537,12
rs11830764,12
rs11837407,12
rs12146727,12
rs1215741,12
rs12228043,12
rs12229457,12
rs12230629,12
rs12296430,12
rs12298908,12
rs12310519,12
rs12316080,12
rs12316107,12
rs12318001,12
rs12368181,12
rs12368376,12
rs12368869,12
rs12370269,12
rs12371227,12
rs12372231,12
rs12372718,12
rs12424638,12
rs12579868,12
rs12811045,12
rs12811171,12
rs12811932,12
rs12812279,12
rs12816349,12
rs12824946,12
rs12827504,12
rs12827788,12
rs12831827,12
rs1362213,12
rs1362214,12
rs1366,12
rs138854007,12
rs1389065,12
rs145878042,12
rs145920606,12
rs146326139,12
rs147572362,12
rs148637595,12
rs150272003,12
rs151004395,12
rs1600128,12
rs1609860,12
rs1609985,12
rs1613813,12
rs16910526,12
rs17102261,12
rs17112108,12
rs1716505,12
rs1720066,12
rs1732588,12
rs1800574,12
rs180435,12
rs1851073,12
rs1858173,12
rs186269301,12
rs1896354,12
rs1896551,12
rs191448232,12
rs1920718,12
rs1941,12
rs2013335,12
rs2020854,12
rs2133638,12
rs2137537,12
rs2141247,12
rs215223,12
rs215225,12
rs215226,12
rs215234,12
rs215384,12
rs2167285,12
rs2193005,12
rs2217170,12
rs2229357,12
rs2238133,12
rs2240079,12
rs2244608,12
rs2254971,12
rs2257962,12
rs226379,12
rs2264782,12
rs2271637,12
rs2271660,12
rs2277413,12
rs2278093,12
rs2280503,12
rs2286782,12
rs2291075,12
rs2291256,12
rs2300643,12
rs2300738,12
rs2306393,12
rs2353482,12
rs2353483,12
rs2373459,12
rs2377671,12
rs2393775,12
rs2393791,12
rs2460740,12
rs2464190,12
rs2465811,12
rs249177,12
rs2532497,12
rs2559851,12
rs25680,12
rs2583273,12
rs2638315,12
rs2657879,12
rs2660869,12
rs2660896,12
rs2682725,12
rs2695293,12
rs2723889,12
rs2732465,12
rs2734419,12
rs28432783,12
rs28532037,12
rs2857672,12
rs2859660,12
rs2870841,12
rs3003,12
rs3024971,12
rs3176787,12
rs3184504,12
rs3213566,12
rs3213567,12
rs3213570,12
rs3213572,12
rs3217810,12
rs3217860,12
rs34009825,12
rs34833957,12
rs34915583,12
rs35084099,12
rs35221426,12
rs35393359,12
rs35436,12
rs35444,12
rs35764600,12
rs35979828,12
rs36078145,12
rs36100715,12
rs36127550,12
rs3736625,12
rs3741414,12
rs3741513,12
rs3751198,12
rs3763978,12
rs3764002,12
rs3782473,12
rs3782735,12
rs3809185,12
rs3844049,12
rs3851611,12
rs4072797,12
rs41276696,12
rs4149056,12
rs4149584,12
rs4242896,12
rs4326844,12
rs4420350,12
rs4491325,12
rs4573747,12
rs4608137,12
rs4628755,12
rs466776,12
rs4759061,12
rs4759076,12
rs4759533,12
rs4761234,12
rs4761529,12
rs4763577,12
rs4764809,12
rs4764822,12
rs4764823,12
rs4764824,12
rs4765147,12
rs4766578,12
rs4767023,12
rs4767884,12
rs4883201,12
rs4883263,12
rs4883583,12
rs489298,12
rs4980823,12
rs4981022,12
rs540639423,12
rs551125,12
rs55752061,12
rs55761427,12
rs558275,12
rs558314,12
rs55878006,12
rs55924827,12
rs56136109,12
rs565259407,12
rs56944668,12
rs570954040,12
rs57582846,12
rs57603894,12
rs57741885,12
rs57743625,12
rs58989256,12
rs59199058,12
rs59581534,12
rs597808,12
rs60273384,12
rs60309576,12
rs607860,12
rs608394,12
rs609700,12
rs61729512,12
rs61748064,12
rs61748920,12
rs61754171,12
rs61923561,12
rs61938844,12
rs61938969,12
rs632887,12
rs6487369,12
rs6487420,12
rs6488382,12
rs6488398,12
rs6489436,12
rs6489498,12
rs6489536,12
rs6489548,12
rs6489785,12
rs6490117,12
rs653178,12
rs6538677,12
rs6580980,12
rs6580981,12
rs66647364,12
rs68120218,12
rs705698,12
rs705702,12
rs709231,12
rs7133378,12
rs7134375,12
rs7135494,12
rs7136079,12
rs7136223,12
rs7137828,12
rs7139079,12
rs71440841,12
rs724666,12
rs7294354,12
rs7295158,12
rs7295693,12
rs7297265,12
rs7297289,12
rs7298362,12
rs7298463,12
rs7298766,12
rs7299091,12
rs7299203,12
rs7302969,12
rs73053728,12
rs7305678,12
rs7305849,12
rs7305932,12
rs7306169,12
rs73063122,12
rs7306772,12
rs7306778,12
rs73069037,12
rs7306988,12
rs7307053,12
rs73073222,12
rs7307331,12
rs7310409,12
rs7310615,12
rs73119306,12
rs7312169,12
rs7312770,12
rs7313508,12
rs7314285,12
rs7314459,12
rs7314691,12
rs7316285,12
rs7316339,12
rs73198632,12
rs73219860,12
rs73226270,12
rs73486469,12
rs74653672,12
rs7484541,12
rs7486983,12
rs7487150,12
rs7488780,12
rs75001229,12
rs75587749,12
rs75593565,12
rs76130676,12
rs76574446,12
rs76734539,12
rs76889468,12
rs76895963,12
rs76904513,12
rs76904798,12
rs773111,12
rs77572543,12
rs77709482,12
rs78424217,12
rs784487,12
rs78936721,12
rs790462,12
rs79091287,12
rs79284771,12
rs79476006,12
rs7953031,12
rs7953508,12
rs7953619,12
rs7954492,12
rs7955258,12
rs7955585,12
rs7956340,12
rs7959052,12
rs7959658,12
rs7959807,12
rs7960048,12
rs7961483,12
rs7962469,12
rs7962629,12
rs7964859,12
rs7965281,12
rs7965471,12
rs7968675,12
rs7969023,12
rs7970514,12
rs7970695,12
rs7970753,12
rs7971133,12
rs7973618,12
rs7974006,12
rs7974900,12
rs7975385,12
rs79755767,12
rs7979473,12
rs7979478,12
rs79880068,12
rs79894691,12
rs79948267,12
rs79977579,12
rs936964,12
rs966541,12
rs9668670,12
rs9737646,12
rs9738226,12
rs9738365,12
rs1028883,13
rs1034270,13
rs1041209,13
rs10507489,13
rs111044084,13
rs111345531,13
rs112702177,13
rs117230571,13
rs11838867,13
rs11840862,13
rs12100069,13
rs1218825,13
rs12428061,13
rs12429062,13
rs12429926,13
rs12863734,13
rs148305755,13
rs149590732,13
rs150861794,13
rs1570603,13
rs17532371,13
rs17552047,13
rs1801248,13
rs1886221,13
rs1887646,13
rs1892548,13
rs1961993,13
rs2039663,13
rs2062305,13
rs2147807,13
rs2217142,13
rs2297316,13
rs2485287,13
rs2818979,13
rs28404455,13
rs2876803,13
rs2940232,13
rs342706,13
rs35424555,13
rs35887622,13
rs374039502,13
rs3742207,13
rs3742314,13
rs3751437,13
rs3915667,13
rs4148448,13
rs475520,13
rs4770465,13
rs4885160,13
rs4907736,13
rs4941543,13
rs504122,13
rs547138,13
rs561241,13
rs56398830,13
rs571537179,13
rs58325618,13
rs6041,13
rs61944841,13
rs61963319,13
rs6561283,13
rs6561487,13
rs6561643,13
rs6562774,13
rs6602909,13
rs6602911,13
rs706606,13
rs7140110,13
rs71445078,13
rs716877,13
rs719826,13
rs73217470,13
rs7323613,13
rs7327510,13
rs7328277,13
rs7332329,13
rs7333078,13
rs74888361,13
rs76428106,13
rs76983463,13
rs78424108,13
rs7986845,13
rs7987293,13
rs7988300,13
rs7988851,13
rs8001611,13
rs8002440,13
rs806292,13
rs9285285,13
rs9318186,13
rs9506687,13
rs9507754,13
rs9511147,13
rs9513030,13
rs9521268,13
rs9526517,13
rs9529913,13
rs9530201,13
rs9534300,13
rs9535179,13
rs9543374,13
rs9547922,13
rs9551414,13
rs9554228,13
rs9558661,13
rs9564692,13
rs9565082,13
rs9567991,13
rs9568221,13
rs9573140,13
rs9573368,13
rs9581943,13
rs9581957,13
rs9585457,13
rs9590036,13
rs9594738,13
rs9601479,13
rs9604352,13
rs9634577,13
rs963569,13
rs981625,13
rs10129872,14
rs10131372,14
rs10139277,14
rs10141423,14
rs10142359,14
rs10142867,14
rs10144381,14
rs10145005,14
rs10146962,14
rs10150642,14
rs10151239,14
rs1041316,14
rs1042704,14
rs1045922,14
rs10483947,14
rs10873552,14
rs11158159,14
rs11159226,14
rs11160889,14
rs11160904,14
rs112597211,14
rs112635299,14
rs112806337,14
rs112988467,14
rs1130267,14
rs1130409,14
rs113170157,14
rs1134590,14
rs11499034,14
rs11620921,14
rs11621792,14
rs11626562,14
rs11626929,14
rs11627588,14
rs11628273,14
rs116909374,14
rs117001788,14
rs117068593,14
rs117775520,14
rs11845606,14
rs11846959,14
rs11847263,14
rs11847351,14
rs11847598,14
rs11850199,14
rs12431502,14
rs12431998,14
rs12432442,14
rs12433460,14
rs12434498,14
rs12434641,14
rs12435329,14
rs12435604,14
rs1257501,14
rs12588969,14
rs12590834,14
rs12879626,14
rs12880641,14
rs12881545,14
rs12881755,14
rs12881760,14
rs12885254,14
rs12887372,14
rs12888367,14
rs12888805,14
rs12888955,14
rs12889006,14
rs12890946,14
rs12894709,14
rs12894807,14
rs12895651,14
rs1303,14
rs1325529,14
rs138711694,14
rs138903858,14
rs139933477,14
rs1407,14
rs141575023,14
rs142153001,14
rs145426428,14
rs146691898,14
rs147121761,14
rs147307766,14
rs148659834,14
rs149976612,14
rs151184170,14
rs1555405,14
rs17122962,14
rs17127600,14
rs17192558,14
rs17254387,14
rs1755784,14
rs17580,14
rs17646457,14
rs1766138,14
rs17780143,14
rs178761,14
rs183347579,14
rs1860935,14
rs187793617,14
rs1885095,14
rs1888560,14
rs194742,14
rs1955512,14
rs1956713,14
rs1958078,14
rs200123836,14
rs2004377,14
rs2006166,14
rs2038700,14
rs2070709,14
rs2073333,14
rs2073672,14
rs2073681,14
rs2127870,14
rs2144530,14
rs2149839,14
rs2158358,14
rs2180369,14
rs2236352,14
rs2239222,14
rs2239630,14
rs2272587,14
rs2295125,14
rs2295829,14
rs2297066,14
rs2297067,14
rs2338403,14
rs2338404,14
rs2371463,14
rs2378955,14
rs2411815,14
rs2411823,14
rs2494747,14
rs2516600,14
rs2516948,14
rs2516974,14
rs2516981,14
rs2583285,14
rs2583292,14
rs2753532,14
rs2774036,14
rs2781375,14
rs28400019,14
rs28403575,14
rs28414135,14
rs2857335,14
rs2857338,14
rs2857339,14
rs2857369,14
rs2857375,14
rs28929474,14
rs3007036,14
rs34108925,14
rs34118068,14
rs34315295,14
rs34735285,14
rs34747041,14
rs34770754,14
rs35320790,14
rs35775091,14
rs35835517,14
rs3751488,14
rs3784099,14
rs3794463,14
rs3803286,14
rs3814953,14
rs3827905,14
rs3829423,14
rs4127814,14
rs439833,14
rs4429193,14
rs4441176,14
rs4512999,14
rs45512391,14
rs45525531,14
rs4773993,14
rs4774035,14
rs4774042,14
rs4898855,14
rs4899172,14
rs4899551,14
rs4900235,14
rs4901541,14
rs4903064,14
rs4905957,14
rs4982325,14
rs4982408,14
rs4982961,14
rs4983498,14
rs5511,14
rs55648536,14
rs56366203,14
rs58231493,14
rs58345103,14
rs58534292,14
rs59595881,14
rs60233920,14
rs61158753,14
rs6118,14
rs61269268,14
rs61976127,14
rs61978213,14
rs61998537,14
rs62006947,14
rs6572959,14
rs6575449,14
rs6576006,14
rs66464514,14
rs66743574,14
rs696,14
rs709932,14
rs712325,14
rs7140280,14
rs7141840,14
rs7142089,14
rs71421262,14
rs7142320,14
rs7144865,14
rs7144945,14
rs7145333,14
rs7146217,14
rs7147636,14
rs7147722,14
rs7149013,14
rs7149183,14
rs7149551,14
rs7150800,14
rs7151531,14
rs7152610,14
rs7153193,14
rs7153425,14
rs7153964,14
rs7154256,14
rs7154333,14
rs7157093,14
rs7158665,14
rs72481571,14
rs72694393,14
rs72701845,14
rs72717212,14
rs72721631,14
rs72734290,14
rs729940,14
rs73338697,14
rs73365421,14
rs74091724,14
rs74403919,14
rs74839303,14
rs748988,14
rs7519,14
rs754388,14
rs77333309,14
rs77381929,14
rs77587796,14
rs77865971,14
rs78729611,14
rs78913970,14
rs78956591,14
rs78986913,14
rs79445108,14
rs79589176,14
rs79874727,14
rs8004237,14
rs8006419,14
rs8007497,14
rs8009396,14
rs8009570,14
rs8013143,14
rs8015478,14
rs80158569,14
rs8017161,14
rs8017421,14
rs8018720,14
rs8022359,14
rs80324969,14
rs848093,14
rs848112,14
rs875908,14
rs888414,14
rs909219,14
rs910792,14
rs9322997,14
rs941576,14
rs9630357,14
rs9989163,14
rs10083587,15
rs10152127,15
rs10152355,15
rs10163132,15
rs1037117,15
rs1042499,15
rs10468017,15
rs10744953,15
rs1077834,15
rs1077835,15
rs10851591,15
rs10851740,15
rs11071528,15
rs11072110,15
rs11072115,15
rs11072186,15
rs11072563,15
rs11072641,15
rs11072818,15
rs11073790,15
rs11073804,15
rs112770790,15
rs113194763,15
rs113343095,15
rs114064595,15
rs1147128,15
rs11630800,15
rs11634545,15
rs11634947,15
rs11636578,15
rs11638521,15
rs117126605,15
rs11852336,15
rs11855641,15
rs11857513,15
rs11858010,15
rs12101730,15
rs12148472,15
rs12185077,15
rs12438878,15
rs12441543,15
rs12441765,15
rs12442073,15
rs12442252,15
rs12442366,15
rs12591150,15
rs12591825,15
rs12592898,15
rs12719735,15
rs1276854,15
rs12899068,15
rs12900933,15
rs12903072,15
rs12906219,15
rs12908199,15
rs12910173,15
rs12911469,15
rs12911658,15
rs12913702,15
rs12916532,15
rs139755703,15
rs140717316,15
rs143875230,15
rs144637338,15
rs1482941,15
rs149039920,15
rs149624078,15
rs149698681,15
rs1532085,15
rs1552949,15
rs1552950,15
rs1552951,15
rs1552952,15
rs1601935,15
rs16965171,15
rs17190566,15
rs17271193,15
rs17338413,15
rs174418,15
rs17658212,15
rs17676332,15
rs17702595,15
rs17765311,15
rs17807723,15
rs17845226,15
rs1800588,15
rs1834747,15
rs201393666,15
rs2043082,15
rs2043085,15
rs2062309,15
rs2070895,15
rs2071382,15
rs2073711,15
rs2288768,15
rs2289702,15
rs2291014,15
rs2304904,15
rs2306022,15
rs2414001,15
rs2414577,15
rs2414578,15
rs2415057,15
rs2439430,15
rs2458504,15
rs2585035,15
rs2606145,15
rs261290,15
rs261332,15
rs2625004,15
rs2729806,15
rs28398966,15
rs28430908,15
rs28459661,15
rs28498458,15
rs28735437,15
rs28837202,15
rs290366,15
rs2903880,15
rs2939849,15
rs339969,15
rs340005,15
rs340029,15
rs34239095,15
rs34257513,15
rs34262848,15
rs34452033,15
rs34560261,15
rs34593439,15
rs34772505,15
rs35439349,15
rs35673728,15
rs35853021,15
rs36034702,15
rs36082322,15
rs3743249,15
rs3751542,15
rs3752102,15
rs3784789,15
rs3817428,15
rs4338740,15
rs4380013,15
rs443401,15
rs4480755,15
rs4541022,15
rs4702,15
rs4774967,15
rs4775282,15
rs4776341,15
rs4778639,15
rs478008,15
rs4886410,15
rs4886632,15
rs4924450,15
rs4932177,15
rs4966015,15
rs55646601,15
rs55707100,15
rs560191,15
rs56094562,15
rs56266896,15
rs56332871,15
rs56362513,15
rs56369308,15
rs5742915,15
rs58036957,15
rs58603603,15
rs588136,15
rs59001897,15
rs59424629,15
rs60128101,15
rs60250730,15
rs61751063,15
rs62007832,15
rs62011287,15
rs62018910,15
rs62025493,15
rs631864,15
rs6494035,15
rs6495158,15
rs6497185,15
rs659232,15
rs67020211,15
rs7161799,15
rs7166599,15
rs7169895,15
rs7172615,15
rs7172696,15
rs7178458,15
rs7183456,15
rs72720971,15
rs72730585,15
rs72731930,15
rs72731954,15
rs72733906,15
rs72742918,15
rs72744709,15
rs72749499,15
rs72752337,15
rs72755040,15
rs72768600,15
rs7350789,15
rs74841302,15
rs7497304,15
rs7535,15
rs76382136,15
rs76648483,15
rs768269,15
rs77237106,15
rs77379665,15
rs77554484,15
rs78550103,15
rs78994380,15
rs79866634,15
rs80177425,15
rs8023580,15
rs8024090,15
rs8025505,15
rs8025591,15
rs8025833,15
rs8026714,15
rs8029247,15
rs8030179,15
rs8032798,15
rs8033800,15
rs8033940,15
rs8034776,15
rs8035677,15
rs8038032,15
rs8038465,15
rs8038694,15
rs8038764,15
rs8041103,15
rs8042458,15
rs8042462,15
rs8043243,15
rs8192297,15
rs877285,15
rs919054,15
rs998549,15
rs10083773,16
rs1019546,16
rs1069288,16
rs10775352,16
rs11074359,16
rs11074844,16
rs11075921,16
rs111632263,16
rs111714972,16
rs111869668,16
rs1121985,16
rs112434994,16
rs11248930,16
rs1126464,16
rs11344,16
rs113956264,16
rs1143679,16
rs11570136,16
rs11574938,16
rs11640085,16
rs11643024,16
rs11643063,16
rs11646135,16
rs11647454,16
rs11647695,16
rs11648679,16
rs11649196,16
rs11649554,16
rs116989645,16
rs117169628,16
rs117353460,16
rs11859341,16
rs11859615,16
rs11860497,16
rs11865163,16
rs12051272,16
rs12149545,16
rs12443634,16
rs12444166,16
rs12445050,16
rs12446515,16
rs12448760,16
rs12595858,16
rs12597479,16
rs12599288,16
rs12599731,16
rs12599777,16
rs12599863,16
rs12917707,16
rs12918968,16
rs12920871,16
rs12922073,16
rs12923427,16
rs12923769,16
rs12934455,16
rs12934567,16
rs12934746,16
rs13329952,16
rs13330176,16
rs13334205,16
rs13334882,16
rs13335818,16
rs13336347,16
rs13338037,16
rs13338372,16
rs13339274,16
rs138258116,16
rs1420299,16
rs1424110,16
rs1437135,16
rs144009214,16
rs145102812,16
rs151233,16
rs151234,16
rs1549299,16
rs1573735,16
rs15951,16
rs1635404,16
rs1657086,16
rs1673931,16
rs1684586,16
rs16940186,16
rs16950558,16
rs16950595,16
rs16956504,16
rs17616063,16
rs17673793,16
rs17689024,16
rs17689159,16
rs17689625,16
rs17700884,16
rs17767742,16
rs17817712,16
rs1800775,16
rs1805007,16
rs180744,16
rs181203,16
rs181206,16
rs183130,16
rs1864163,16
rs188683732,16
rs189278832,16
rs189772258,16
rs193652,16
rs1984409,16
rs200293726,16
rs2011779,16
rs2058814,16
rs2071916,16
rs2072694,16
rs2075465,16
rs2075637,16
rs217181,16
rs217184,16
rs2179768,16
rs2235503,16
rs2239327,16
rs2270363,16
rs2280381,16
rs2287798,16
rs2287799,16
rs2292318,16
rs2303223,16
rs231976,16
rs2460457,16
rs2461286,16
rs247616,16
rs247617,16
rs247810,16
rs247826,16
rs2541593,16
rs2549498,16
rs2733910,16
rs2745083,16
rs28362063,16
rs28365941,16
rs28483765,16
rs28544423,16
rs28547561,16
rs28640218,16
rs289749,16
rs2925979,16
rs2927314,16
rs3211995,16
rs3213423,16
rs34042070,16
rs34177108,16
rs34258285,16
rs34262842,16
rs34357723,16
rs34416903,16
rs34664313,16
rs34882080,16
rs34967993,16
rs35280834,16
rs35391516,16
rs35713275,16
rs35722622,16
rs35955905,16
rs36017565,16
rs36024491,16
rs36060036,16
rs373909380,16
rs3743588,16
rs3743887,16
rs3743890,16
rs3747481,16
rs3760047,16
rs3764261,16
rs3785100,16
rs3785307,16
rs3891245,16
rs400345,16
rs4076251,16
rs4076904,16
rs417929,16
rs421195,16
rs423135,16
rs4238595,16
rs4280262,16
rs4372705,16
rs4424913,16
rs45499297,16
rs4575545,16
rs4581712,16
rs460879,16
rs477025,16
rs4781137,16
rs4781978,16
rs4782366,16
rs4782371,16
rs4782568,16
rs4783183,16
rs4783185,16
rs4783186,16
rs4783189,16
rs4785587,16
rs4788460,16
rs4843292,16
rs4843855,16
rs4843860,16
rs488251,16
rs4889634,16
rs4985556,16
rs4997081,16
rs529900,16
rs533406,16
rs55798945,16
rs55870502,16
rs56094641,16
rs56156922,16
rs56196292,16
rs56228609,16
rs56283750,16
rs56292801,16
rs56303487,16
rs56369689,16
rs57092250,16
rs58722186,16
rs59253482,16
rs59735493,16
rs60626639,16
rs61758388,16
rs62025936,16
rs62031940,16
rs62034712,16
rs62045817,16
rs62048046,16
rs6497475,16
rs6498271,16
rs6564234,16
rs6600211,16
rs67366990,16
rs707236,16
rs708272,16
rs71386687,16
rs7187289,16
rs7189381,16
rs7189819,16
rs7190487,16
rs7191514,16
rs7192020,16
rs7192602,16
rs7193058,16
rs7194372,16
rs7194862,16
rs7197160,16
rs7199949,16
rs7200183,16
rs720130,16
rs7203642,16
rs7204775,16
rs7204799,16
rs7204850,16
rs7206518,16
rs7206699,16
rs72775463,16
rs72783184,16
rs72784938,16
rs72787359,16
rs72802342,16
rs72802352,16
rs72802365,16
rs74029252,16
rs74035509,16
rs7404039,16
rs7405380,16
rs742036,16
rs74439742,16
rs74758164,16
rs74955362,16
rs749679,16
rs749681,16
rs7500749,16
rs7501207,16
rs75514267,16
rs756719,16
rs763140,16
rs763142,16
rs763665,16
rs76520574,16
rs7672,16
rs7702,16
rs77303550,16
rs77924615,16
rs78335918,16
rs78755089,16
rs79258602,16
rs79346038,16
rs79546662,16
rs79575505,16
rs79860296,16
rs8043545,16
rs8045100,16
rs8045196,16
rs8046218,16
rs8047617,16
rs8051363,16
rs8051462,16
rs8051930,16
rs8052245,16
rs8052854,16
rs8053087,16
rs8054035,16
rs8055493,16
rs8057254,16
rs8057290,16
rs8058234,16
rs8059267,16
rs8060025,16
rs8060857,16
rs8062426,16
rs8062565,16
rs8063660,16
rs821840,16
rs878381,16
rs887864,16
rs889555,16
rs9033,16
rs924135,16
rs924138,16
rs9302635,16
rs9302690,16
rs9921779,16
rs9924609,16
rs9925556,16
rs9925837,16
rs9926666,16
rs9927316,16
rs9927461,16
rs9927527,16
rs9928936,16
rs9929720,16
rs9930957,16
rs9932027,16
rs9933330,16
rs9937249,16
rs9938016,16
rs9939427,16
rs9939495,16
rs9939821,16
rs9940980,16
rs9941349,16
rs1011082,17
rs1015673,17
rs1045929,17
rs1050565,17
rs10512472,17
rs10515144,17
rs10677223,17
rs10852766,17
rs11078597,17
rs11078865,17
rs11078893,17
rs11080149,17
rs111218914,17
rs111526614,17
rs112001035,17
rs1122800,17
rs112329494,17
rs112689088,17
rs1133763,17
rs114641762,17
rs11650304,17
rs11653006,17
rs116539064,17
rs11654194,17
rs11654208,17
rs11654557,17
rs11655181,17
rs11655264,17
rs11655511,17
rs11655668,17
rs11655755,17
rs11655934,17
rs11657440,17
rs11657868,17
rs11658189,17
rs117154637,17
rs117222566,17
rs117345300,17
rs117643180,17
rs117753190,17
rs117900576,17
rs117981338,17
rs118096417,17
rs11867239,17
rs11868206,17
rs11868696,17
rs11869940,17
rs12449331,17
rs12449930,17
rs12450688,17
rs12451299,17
rs12451746,17
rs12452590,17
rs12452789,17
rs12453909,17
rs12601658,17
rs12603821,17
rs1292061,17
rs1292072,17
rs12936577,17
rs12937398,17
rs12938273,17
rs12938334,17
rs12939390,17
rs12941139,17
rs12941811,17
rs12941884,17
rs12943365,17
rs12946745,17
rs12949906,17
rs12950377,17
rs12952581,17
rs13306780,17
rs13341611,17
rs13380815,17
rs1373067,17
rs138176943,17
rs138284624,17
rs138723501,17
rs13894,17
rs139356332,17
rs139602500,17
rs143040759,17
rs144030994,17
rs144204502,17
rs144327946,17
rs1453559,17
rs146385050,17
rs147431626,17
rs149394327,17
rs1541470,17
rs1634486,17
rs1641549,17
rs1668339,17
rs169201,17
rs16947430,17
rs16948563,17
rs16956892,17
rs16958589,17
rs16969187,17
rs17138476,17
rs17138478,17
rs1716,17
rs17669311,17
rs17701598,17
rs17744107,17
rs17834140,17
rs1799938,17
rs1801689,17
rs1801690,17
rs1838105,17
rs1863115,17
rs1968578,17
rs1984547,17
rs1991401,17
rs199529,17
rs200309755,17
rs2015086,17
rs205498,17
rs2074190,17
rs2077041,17
rs2107538,17
rs2124282,17
rs2150879,17
rs2160725,17
rs2204211,17
rs2227315,17
rs2227322,17
rs222780,17
rs2239910,17
rs2241244,17
rs2243090,17
rs2255166,17
rs2272011,17
rs2277641,17
rs2290400,17
rs2292642,17
rs2293188,17
rs2304980,17
rs2305482,17
rs2307215,17
rs2317631,17
rs2324084,17
rs2361710,17
rs2517953,17
rs2526358,17
rs2526359,17
rs2532344,17
rs2532351,17
rs2641260,17
rs2645490,17
rs2659005,17
rs2659007,17
rs2663349,17
rs2665397,17
rs2665405,17
rs2670824,17
rs271674,17
rs2725405,17
rs28496749,17
rs28613067,17
rs28730837,17
rs2907374,17
rs2909207,17
rs2934956,17
rs2948536,17
rs2952151,17
rs3093680,17
rs3110094,17
rs3136674,17
rs3176831,17
rs33986943,17
rs34097845,17
rs34210653,17
rs34449028,17
rs34523089,17
rs34562254,17
rs34931250,17
rs35005573,17
rs35033748,17
rs35088469,17
rs35103294,17
rs35222145,17
rs35489971,17
rs35617692,17
rs36160143,17
rs371029929,17
rs3744052,17
rs3785549,17
rs3803800,17
rs3803813,17
rs3826331,17
rs3848456,17
rs3859187,17
rs3859189,17
rs3865350,17
rs3916033,17
rs3935280,17
rs4061659,17
rs4129767,17
rs41410147,17
rs4243247,17
rs4252624,17
rs4264433,17
rs4309436,17
rs4343,17
rs4500785,17
rs4525556,17
rs4591185,17
rs4613118,17
rs4646787,17
rs4788933,17
rs4789315,17
rs4792800,17
rs4792851,17
rs4794016,17
rs4794063,17
rs4794204,17
rs4794283,17
rs4794822,17
rs4794824,17
rs4794828,17
rs4794836,17
rs4795369,17
rs4795405,17
rs4795578,17
rs4969145,17
rs5035,17
rs516051,17
rs520733,17
rs533978966,17
rs547341086,17
rs553749201,17
rs55714927,17
rs55826010,17
rs55842605,17
rs55864353,17
rs55949690,17
rs55951667,17
rs559972,17
rs56030650,17
rs560504414,17
rs56072903,17
rs56239087,17
rs56325564,17
rs56378716,17
rs573431210,17
rs57839578,17
rs5848,17
rs58697961,17
rs58745116,17
rs59291670,17
rs59585182,17
rs59715174,17
rs59749475,17
rs60082402,17
rs60134803,17
rs605054,17
rs606911,17
rs60894000,17
rs61267327,17
rs61580404,17
rs61698755,17
rs61746217,17
rs62053877,17
rs62056931,17
rs62057151,17
rs62063281,17
rs62067034,17
rs62086562,17
rs62087200,17
rs6501460,17
rs6501597,17
rs6503533,17
rs6503726,17
rs6504649,17
rs6504790,17
rs6565549,17
rs669340,17
rs67043925,17
rs67890301,17
rs704,17
rs712048,17
rs71358249,17
rs7207166,17
rs7207403,17
rs7208052,17
rs7208422,17
rs7209484,17
rs7210399,17
rs7210472,17
rs7212366,17
rs7212367,17
rs7212936,17
rs7212938,17
rs7214041,17
rs7214239,17
rs7215053,17
rs7216864,17
rs7219025,17
rs7219220,17
rs7219860,17
rs7220067,17
rs7220290,17
rs7222664,17
rs7222891,17
rs7223304,17
rs7223705,17
rs7223866,17
rs7224668,17
rs7224888,17
rs7225606,17
rs7225984,17
rs727428,17
rs72833611,17
rs72835413,17
rs72835418,17
rs72836561,17
rs73280822,17
rs740516,17
rs7405611,17
rs7405712,17
rs74787440,17
rs7503034,17
rs75143957,17
rs753513,17
rs76324764,17
rs76410205,17
rs77542162,17
rs78357146,17
rs78378222,17
rs78625720,17
rs78761021,17
rs78903072,17
rs79401775,17
rs79702286,17
rs80063027,17
rs80067372,17
rs80269200,17
rs8064299,17
rs8065669,17
rs8067378,17
rs8069133,17
rs8070444,17
rs8071037,17
rs8072896,17
rs8073060,17
rs8074498,17
rs8075668,17
rs8076131,17
rs8076897,17
rs8077394,17
rs8077638,17
rs8078118,17
rs8078686,17
rs8081692,17
rs8178824,17
rs888298,17
rs895159,17
rs907087,17
rs90951,17
rs916888,17
rs9303283,17
rs9646410,17
rs9674995,17
rs9675122,17
rs9675127,17
rs9747449,17
rs975772,17
rs983817,17
rs9892550,17
rs9898547,17
rs9901675,17
rs9903158,17
rs9905800,17
rs9906951,17
rs9907136,17
rs9907575,17
rs9908979,17
rs9911630,17
rs9916158,17
rs9916257,17
rs9989475,17
rs10084010,18
rs10432210,18
rs10871755,18
rs11082304,18
rs11083157,18
rs11151953,18
rs11661117,18
rs116847314,18
rs12373325,18
rs1241347,18
rs12454829,18
rs12457737,18
rs12457893,18
rs12604401,18
rs12955789,18
rs12957470,18
rs12960081,18
rs12962668,18
rs12963675,18
rs12963741,18
rs12970236,18
rs12970396,18
rs13381663,18
rs143393480,18
rs145875564,18
rs147699329,18
rs1667229,18
rs16962044,18
rs16978179,18
rs17064235,18
rs17065796,18
rs17676919,18
rs17696641,18
rs17758695,18
rs17817077,18
rs1788781,18
rs1800477,18
rs1840557,18
rs1841396,18
rs1893957,18
rs2020436,18
rs2187493,18
rs2318997,18
rs2596606,18
rs2741189,18
rs276937,18
rs276939,18
rs3826616,18
rs4078130,18
rs41292412,18
rs4445975,18
rs4503880,18
rs470560,18
rs4891780,18
rs4939883,18
rs4940391,18
rs4940757,18
rs4940867,18
rs503581,18
rs55639531,18
rs55841020,18
rs55966171,18
rs56376587,18
rs564885,18
rs57171122,18
rs57967615,18
rs61322349,18
rs616114,18
rs61749945,18
rs62090589,18
rs62090602,18
rs620982,18
rs625361,18
rs628064,18
rs657693,18
rs660637,18
rs680321,18
rs718515,18
rs7233320,18
rs7234321,18
rs7235273,18
rs7236989,18
rs7238123,18
rs7240884,18
rs7244985,18
rs72642434,18
rs72911294,18
rs72918159,18
rs72939458,18
rs72943036,18
rs72956135,18
rs74378796,18
rs7506808,18
rs75763843,18
rs77960347,18
rs8096658,18
rs8099218,18
rs877127,18
rs878663,18
rs884205,18
rs9807459,18
rs9948409,18
rs9950000,18
rs9951002,18
rs9951519,18
rs9951754,18
rs9952353,18
rs9952412,18
rs9957264,18
rs9959832,18
rs1005980,19
rs1030094,19
rs1035454,19
rs10401614,19
rs10401969,19
rs10402112,19
rs10402367,19
rs10402422,19
rs10402931,19
rs10404296,19
rs10404947,19
rs10405357,19
rs10405382,19
rs10405535,19
rs10407041,19
rs10409772,19
rs10411704,19
rs10412463,19
rs10414398,19
rs10415881,19
rs10416310,19
rs10417049,19
rs10417163,19
rs10417548,19
rs10418046,19
rs10418205,19
rs10420066,19
rs10421318,19
rs10422101,19
rs10422861,19
rs10423223,19
rs10424665,19
rs10424978,19
rs10425544,19
rs10426161,19
rs10469365,19
rs1054221,19
rs1056914,19
rs1065853,19
rs10853805,19
rs10853845,19
rs1106476,19
rs11085015,19
rs11085147,19
rs11085824,19
rs111920893,19
rs111949142,19
rs112167630,19
rs11260012,19
rs11260029,19
rs112710702,19
rs112896133,19
rs113374757,19
rs1135062,19
rs1137844,19
rs114329775,19
rs115191768,19
rs11554159,19
rs11555037,19
rs11666797,19
rs11668189,19
rs11668526,19
rs11668587,19
rs11668882,19
rs11669345,19
rs11669879,19
rs11669915,19
rs11670056,19
rs11671654,19
rs11672900,19
rs116843064,19
rs117268623,19
rs117736448,19
rs117861190,19
rs11878523,19
rs11878908,19
rs11879229,19
rs11879798,19
rs11880141,19
rs11880539,19
rs12019136,19
rs12150986,19
rs12150998,19
rs12151289,19
rs123698,19
rs12459447,19
rs12459454,19
rs12462111,19
rs12608573,19
rs12608592,19
rs12609373,19
rs12609461,19
rs12609754,19
rs12610821,19
rs12720356,19
rs12973830,19
rs12974128,19
rs12974746,19
rs12975183,19
rs12975319,19
rs12975364,19
rs12975366,19
rs12976652,19
rs12977324,19
rs12979056,19
rs12979278,19
rs12979891,19
rs12980852,19
rs12981744,19
rs12982276,19
rs12983058,19
rs12986064,19
rs12986075,19
rs13041,19
rs13345625,19
rs1350292,19
rs139113505,19
rs140185670,19
rs140695578,19
rs141369989,19
rs141825592,19
rs141879681,19
rs143333049,19
rs144373891,19
rs145530718,19
rs146170087,19
rs146748738,19
rs146776010,19
rs1471431,19
rs147223423,19
rs1473197,19
rs148783636,19
rs148898583,19
rs149131600,19
rs150540855,19
rs150985681,19
rs151165225,19
rs157595,19
rs1609853,19
rs1613662,19
rs1643494,19
rs1645788,19
rs1654425,19
rs1671152,19
rs1672991,19
rs1672992,19
rs1688030,19
rs1688043,19
rs1688044,19
rs1698113,19
rs1704773,19
rs17216525,19
rs1726809,19
rs17272847,19
rs17357122,19
rs17561351,19
rs17569,19
rs17695224,19
rs17715069,19
rs17751061,19
rs17855739,19
rs1799815,19
rs1799918,19
rs190712692,19
rs190921775,19
rs1967330,19
rs2003489,19
rs200373,19
rs2014377,19
rs202200760,19
rs2032887,19
rs2071699,19
rs2072563,19
rs2074453,19
rs2228603,19
rs2230199,19
rs2231569,19
rs2233159,19
rs2238691,19
rs2259013,19
rs2277998,19
rs2278236,19
rs2278426,19
rs2287922,19
rs2288419,19
rs2288930,19
rs2301274,19
rs2302524,19
rs2303731,19
rs2303759,19
rs2305799,19
rs2433724,19
rs2451993,19
rs2452170,19
rs2455069,19
rs251906,19
rs2548458,19
rs2548459,19
rs2569454,19
rs2569491,19
rs2576452,19
rs260416,19
rs2607454,19
rs2608894,19
rs2638280,19
rs2638282,19
rs2659067,19
rs2664153,19
rs2673908,19
rs268891,19
rs273266,19
rs2733739,19
rs281439,19
rs28384500,19
rs28399657,19
rs28413174,19
rs284657,19
rs284660,19
rs284662,19
rs28616221,19
rs28659908,19
rs28873836,19
rs2905426,19
rs2965185,19
rs2965218,19
rs30461,19
rs312069,19
rs3136642,19
rs3212802,19
rs3219175,19
rs329721,19
rs33950747,19
rs34006614,19
rs34010237,19
rs34239025,19
rs34255979,19
rs34262244,19
rs34415062,19
rs34436714,19
rs34440547,19
rs34450188,19
rs344560,19
rs34536443,19
rs34568594,19
rs34593562,19
rs34632751,19
rs34722692,19
rs34785252,19
rs34982899,19
rs35029752,19
rs35033974,19
rs35087277,19
rs35106244,19
rs35186399,19
rs351973,19
rs351988,19
rs35275129,19
rs35299026,19
rs35320779,19
rs35350976,19
rs353698,19
rs35866622,19
rs36029354,19
rs36055559,19
rs36084354,19
rs36229204,19
rs36518,19
rs367070,19
rs3745475,19
rs3745540,19
rs3760739,19
rs3795050,19
rs380267,19
rs380731,19
rs3814995,19
rs3817621,19
rs3826688,19
rs3826729,19
rs383369,19
rs386056,19
rs3892355,19
rs390082,19
rs393116,19
rs4002471,19
rs4015,19
rs41290120,19
rs417477,19
rs429358,19
rs438811,19
rs440277,19
rs443081,19
rs4442925,19
rs445925,19
rs452270,19
rs4531856,19
rs45512696,19
rs45541434,19
rs4632248,19
rs4760,19
rs4801412,19
rs4803348,19
rs4803934,19
rs4804416,19
rs4804669,19
rs4804678,19
rs4804774,19
rs4804790,19
rs4806498,19
rs4807125,19
rs4807600,19
rs4807612,19
rs4808305,19
rs4808628,19
rs483082,19
rs485186,19
rs4893,19
rs4919907,19
rs492602,19
rs5030377,19
rs504963,19
rs507855,19
rs5112,19
rs5117,19
rs516246,19
rs516316,19
rs55682587,19
rs55714572,19
rs55737395,19
rs55763631,19
rs55799523,19
rs55976836,19
rs56041755,19
rs56101188,19
rs56113850,19
rs56133626,19
rs56289642,19
rs56397034,19
rs569970,19
rs571294,19
rs571497,19
rs57822461,19
rs57843631,19
rs57935444,19
rs5826945,19
rs584007,19
rs58542926,19
rs58560372,19
rs58751474,19
rs58761784,19
rs58895965,19
rs59055395,19
rs59630206,19
rs59774409,19
rs60018147,19
rs601338,19
rs602662,19
rs60955532,19
rs60969446,19
rs61194703,19
rs61242663,19
rs61338646,19
rs61451658,19
rs61658003,19
rs61703905,19
rs61739916,19
rs62102718,19
rs62113212,19
rs62117298,19
rs62119321,19
rs62125968,19
rs62129966,19
rs62131205,19
rs62143196,19
rs62143198,19
rs62143206,19
rs62617068,19
rs626283,19
rs632111,19
rs6509231,19
rs653152,19
rs66841352,19
rs66941624,19
rs679574,19
rs681343,19
rs708686,19
rs71335276,19
rs71354995,19
rs714106,19
rs7246479,19
rs7247412,19
rs7248009,19
rs7249022,19
rs7249300,19
rs7250028,19
rs7251,19
rs7251607,19
rs7251900,19
rs7251987,19
rs7254538,19
rs7255036,19
rs7255106,19
rs7255169,19
rs7256200,19
rs7256400,19
rs7258315,19
rs7258534,19
rs7259567,19
rs7259699,19
rs7260269,19
rs72654473,19
rs72999033,19
rs73001065,19
rs73002956,19
rs73045269,19
rs73048483,19
rs73070113,19
rs731170,19
rs731839,19
rs73517714,19
rs73926277,19
rs7408446,19
rs7412,19
rs741233,19
rs74181667,19
rs74444983,19
rs746738,19
rs74705037,19
rs74816457,19
rs7508294,19
rs75372982,19
rs756845,19
rs7599,19
rs76350084,19
rs76427287,19
rs78030362,19
rs78530667,19
rs78744187,19
rs791461,19
rs79338083,19
rs79744308,19
rs8101619,19
rs8102710,19
rs8103278,19
rs8103728,19
rs8105192,19
rs8105397,19
rs8105767,19
rs8106182,19
rs8106212,19
rs8107974,19
rs8109160,19
rs8109193,19
rs8109496,19
rs8111661,19
rs8112208,19
rs8112983,19
rs812936,19
rs8289,19
rs838131,19
rs838133,19
rs838134,19
rs838136,19
rs838142,19
rs838144,19
rs838145,19
rs867348,19
rs868876,19
rs872629,19
rs8736,19
rs875622,19
rs8887,19
rs892090,19
rs892225,19
rs893182,19
rs921939,19
rs929263,19
rs930232,19
rs9304708,19
rs9621,19
rs9807819,19
rs1009372,2
rs10164604,2
rs10164853,2
rs10170520,2
rs10172023,2
rs10173746,2
rs10179584,2
rs10180345,2
rs10182233,2
rs10182990,2
rs10183338,2
rs10184522,2
rs10186921,2
rs10187818,2
rs10189498,2
rs10189685,2
rs10195414,2
rs10197542,2
rs10202406,2
rs10205067,2
rs10207044,2
rs10208011,2
rs10208580,2
rs10445765,2
rs1045485,2
rs1047891,2
rs1048135,2
rs10495563,2
rs1050785,2
rs1057258,2
rs10865035,2
rs10930576,2
rs10932542,2
rs10932916,2
rs1107850,2
rs11096641,2
rs11124542,2
rs11125915,2
rs11125916,2
rs11126696,2
rs11127048,2
rs111696008,2
rs111751491,2
rs112151347,2
rs112694524,2
rs1127362,2
rs112905092,2
rs1130866,2
rs113414093,2
rs1134516,2
rs113542380,2
rs115165824,2
rs11552796,2
rs115528190,2
rs11553746,2
rs1155426,2
rs11558538,2
rs11571302,2
rs115975731,2
rs116520786,2
rs116605656,2
rs11676242,2
rs11676298,2
rs11678584,2
rs11680074,2
rs11680123,2
rs11680831,2
rs11682091,2
rs11682107,2
rs11682278,2
rs11683409,2
rs11689257,2
rs11689727,2
rs11694716,2
rs1186706,2
rs11888817,2
rs11889674,2
rs11891557,2
rs11891876,2
rs11892254,2
rs11894449,2
rs11895564,2
rs11899963,2
rs12052585,2
rs12052715,2
rs12105503,2
rs12185719,2
rs121908120,2
rs12463674,2
rs12468278,2
rs12470153,2
rs12470864,2
rs12476706,2
rs12478529,2
rs12478601,2
rs1250258,2
rs1250259,2
rs1257168,2
rs1257169,2
rs1257220,2
rs1260326,2
rs12616639,2
rs12617013,2
rs12617531,2
rs12619285,2
rs12621632,2
rs12712870,2
rs12714138,2
rs12989427,2
rs12991732,2
rs12994932,2
rs12995151,2
rs12995525,2
rs12995875,2
rs12997185,2
rs13002853,2
rs13006483,2
rs13008704,2
rs13009,2
rs13012179,2
rs13012495,2
rs13014395,2
rs13014521,2
rs13015258,2
rs13015993,2
rs13017230,2
rs13017862,2
rs13019008,2
rs13019832,2
rs13026974,2
rs13028479,2
rs13028833,2
rs13389219,2
rs13394409,2
rs13396472,2
rs13398125,2
rs13401811,2
rs13402475,2
rs13402560,2
rs13402561,2
rs13407838,2
rs13412535,2
rs13413887,2
rs13417456,2
rs13419174,2
rs13425170,2
rs13425999,2
rs1374999,2
rs13798,2
rs1382457,2
rs1395338,2
rs1398215,2
rs140948699,2
rs1420101,2
rs1427407,2
rs1437883,2
rs1448187,2
rs1448903,2
rs146096867,2
rs146596903,2
rs1466934,2
rs147220352,2
rs147616162,2
rs148085735,2
rs1482577,2
rs1486236,2
rs149170955,2
rs149290349,2
rs149554038,2
rs150418472,2
rs151088139,2
rs1515104,2
rs1524668,2
rs1530018,2
rs155568,2
rs1561476,2
rs1595824,2
rs160329,2
rs1622980,2
rs1659701,2
rs16862260,2
rs17030410,2
rs17031793,2
rs17032925,2
rs17039525,2
rs17041553,2
rs17045199,2
rs17050272,2
rs17199382,2
rs17355498,2
rs17400325,2
rs17513198,2
rs17534670,2
rs17551822,2
rs17625552,2
rs17697743,2
rs17718987,2
rs17764739,2
rs1799809,2
rs1801699,2
rs182755222,2
rs1861246,2
rs1861628,2
rs1862069,2
rs186535521,2
rs1898707,2
rs1898846,2
rs191390916,2
rs1922795,2
rs193607,2
rs198478,2
rs2009581,2
rs2011425,2
rs201144364,2
rs2021378,2
rs2048240,2
rs2090032,2
rs2090034,2
rs2111485,2
rs2116546,2
rs2124440,2
rs2138157,2
rs2160327,2
rs2160348,2
rs2161037,2
rs2162500,2
rs2165920,2
rs2171773,2
rs2241764,2
rs2241883,2
rs2244492,2
rs2255991,2
rs2287047,2
rs2289235,2
rs2290130,2
rs2290261,2
rs2304681,2
rs2310170,2
rs232220,2
rs2351772,2
rs2358016,2
rs2384572,2
rs2419903,2
rs2441378,2
rs2457390,2
rs2460382,2
rs2460383,2
rs2509902,2
rs2556106,2
rs2593704,2
rs2594950,2
rs262493,2
rs2661794,2
rs2661797,2
rs2678379,2
rs2680880,2
rs2694616,2
rs2706762,2
rs283477,2
rs28364738,2
rs28377357,2
rs28409139,2
rs28425684,2
rs28498283,2
rs28612880,2
rs28630677,2
rs28665899,2
rs2881930,2
rs2901002,2
rs3018026,2
rs3020726,2
rs3087243,2
rs3111414,2
rs3116222,2
rs328634,2
rs33985460,2
rs34008398,2
rs34153848,2
rs34171180,2
rs34255800,2
rs34543905,2
rs34552760,2
rs34570682,2
rs34659852,2
rs34809504,2
rs34852807,2
rs35202091,2
rs35275076,2
rs35288880,2
rs35332487,2
rs355897,2
rs35667974,2
rs35668054,2
rs35771982,2
rs35802832,2
rs35808670,2
rs3731828,2
rs3731860,2
rs3739038,2
rs3748916,2
rs3749171,2
rs375285744,2
rs3754861,2
rs3755115,2
rs3755322,2
rs376812565,2
rs377083946,2
rs3771529,2
rs3789112,2
rs3789129,2
rs3791679,2
rs3796008,2
rs3820897,2
rs3820924,2
rs3827760,2
rs385076,2
rs3910516,2
rs3917265,2
rs4012553,2
rs41382444,2
rs4234090,2
rs4241192,2
rs4247303,2
rs4263162,2
rs4381790,2
rs4452166,2
rs4458205,2
rs4482455,2
rs4561605,2
rs4597510,2
rs4627572,2
rs4664053,2
rs4665136,2
rs4665710,2
rs4665972,2
rs4668116,2
rs4670662,2
rs4671378,2
rs4672486,2
rs4672491,2
rs4672497,2
rs4672505,2
rs4674100,2
rs4832496,2
rs4848370,2
rs4848933,2
rs4849150,2
rs4852278,2
rs4854474,2
rs4953913,2
rs4954060,2
rs4954572,2
rs4954581,2
rs4972221,2
rs5022713,2
rs537392712,2
rs547186,2
rs55641746,2
rs55649245,2
rs55677935,2
rs55709272,2
rs55729107,2
rs55877758,2
rs56044100,2
rs56044389,2
rs56097005,2
rs56190103,2
rs562338,2
rs563179960,2
rs57008601,2
rs57324740,2
rs57372210,2
rs57467915,2
rs57481522,2
rs58106596,2
rs58235267,2
rs58270357,2
rs58294090,2
rs59104589,2
rs59916403,2
rs60012532,2
rs61303367,2
rs61740288,2
rs62114506,2
rs62123101,2
rs62133344,2
rs62137566,2
rs62139153,2
rs62142192,2
rs62142844,2
rs62146110,2
rs62155324,2
rs62157782,2
rs62165726,2
rs62172799,2
rs62174577,2
rs62178844,2
rs62180988,2
rs62183904,2
rs62184283,2
rs62185633,2
rs62191105,2
rs62191297,2
rs62192000,2
rs62193072,2
rs62193248,2
rs62196005,2
rs6419615,2
rs6430505,2
rs6431221,2
rs6433469,2
rs6434350,2
rs6436124,2
rs6437112,2
rs6437257,2
rs6542472,2
rs6542680,2
rs6544660,2
rs6546096,2
rs6547623,2
rs6547692,2
rs655029,2
rs6705147,2
rs6705658,2
rs6706968,2
rs6708912,2
rs6716795,2
rs6730558,2
rs6731582,2
rs6731836,2
rs6732162,2
rs6733162,2
rs6734238,2
rs6735267,2
rs6736867,2
rs6737932,2
rs6740700,2
rs6743141,2
rs6744146,2
rs6746891,2
rs6747755,2
rs6750020,2
rs6750065,2
rs6753534,2
rs6753679,2
rs6753929,2
rs6755895,2
rs6759298,2
rs6759356,2
rs6759927,2
rs6760171,2
rs6761276,2
rs676210,2
rs67833823,2
rs67963154,2
rs68066031,2
rs6886,2
rs71414736,2
rs715,2
rs72794684,2
rs72799293,2
rs72813503,2
rs72819488,2
rs72836346,2
rs72836348,2
rs72844412,2
rs72850698,2
rs72851462,2
rs72852133,2
rs72852162,2
rs72926957,2
rs72928925,2
rs72930772,2
rs72934601,2
rs72938327,2
rs72947569,2
rs72957586,2
rs7419837,2
rs744158,2
rs74523437,2
rs74608713,2
rs74637005,2
rs74697736,2
rs75004383,2
rs75166367,2
rs75214378,2
rs75429449,2
rs7560701,2
rs7564892,2
rs7565213,2
rs7567833,2
rs7570043,2
rs7570219,2
rs7572209,2
rs7572278,2
rs7573683,2
rs7574937,2
rs7576066,2
rs75773775,2
rs7578575,2
rs7582445,2
rs7583469,2
rs7585265,2
rs7587113,2
rs7595282,2
rs7595770,2
rs7597233,2
rs7603427,2
rs7603438,2
rs76036957,2
rs7605824,2
rs7606173,2
rs76085521,2
rs76345052,2
rs76529516,2
rs76537919,2
rs768090,2
rs77019336,2
rs77389971,2
rs77551133,2
rs77560502,2
rs77577375,2
rs77623237,2
rs77806605,2
rs780093,2
rs780094,2
rs780096,2
rs78011579,2
rs78028520,2
rs78058190,2
rs78189771,2
rs782592,2
rs78446341,2
rs78475244,2
rs78578499,2
rs78694551,2
rs78755346,2
rs78909033,2
rs79387404,2
rs79431248,2
rs79748108,2
rs830020,2
rs848291,2
rs870527,2
rs887829,2
rs891058,2
rs891499,2
rs894392,2
rs907573,2
rs907866,2
rs907867,2
rs9247,2
rs9287979,2
rs9309646,2
rs9333289,2
rs934197,2
rs954680,2
rs955915,2
rs9677759,2
rs967968,2
rs9751083,2
rs9789535,2
rs1002137,20
rs1018492,20
rs1042579,20
rs1104902,20
rs1127354,20
rs113224915,20
rs1135192,20
rs113921126,20
rs1151623,20
rs11555566,20
rs116905185,20
rs11696570,20
rs117113213,20
rs117280289,20
rs11904888,20
rs11907011,20
rs11908686,20
rs1203922,20
rs1203944,20
rs1205340,20
rs12481174,20
rs12624596,20
rs12625329,20
rs12625565,20
rs12625762,20
rs1291142,20
rs13036464,20
rs13042449,20
rs13043752,20
rs1321339,20
rs13734,20
rs140878349,20
rs146490405,20
rs1471782,20
rs150622725,20
rs1572053,20
rs16989081,20
rs17196752,20
rs17216707,20
rs17265513,20
rs17576,20
rs1776977,20
rs1799841,20
rs1800961,20
rs180821996,20
rs186366783,20
rs1883711,20
rs1883832,20
rs1883932,20
rs1884865,20
rs1889235,20
rs189448562,20
rs1997814,20
rs1998123,20
rs199825459,20
rs201100376,20
rs2024067,20
rs2104417,20
rs215545,20
rs218476,20
rs2208150,20
rs2224539,20
rs2232613,20
rs2236250,20
rs2284277,20
rs2284384,20
rs2296528,20
rs2318043,20
rs236153,20
rs2377736,20
rs2387362,20
rs2424881,20
rs2424957,20
rs2425105,20
rs2426777,20
rs2618567,20
rs2741454,20
rs2743388,20
rs2745729,20
rs28398212,20
rs2868346,20
rs28823595,20
rs34952318,20
rs35194449,20
rs35770435,20
rs35915710,20
rs35927656,20
rs36029876,20
rs362562,20
rs3746778,20
rs3790163,20
rs3790176,20
rs3790315,20
rs3827978,20
rs403152,20
rs41305805,20
rs4239651,20
rs4239702,20
rs4411786,20
rs44707,20
rs45437096,20
rs4549181,20
rs45521631,20
rs4809906,20
rs4810479,20
rs4810485,20
rs4813419,20
rs4813637,20
rs4814837,20
rs554743,20
rs55758310,20
rs56084239,20
rs567189,20
rs573329980,20
rs57551721,20
rs58634535,20
rs59059917,20
rs59821684,20
rs6011040,20
rs6011067,20
rs6014993,20
rs6016380,20
rs6016381,20
rs6017250,20
rs6017444,20
rs6018652,20
rs6018653,20
rs6020369,20
rs6024978,20
rs6026468,20
rs6026576,20
rs6028907,20
rs6031963,20
rs6032259,20
rs6035276,20
rs6037651,20
rs6038521,20
rs6042675,20
rs6043405,20
rs6045561,20
rs6045950,20
rs6045989,20
rs6050446,20
rs6059134,20
rs6060142,20
rs6063502,20
rs6065746,20
rs6065904,20
rs6065926,20
rs6068599,20
rs6070696,20
rs6070809,20
rs6072084,20
rs6072249,20
rs6073431,20
rs6073958,20
rs6074022,20
rs6075497,20
rs6075498,20
rs6076335,20
rs6080761,20
rs6081562,20
rs6081565,20
rs6081568,20
rs6081569,20
rs6082928,20
rs6089050,20
rs6095829,20
rs6102287,20
rs6102890,20
rs6103572,20
rs6103575,20
rs6112304,20
rs6112307,20
rs6112308,20
rs6112319,20
rs6112930,20
rs6115204,20
rs6116934,20
rs6119529,20
rs6119786,20
rs6121571,20
rs6122157,20
rs6124220,20
rs6125961,20
rs6127099,20
rs6136442,20
rs6141314,20
rs6142934,20
rs61734651,20
rs61739245,20
rs625372,20
rs6513223,20
rs6513673,20
rs709049,20
rs71325463,20
rs71327835,20
rs7260893,20
rs737092,20
rs742413,20
rs74752559,20
rs76728310,20
rs79462675,20
rs8114049,20
rs8121940,20
rs8668,20
rs867186,20
rs877172,20
rs911119,20
rs913672,20
rs913678,20
rs947437,20
rs973446,20
rs11088458,21
rs111527738,21
rs112153300,21
rs112467088,21
rs113156037,21
rs11700551,21
rs11701433,21
rs117214,21
rs12329760,21
rs1236213,21
rs12483377,21
rs13049690,21
rs13050238,21
rs1534081,21
rs16988472,21
rs17274750,21
rs2065302,21
rs2187313,21
rs219769,21
rs219773,21
rs2211864,21
rs2212931,21
rs2229742,21
rs2230033,21
rs2230531,21
rs2242886,21
rs2248555,21
rs2252175,21
rs2252576,21
rs225343,21
rs2283638,21
rs2298333,21
rs2410176,21
rs243588,21
rs243590,21
rs243591,21
rs2515717,21
rs2739393,21
rs2823286,21
rs2824805,21
rs2826851,21
rs2829767,21
rs2834234,21
rs2834712,21
rs2834720,21
rs2834730,21
rs2836683,21
rs2837982,21
rs2837988,21
rs2838755,21
rs2838952,21
rs2854044,21
rs35477491,21
rs35555604,21
rs36182034,21
rs368322,21
rs3761376,21
rs3827211,21
rs383510,21
rs400852,21
rs441810,21
rs468094,21
rs4817848,21
rs4817983,21
rs4920078,21
rs536255,21
rs55953905,21
rs56045941,21
rs56117721,21
rs56358585,21
rs565593580,21
rs57529409,21
rs58030288,21
rs58556485,21
rs587935,21
rs62214725,21
rs62217923,21
rs62218375,21
rs6517655,21
rs66482320,21
rs66817580,21
rs67525224,21
rs71329093,21
rs717579,21
rs7275212,21
rs7278058,21
rs7279477,21
rs7280064,21
rs7282650,21
rs746064,21
rs760459,21
rs760462,21
rs77106233,21
rs78111814,21
rs78703352,21
rs8127156,21
rs8127300,21
rs8131895,21
rs8133137,21
rs8134160,21
rs8134848,21
rs914142,21
rs914187,21
rs9305635,21
rs9808651,21
rs9808753,21
rs9978265,21
rs9982370,21
rs9985030,21
rs1003538,22
rs1006771,22
rs1018490,22
rs1033415,22
rs105161,22
rs1053593,22
rs1059196,22
rs1076540,22
rs1079981,22
rs11089210,22
rs111577133,22
rs111916071,22
rs112775985,22
rs113200473,22
rs11547731,22
rs11703897,22
rs11704359,22
rs11704551,22
rs117587385,22
rs117718692,22
rs12157484,22
rs12484700,22
rs12710562,22
rs1312,22
rs131658,22
rs131805,22
rs132631,22
rs132642,22
rs134041,22
rs136205,22
rs136213,22
rs137203,22
rs139565,22
rs148328786,22
rs149161616,22
rs16986565,22
rs1807711,22
rs181363,22
rs183393610,22
rs1978060,22
rs1985791,22
rs2006987,22
rs2008174,22
rs2071747,22
rs2074735,22
rs2179142,22
rs2186369,22
rs2189802,22
rs2234053,22
rs2239749,22
rs2239785,22
rs2240715,22
rs2267372,22
rs2267373,22
rs2267375,22
rs228951,22
rs2294915,22
rs2298428,22
rs2330634,22
rs2412959,22
rs2412973,22
rs2412974,22
rs2413450,22
rs2413593,22
rs2739344,22
rs28434757,22
rs2856876,22
rs28854583,22
rs2899319,22
rs3177243,22
rs34007433,22
rs35496925,22
rs35598889,22
rs3747207,22
rs3765612,22
rs3788533,22
rs3859862,22
rs3948,22
rs4134484,22
rs425576,22
rs4336042,22
rs4384,22
rs4429561,22
rs4446155,22
rs4611747,22
rs4680,22
rs4819959,22
rs4820294,22
rs4820325,22
rs4820378,22
rs4821544,22
rs4821764,22
rs4822305,22
rs4822754,22
rs5746837,22
rs5749246,22
rs5750254,22
rs5750281,22
rs5750815,22
rs5751435,22
rs5751775,22
rs5751777,22
rs5752776,22
rs5753127,22
rs5753817,22
rs5754387,22
rs5757664,22
rs5760275,22
rs5763821,22
rs5995963,22
rs6000262,22
rs6000553,22
rs6005067,22
rs6005915,22
rs6007594,22
rs6010042,22
rs6010224,22
rs60731384,22
rs62232061,22
rs62240638,22
rs6519245,22
rs7285695,22
rs7286924,22
rs7287617,22
rs7288265,22
rs7288760,22
rs7289655,22
rs7292000,22
rs73165110,22
rs73167342,22
rs737963,22
rs738129,22
rs738408,22
rs738409,22
rs740234,22
rs7410304,22
rs74510325,22
rs75107793,22
rs755470,22
rs75743846,22
rs75765,22
rs760715,22
rs762465,22
rs7949,22
rs80184311,22
rs8138197,22
rs855791,22
rs873697,22
rs9610329,22
rs9610447,22
rs9611177,22
rs9611451,22
rs9612021,22
rs9619897,22
rs9624334,22
rs9626183,22
rs974103,22
rs97762,22
rs10049375,3
rs1010553,3
rs1010554,3
rs1010959,3
rs1036053,3
rs1042445,3
rs10461018,3
rs10494172,3
rs10510410,3
rs10510751,3
rs1056522,3
rs1056523,3
rs1062196,3
rs10770,3
rs1077181,3
rs10804683,3
rs10804823,3
rs10933668,3
rs10935473,3
rs11129965,3
rs11130112,3
rs11130215,3
rs11130650,3
rs1127233,3
rs1129183,3
rs113010081,3
rs113177823,3
rs113341849,3
rs113408797,3
rs114014780,3
rs114124529,3
rs1145346,3
rs1147707,3
rs114780909,3
rs1154988,3
rs116482870,3
rs116642728,3
rs11707109,3
rs11707641,3
rs11708895,3
rs11710456,3
rs11711157,3
rs11711261,3
rs11712164,3
rs11712248,3
rs11713101,3
rs11713634,3
rs11715766,3
rs11717195,3
rs11718350,3
rs11718798,3
rs11718898,3
rs11719450,3
rs11721064,3
rs11721168,3
rs11914346,3
rs11915920,3
rs11916348,3
rs11918606,3
rs11921884,3
rs11922478,3
rs11923060,3
rs11923334,3
rs11927405,3
rs11928797,3
rs11929282,3
rs11929428,3
rs12485659,3
rs12486260,3
rs12491473,3
rs12491835,3
rs12493101,3
rs12493688,3
rs12495408,3
rs12496506,3
rs12497693,3
rs12636891,3
rs12637184,3
rs12638970,3
rs1278719,3
rs1286657,3
rs1290784,3
rs1297795,3
rs13058787,3
rs13063578,3
rs13064814,3
rs13065490,3
rs13070475,3
rs13078881,3
rs13080057,3
rs13081028,3
rs13084580,3
rs13085861,3
rs13088318,3
rs13088626,3
rs13088856,3
rs13089722,3
rs13092376,3
rs13093235,3
rs13098564,3
rs13098877,3
rs13100173,3
rs13303,3
rs13318932,3
rs13322016,3
rs13322149,3
rs13322435,3
rs13323418,3
rs1344674,3
rs1345417,3
rs1353778,3
rs1354034,3
rs13874,3
rs139828053,3
rs1420476,3
rs142289859,3
rs142552223,3
rs142647684,3
rs1436650,3
rs1468906,3
rs148701924,3
rs1491961,3
rs1499899,3
rs150437674,3
rs150475322,3
rs151077447,3
rs151284475,3
rs1515498,3
rs1516527,3
rs1517248,3
rs156265,3
rs1584063,3
rs1609481,3
rs1619599,3
rs163352,3
rs167408,3
rs16851191,3
rs16854211,3
rs16855617,3
rs1699346,3
rs1719890,3
rs17200557,3
rs17236473,3
rs17282078,3
rs17282579,3
rs1729988,3
rs17350445,3
rs17522953,3
rs17718444,3
rs17753641,3
rs17809756,3
rs1801282,3
rs1803274,3
rs180715817,3
rs1807403,3
rs1822534,3
rs183867743,3
rs1863622,3
rs1879442,3
rs1879815,3
rs1900618,3
rs192816246,3
rs1994490,3
rs2001703,3
rs201512291,3
rs2015971,3
rs201704865,3
rs2028392,3
rs2041965,3
rs2055026,3
rs2070634,3
rs2071387,3
rs2079797,3
rs2083336,3
rs2089979,3
rs2124737,3
rs2140099,3
rs2160901,3
rs2228243,3
rs2228467,3
rs2268535,3
rs2270894,3
rs2276862,3
rs2278668,3
rs2280524,3
rs2291090,3
rs2293607,3
rs2304456,3
rs2305051,3
rs2305637,3
rs2306272,3
rs2316653,3
rs231994,3
rs2331406,3
rs2399420,3
rs2400727,3
rs2449045,3
rs2454691,3
rs2455848,3
rs2470750,3
rs2470870,3
rs2470872,3
rs2564923,3
rs2590838,3
rs2596896,3
rs2616535,3
rs2715634,3
rs28362645,3
rs28366036,3
rs28460831,3
rs28587534,3
rs2859868,3
rs28691822,3
rs2871960,3
rs2888271,3
rs2948672,3
rs2971446,3
rs308958,3
rs310762,3
rs3181077,3
rs34070949,3
rs34138562,3
rs34190794,3
rs34211178,3
rs34244342,3
rs34330586,3
rs34390431,3
rs34406259,3
rs34508066,3
rs34572813,3
rs34579268,3
rs34614995,3
rs34623301,3
rs34762068,3
rs34890930,3
rs34911341,3
rs34926152,3
rs34951301,3
rs35004449,3
rs35133002,3
rs35380043,3
rs35457250,3
rs35677470,3
rs357504,3
rs35762167,3
rs35852078,3
rs35894621,3
rs370517451,3
rs3732356,3
rs3732378,3
rs3732476,3
rs3732675,3
rs3755574,3
rs3755636,3
rs3762654,3
rs3762795,3
rs3772570,3
rs3773244,3
rs3773364,3
rs3773862,3
rs3774025,3
rs3774298,3
rs3774299,3
rs3774315,3
rs3792382,3
rs3804749,3
rs3804753,3
rs3817581,3
rs3817672,3
rs3846167,3
rs3856650,3
rs3856718,3
rs3864005,3
rs3864106,3
rs3872721,3
rs3872724,3
rs3935555,3
rs3936289,3
rs41485644,3
rs419076,3
rs4228,3
rs4282054,3
rs4328821,3
rs4340676,3
rs4340677,3
rs4393849,3
rs4431046,3
rs454645,3
rs4619736,3
rs4634107,3
rs4678322,3
rs4678361,3
rs4678938,3
rs4679317,3
rs4681533,3
rs4681682,3
rs4682844,3
rs4682990,3
rs4683606,3
rs4684847,3
rs4684848,3
rs4686658,3
rs4686739,3
rs4686813,3
rs4686837,3
rs4687552,3
rs4687657,3
rs4857858,3
rs4894803,3
rs4917,3
rs4955582,3
rs4955707,3
rs4955708,3
rs5001409,3
rs5009023,3
rs5030044,3
rs5030062,3
rs5030081,3
rs5030082,3
rs523118,3
rs5398,3
rs5400,3
rs5402,3
rs544985059,3
rs547373038,3
rs55762812,3
rs55783924,3
rs55859364,3
rs55964615,3
rs56185965,3
rs56210800,3
rs56384862,3
rs56387622,3
rs57413756,3
rs575170401,3
rs575559,3
rs5952,3
rs60643519,3
rs610060,3
rs614004,3
rs617119,3
rs61762319,3
rs61791721,3
rs61791757,3
rs62246445,3
rs62252239,3
rs62258127,3
rs62260494,3
rs62262391,3
rs62262399,3
rs62262672,3
rs62264113,3
rs62276455,3
rs62292469,3
rs62292590,3
rs62292644,3
rs62292760,3
rs62293987,3
rs6414374,3
rs6438087,3
rs6438868,3
rs6440028,3
rs6440167,3
rs6441224,3
rs6441402,3
rs6444082,3
rs6444188,3
rs6444253,3
rs6444442,3
rs6445387,3
rs6445607,3
rs6446277,3
rs645040,3
rs658011,3
rs6605317,3
rs664910,3
rs66782572,3
rs66875251,3
rs66910450,3
rs67409736,3
rs6762552,3
rs6763543,3
rs6764279,3
rs6767899,3
rs6768977,3
rs6775517,3
rs6775901,3
rs6777887,3
rs6778888,3
rs6779146,3
rs678,3
rs6780030,3
rs6782228,3
rs6782812,3
rs6784601,3
rs6786207,3
rs6786689,3
rs6786821,3
rs6787229,3
rs6791602,3
rs6792290,3
rs6795463,3
rs6798507,3
rs6799024,3
rs6800284,3
rs6800909,3
rs6800985,3
rs6802023,3
rs6802898,3
rs6808595,3
rs684773,3
rs687339,3
rs698084,3
rs710446,3
rs71309976,3
rs71313509,3
rs71324996,3
rs71328478,3
rs72491121,3
rs72625027,3
rs726681,3
rs73054085,3
rs73079736,3
rs73133996,3
rs73136045,3
rs73136057,3
rs73158489,3
rs73174306,3
rs73186030,3
rs7355958,3
rs73860747,3
rs7427367,3
rs7428376,3
rs7429191,3
rs7432658,3
rs74328526,3
rs7434077,3
rs744233,3
rs74461473,3
rs75135487,3
rs75300766,3
rs7614709,3
rs7614981,3
rs7616006,3
rs7616330,3
rs7616842,3
rs7618405,3
rs7621911,3
rs7625655,3
rs7627284,3
rs7629573,3
rs7630698,3
rs763342,3
rs7633553,3
rs7634389,3
rs7634817,3
rs7635832,3
rs7635884,3
rs7636227,3
rs7638232,3
rs7639097,3
rs7639267,3
rs7640533,3
rs7641175,3
rs76436027,3
rs7644546,3
rs7644664,3
rs7646106,3
rs7648959,3
rs7650294,3
rs7650457,3
rs76604555,3
rs76651220,3
rs76786086,3
rs76830965,3
rs771327,3
rs771797,3
rs77347777,3
rs774006,3
rs77400868,3
rs775722,3
rs77682405,3
rs78208917,3
rs784504,3
rs78565404,3
rs78654812,3
rs79287178,3
rs79328618,3
rs79385566,3
rs79419884,3
rs796291,3
rs8177245,3
rs8177253,3
rs828597,3
rs828613,3
rs833270,3
rs8455,3
rs895893,3
rs900173,3
rs920570,3
rs9310201,3
rs9311469,3
rs931679,3
rs939885,3
rs959376,3
rs9647379,3
rs967367,3
rs9809116,3
rs9810259,3
rs9811449,3
rs9814670,3
rs9815073,3
rs9819371,3
rs9821691,3
rs9821965,3
rs9822589,3
rs9823546,3
rs9829502,3
rs9835659,3
rs9839302,3
rs9839475,3
rs9842051,3
rs9842735,3
rs9844706,3
rs9846315,3
rs9846396,3
rs9846767,3
rs9847221,3
rs9848864,3
rs9853056,3
rs9854955,3
rs9855175,3
rs9856702,3
rs9857570,3
rs9857773,3
rs9857914,3
rs9859077,3
rs9859117,3
rs9859406,3
rs9860062,3
rs9860747,3
rs9862660,3
rs9865841,3
rs9866126,3
rs9867582,3
rs9873618,3
rs9874911,3
rs9878047,3
rs9880192,3
rs9880677,3
rs9881468,3
rs9883955,3
rs9898,3
rs10001601,4
rs10002742,4
rs10003835,4
rs10004195,4
rs10004459,4
rs10008637,4
rs10010281,4
rs10014102,4
rs10016018,4
rs10017466,4
rs10022491,4
rs10025351,4
rs10027182,4
rs10028665,4
rs10033900,4
rs1012365,4
rs10434448,4
rs10440319,4
rs10440365,4
rs10470729,4
rs10470911,4
rs10518305,4
rs1055582,4
rs10856963,4
rs10857228,4
rs10939692,4
rs11100399,4
rs11133477,4
rs111981122,4
rs112056018,4
rs1126670,4
rs1126672,4
rs1133483,4
rs113881148,4
rs1139490,4
rs114082534,4
rs114838597,4
rs115007843,4
rs11541628,4
rs1154401,4
rs11548618,4
rs11574452,4
rs115924581,4
rs11722463,4
rs11722554,4
rs11722561,4
rs11723339,4
rs11724862,4
rs11731274,4
rs11734099,4
rs11734132,4
rs11735092,4
rs11735280,4
rs11736498,4
rs11935823,4
rs11944698,4
rs1229984,4
rs1230154,4
rs1230156,4
rs12331051,4
rs12331618,4
rs1246642,4
rs1247635,4
rs12500824,4
rs12505364,4
rs12509595,4
rs12509636,4
rs12509937,4
rs12510382,4
rs12511831,4
rs12513342,4
rs12640189,4
rs12643257,4
rs12645070,4
rs12646270,4
rs12650156,4
rs12651188,4
rs13101482,4
rs13103023,4
rs13104150,4
rs13104208,4
rs13105103,4
rs13107174,4
rs13107325,4
rs13108218,4
rs13111751,4
rs13118687,4
rs13119906,4
rs13120371,4
rs13122305,4
rs13127052,4
rs13128180,4
rs13133886,4
rs13135092,4
rs13138355,4
rs13146355,4
rs13147041,4
rs13328049,4
rs1352846,4
rs1374657,4
rs138327568,4
rs1386625,4
rs1398016,4
rs1398018,4
rs142160737,4
rs1425249,4
rs142708984,4
rs143486729,4
rs144317085,4
rs1490589,4
rs1493025,4
rs151450,4
rs1532196,4
rs1550270,4
rs16849384,4
rs16850073,4
rs1691273,4
rs17005891,4
rs17007484,4
rs17009129,4
rs17013212,4
rs17016299,4
rs17020903,4
rs17030316,4
rs17039766,4
rs17087335,4
rs17088693,4
rs1713987,4
rs17148851,4
rs17259257,4
rs17266594,4
rs17361097,4
rs17556750,4
rs17611784,4
rs1799895,4
rs1800759,4
rs1813006,4
rs188708679,4
rs1946959,4
rs1961950,4
rs2017857,4
rs2047500,4
rs2059489,4
rs2120377,4
rs2126526,4
rs218263,4
rs218264,4
rs218265,4
rs223484,4
rs223494,4
rs2237041,4
rs2276890,4
rs2292804,4
rs2298992,4
rs2301791,4
rs2302465,4
rs230496,4
rs230509,4
rs2305506,4
rs2305669,4
rs2319713,4
rs2334114,4
rs2341218,4
rs2347136,4
rs2347137,4
rs2358183,4
rs2376253,4
rs2446301,4
rs2498323,4
rs2572363,4
rs2609261,4
rs2726520,4
rs2728104,4
rs28367132,4
rs28394165,4
rs28396651,4
rs28422998,4
rs28507491,4
rs2851274,4
rs28549760,4
rs28563976,4
rs28573147,4
rs28583397,4
rs28625045,4
rs28660525,4
rs2870237,4
rs2870238,4
rs28705981,4
rs2870749,4
rs28716466,4
rs28817415,4
rs2884401,4
rs2903386,4
rs2903918,4
rs2922979,4
rs3097411,4
rs3113676,4
rs317900,4
rs3209152,4
rs33966350,4
rs34109652,4
rs34231037,4
rs34250475,4
rs34436963,4
rs34707604,4
rs34978105,4
rs35077420,4
rs35088884,4
rs35170645,4
rs352045,4
rs35597368,4
rs35700679,4
rs35916067,4
rs3733402,4
rs3748034,4
rs3749472,4
rs3756011,4
rs3756074,4
rs3775291,4
rs3775298,4
rs3796622,4
rs3796939,4
rs3806755,4
rs3822076,4
rs3846235,4
rs41264705,4
rs41280463,4
rs4234797,4
rs4234798,4
rs4240356,4
rs4241577,4
rs4241819,4
rs4253281,4
rs4253306,4
rs4253311,4
rs4280762,4
rs4282187,4
rs4362858,4
rs4399999,4
rs4416505,4
rs4440168,4
rs4447862,4
rs4459961,4
rs4536908,4
rs4566648,4
rs4588,4
rs4619875,4
rs4643790,4
rs4690097,4
rs4690221,4
rs4690229,4
rs4693802,4
rs4698161,4
rs4698857,4
rs4835265,4
rs4835639,4
rs4859682,4
rs4861708,4
rs4975198,4
rs55797991,4
rs56273319,4
rs56659624,4
rs5743614,4
rs5743618,4
rs57734330,4
rs58583086,4
rs587668,4
rs59950280,4
rs59951351,4
rs60028714,4
rs60343619,4
rs61000956,4
rs61318481,4
rs613749,4
rs61659583,4
rs61751211,4
rs62312545,4
rs62322496,4
rs62323607,4
rs6446707,4
rs6532204,4
rs6532770,4
rs6553029,4
rs66790703,4
rs68119427,4
rs6817882,4
rs6818519,4
rs6820553,4
rs6820615,4
rs6822348,4
rs6825454,4
rs6827768,4
rs6831352,4
rs6834001,4
rs6836335,4
rs6837515,4
rs6838058,4
rs6842490,4
rs6848819,4
rs6852182,4
rs6852397,4
rs6852997,4
rs6853741,4
rs6857303,4
rs71610255,4
rs71633359,4
rs71640035,4
rs71640036,4
rs718768,4
rs72627508,4
rs72704195,4
rs72729610,4
rs72729623,4
rs72862779,4
rs73221104,4
rs73842253,4
rs73844249,4
rs747369,4
rs74817407,4
rs75278193,4
rs75990859,4
rs76153614,4
rs7654228,4
rs7658518,4
rs7658601,4
rs7663915,4
rs7669911,4
rs7677733,4
rs7678352,4
rs7679276,4
rs7681718,4
rs7682289,4
rs7684253,4
rs7686702,4
rs7688308,4
rs7689637,4
rs7692344,4
rs7695810,4
rs7696983,4
rs7697204,4
rs77945361,4
rs781656,4
rs781657,4
rs78293932,4
rs78803121,4
rs789350,4
rs78947501,4
rs79336632,4
rs79994234,4
rs865020,4
rs93059,4
rs9307257,4
rs974801,4
rs9790601,4
rs9884482,4
rs988799,4
rs9968276,4
rs9991687,4
rs9992651,4
rs9992667,4
rs9994426,4
rs10037254,5
rs10051184,5
rs10051765,5
rs10053046,5
rs10055386,5
rs10058074,5
rs10060615,5
rs10065637,5
rs10069690,5
rs10071705,5
rs10075801,5
rs10075805,5
rs10079268,5
rs10214237,5
rs10214273,5
rs1035376,5
rs1042713,5
rs1043381,5
rs10440717,5
rs10463391,5
rs1047437,5
rs10477741,5
rs10479093,5
rs10514327,5
rs10515520,5
rs10900809,5
rs10940337,5
rs10941225,5
rs10941412,5
rs10941433,5
rs111063761,5
rs111280764,5
rs11134475,5
rs111536497,5
rs111606483,5
rs111672628,5
rs112316267,5
rs1124066,5
rs112688207,5
rs1130435,5
rs113400125,5
rs114694170,5
rs114964313,5
rs115216147,5
rs115320070,5
rs115912456,5
rs116363290,5
rs116734477,5
rs11738269,5
rs11738309,5
rs11738994,5
rs11739135,5
rs11742271,5
rs11742878,5
rs11743941,5
rs11746090,5
rs11746443,5
rs11749927,5
rs1177764,5
rs11950562,5
rs11951091,5
rs11953411,5
rs11957633,5
rs11960536,5
rs12054818,5
rs12109613,5
rs12188300,5
rs12189346,5
rs12517169,5
rs12517864,5
rs12518248,5
rs12518386,5
rs12519115,5
rs12521723,5
rs12522289,5
rs12652187,5
rs12652692,5
rs12654778,5
rs12659969,5
rs12717962,5
rs12916,5
rs1298,5
rs13153019,5
rs13159365,5
rs13159918,5
rs13163165,5
rs13166214,5
rs13167730,5
rs13171140,5
rs13181561,5
rs13188700,5
rs13188720,5
rs1421929,5
rs1421931,5
rs1422313,5
rs1427933,5
rs143331722,5
rs147799864,5
rs148567903,5
rs149802978,5
rs151828,5
rs151829,5
rs151830,5
rs152037,5
rs153478,5
rs155625,5
rs155942,5
rs161651,5
rs164075,5
rs165944,5
rs1700657,5
rs17138646,5
rs17229943,5
rs17329170,5
rs17482078,5
rs17622208,5
rs17622656,5
rs17671591,5
rs17688826,5
rs17689550,5
rs17839686,5
rs1801020,5
rs1805377,5
rs180798958,5
rs1835966,5
rs183711,5
rs185174247,5
rs193549,5
rs1963011,5
rs1974797,5
rs2032890,5
rs2034347,5
rs2046045,5
rs2052534,5
rs2070722,5
rs2074612,5
rs2106854,5
rs2116715,5
rs216145,5
rs2188962,5
rs2232195,5
rs2248116,5
rs224916,5
rs2250995,5
rs2271708,5
rs2277041,5
rs2287888,5
rs2299012,5
rs2304058,5
rs230808,5
rs2338222,5
rs2432141,5
rs2432162,5
rs2436396,5
rs2438150,5
rs2438632,5
rs244761,5
rs246414,5
rs246455,5
rs249681,5
rs250736,5
rs2522050,5
rs2522051,5
rs2522052,5
rs254415,5
rs2544809,5
rs2544920,5
rs254562,5
rs2545801,5
rs2546980,5
rs2548332,5
rs2548993,5
rs2548997,5
rs2548999,5
rs2549005,5
rs25640,5
rs2578377,5
rs25882,5
rs2631360,5
rs2631367,5
rs2706339,5
rs2706381,5
rs2706383,5
rs2706384,5
rs2706386,5
rs2706396,5
rs27289,5
rs27291,5
rs27295,5
rs27302,5
rs2731672,5
rs2731673,5
rs2731674,5
rs2736100,5
rs2740584,5
rs274555,5
rs274561,5
rs27619,5
rs27645,5
rs27660,5
rs27712,5
rs27740,5
rs28040,5
rs2910580,5
rs2910686,5
rs2913909,5
rs2927608,5
rs2961914,5
rs2963499,5
rs299282,5
rs30187,5
rs30514,5
rs307802,5
rs309559,5
rs31226,5
rs3135911,5
rs31490,5
rs31515,5
rs3212533,5
rs329118,5
rs331700,5
rs331759,5
rs338668,5
rs33923,5
rs34141450,5
rs34221241,5
rs34576922,5
rs34781756,5
rs351855,5
rs35716097,5
rs35768025,5
rs367768,5
rs367805,5
rs3733897,5
rs3749751,5
rs3762985,5
rs3777182,5
rs3777202,5
rs38029,5
rs38030,5
rs38043,5
rs3846730,5
rs40468,5
rs4074793,5
rs4074995,5
rs413214,5
rs4145748,5
rs4242051,5
rs4244437,5
rs4262138,5
rs4266424,5
rs433920,5
rs4346752,5
rs4383756,5
rs4388249,5
rs440225,5
rs444309,5
rs4449583,5
rs445810,5
rs446116,5
rs4541696,5
rs455213,5
rs4604142,5
rs4626350,5
rs4634356,5
rs465002,5
rs4703051,5
rs4703589,5
rs4703636,5
rs4703889,5
rs4704826,5
rs4704834,5
rs4704963,5
rs4704966,5
rs4705060,5
rs4705938,5
rs471349,5
rs4836300,5
rs4867943,5
rs4873,5
rs4957972,5
rs4958272,5
rs4976271,5
rs5019420,5
rs512956,5
rs55776147,5
rs55796634,5
rs55818129,5
rs56092644,5
rs56259296,5
rs56870134,5
rs5744441,5
rs5745118,5
rs58159475,5
rs58889466,5
rs59739601,5
rs60444023,5
rs62331137,5
rs62353655,5
rs62360373,5
rs62362211,5
rs634501,5
rs638333,5
rs639933,5
rs6450382,5
rs6451582,5
rs6452461,5
rs6556886,5
rs6596251,5
rs66802107,5
rs67207043,5
rs67321846,5
rs682828,5
rs6859236,5
rs6862984,5
rs6866210,5
rs6866614,5
rs6869910,5
rs6872228,5
rs6873545,5
rs6874202,5
rs6878069,5
rs6878122,5
rs6878934,5
rs6879129,5
rs6879393,5
rs6880055,5
rs6880250,5
rs6880842,5
rs6881706,5
rs6882345,5
rs6888037,5
rs6888304,5
rs6889029,5
rs6891329,5
rs6894249,5
rs6897932,5
rs6898349,5
rs700585,5
rs700587,5
rs700589,5
rs71624119,5
rs71654350,5
rs717968,5
rs720985,5
rs72761790,5
rs72793280,5
rs72795121,5
rs72797303,5
rs73080552,5
rs733032,5
rs736801,5
rs7447927,5
rs74480769,5
rs74568270,5
rs76405485,5
rs76636990,5
rs77018303,5
rs7703171,5
rs7705189,5
rs7705526,5
rs7708076,5
rs7718236,5
rs7725017,5
rs7726117,5
rs7726369,5
rs7734992,5
rs7735881,5
rs7736883,5
rs77515410,5
rs78334147,5
rs78589552,5
rs78811453,5
rs78821460,5
rs791357,5
rs791361,5
rs845739,5
rs853169,5
rs875741,5
rs885122,5
rs890793,5
rs891921,5
rs918519,5
rs9282761,5
rs9292723,5
rs9326982,5
rs9327706,5
rs936712,5
rs958976,5
rs9654451,5
rs980510,5
rs1005598,6
rs10093,6
rs1018846,6
rs10223666,6
rs1022870,6
rs1025347,6
rs1037955,6
rs1042133,6
rs1042391,6
rs10455872,6
rs10456852,6
rs10457633,6
rs1048077,6
rs1049130,6
rs1049213,6
rs1049709,6
rs10502,6
rs1050344,6
rs1050420,6
rs1050486,6
rs1050518,6
rs1050538,6
rs1050564,6
rs1051792,6
rs1058026,6
rs1061537,6
rs10806172,6
rs10806423,6
rs10806425,6
rs10945649,6
rs10946252,6
rs111454051,6
rs11153171,6
rs11154902,6
rs11155297,6
rs111631417,6
rs111804875,6
rs111841857,6
rs112166936,6
rs112216801,6
rs112740757,6
rs112840324,6
rs112968142,6
rs1130397,6
rs1130420,6
rs1130538,6
rs1130580,6
rs113128948,6
rs113308638,6
rs113534515,6
rs1135809,6
rs1136689,6
rs113760175,6
rs113787140,6
rs113993403,6
rs114020256,6
rs114029309,6
rs1142345,6
rs1150697,6
rs1150752,6
rs1150755,6
rs115217631,6
rs115881826,6
rs116009877,6
rs116446171,6
rs116522341,6
rs116827595,6
rs117030384,6
rs11751024,6
rs11751347,6
rs11752186,6
rs11752965,6
rs11753362,6
rs11755689,6
rs11757137,6
rs11757155,6
rs11759347,6
rs11759500,6
rs11759553,6
rs11759956,6
rs117976221,6
rs1188898,6
rs11963621,6
rs1196396,6
rs11967262,6
rs11967719,6
rs11967891,6
rs11968875,6
rs1200426,6
rs1200427,6
rs12055534,6
rs1214759,6
rs12189871,6
rs12190479,6
rs12197114,6
rs12198986,6
rs12199168,6
rs12201703,6
rs12202419,6
rs12203057,6
rs12203592,6
rs12204409,6
rs12204494,6
rs12206570,6
rs12208103,6
rs12208357,6
rs12209125,6
rs12210904,6
rs12211087,6
rs12211940,6
rs12211977,6
rs1226013,6
rs12525039,6
rs12614,6
rs1264347,6
rs1264457,6
rs1265905,6
rs12664131,6
rs12665537,6
rs12722013,6
rs1281944,6
rs1293953,6
rs1294438,6
rs130066,6
rs1318638,6
rs13191810,6
rs13194791,6
rs13204736,6
rs13206446,6
rs13208948,6
rs13209376,6
rs13213365,6
rs13213821,6
rs13215052,6
rs13216278,6
rs1328965,6
rs1331309,6
rs1337775,6
rs13437444,6
rs1361108,6
rs1391373,6
rs139463007,6
rs1398320,6
rs140028862,6
rs141484466,6
rs142795234,6
rs143332484,6
rs144016913,6
rs145607970,6
rs14597,6
rs147023494,6
rs147324178,6
rs147899431,6
rs148274477,6
rs148451580,6
rs1490384,6
rs149110519,6
rs150115323,6
rs1504215,6
rs1538385,6
rs1546723,6
rs1548306,6
rs1567252,6
rs1611185,6
rs1611713,6
rs1611719,6
rs1612063,6
rs1622406,6
rs1624072,6
rs1634716,6
rs1634721,6
rs1639109,6
rs1655901,6
rs16891264,6
rs16894234,6
rs16896742,6
rs169504,6
rs17197630,6
rs17200109,6
rs17200242,6
rs17205170,6
rs17205191,6
rs17209803,6
rs17211105,6
rs17412833,6
rs17612712,6
rs1772976,6
rs1772980,6
rs17843560,6
rs17843608,6
rs1794274,6
rs1800562,6
rs1800628,6
rs1801270,6
rs1815311,6
rs1826962,6
rs183798784,6
rs185937162,6
rs1871859,6
rs1885607,6
rs1890597,6
rs190594352,6
rs1936801,6
rs195075,6
rs1980496,6
rs1980532,6
rs1991955,6
rs1999460,6
rs200501057,6
rs200564310,6
rs200819822,6
rs200889152,6
rs2021033,6
rs2021716,6
rs2022423,6
rs2023472,6
rs2031367,6
rs2032444,6
rs2036257,6
rs2038741,6
rs204893,6
rs204993,6
rs2054365,6
rs2064126,6
rs2064430,6
rs2071592,6
rs2076295,6
rs2097442,6
rs210135,6
rs210143,6
rs210962,6
rs212775,6
rs2151941,6
rs2153277,6
rs2157334,6
rs2184174,6
rs2187668,6
rs2207136,6
rs2207440,6
rs2229092,6
rs2229523,6
rs2233956,6
rs2234026,6
rs2236081,6
rs2239616,6
rs2239619,6
rs2239705,6
rs2244020,6
rs2245731,6
rs2249741,6
rs2249742,6
rs2253491,6
rs2256174,6
rs2256594,6
rs2256974,6
rs2261033,6
rs2269426,6
rs2275606,6
rs2293772,6
rs2297363,6
rs2301594,6
rs2326451,6
rs2326842,6
rs234915,6
rs2394976,6
rs2395184,6
rs2395192,6
rs2395203,6
rs2395204,6
rs2395209,6
rs2395470,6
rs2444797,6
rs2479016,6
rs2492845,6
rs2498587,6
rs2507997,6
rs2516451,6
rs2516471,6
rs2516501,6
rs2523454,6
rs2523461,6
rs2523567,6
rs2523579,6
rs2523583,6
rs2523589,6
rs2523609,6
rs2524049,6
rs2524066,6
rs2524080,6
rs2524086,6
rs2524096,6
rs2524097,6
rs2524277,6
rs2571392,6
rs2596474,6
rs2596530,6
rs2596546,6
rs2596570,6
rs259943,6
rs260237,6
rs2637678,6
rs2637681,6
rs2647011,6
rs2647027,6
rs2647074,6
rs2735094,6
rs2736201,6
rs2744581,6
rs2744965,6
rs2746429,6
rs2749005,6
rs2749029,6
rs2757578,6
rs2757581,6
rs2760995,6
rs2766588,6
rs2769345,6
rs2770,6
rs2781668,6
rs2787927,6
rs2797675,6
rs2814819,6
rs281862352,6
rs28362855,6
rs28366215,6
rs28383221,6
rs28383314,6
rs28383392,6
rs28383408,6
rs28385609,6
rs28414666,6
rs2842895,6
rs2844530,6
rs2844562,6
rs2844572,6
rs2844605,6
rs2844622,6
rs28453802,6
rs28464365,6
rs28533694,6
rs2853948,6
rs2853950,6
rs2853990,6
rs2853999,6
rs2854009,6
rs2854275,6
rs2856687,6
rs2856694,6
rs2858331,6
rs28631719,6
rs28746784,6
rs28749139,6
rs28749166,6
rs28752514,6
rs28753039,6
rs2876016,6
rs28835301,6
rs28891435,6
rs28891437,6
rs2894204,6
rs2894379,6
rs2905722,6
rs2905757,6
rs296418,6
rs2983511,6
rs3012455,6
rs3093562,6
rs3093974,6
rs3094087,6
rs3094141,6
rs3094589,6
rs3094611,6
rs3094684,6
rs3095306,6
rs3095353,6
rs3096690,6
rs3096698,6
rs3104369,6
rs3104394,6
rs3117240,6
rs3128959,6
rs3128981,6
rs3129754,6
rs3129777,6
rs3129780,6
rs3129781,6
rs3129782,6
rs3129867,6
rs3129900,6
rs3129945,6
rs3130070,6
rs3130491,6
rs3130556,6
rs3131622,6
rs3131623,6
rs3132451,6
rs3132485,6
rs3134745,6
rs3134798,6
rs3134928,6
rs3134971,6
rs3134974,6
rs3134984,6
rs3135369,6
rs3181238,6
rs3207555,6
rs335963,6
rs34043628,6
rs34087545,6
rs34109856,6
rs34164109,6
rs34434863,6
rs34437781,6
rs34452456,6
rs34509409,6
rs34578923,6
rs34656207,6
rs34794906,6
rs34872474,6
rs35074855,6
rs35117964,6
rs35139284,6
rs35173808,6
rs35248896,6
rs35254656,6
rs35371668,6
rs35467127,6
rs35653258,6
rs35734933,6
rs35735140,6
rs35772543,6
rs35786788,6
rs36057735,6
rs36096565,6
rs36216739,6
rs36219699,6
rs369580,6
rs371225543,6
rs371337007,6
rs3734470,6
rs3734643,6
rs373801706,6
rs374071816,6
rs374074536,6
rs3756838,6
rs375848238,6
rs3763288,6
rs3763348,6
rs3798969,6
rs3804333,6
rs3806157,6
rs3813356,6
rs3852215,6
rs3892446,6
rs389727,6
rs389884,6
rs3957147,6
rs3998176,6
rs4098923,6
rs41263828,6
rs41285306,6
rs41289902,6
rs4151667,6
rs4151669,6
rs41559422,6
rs41560824,6
rs41563615,6
rs4236047,6
rs4248814,6
rs4249311,6
rs4252066,6
rs4252117,6
rs4252125,6
rs4282400,6
rs429853,6
rs431204,6
rs434841,6
rs4364486,6
rs4373379,6
rs440454,6
rs4406273,6
rs4425613,6
rs448277,6
rs451637,6
rs454095,6
rs4541785,6
rs45448395,6
rs4548048,6
rs4552690,6
rs45531831,6
rs4563703,6
rs457759,6
rs4585607,6
rs4607429,6
rs4637681,6
rs4711301,6
rs4713505,6
rs4713535,6
rs4713555,6
rs4713570,6
rs4713572,6
rs4714801,6
rs4746,6
rs4895440,6
rs4895864,6
rs4959030,6
rs4959106,6
rs4959112,6
rs4959788,6
rs497309,6
rs5000803,6
rs509227,6
rs511515,6
rs519118,6
rs520028,6
rs521977,6
rs533015777,6
rs535777,6
rs5370,6
rs539981616,6
rs547211157,6
rs550053442,6
rs555247,6
rs556679,6
rs55712380,6
rs55730499,6
rs55792059,6
rs55866704,6
rs558702,6
rs55925606,6
rs55934950,6
rs559469172,6
rs55986091,6
rs560622990,6
rs562289,6
rs56293029,6
rs56353819,6
rs56393506,6
rs565736525,6
rs56705452,6
rs572123865,6
rs577721086,6
rs579477,6
rs58217236,6
rs58544878,6
rs585669,6
rs59084494,6
rs590856,6
rs59142330,6
rs592377,6
rs592423,6
rs59321237,6
rs597697,6
rs5985,6
rs60045856,6
rs60255287,6
rs60378094,6
rs605203,6
rs60600164,6
rs607929,6
rs60816814,6
rs610081,6
rs610913,6
rs61177759,6
rs61257964,6
rs61431557,6
rs61612642,6
rs61746508,6
rs617578,6
rs622871,6
rs62395441,6
rs62396356,6
rs62396735,6
rs62404124,6
rs62405419,6
rs62405538,6
rs62406524,6
rs62408218,6
rs62408225,6
rs62408227,6
rs62418808,6
rs62427982,6
rs62437973,6
rs62440901,6
rs625899,6
rs630379,6
rs641153,6
rs6415128,6
rs6457592,6
rs6457621,6
rs6458844,6
rs6458867,6
rs6458871,6
rs6467,6
rs648396,6
rs648802,6
rs6568571,6
rs6571015,6
rs658228,6
rs665401,6
rs66629131,6
rs66760320,6
rs668438,6
rs66859861,6
rs66867810,6
rs67131976,6
rs67322126,6
rs673265,6
rs67370636,6
rs67597621,6
rs67612510,6
rs676199,6
rs67773077,6
rs67792106,6
rs67961283,6
rs68027833,6
rs688181,6
rs6901488,6
rs6904946,6
rs6905736,6
rs6906295,6
rs6907508,6
rs6908032,6
rs6908045,6
rs6908943,6
rs6911310,6
rs6911448,6
rs6911665,6
rs6913664,6
rs6914950,6
rs6919603,6
rs6921438,6
rs6922541,6
rs6923313,6
rs6923872,6
rs6924387,6
rs6924776,6
rs6924861,6
rs6924975,6
rs6926219,6
rs6927022,6
rs6927324,6
rs6927418,6
rs6932623,6
rs6933289,6
rs693906,6
rs6939099,6
rs6939340,6
rs6941112,6
rs707911,6
rs71534539,6
rs71565332,6
rs720465,6
rs724745,6
rs72508413,6
rs72508417,6
rs72558143,6
rs72843784,6
rs72848256,6
rs72851018,6
rs72851058,6
rs72868608,6
rs728831,6
rs72959041,6
rs72980776,6
rs72988065,6
rs72989401,6
rs73400361,6
rs73588036,6
rs73588939,6
rs73728618,6
rs73728637,6
rs7383388,6
rs742493,6
rs74360995,6
rs7449585,6
rs7451008,6
rs74617384,6
rs74659633,6
rs75029704,6
rs75314265,6
rs75474551,6
rs757262,6
rs75773116,6
rs761711,6
rs76483802,6
rs76778371,6
rs76967117,6
rs77318243,6
rs7740107,6
rs77402376,6
rs7740797,6
rs7741476,6
rs7742789,6
rs7744284,6
rs77475227,6
rs7748270,6
rs7750356,6
rs7751676,6
rs7753585,6
rs7755970,6
rs7757906,6
rs7758383,6
rs7763347,6
rs7764128,6
rs7764347,6
rs7765526,6
rs7765828,6
rs7766070,6
rs7766089,6
rs77668448,6
rs7767139,6
rs7774377,6
rs78109196,6
rs78470916,6
rs78541874,6
rs78617560,6
rs79220007,6
rs79428469,6
rs79577746,6
rs79761237,6
rs7990,6
rs80215559,6
rs80268500,6
rs805270,6
rs805284,6
rs806798,6
rs809479,6
rs8111,6
rs8192585,6
rs8283,6
rs833067,6
rs875421,6
rs883273,6
rs884366,6
rs912057,6
rs915125,6
rs915651,6
rs915652,6
rs9258644,6
rs9258762,6
rs9259888,6
rs9262614,6
rs926309,6
rs9263789,6
rs9264261,6
rs9264275,6
rs9264623,6
rs9264640,6
rs9264642,6
rs9264645,6
rs9264665,6
rs9264666,6
rs9264682,6
rs9264862,6
rs9264893,6
rs9264941,6
rs9264942,6
rs9264967,6
rs9265540,6
rs9265552,6
rs9265747,6
rs9265830,6
rs9265961,6
rs9265968,6
rs9265986,6
rs9266043,6
rs9266059,6
rs9266217,6
rs9266219,6
rs9266271,6
rs9266524,6
rs9266627,6
rs9266638,6
rs9266640,6
rs9266681,6
rs9266790,6
rs9267123,6
rs9267488,6
rs9267797,6
rs9267947,6
rs9267950,6
rs9268633,6
rs9268644,6
rs9268833,6
rs9269075,6
rs9269213,6
rs9269234,6
rs9269326,6
rs9269502,6
rs9269543,6
rs9269693,6
rs9269891,6
rs9269965,6
rs9270003,6
rs9270270,6
rs9270383,6
rs9270454,6
rs9270460,6
rs9270487,6
rs9270560,6
rs9270562,6
rs9270636,6
rs9270703,6
rs9270747,6
rs9271176,6
rs9271222,6
rs9271300,6
rs9271325,6
rs9271344,6
rs9271364,6
rs9271374,6
rs9271378,6
rs9271459,6
rs9271537,6
rs9271591,6
rs9271593,6
rs9271642,6
rs9271657,6
rs9271692,6
rs9271947,6
rs9272050,6
rs9272079,6
rs9272148,6
rs9272154,6
rs9272186,6
rs9272231,6
rs9272278,6
rs9272300,6
rs9272302,6
rs9272364,6
rs9272383,6
rs9272400,6
rs9272445,6
rs9272544,6
rs9272605,6
rs9272649,6
rs9273041,6
rs9273105,6
rs9273123,6
rs9273206,6
rs9273265,6
rs9273368,6
rs9273369,6
rs9273379,6
rs9273453,6
rs9273537,6
rs9274278,6
rs9274326,6
rs9274442,6
rs9274454,6
rs9274505,6
rs9274626,6
rs9274678,6
rs9274715,6
rs9275109,6
rs9275235,6
rs9275237,6
rs9275339,6
rs9275354,6
rs9275587,6
rs9277518,6
rs9295121,6
rs9295574,6
rs9295986,6
rs9320394,6
rs9321402,6
rs932589,6
rs9328220,6
rs9328454,6
rs9346805,6
rs9348305,6
rs9349050,6
rs9349604,6
rs9350264,6
rs9356631,6
rs9357165,6
rs9361658,6
rs9362387,6
rs9368661,6
rs9368728,6
rs9372538,6
rs9374804,6
rs9375694,6
rs9375697,6
rs9375701,6
rs9376090,6
rs9376091,6
rs9376267,6
rs9377197,6
rs9378249,6
rs9379084,6
rs9380526,6
rs9381428,6
rs9381785,6
rs9382146,6
rs9383023,6
rs9386298,6
rs9388099,6
rs9388486,6
rs9388487,6
rs9388489,6
rs9389268,6
rs9389634,6
rs9390461,6
rs9391786,6
rs9391855,6
rs9392056,6
rs9392840,6
rs9393711,6
rs9394070,6
rs9394159,6
rs9394314,6
rs9398937,6
rs9399137,6
rs9399262,6
rs9400974,6
rs9402211,6
rs9402685,6
rs9402686,6
rs9402690,6
rs9405601,6
rs9444504,6
rs9447027,6
rs9450704,6
rs9456578,6
rs9457699,6
rs9457799,6
rs9457800,6
rs9458017,6
rs9461780,6
rs9463335,6
rs9468900,6
rs9469004,6
rs9471708,6
rs9471972,6
rs9471974,6
rs9471975,6
rs9472040,6
rs9472860,6
rs9478848,6
rs9480534,6
rs9482771,6
rs9483788,6
rs9484759,6
rs9487051,6
rs9488914,6
rs9491696,6
rs9497965,6
rs9501258,6
rs9501846,6
rs9503159,6
rs9503212,6
rs9505086,6
rs998584,6
rs10081281,7
rs10085857,7
rs1008897,7
rs1010366,7
rs10224210,7
rs10224737,7
rs10224886,7
rs10225292,7
rs10233479,7
rs10242866,7
rs10246303,7
rs10251492,7
rs10253506,7
rs10253736,7
rs10254101,7
rs10257530,7
rs10261806,7
rs10264306,7
rs10264447,7
rs10265221,7
rs10267707,7
rs10268116,7
rs10269705,7
rs10270657,7
rs10277115,7
rs10278679,7
rs10279044,7
rs10279432,7
rs10281089,7
rs10429164,7
rs1049742,7
rs1051764,7
rs1077481,7
rs10808297,7
rs10863,7
rs10950209,7
rs10950856,7
rs10951192,7
rs10953006,7
rs10953260,7
rs111632177,7
rs11185602,7
rs112139215,7
rs112305062,7
rs112348182,7
rs11238349,7
rs113920358,7
rs114373434,7
rs114949263,7
rs116968179,7
rs117282715,7
rs11760352,7
rs11761540,7
rs11764510,7
rs11768309,7
rs11768817,7
rs11769630,7
rs11771167,7
rs11772036,7
rs11773763,7
rs1178947,7
rs117905808,7
rs1194182,7
rs11972310,7
rs11974627,7
rs11982872,7
rs1204375,7
rs12155039,7
rs1229027,7
rs125124,7
rs12531020,7
rs12531207,7
rs12534190,7
rs12539299,7
rs12540573,7
rs12540919,7
rs12667978,7
rs12668458,7
rs12674095,7
rs12702353,7
rs12702515,7
rs12718731,7
rs1294847,7
rs13225660,7
rs13226219,7
rs13226546,7
rs13226650,7
rs13229619,7
rs13230509,7
rs13231072,7
rs13232120,7
rs13234131,7
rs13234378,7
rs13234805,7
rs13235543,7
rs13236689,7
rs13240065,7
rs13240994,7
rs13242463,7
rs13244614,7
rs13246993,7
rs13247029,7
rs13247874,7
rs1404422,7
rs1431092,7
rs143110592,7
rs145003280,7
rs1476679,7
rs149007767,7
rs149867961,7
rs150231592,7
rs1544474,7
rs157934,7
rs1635893,7
rs17138358,7
rs17145738,7
rs17145750,7
rs17151689,7
rs17154155,7
rs17165120,7
rs17256042,7
rs1726867,7
rs17324153,7
rs1761667,7
rs17715183,7
rs17855988,7
rs1800783,7
rs1800797,7
rs1814170,7
rs1824872,7
rs184163936,7
rs184780137,7
rs185081604,7
rs1858830,7
rs1859788,7
rs1860147,7
rs1870028,7
rs1878808,7
rs1881117,7
rs1917368,7
rs192487617,7
rs1966269,7
rs1990786,7
rs1990790,7
rs201897458,7
rs2057681,7
rs2069845,7
rs2071045,7
rs2075079,7
rs2129904,7
rs2158799,7
rs2159503,7
rs2227674,7
rs2229542,7
rs2244700,7
rs2269829,7
rs2279542,7
rs2301801,7
rs2303361,7
rs2329370,7
rs2329566,7
rs2347784,7
rs2389858,7
rs2528508,7
rs2529269,7
rs2529440,7
rs2709865,7
rs2714875,7
rs2723552,7
rs28538349,7
rs2854746,7
rs2855972,7
rs28603325,7
rs2868169,7
rs2906773,7
rs2908203,7
rs2960834,7
rs2969028,7
rs2969036,7
rs2970470,7
rs3095473,7
rs314364,7
rs3211842,7
rs3212298,7
rs329238,7
rs339060,7
rs339061,7
rs33951980,7
rs340399,7
rs34060476,7
rs34064273,7
rs34219043,7
rs342290,7
rs342292,7
rs342293,7
rs342294,7
rs342296,7
rs342298,7
rs342299,7
rs34320230,7
rs34346326,7
rs34372369,7
rs34421596,7
rs34587586,7
rs34594435,7
rs34958196,7
rs34985488,7
rs35042434,7
rs35107030,7
rs35173225,7
rs35332062,7
rs35368205,7
rs35384521,7
rs35428152,7
rs35493868,7
rs35624969,7
rs3734960,7
rs3735080,7
rs3735169,7
rs3735586,7
rs373608249,7
rs374456447,7
rs3752404,7
rs3752617,7
rs3757724,7
rs3793300,7
rs3800560,7
rs3801877,7
rs3807307,7
rs3807505,7
rs3812316,7
rs3823581,7
rs3823764,7
rs386805,7
rs403731,7
rs4142995,7
rs41463245,7
rs42041,7
rs4259,7
rs4316067,7
rs4385425,7
rs445,7
rs450269,7
rs45446698,7
rs4548095,7
rs4556017,7
rs4718278,7
rs4719946,7
rs4722337,7
rs4724802,7
rs4731009,7
rs4731532,7
rs5010183,7
rs5011432,7
rs513973,7
rs55690213,7
rs55700285,7
rs55747707,7
rs55896322,7
rs55935382,7
rs56012466,7
rs56225909,7
rs56287412,7
rs56388170,7
rs5745687,7
rs57585717,7
rs60160896,7
rs60191236,7
rs602616,7
rs60772526,7
rs60786703,7
rs60882446,7
rs61198215,7
rs61738649,7
rs61739531,7
rs62435145,7
rs62445869,7
rs62454712,7
rs62466318,7
rs62466699,7
rs62466836,7
rs62482223,7
rs62482493,7
rs62621812,7
rs6459924,7
rs6460105,7
rs6460902,7
rs6461354,7
rs6464165,7
rs6465510,7
rs6465657,7
rs6467228,7
rs6467443,7
rs6592965,7
rs67036916,7
rs67531258,7
rs6796,7
rs6946037,7
rs6946266,7
rs6952056,7
rs6952865,7
rs6954290,7
rs6955857,7
rs6957484,7
rs6957745,7
rs6961069,7
rs6965332,7
rs6966838,7
rs6967348,7
rs6968170,7
rs6972282,7
rs6973520,7
rs6976053,7
rs700753,7
rs705379,7
rs709061,7
rs712831,7
rs714052,7
rs71556736,7
rs72597447,7
rs73112996,7
rs73131317,7
rs73144827,7
rs73158188,7
rs73169662,7
rs73169668,7
rs73169671,7
rs73169678,7
rs732402,7
rs73287817,7
rs73348118,7
rs73725601,7
rs73727606,7
rs73728279,7
rs7385804,7
rs7457787,7
rs74662330,7
rs75045569,7
rs75207237,7
rs757980,7
rs75801644,7
rs76438067,7
rs76641566,7
rs767298,7
rs769604,7
rs77100396,7
rs773412,7
rs7777647,7
rs7779671,7
rs7779782,7
rs7784156,7
rs7785014,7
rs7789303,7
rs7790120,7
rs7790800,7
rs7791957,7
rs7797255,7
rs7799945,7
rs7799991,7
rs7800611,7
rs7803374,7
rs7803805,7
rs7806596,7
rs7807123,7
rs7808353,7
rs7808877,7
rs7810134,7
rs7812088,7
rs78484938,7
rs78542815,7
rs78740585,7
rs78815801,7
rs79397108,7
rs79578725,7
rs79862839,7
rs799158,7
rs799165,7
rs809439,7
rs8176058,7
rs836487,7
rs850460,7
rs854572,7
rs876036,7
rs876037,7
rs876038,7
rs886663,7
rs887048,7
rs917031,7
rs917115,7
rs940430,7
rs9638882,7
rs9656395,7
rs9692418,7
rs9792084,7
rs989437,7
rs1000394,8
rs10081610,8
rs10089487,8
rs10095629,8
rs10095930,8
rs10098310,8
rs10103048,8
rs10103202,8
rs10104003,8
rs10107182,8
rs10107388,8
rs10107630,8
rs10109241,8
rs10112388,8
rs10481112,8
rs10503929,8
rs10504255,8
rs10808546,8
rs10808671,8
rs10875467,8
rs10956485,8
rs10956755,8
rs10956764,8
rs10957978,8
rs10957979,8
rs1115784,8
rs1115867,8
rs11250144,8
rs11250169,8
rs112875651,8
rs1156545,8
rs117291678,8
rs117343599,8
rs11774267,8
rs11775818,8
rs11776987,8
rs11777402,8
rs11777835,8
rs11778934,8
rs11783078,8
rs11783670,8
rs11784251,8
rs11784985,8
rs11785060,8
rs11786049,8
rs11786721,8
rs118019635,8
rs118062058,8
rs118162691,8
rs11990515,8
rs11991469,8
rs11993233,8
rs11995824,8
rs12056768,8
rs12156037,8
rs12546887,8
rs12549737,8
rs12549956,8
rs12676683,8
rs12679834,8
rs12680211,8
rs1293303,8
rs1293308,8
rs13249889,8
rs13257521,8
rs13262861,8
rs13264172,8
rs13265018,8
rs13267597,8
rs13269243,8
rs13273990,8
rs13274028,8
rs13274491,8
rs13275219,8
rs13276026,8
rs13276309,8
rs13277237,8
rs13278062,8
rs13280084,8
rs13281104,8
rs13281363,8
rs13281991,8
rs1368700,8
rs13702,8
rs1372344,8
rs1372450,8
rs1372993,8
rs1378901,8
rs142323734,8
rs144072245,8
rs1461729,8
rs1462977,8
rs1480999,8
rs1481849,8
rs1483572,8
rs1483573,8
rs148684432,8
rs1492286,8
rs1495741,8
rs1495743,8
rs15285,8
rs1532424,8
rs1561928,8
rs1561929,8
rs1569209,8
rs1583969,8
rs16888292,8
rs16888589,8
rs1692821,8
rs17091113,8
rs17092104,8
rs1736084,8
rs1736089,8
rs17489891,8
rs17578845,8
rs17676443,8
rs17742080,8
rs17786744,8
rs17810889,8
rs1788184,8
rs1825146,8
rs183332045,8
rs1865223,8
rs1869609,8
rs1916275,8
rs1968586,8
rs1991866,8
rs2001846,8
rs2020921,8
rs2022934,8
rs2037214,8
rs2049865,8
rs2061831,8
rs2072696,8
rs2073562,8
rs2073564,8
rs2081687,8
rs2119690,8
rs2126259,8
rs2142306,8
rs2163952,8
rs2169387,8
rs2175192,8
rs2205263,8
rs2223053,8
rs2272662,8
rs2278467,8
rs2279112,8
rs2290414,8
rs2293889,8
rs2343592,8
rs2400589,8
rs2404005,8
rs2409721,8
rs2436887,8
rs2438197,8
rs2439300,8
rs2439457,8
rs2448074,8
rs2472205,8
rs2472240,8
rs2511713,8
rs2572925,8
rs2581260,8
rs2609983,8
rs2625445,8
rs2639919,8
rs2653414,8
rs2685412,8
rs2685417,8
rs2702877,8
rs2726953,8
rs2736332,8
rs2737217,8
rs2737229,8
rs2737245,8
rs2737246,8
rs2737265,8
rs2738058,8
rs2738144,8
rs28497692,8
rs28503706,8
rs28550378,8
rs28571765,8
rs28588745,8
rs28601761,8
rs28615248,8
rs28635038,8
rs28714450,8
rs2887502,8
rs2898245,8
rs2919917,8
rs2920282,8
rs2921053,8
rs2954017,8
rs2954021,8
rs2954038,8
rs2976388,8
rs2976397,8
rs2978022,8
rs2978444,8
rs2980370,8
rs2980886,8
rs2980888,8
rs3018449,8
rs3110291,8
rs3136791,8
rs3208305,8
rs322,8
rs327,8
rs328,8
rs34007487,8
rs34087092,8
rs34173062,8
rs34421088,8
rs34826779,8
rs34861762,8
rs34906420,8
rs34955534,8
rs35228013,8
rs35309034,8
rs35486529,8
rs35570672,8
rs35719208,8
rs35916068,8
rs36071802,8
rs3748136,8
rs3750228,8
rs3808438,8
rs3808477,8
rs3812474,8
rs3853,8
rs3916027,8
rs41341748,8
rs4236707,8
rs4236709,8
rs4240624,8
rs4242394,8
rs4263799,8
rs4276696,8
rs4292651,8
rs4357289,8
rs4360322,8
rs4407843,8
rs4480083,8
rs4541868,8
rs4552882,8
rs45577137,8
rs4602861,8
rs4732620,8
rs4733612,8
rs4733817,8
rs4734879,8
rs4736690,8
rs4737010,8
rs4738028,8
rs4738105,8
rs4738679,8
rs4738684,8
rs4739134,8
rs4739737,8
rs4841014,8
rs4841132,8
rs4841133,8
rs4841575,8
rs4871013,8
rs4871880,8
rs4876611,8
rs4921914,8
rs4921915,8
rs4961256,8
rs4961258,8
rs55646585,8
rs55780214,8
rs55839409,8
rs55895668,8
rs55964818,8
rs56408342,8
rs569205,8
rs575561437,8
rs576943137,8
rs59104426,8
rs59265584,8
rs59697075,8
rs60087251,8
rs60223219,8
rs608337,8
rs62486442,8
rs62501135,8
rs62505960,8
rs62510270,8
rs62525615,8
rs62532062,8
rs6420185,8
rs6471132,8
rs6471249,8
rs6471883,8
rs6471920,8
rs6472539,8
rs6472812,8
rs6473600,8
rs6474527,8
rs650896,8
rs6557841,8
rs6601299,8
rs6605578,8
rs660865,8
rs67210953,8
rs67745124,8
rs6982502,8
rs6983780,8
rs6984305,8
rs6988146,8
rs6989110,8
rs6991677,8
rs6993770,8
rs6993810,8
rs6993841,8
rs6997191,8
rs6999206,8
rs7003060,8
rs7008811,8
rs7008914,8
rs7009973,8
rs7010461,8
rs7010805,8
rs7012814,8
rs7014426,8
rs7014582,8
rs7016219,8
rs7018334,8
rs709821,8
rs71514503,8
rs722740,8
rs72643819,8
rs72671655,8
rs72684286,8
rs72684474,8
rs72716950,8
rs73184376,8
rs73202153,8
rs73205715,8
rs73225848,8
rs73225855,8
rs73363023,8
rs73545546,8
rs74403458,8
rs7461753,8
rs74744251,8
rs748208,8
rs74855321,8
rs74983646,8
rs75143612,8
rs75910605,8
rs7592,8
rs77521330,8
rs77642645,8
rs77753174,8
rs77870264,8
rs7813501,8
rs7814328,8
rs7814795,8
rs7815687,8
rs7818941,8
rs7821812,8
rs7823366,8
rs7824054,8
rs7824993,8
rs7826351,8
rs7826493,8
rs7826603,8
rs7827659,8
rs7828742,8
rs7831859,8
rs7832219,8
rs7833924,8
rs78347499,8
rs7835670,8
rs7837153,8
rs7837219,8
rs7837796,8
rs7840212,8
rs7840395,8
rs7846314,8
rs78565598,8
rs79220982,8
rs800548,8
rs804267,8
rs826732,8
rs827592,8
rs894211,8
rs9297994,8
rs9298192,8
rs9298506,8
rs952559,8
rs9643300,8
rs9657360,8
rs9657541,8
rs9693404,8
rs9693693,8
rs983309,8
rs9886386,8
rs9987289,8
rs10081728,9
rs1008250,9
rs10114882,9
rs10118445,9
rs1014651,9
rs10441775,9
rs1054879,9
rs10733608,9
rs10738466,9
rs10738905,9
rs10739227,9
rs10758361,9
rs10758659,9
rs10760021,9
rs10760822,9
rs10776883,9
rs10793962,9
rs10813948,9
rs10813949,9
rs10813955,9
rs10814129,9
rs10814130,9
rs10814915,9
rs10815254,9
rs10817200,9
rs10817342,9
rs10817470,9
rs10817555,9
rs10817685,9
rs10817718,9
rs10818050,9
rs10818090,9
rs10819317,9
rs10819566,9
rs10820606,9
rs10821066,9
rs10821548,9
rs10868235,9
rs10901252,9
rs10901328,9
rs10960751,9
rs10963680,9
rs10964983,9
rs10968008,9
rs10968020,9
rs10970392,9
rs10971412,9
rs10971417,9
rs10974444,9
rs10974817,9
rs10980802,9
rs10981699,9
rs10982154,9
rs10982156,9
rs10982164,9
rs10984466,9
rs10984499,9
rs10984506,9
rs10990624,9
rs10990651,9
rs10991460,9
rs10992062,9
rs10993170,9
rs1105797,9
rs1110236,9
rs11103381,9
rs11103387,9
rs11103604,9
rs1111796,9
rs11139063,9
rs11142461,9
rs11142926,9
rs11145351,9
rs11145904,9
rs111696803,9
rs11243421,9
rs11244049,9
rs1131773,9
rs113258444,9
rs1137827,9
rs114266868,9
rs115478735,9
rs11574915,9
rs1164893,9
rs116842520,9
rs116977475,9
rs116994374,9
rs117343502,9
rs117448041,9
rs117724680,9
rs117815264,9
rs11788059,9
rs11789392,9
rs1179038,9
rs11794565,9
rs11794772,9
rs11795343,9
rs118119317,9
rs11999525,9
rs11999609,9
rs12002649,9
rs12002679,9
rs12004054,9
rs12337458,9
rs12342201,9
rs12342831,9
rs12345684,9
rs12350739,9
rs12376511,9
rs12377604,9
rs12552752,9
rs12554596,9
rs12683555,9
rs12683780,9
rs12684083,9
rs12684650,9
rs13283282,9
rs13284054,9
rs13291742,9
rs13292932,9
rs13294683,9
rs13295248,9
rs13300680,9
rs1397575,9
rs1410385,9
rs1411609,9
rs143138242,9
rs147707926,9
rs1491122,9
rs150611042,9
rs150813342,9
rs1576065,9
rs1611115,9
rs1630171,9
rs1687391,9
rs16919949,9
rs17431934,9
rs17455517,9
rs17784779,9
rs1805335,9
rs1831382,9
rs1833035,9
rs1867254,9
rs1883025,9
rs1888909,9
rs190804153,9
rs191912523,9
rs1925471,9
rs1927635,9
rs1928243,9
rs1955143,9
rs1969976,9
rs2031902,9
rs2031906,9
rs2065500,9
rs2070074,9
rs2151597,9
rs2229067,9
rs2236291,9
rs2251106,9
rs2282078,9
rs2282240,9
rs2282683,9
rs2293968,9
rs2381282,9
rs2381416,9
rs2451951,9
rs2519093,9
rs2520096,9
rs2740488,9
rs2761681,9
rs2770808,9
rs2789512,9
rs2795054,9
rs2795108,9
rs2800283,9
rs2812378,9
rs296847,9
rs296888,9
rs296889,9
rs3003599,9
rs3004309,9
rs3124776,9
rs34544762,9
rs348463,9
rs34881325,9
rs35288226,9
rs36116821,9
rs369654038,9
rs3731211,9
rs3750549,9
rs375524395,9
rs3758294,9
rs3762056,9
rs3780420,9
rs3780480,9
rs3812594,9
rs3824458,9
rs385893,9
rs3892354,9
rs409801,9
rs41274017,9
rs41276777,9
rs41313766,9
rs4149310,9
rs4242701,9
rs4471106,9
rs45461899,9
rs459571,9
rs4631576,9
rs465724,9
rs467369,9
rs4740823,9
rs4742081,9
rs4837917,9
rs4878130,9
rs487820,9
rs4878525,9
rs4878690,9
rs4879665,9
rs4879666,9
rs4880140,9
rs489922,9
rs494242,9
rs495828,9
rs4962104,9
rs4979500,9
rs4986791,9
rs4994332,9
rs502417,9
rs503222,9
rs505922,9
rs507666,9
rs508227,9
rs529565,9
rs532436,9
rs536644,9
rs542243688,9
rs544873,9
rs545971,9
rs550057,9
rs550478926,9
rs554833,9
rs55737216,9
rs55851518,9
rs55931012,9
rs55965570,9
rs55984238,9
rs562813,9
rs57815349,9
rs58088508,9
rs58160054,9
rs587611953,9
rs587707823,9
rs600038,9
rs60757417,9
rs60988380,9
rs612169,9
rs61237993,9
rs61750929,9
rs61751937,9
rs62542743,9
rs62550969,9
rs62571868,9
rs62574061,9
rs62576492,9
rs635634,9
rs643434,9
rs6475611,9
rs6477873,9
rs6478117,9
rs6478993,9
rs6479416,9
rs6479446,9
rs651007,9
rs6559744,9
rs657152,9
rs674302,9
rs677355,9
rs682632,9
rs686030,9
rs692503,9
rs7019909,9
rs7024300,9
rs7028191,9
rs7029757,9
rs7030405,9
rs7030849,9
rs7030907,9
rs7032525,9
rs7036656,9
rs7039458,9
rs7039820,9
rs7040029,9
rs7041363,9
rs7041446,9
rs7042335,9
rs7043265,9
rs7044478,9
rs7045087,9
rs7045138,9
rs72618113,9
rs72759285,9
rs72767003,9
rs73499092,9
rs73554552,9
rs74557797,9
rs7467847,9
rs74715985,9
rs75179845,9
rs77328788,9
rs77562929,9
rs77643237,9
rs783200,9
rs7847041,9
rs7847540,9
rs7848667,9
rs7854248,9
rs7856189,9
rs7857243,9
rs7865362,9
rs7867909,9
rs7868663,9
rs7871464,9
rs7871740,9
rs7873862,9
rs7874405,9
rs7875571,9
rs79137699,9
rs79270230,9
rs8067,9
rs8176644,9
rs8176671,9
rs8176672,9
rs8176693,9
rs8176722,9
rs8176741,9
rs8176743,9
rs8176746,9
rs8176747,9
rs8176749,9
rs8176759,9
rs8193003,9
rs8193004,9
rs822341,9
rs868561,9
rs869487,9
rs9409964,9
rs9411378,9
rs9411463,9
rs9697210,9
rs976575,9
rs9775680,9
rs992969,9
