rsid,chrom,n_proteins,n_edges,max_abs_beta,max_log10p,cis_trans_values,regulatory_modes
rs1005734,1,1,1,0.0411815,11.3897,trans,trans_regulatory_or_intronic
rs1006298,1,1,1,0.0760496,33.9155,cis,cis_locus_linked
rs10127775,1,1,1,0.0892818,66.4605,trans,trans_regulatory_or_intronic
rs1015890,1,1,1,0.0455393,13.2786,trans,trans_regulatory_or_intronic
rs1018454,1,1,1,0.322668,710.902,cis,cis_target_regulatory_or_linked
rs10218613,1,1,1,0.0426891,11.7857,trans,trans_other_or_unknown
rs1036332,1,4,4,0.0719953,25.2634,trans,trans_regulatory_or_intronic
rs10399820,1,1,1,0.0425417,10.9769,trans,trans_other_or_unknown
rs1041310,1,1,1,0.0949166,34.7906,trans,trans_other_or_unknown
rs1044145,1,1,1,0.10774,70.1571,cis,cis_target_regulatory_or_linked
rs10489615,1,1,1,0.0348655,11.2775,trans,trans_regulatory_or_intronic
rs10493441,1,1,1,0.0970721,20.7342,trans,trans_regulatory_or_intronic
rs10494275,1,1,1,1.18996,2243.63,cis,cis_target_regulatory_or_linked
rs1050316,1,1,1,0.0588129,19.9384,trans,trans_regulatory_or_intronic
rs1062964,1,1,1,0.115343,22.1559,trans,trans_other_gene_coding_or_splice
rs1063412,1,4,4,0.089768,49.8447,trans,trans_other_gene_coding_or_splice
rs10749636,1,1,1,0.228838,223.3,cis,cis_target_regulatory_or_linked
rs10752957,1,1,1,0.040009,11.2872,trans,trans_regulatory_or_intronic
rs10779750,1,1,1,0.0504542,16.8617,trans,trans_regulatory_or_intronic
rs10798014,1,1,1,0.0557097,21.3239,trans,trans_other_or_unknown
rs10799940,1,1,1,0.0533932,18.712,trans,trans_other_or_unknown
rs10800097,1,1,1,0.0505226,16.4013,trans,trans_regulatory_or_intronic
rs10800531,1,1,1,0.044357,13.1604,trans,trans_regulatory_or_intronic
rs10801586,1,1,1,0.0894576,55.3307,trans,trans_regulatory_or_intronic
rs10803164,1,1,1,0.0683483,13.771,trans,trans_regulatory_or_intronic
rs10863569,1,1,1,0.0806671,35.2861,trans,trans_regulatory_or_intronic
rs10889333,1,1,1,0.0406496,11.2179,trans,trans_regulatory_or_intronic
rs10908458,1,1,1,0.0422499,13.9589,trans,trans_other_or_unknown
rs10910095,1,1,1,0.0635088,12.5342,trans,trans_regulatory_or_intronic
rs10910535,1,1,1,0.0484722,12.2917,trans,trans_regulatory_or_intronic
rs10914144,1,1,1,0.214723,167.525,trans,trans_regulatory_or_intronic
rs10914684,1,1,1,0.0392364,12.1422,trans,trans_regulatory_or_intronic
rs10915885,1,1,1,0.0607531,14.4243,trans,trans_regulatory_or_intronic
rs10917469,1,1,1,0.114286,41.7754,trans,trans_regulatory_or_intronic
rs10918077,1,1,1,0.050409,15.1082,trans,trans_regulatory_or_intronic
rs10922106,1,1,1,0.0558315,23.748,trans,trans_regulatory_or_intronic
rs10922147,1,1,1,0.784669,2512.28,cis,cis_target_regulatory_or_linked
rs10923344,1,2,2,0.194597,233.094,cis;trans,cis_locus_linked;trans_regulatory_or_intronic
rs10923385,1,1,1,0.0455987,14.2931,trans,trans_regulatory_or_intronic
rs10926988,1,1,1,0.0526845,15.4904,trans,trans_regulatory_or_intronic
rs10927074,1,1,1,0.0661988,10.8236,trans,trans_regulatory_or_intronic
rs10927878,1,1,1,0.0422606,11.7934,trans,trans_other_or_unknown
rs11102967,1,1,1,0.0446444,13.1072,trans,trans_regulatory_or_intronic
rs11102972,1,2,2,0.0517043,13.1552,trans,trans_regulatory_or_intronic
rs11119933,1,1,1,0.431274,692.519,cis,cis_target_coding_or_splice
rs11121012,1,1,1,0.0813719,36.5403,trans,trans_regulatory_or_intronic
rs11122449,1,1,1,0.0618994,19.7755,trans,trans_regulatory_or_intronic
rs11122450,1,1,1,0.0892357,51.1261,trans,trans_regulatory_or_intronic
rs11122454,1,1,1,0.0527725,16.2369,trans,trans_regulatory_or_intronic
rs11166258,1,1,1,0.0522816,11.5809,trans,trans_regulatory_or_intronic
rs11203346,1,1,1,0.150011,79.065,trans,trans_regulatory_or_intronic
rs11204523,1,2,2,0.0769874,27.6686,trans,trans_other_gene_coding_or_splice
rs11204701,1,1,1,0.0534978,13.7257,trans,trans_regulatory_or_intronic
rs11204771,1,1,1,0.102096,41.3361,cis,cis_locus_linked
rs11205303,1,1,1,0.0366835,14.6931,trans,trans_other_gene_coding_or_splice
rs11210731,1,1,1,0.115504,55.3326,cis,cis_locus_linked
rs11211541,1,1,1,0.0366333,10.8315,trans,trans_regulatory_or_intronic
rs112268616,1,2,2,0.819528,3425.49,cis;trans,cis_target_regulatory_or_linked;trans_regulatory_or_intronic
rs1123571,1,1,1,0.0602754,35.2642,trans,trans_regulatory_or_intronic
rs11247595,1,2,2,0.0792718,48.2095,trans,trans_regulatory_or_intronic
rs11247956,1,1,1,0.0452943,14.9071,trans,trans_regulatory_or_intronic
rs11249215,1,1,1,0.0517749,17.1293,trans,trans_other_or_unknown
rs112694611,1,1,1,0.0509501,15.5776,trans,trans_regulatory_or_intronic
rs112720009,1,1,1,0.0664441,14.1391,cis,cis_locus_linked
rs11277,1,1,1,0.0561337,14.8008,trans,trans_regulatory_or_intronic
rs113292219,1,1,1,0.0881547,11.4561,trans,trans_regulatory_or_intronic
rs113312468,1,1,1,0.366155,191.265,cis,cis_locus_linked
rs113630435,1,1,1,0.103292,15.9234,trans,trans_regulatory_or_intronic
rs1139978,1,1,1,0.0960176,25.0875,cis,cis_target_coding_or_splice
rs114165349,1,21,21,0.426702,94.4856,trans,trans_regulatory_or_intronic
rs1142287,1,1,1,0.0795677,29.6762,cis,cis_locus_linked
rs114269697,1,1,1,0.213579,13.4275,trans,trans_regulatory_or_intronic
rs114529222,1,1,1,0.0527338,19.1404,trans,trans_other_or_unknown
rs114678888,1,1,1,0.473892,198.595,cis,cis_target_regulatory_or_linked
rs11487264,1,1,1,1.44333,2199.08,trans,trans_regulatory_or_intronic
rs115126145,1,1,1,0.159471,13.911,trans,trans_regulatory_or_intronic
rs115276619,1,7,7,0.333954,43.2298,trans,trans_regulatory_or_intronic
rs115340020,1,1,1,0.170095,21.6672,trans,trans_regulatory_or_intronic
rs115427247,1,1,1,0.148558,18.9892,trans,trans_other_or_unknown
rs11544513,1,1,1,1.31457,130.014,cis,cis_target_coding_or_splice
rs11548102,1,2,2,0.175767,179.544,cis,cis_locus_linked
rs115482159,1,1,1,0.456913,25.5101,cis,cis_target_coding_or_splice
rs11573156,1,2,2,0.721038,2153.34,cis;trans,cis_target_regulatory_or_linked;trans_regulatory_or_intronic
rs11576356,1,1,1,0.0546742,11.245,trans,trans_regulatory_or_intronic
rs11576522,1,1,1,0.0781219,34.6103,trans,trans_regulatory_or_intronic
rs11578369,1,1,1,0.0490821,11.4084,trans,trans_other_or_unknown
rs11578572,1,2,2,0.0433952,12.4182,trans,trans_regulatory_or_intronic
rs11580721,1,1,1,0.047064,13.4385,trans,trans_regulatory_or_intronic
rs11581248,1,1,1,0.931688,2215.9,cis,cis_target_regulatory_or_linked
rs11587840,1,1,1,0.0449259,12.6211,trans,trans_regulatory_or_intronic
rs11588432,1,1,1,0.0455369,11.3585,trans,trans_other_or_unknown
rs11588675,1,1,1,0.0407607,11.5423,trans,trans_regulatory_or_intronic
rs11589479,1,4,4,1.01185,3176.38,cis;trans,cis_locus_linked;trans_regulatory_or_intronic
rs11591147,1,2,2,1.12113,502.268,cis;trans,cis_target_coding_or_splice;trans_other_gene_coding_or_splice
rs1168085,1,1,1,0.0884158,46.2505,trans,trans_regulatory_or_intronic
rs1172113,1,1,1,0.0485605,14.2843,trans,trans_regulatory_or_intronic
rs1172133,1,1,1,0.0450733,12.3194,trans,trans_regulatory_or_intronic
rs1172134,1,1,1,0.0759439,11.7933,trans,trans_regulatory_or_intronic
rs11799962,1,4,4,0.0581169,21.0567,trans,trans_regulatory_or_intronic
rs11803731,1,1,1,0.052831,11.4138,trans,trans_other_gene_coding_or_splice
rs11803768,1,1,1,0.0490443,11.4694,trans,trans_regulatory_or_intronic
rs11808092,1,1,1,0.145603,91.6882,cis,cis_target_coding_or_splice
rs11809759,1,1,1,0.172467,177.16,cis,cis_target_regulatory_or_linked
rs11810143,1,1,1,1.45267,4980.34,cis,cis_target_coding_or_splice
rs1198423,1,1,1,0.0584733,13.0117,trans,trans_regulatory_or_intronic
rs12022008,1,1,1,0.886048,1293.81,trans,trans_regulatory_or_intronic
rs12024740,1,1,1,0.122662,41.5135,trans,trans_regulatory_or_intronic
rs12029068,1,1,1,0.0520997,17.3861,trans,trans_regulatory_or_intronic
rs12034138,1,1,1,0.203319,103.298,cis,cis_locus_linked
rs12035067,1,1,1,0.0575899,25.6363,trans,trans_regulatory_or_intronic
rs12037133,1,1,1,0.0534534,11.2575,trans,trans_regulatory_or_intronic
rs12037944,1,1,1,0.0523712,18.1295,trans,trans_other_or_unknown
rs12038699,1,1,1,0.0423972,12.0848,trans,trans_regulatory_or_intronic
rs12042692,1,1,1,0.0644748,23.3151,trans,trans_regulatory_or_intronic
rs12045800,1,1,1,0.0509681,11.9011,trans,trans_regulatory_or_intronic
rs12046713,1,1,1,0.819846,1343.23,trans,trans_regulatory_or_intronic
rs12048704,1,1,1,0.0552709,15.6879,trans,trans_regulatory_or_intronic
rs12048743,1,1,1,0.0407293,11.3066,trans,trans_regulatory_or_intronic
rs12058824,1,1,1,0.621184,696.168,cis,cis_locus_linked
rs12075,1,11,11,0.258325,403.835,trans,trans_other_gene_coding_or_splice
rs12075086,1,1,1,0.594301,671.017,cis,cis_locus_linked
rs12076635,1,1,1,0.0937249,40.9873,cis,cis_target_regulatory_or_linked
rs12080068,1,1,1,0.653726,780.238,cis,cis_locus_linked
rs12084158,1,1,1,0.0714999,14.2972,trans,trans_regulatory_or_intronic
rs12086222,1,1,1,0.0892499,20.3621,trans,trans_regulatory_or_intronic
rs12086750,1,1,1,0.0511199,14.4901,cis,cis_target_regulatory_or_linked
rs12092798,1,1,1,0.150296,91.264,cis,cis_target_regulatory_or_linked
rs12097901,1,1,1,0.266088,103.389,cis,cis_target_coding_or_splice
rs12117480,1,2,2,0.124096,14.944,trans,trans_regulatory_or_intronic
rs12119876,1,1,1,0.205771,152.808,cis,cis_target_regulatory_or_linked
rs12120616,1,1,1,0.0421818,10.7751,trans,trans_regulatory_or_intronic
rs12122508,1,1,1,0.107348,30.4947,cis,cis_target_regulatory_or_linked
rs12125200,1,2,2,0.0573997,16.0922,trans,trans_regulatory_or_intronic
rs12125241,1,1,1,0.129478,16.6953,trans,trans_regulatory_or_intronic
rs12128631,1,1,1,0.261067,265.63,trans,trans_other_gene_coding_or_splice
rs12129860,1,1,1,0.0650789,24.5146,trans,trans_regulatory_or_intronic
rs12130298,1,1,1,1.28982,2507.52,cis,cis_target_regulatory_or_linked
rs12131882,1,1,1,0.0836055,45.0685,trans,trans_regulatory_or_intronic
rs12132412,1,2,2,0.0799892,67.0782,trans,trans_other_or_unknown
rs12133641,1,2,2,0.0406182,13.918,trans,trans_regulatory_or_intronic
rs12133665,1,1,1,0.0543767,12.5327,trans,trans_regulatory_or_intronic
rs12134456,1,1,1,0.0583501,20.8887,trans,trans_regulatory_or_intronic
rs12134960,1,1,1,0.544731,971.551,cis,cis_target_regulatory_or_linked
rs12136409,1,1,1,0.0485813,17.9746,trans,trans_other_or_unknown
rs12136856,1,2,2,0.0888986,52.4217,trans,trans_regulatory_or_intronic
rs12137164,1,1,1,0.0416239,13.5877,trans,trans_regulatory_or_intronic
rs12137270,1,1,1,0.0606315,16.9867,trans,trans_other_or_unknown
rs12138621,1,1,1,0.187019,132.584,cis,cis_target_regulatory_or_linked
rs12140070,1,1,1,0.154868,145.944,trans,trans_regulatory_or_intronic
rs12142181,1,1,1,0.0759841,12.0484,trans,trans_other_or_unknown
rs1220399,1,1,1,0.293531,374.13,cis,cis_locus_linked
rs12239736,1,1,1,0.0445123,11.7679,trans,trans_regulatory_or_intronic
rs12240047,1,1,1,0.10179,42.6676,cis,cis_target_regulatory_or_linked
rs12371,1,2,2,1.07617,2067.04,cis;trans,cis_target_coding_or_splice;trans_other_gene_coding_or_splice
rs12401792,1,1,1,0.0914883,45.265,cis,cis_target_regulatory_or_linked
rs12407843,1,18,18,0.097782,24.3125,trans,trans_other_gene_coding_or_splice
rs12408663,1,1,1,0.113899,55.9011,cis,cis_target_regulatory_or_linked
rs1242331,1,1,1,0.0475296,11.968,cis,cis_target_regulatory_or_linked
rs12561888,1,1,1,0.042111,10.7886,trans,trans_regulatory_or_intronic
rs12562475,1,1,1,0.124058,30.9114,trans,trans_regulatory_or_intronic
rs12564303,1,1,1,0.0441,12.4294,trans,trans_regulatory_or_intronic
rs12566888,1,2,2,0.0790997,17.1905,trans,trans_regulatory_or_intronic
rs12568320,1,1,1,0.758797,1938.0,cis,cis_target_regulatory_or_linked
rs12720707,1,1,1,0.125271,28.0361,cis,cis_target_regulatory_or_linked
rs12729620,1,1,1,1.02733,1118.48,trans,trans_regulatory_or_intronic
rs12732792,1,1,1,0.0521919,17.6829,trans,trans_other_or_unknown
rs12733512,1,1,1,0.0996861,47.3525,trans,trans_regulatory_or_intronic
rs12740374,1,28,28,0.663748,1868.61,cis;trans,cis_locus_linked;trans_regulatory_or_intronic
rs12741781,1,1,1,0.0652587,22.7962,cis,cis_locus_linked
rs12743084,1,1,1,0.0616959,28.8747,trans,trans_regulatory_or_intronic
rs12748771,1,1,1,0.822797,1349.67,cis,cis_locus_linked
rs12753193,1,1,1,0.0473115,13.458,trans,trans_other_or_unknown
rs12755944,1,1,1,0.0382433,15.3404,trans,trans_regulatory_or_intronic
rs12757307,1,2,2,0.101392,24.1852,trans,trans_regulatory_or_intronic
rs12760274,1,1,1,0.0441707,11.1183,trans,trans_regulatory_or_intronic
rs12760654,1,1,1,0.0454768,11.1513,trans,trans_other_or_unknown
rs1276302,1,1,1,0.0461648,12.5315,trans,trans_regulatory_or_intronic
rs1293261,1,1,1,0.0364571,11.1836,trans,trans_regulatory_or_intronic
rs1316406,1,1,1,0.045464,13.5022,trans,trans_regulatory_or_intronic
rs1329123,1,1,1,0.126321,61.0877,cis,cis_locus_linked
rs1337526,1,6,6,0.0870267,31.6733,trans,trans_regulatory_or_intronic
rs1339847,1,4,4,1.04658,2464.47,trans,trans_other_gene_coding_or_splice
rs1342442,1,3,3,0.111737,68.6581,trans,trans_regulatory_or_intronic
rs1343744,1,1,1,0.0645315,26.1842,trans,trans_regulatory_or_intronic
rs13551,1,1,1,0.379826,2197.84,cis,cis_target_coding_or_splice
rs1376675,1,1,1,0.192013,61.3331,cis,cis_locus_linked
rs138429240,1,1,1,0.667649,50.6912,trans,trans_other_gene_coding_or_splice
rs138933538,1,1,1,0.471753,12.4386,trans,trans_other_gene_coding_or_splice
rs139610968,1,1,1,0.324558,16.5135,trans,trans_regulatory_or_intronic
rs13962,1,1,1,0.153963,87.7957,trans,trans_other_gene_coding_or_splice
rs139795227,1,2,2,0.324149,34.7649,trans,trans_regulatory_or_intronic
rs139958347,1,1,1,0.939817,597.544,cis,cis_target_coding_or_splice
rs140386498,1,1,1,0.636914,105.438,cis,cis_target_coding_or_splice
rs1414660,1,1,1,0.0874951,32.4334,trans,trans_regulatory_or_intronic
rs1418978,1,1,1,0.0545523,14.4565,trans,trans_regulatory_or_intronic
rs142374557,1,1,1,0.219424,12.0034,cis,cis_target_coding_or_splice
rs1434282,1,21,21,0.128212,110.222,trans,trans_other_or_unknown
rs144126567,1,2,2,0.0907659,18.128,trans,trans_regulatory_or_intronic
rs145831350,1,1,1,0.0348033,10.837,trans,trans_regulatory_or_intronic
rs1471633,1,1,1,0.114121,74.9392,cis,cis_target_regulatory_or_linked
rs147350405,1,1,1,0.134204,15.914,trans,trans_regulatory_or_intronic
rs147440039,1,1,1,0.171565,22.7933,trans,trans_regulatory_or_intronic
rs1475133,1,1,1,0.308878,440.365,cis,cis_target_regulatory_or_linked
rs148212596,1,1,1,0.451955,94.7183,trans,trans_other_gene_coding_or_splice
rs148526074,1,1,1,1.32784,1009.59,cis,cis_target_coding_or_splice
rs148644471,1,1,1,0.28048,152.499,cis,cis_target_regulatory_or_linked
rs1493694,1,6,6,0.10224,27.7938,trans,trans_regulatory_or_intronic
rs1497406,1,10,10,0.0761425,41.6633,cis;trans,cis_locus_linked;trans_other_or_unknown
rs150394890,1,2,2,0.255501,14.0962,trans,trans_other_or_unknown
rs150649461,1,1,1,0.14898,18.0391,trans,trans_other_or_unknown
rs150789461,1,1,1,0.0806698,11.3466,cis,cis_locus_linked
rs150816167,1,10,10,0.145083,25.0659,trans,trans_regulatory_or_intronic
rs1556562,1,1,1,0.0532704,12.2147,trans,trans_regulatory_or_intronic
rs1560,1,1,1,0.186,206.934,cis,cis_target_regulatory_or_linked
rs1562200,1,1,1,0.0406813,11.537,trans,trans_regulatory_or_intronic
rs1569419,1,1,1,0.0480751,11.9145,trans,trans_regulatory_or_intronic
rs1570805,1,1,1,0.0764733,14.9267,trans,trans_other_gene_coding_or_splice
rs1619485,1,1,1,0.0537254,17.131,cis,cis_locus_linked
rs165316,1,3,3,0.0594522,15.8244,trans,trans_other_or_unknown
rs1668867,1,1,1,0.0439239,11.2134,trans,trans_other_gene_coding_or_splice
rs1668871,1,1,1,0.0376303,12.106,trans,trans_regulatory_or_intronic
rs16829209,1,1,1,0.336713,353.825,cis,cis_target_regulatory_or_linked
rs16836630,1,1,1,0.0916136,15.0772,cis,cis_locus_linked
rs16840639,1,1,1,0.0811473,30.7456,trans,trans_regulatory_or_intronic
rs1689791,1,1,1,0.0377548,11.0227,trans,trans_regulatory_or_intronic
rs1690789,1,1,1,0.0857845,44.514,trans,trans_regulatory_or_intronic
rs17020123,1,1,1,0.0924279,17.1897,trans,trans_regulatory_or_intronic
rs17037307,1,1,1,0.0596616,15.4207,trans,trans_regulatory_or_intronic
rs17045771,1,1,1,0.0470242,12.0952,trans,trans_other_or_unknown
rs1707115,1,1,1,0.0528201,14.2148,trans,trans_other_or_unknown
rs171003,1,1,1,0.254982,404.124,cis,cis_target_regulatory_or_linked
rs17162190,1,1,1,0.0467115,11.5017,trans,trans_regulatory_or_intronic
rs17162854,1,1,1,0.251576,382.142,cis,cis_target_regulatory_or_linked
rs17185052,1,1,1,0.210148,60.1882,cis,cis_target_regulatory_or_linked
rs1730851,1,3,3,0.0460086,14.8889,trans,trans_regulatory_or_intronic
rs1730858,1,1,1,0.0499335,16.151,trans,trans_other_or_unknown
rs17387365,1,1,1,0.142662,35.3677,cis,cis_locus_linked
rs17433088,1,1,1,0.0554606,13.4849,trans,trans_regulatory_or_intronic
rs17464525,1,1,1,0.203246,146.803,cis,cis_locus_linked
rs1751479,1,1,1,0.0621978,23.2245,trans,trans_regulatory_or_intronic
rs17560427,1,1,1,0.0676286,14.9365,trans,trans_other_or_unknown
rs17597619,1,1,1,0.0471994,11.8085,trans,trans_regulatory_or_intronic
rs17597773,1,3,3,0.0494838,15.1849,trans,trans_regulatory_or_intronic
rs17602729,1,1,1,0.0739918,14.7274,trans,trans_other_gene_coding_or_splice
rs1762482,1,1,1,0.0359304,11.4345,trans,trans_regulatory_or_intronic
rs1762484,1,1,1,0.0413788,23.014,trans,trans_regulatory_or_intronic
rs1762509,1,1,1,0.0456104,31.5162,trans,trans_other_or_unknown
rs17625587,1,1,1,0.0409047,15.8621,trans,trans_regulatory_or_intronic
rs17849502,1,2,2,0.107073,16.296,trans,trans_other_gene_coding_or_splice
rs1800674,1,2,2,0.0590147,23.7712,trans,trans_regulatory_or_intronic
rs1801174,1,1,1,0.0670169,13.1742,trans,trans_other_gene_coding_or_splice
rs1801274,1,4,4,0.438917,1067.09,cis;trans,cis_locus_linked;trans_other_gene_coding_or_splice
rs1805110,1,1,1,0.234166,106.554,cis,cis_target_coding_or_splice
rs1805404,1,1,1,0.156066,76.6597,cis,cis_target_coding_or_splice
rs183053322,1,1,1,0.327404,36.5984,trans,trans_regulatory_or_intronic
rs1856027,1,1,1,0.0763102,37.1933,trans,trans_regulatory_or_intronic
rs1857513,1,1,1,0.493029,1369.97,cis,cis_target_regulatory_or_linked
rs188530181,1,1,1,0.439921,42.4116,trans,trans_regulatory_or_intronic
rs1886654,1,1,1,0.0766278,13.883,trans,trans_other_or_unknown
rs1891058,1,1,1,0.0977662,71.7018,trans,trans_regulatory_or_intronic
rs190018150,1,1,1,0.119717,12.9887,cis,cis_locus_linked
rs191275,1,1,1,0.0747799,18.5781,trans,trans_regulatory_or_intronic
rs1925677,1,1,1,0.0516807,17.0351,trans,trans_regulatory_or_intronic
rs1925679,1,1,1,0.0563057,18.2407,trans,trans_regulatory_or_intronic
rs1925950,1,1,1,0.0532305,18.4629,trans,trans_regulatory_or_intronic
rs193084249,1,1,1,0.135676,13.4215,trans,trans_other_or_unknown
rs193280350,1,1,1,0.834515,127.037,cis,cis_locus_linked
rs193290301,1,1,1,0.111725,11.6129,trans,trans_regulatory_or_intronic
rs1933630,1,1,1,0.0661248,21.0761,trans,trans_regulatory_or_intronic
rs1970265,1,1,1,0.046916,13.8225,trans,trans_regulatory_or_intronic
rs198389,1,2,2,0.251287,420.493,cis,cis_target_regulatory_or_linked
rs1984769,1,1,1,0.0817608,23.4758,trans,trans_regulatory_or_intronic
rs1984983,1,2,2,0.0648269,25.5281,trans,trans_regulatory_or_intronic
rs200688856,1,3,3,0.855514,4078.26,cis;trans,cis_target_coding_or_splice;trans_other_gene_coding_or_splice
rs2011178,1,1,1,0.0538499,19.7575,trans,trans_other_or_unknown
rs2025577,1,1,1,0.0727344,32.9646,trans,trans_regulatory_or_intronic
rs2055938,1,1,1,0.0348421,10.795,trans,trans_regulatory_or_intronic
rs2070803,1,1,1,0.0946462,56.524,trans,trans_regulatory_or_intronic
rs2070901,1,6,6,0.201273,238.854,trans,trans_regulatory_or_intronic
rs2070902,1,1,1,0.0450649,11.9048,trans,trans_regulatory_or_intronic
rs2071533,1,1,1,1.18498,3812.83,cis,cis_target_regulatory_or_linked
rs2072671,1,1,1,0.48871,1307.28,cis,cis_target_coding_or_splice
rs2099684,1,4,4,0.057223,19.2733,trans,trans_regulatory_or_intronic
rs213481,1,1,1,0.0364416,10.7744,trans,trans_regulatory_or_intronic
rs213499,1,1,1,0.039523,10.921,trans,trans_regulatory_or_intronic
rs2144300,1,1,1,0.0595103,20.9665,trans,trans_regulatory_or_intronic
rs2146204,1,1,1,0.0562437,12.145,trans,trans_regulatory_or_intronic
rs2153463,1,1,1,1.01463,4886.91,cis,cis_target_coding_or_splice
rs2211651,1,1,1,0.077577,35.9463,trans,trans_regulatory_or_intronic
rs2223286,1,1,1,0.407092,888.352,cis,cis_target_regulatory_or_linked
rs2225767,1,1,1,0.177399,186.242,cis,cis_locus_linked
rs2229474,1,1,1,0.574064,105.029,trans,trans_other_gene_coding_or_splice
rs2229688,1,1,1,0.920065,383.103,cis,cis_target_coding_or_splice
rs2235256,1,1,1,0.365358,796.758,cis,cis_target_regulatory_or_linked
rs2235910,1,1,1,0.128391,87.2503,cis,cis_target_regulatory_or_linked
rs2235913,1,1,1,0.152684,129.518,trans,trans_regulatory_or_intronic
rs2240336,1,1,1,0.253334,366.31,cis,cis_target_regulatory_or_linked
rs2243191,1,1,1,0.359139,558.018,cis,cis_target_coding_or_splice
rs2251847,1,1,1,0.0545489,19.6586,trans,trans_regulatory_or_intronic
rs2266782,1,1,1,0.0464541,15.5645,trans,trans_other_gene_coding_or_splice
rs2269615,1,1,1,0.174013,184.059,trans,trans_regulatory_or_intronic
rs2273967,1,1,1,0.0638942,22.5102,trans,trans_regulatory_or_intronic
rs2274319,1,3,3,0.0629344,28.0161,trans,trans_regulatory_or_intronic
rs2274700,1,1,1,0.0695784,57.0888,trans,trans_other_gene_coding_or_splice
rs2275529,1,1,1,0.0455461,11.6078,trans,trans_regulatory_or_intronic
rs2275767,1,1,1,0.041376,12.277,trans,trans_regulatory_or_intronic
rs2281415,1,1,1,0.0442001,11.1477,trans,trans_regulatory_or_intronic
rs2281525,1,1,1,0.0451795,12.6376,trans,trans_regulatory_or_intronic
rs2282286,1,1,1,0.0518818,18.9767,trans,trans_regulatory_or_intronic
rs2284860,1,1,1,0.113676,53.7555,cis,cis_target_regulatory_or_linked
rs2285170,1,2,2,0.0669099,27.1083,trans,trans_regulatory_or_intronic
rs228648,1,1,1,0.357195,716.684,cis,cis_locus_linked
rs228682,1,1,1,0.0949917,48.1844,trans,trans_regulatory_or_intronic
rs2295615,1,1,1,0.933125,2384.6,cis,cis_target_coding_or_splice
rs2295616,1,1,1,0.0554882,16.4584,trans,trans_regulatory_or_intronic
rs2298005,1,1,1,0.479207,1037.91,cis,cis_target_regulatory_or_linked
rs2298632,1,1,1,0.0483444,15.0298,trans,trans_regulatory_or_intronic
rs232813,1,1,1,0.0443993,14.3132,trans,trans_other_or_unknown
rs2358816,1,1,1,0.0511398,10.8391,trans,trans_regulatory_or_intronic
rs2360962,1,1,1,0.0578363,19.3135,trans,trans_regulatory_or_intronic
rs2365715,1,1,1,0.233989,290.285,cis,cis_locus_linked
rs2369633,1,1,1,0.0712848,11.1009,trans,trans_regulatory_or_intronic
rs2446624,1,3,3,0.0962268,17.1896,trans,trans_other_or_unknown
rs2453044,1,1,1,0.131046,50.3556,cis,cis_target_regulatory_or_linked
rs2473378,1,1,1,0.0804661,38.901,cis,cis_locus_linked
rs2476601,1,12,12,0.101091,22.5911,trans,trans_other_gene_coding_or_splice
rs2484713,1,1,1,0.0651013,36.9214,trans,trans_regulatory_or_intronic
rs2486950,1,1,1,1.07368,4706.05,cis,cis_locus_linked
rs2487442,1,1,1,0.0481492,11.6681,trans,trans_regulatory_or_intronic
rs2487583,1,1,1,0.0875779,20.6722,trans,trans_regulatory_or_intronic
rs2493134,1,2,2,0.260158,462.445,trans,trans_regulatory_or_intronic
rs2493214,1,1,1,0.183352,133.834,cis,cis_target_regulatory_or_linked
rs2493415,1,1,1,0.0664542,16.0725,trans,trans_regulatory_or_intronic
rs2495366,1,1,1,0.113124,78.7504,cis,cis_locus_linked
rs2495396,1,1,1,0.314114,558.32,cis,cis_locus_linked
rs2576233,1,2,2,0.0553702,21.8335,trans,trans_regulatory_or_intronic
rs2642438,1,5,5,0.0493621,19.1586,trans,trans_other_gene_coding_or_splice
rs267733,1,1,1,0.0410807,11.3439,trans,trans_other_gene_coding_or_splice
rs2685,1,1,1,0.0691593,31.3438,trans,trans_regulatory_or_intronic
rs2724373,1,1,1,0.0477479,14.6646,trans,trans_regulatory_or_intronic
rs2736831,1,1,1,0.402216,764.524,cis,cis_target_coding_or_splice
rs2765495,1,1,1,0.0669462,26.1111,trans,trans_regulatory_or_intronic
rs2765501,1,2,2,0.19908,225.724,cis;trans,cis_target_regulatory_or_linked;trans_regulatory_or_intronic
rs2773078,1,1,1,0.0420526,12.0346,trans,trans_regulatory_or_intronic
rs2783971,1,1,1,0.121512,81.9588,trans,trans_regulatory_or_intronic
rs2784270,1,1,1,0.0486634,15.0427,trans,trans_regulatory_or_intronic
rs2788095,1,1,1,0.0459027,11.2017,trans,trans_regulatory_or_intronic
rs2791463,1,1,1,0.0662274,27.783,trans,trans_regulatory_or_intronic
rs2793833,1,1,1,0.0426089,11.1756,trans,trans_other_or_unknown
rs2802230,1,1,1,0.0355876,11.2132,trans,trans_regulatory_or_intronic
rs2802929,1,1,1,0.0497643,15.5441,trans,trans_other_or_unknown
rs2808467,1,1,1,0.0882922,29.9791,trans,trans_regulatory_or_intronic
rs2816941,1,2,2,0.0855937,34.2753,trans,trans_other_or_unknown
rs2843151,1,1,1,0.0496309,13.6715,trans,trans_regulatory_or_intronic
rs2843153,1,2,2,0.0580366,16.2054,trans,trans_regulatory_or_intronic
rs28454582,1,1,1,0.054365,13.3051,trans,trans_regulatory_or_intronic
rs2852702,1,1,1,0.0431862,12.1852,cis,cis_locus_linked
rs28594470,1,1,1,0.0450099,12.7902,trans,trans_regulatory_or_intronic
rs28734002,1,2,2,0.0700728,29.5469,trans,trans_regulatory_or_intronic
rs28768088,1,1,1,0.821565,1343.94,trans,trans_other_or_unknown
rs2884425,1,2,2,0.0714772,34.3947,trans,trans_regulatory_or_intronic
rs2889195,1,1,1,0.0442741,12.3201,trans,trans_regulatory_or_intronic
rs2901785,1,1,1,0.0619579,23.132,cis,cis_locus_linked
rs291091,1,3,3,0.0627212,34.7374,trans,trans_regulatory_or_intronic
rs291103,1,1,1,0.518923,191.4,cis,cis_target_regulatory_or_linked
rs2919490,1,1,1,0.042252,13.0754,trans,trans_regulatory_or_intronic
rs2926468,1,2,2,0.0452698,12.8204,trans,trans_regulatory_or_intronic
rs2990223,1,5,5,0.144054,136.327,trans,trans_regulatory_or_intronic
rs2999719,1,1,1,0.218324,73.3769,trans,trans_other_or_unknown
rs3007678,1,1,1,0.310151,106.832,cis,cis_target_regulatory_or_linked
rs3008870,1,1,1,0.0466948,14.6079,trans,trans_regulatory_or_intronic
rs3014874,1,3,3,0.23507,256.363,cis;trans,cis_locus_linked;trans_regulatory_or_intronic
rs301816,1,1,1,0.0450564,13.7553,trans,trans_regulatory_or_intronic
rs3024505,1,1,1,0.135831,53.9557,cis,cis_locus_linked
rs3120034,1,1,1,0.0390638,11.2833,trans,trans_regulatory_or_intronic
rs3121560,1,1,1,0.363801,720.658,cis,cis_target_regulatory_or_linked
rs320339,1,1,1,0.06989,17.7911,cis,cis_target_regulatory_or_linked
rs320366,1,1,1,0.0539996,15.6053,trans,trans_other_or_unknown
rs3213563,1,1,1,0.0595167,26.9987,trans,trans_regulatory_or_intronic
rs331635,1,1,1,0.0360318,14.6933,trans,trans_regulatory_or_intronic
rs333947,1,41,41,0.0814475,24.4107,trans,trans_regulatory_or_intronic
rs333957,1,1,1,0.0425116,11.2066,trans,trans_regulatory_or_intronic
rs334699,1,1,1,0.125604,18.6513,trans,trans_regulatory_or_intronic
rs334728,1,1,1,0.145786,24.033,trans,trans_regulatory_or_intronic
rs33915960,1,2,2,0.42054,650.944,cis;trans,cis_target_regulatory_or_linked;trans_regulatory_or_intronic
rs34144903,1,1,1,0.0446382,13.7758,trans,trans_other_or_unknown
rs34157438,1,1,1,0.206164,141.389,cis,cis_target_regulatory_or_linked
rs34217609,1,1,1,0.0768963,18.2503,trans,trans_regulatory_or_intronic
rs34257409,1,1,1,0.0526242,16.308,trans,trans_other_or_unknown
rs34262568,1,1,1,0.230764,233.119,cis,cis_locus_linked
rs34370185,1,2,2,0.0502563,12.9605,trans,trans_regulatory_or_intronic
rs343764,1,1,1,0.0577593,17.3417,trans,trans_other_or_unknown
rs343816,1,1,1,0.0464931,11.0377,trans,trans_other_or_unknown
rs343817,1,1,1,0.0654488,22.393,trans,trans_other_or_unknown
rs34687326,1,1,1,1.35698,4295.81,cis,cis_target_coding_or_splice
rs34863121,1,1,1,0.733901,146.4,cis,cis_target_coding_or_splice
rs35194649,1,1,1,0.0507418,13.3521,trans,trans_regulatory_or_intronic
rs35249183,1,1,1,0.332778,223.072,cis,cis_locus_linked
rs35311109,1,5,5,0.0692171,29.0622,trans,trans_other_or_unknown
rs35340377,1,4,4,0.0566213,17.0431,trans,trans_regulatory_or_intronic
rs35383942,1,4,4,0.137752,37.606,trans,trans_other_gene_coding_or_splice
rs35426013,1,1,1,0.0414372,10.7998,trans,trans_regulatory_or_intronic
rs35434391,1,1,1,0.438324,445.704,cis,cis_target_coding_or_splice
rs3557,1,3,3,0.0807419,13.2612,trans,trans_regulatory_or_intronic
rs35661734,1,1,1,0.0986468,11.9276,trans,trans_regulatory_or_intronic
rs35731977,1,1,1,0.0535043,11.3548,trans,trans_regulatory_or_intronic
rs360058,1,1,1,0.709071,2990.66,cis,cis_locus_linked
rs36010924,1,2,2,0.369367,514.087,trans,trans_regulatory_or_intronic
rs36043533,1,1,1,0.468495,286.764,cis,cis_target_coding_or_splice
rs36086195,1,5,5,0.0650681,29.9589,trans,trans_regulatory_or_intronic
rs36126250,1,1,1,0.543398,179.486,cis,cis_locus_linked
rs368971323,1,1,1,0.0354537,13.8573,trans,trans_regulatory_or_intronic
rs3737240,1,1,1,0.66665,2335.29,cis,cis_target_coding_or_splice
rs3737803,1,1,1,0.178699,54.7932,cis,cis_target_regulatory_or_linked
rs37453,1,2,2,0.0528596,25.4183,trans,trans_regulatory_or_intronic
rs37454,1,6,6,0.173017,182.012,trans,trans_regulatory_or_intronic
rs37455,1,1,1,0.0422348,11.5715,trans,trans_regulatory_or_intronic
rs37458,1,5,5,0.0768235,33.4399,trans,trans_regulatory_or_intronic
rs37459,1,1,1,0.108949,64.8431,trans,trans_regulatory_or_intronic
rs37460,1,1,1,0.0326053,11.2102,trans,trans_regulatory_or_intronic
rs37470,1,1,1,0.0470167,13.8834,trans,trans_regulatory_or_intronic
rs37471,1,1,1,0.0755243,33.4614,trans,trans_regulatory_or_intronic
rs3747617,1,1,1,0.482854,283.081,cis,cis_target_coding_or_splice
rs3748770,1,1,1,0.246097,327.494,trans,trans_regulatory_or_intronic
rs3753437,1,1,1,0.388869,893.436,cis,cis_target_regulatory_or_linked
rs3754109,1,1,1,0.751868,694.181,cis,cis_target_regulatory_or_linked
rs375414,1,1,1,0.336111,573.23,cis,cis_target_regulatory_or_linked
rs3765963,1,1,1,0.671305,2793.51,cis,cis_target_regulatory_or_linked
rs3766370,1,1,1,0.0726974,28.9805,trans,trans_regulatory_or_intronic
rs3766405,1,1,1,0.203986,252.138,trans,trans_regulatory_or_intronic
rs3768013,1,1,1,0.0574251,21.2661,trans,trans_regulatory_or_intronic
rs3768046,1,1,1,0.194829,236.47,cis,cis_target_regulatory_or_linked
rs3768321,1,1,1,0.0571741,13.7432,trans,trans_regulatory_or_intronic
rs3768414,1,1,1,0.0419476,11.9436,trans,trans_regulatory_or_intronic
rs3790455,1,2,2,0.0507442,15.5916,trans,trans_regulatory_or_intronic
rs3790646,1,1,1,0.131513,22.9861,cis,cis_target_coding_or_splice
rs3791101,1,4,4,0.0608132,21.3576,trans,trans_regulatory_or_intronic
rs3806417,1,1,1,1.15549,6757.8,cis,cis_locus_linked
rs3811444,1,38,38,0.279361,388.592,trans,trans_other_gene_coding_or_splice
rs3813202,1,1,1,0.287528,79.8791,cis,cis_locus_linked
rs3813948,1,1,1,0.294784,158.048,cis,cis_target_regulatory_or_linked
rs3820285,1,1,1,0.197255,28.3713,trans,trans_other_gene_coding_or_splice
rs3850625,1,4,4,0.0674526,13.4566,trans,trans_other_gene_coding_or_splice
rs3851912,1,1,1,0.062734,19.5227,trans,trans_regulatory_or_intronic
rs3856239,1,1,1,0.0715001,33.8537,trans,trans_regulatory_or_intronic
rs3856240,1,1,1,0.0548032,18.3021,trans,trans_regulatory_or_intronic
rs3917932,1,15,15,0.168383,162.827,trans,trans_regulatory_or_intronic
rs3917999,1,1,1,1.09206,320.403,cis,cis_locus_linked
rs4073054,1,1,1,0.0648035,25.2118,cis,cis_locus_linked
rs4075184,1,1,1,0.0466318,14.744,trans,trans_regulatory_or_intronic
rs4085749,1,1,1,1.03409,4244.88,cis,cis_target_coding_or_splice
rs41264945,1,1,1,0.191717,44.2283,trans,trans_other_gene_coding_or_splice
rs41265164,1,1,1,0.372627,178.894,cis,cis_target_regulatory_or_linked
rs41267433,1,1,1,0.0841484,18.3606,trans,trans_regulatory_or_intronic
rs41271951,1,3,3,0.102591,24.1695,trans,trans_other_gene_coding_or_splice
rs41273215,1,5,5,0.0895389,18.2989,trans,trans_regulatory_or_intronic
rs41292143,1,1,1,0.140699,13.5966,trans,trans_other_gene_coding_or_splice
rs4129267,1,1,1,1.08819,6504.24,cis,cis_target_regulatory_or_linked
rs41302089,1,1,1,0.598903,118.185,cis,cis_locus_linked
rs41302235,1,1,1,0.621616,1407.57,cis,cis_target_coding_or_splice
rs41313926,1,1,1,2.25612,1395.73,cis,cis_target_coding_or_splice
rs41315284,1,1,1,0.323425,11.7673,trans,trans_other_gene_coding_or_splice
rs41315846,1,1,1,0.0497199,15.2751,trans,trans_regulatory_or_intronic
rs4133213,1,1,1,0.040178,10.8095,trans,trans_regulatory_or_intronic
rs4149909,1,2,2,0.143098,18.1611,trans,trans_other_gene_coding_or_splice
rs423144,1,1,1,0.0491939,16.4178,trans,trans_regulatory_or_intronic
rs4233367,1,2,2,0.132568,164.207,trans,trans_other_gene_coding_or_splice
rs4335411,1,1,1,0.0603538,23.2869,trans,trans_regulatory_or_intronic
rs4361977,1,1,1,0.0456917,12.7623,trans,trans_other_or_unknown
rs4363479,1,1,1,0.0819223,10.989,trans,trans_regulatory_or_intronic
rs4379708,1,1,1,0.0464872,11.0144,trans,trans_regulatory_or_intronic
rs4390169,1,1,1,0.308195,564.682,cis,cis_locus_linked
rs4399146,1,1,1,0.0447144,16.7369,trans,trans_other_gene_coding_or_splice
rs4420065,1,1,1,0.0422262,12.7085,trans,trans_other_or_unknown
rs4460623,1,1,1,0.066726,14.9429,trans,trans_regulatory_or_intronic
rs4511075,1,1,1,0.281562,459.235,cis,cis_locus_linked
rs4564157,1,1,1,0.119001,80.128,cis,cis_locus_linked
rs4644481,1,1,1,0.0524022,16.3752,trans,trans_other_or_unknown
rs4646063,1,1,1,0.0674756,18.652,trans,trans_regulatory_or_intronic
rs4655794,1,1,1,0.0425979,12.1686,trans,trans_regulatory_or_intronic
rs4656319,1,1,1,0.0536301,11.2937,trans,trans_regulatory_or_intronic
rs4656926,1,1,1,0.213107,10.8258,trans,trans_regulatory_or_intronic
rs4657825,1,1,1,0.0479301,11.5289,trans,trans_other_or_unknown
rs4660128,1,1,1,0.0712517,11.1897,trans,trans_other_or_unknown
rs4660130,1,1,1,0.0856196,20.8068,trans,trans_other_or_unknown
rs4660740,1,1,1,0.0503112,12.4758,trans,trans_regulatory_or_intronic
rs4660743,1,1,1,0.0464876,14.5719,trans,trans_regulatory_or_intronic
rs4661012,1,1,1,0.211366,247.306,cis,cis_locus_linked
rs469773,1,2,2,0.0586263,15.5573,trans,trans_other_or_unknown
rs47219,1,1,1,0.0493683,16.9546,trans,trans_other_or_unknown
rs4744,1,2,2,0.058012,17.14,trans,trans_other_gene_coding_or_splice
rs4745,1,1,1,0.0417884,11.2012,trans,trans_other_gene_coding_or_splice
rs474918,1,1,1,0.594363,1406.39,cis,cis_target_regulatory_or_linked
rs4762,1,1,1,0.710977,1215.72,cis,cis_target_coding_or_splice
rs478691,1,1,1,0.0434072,12.267,trans,trans_regulatory_or_intronic
rs4844573,1,1,1,0.248316,364.58,trans,trans_other_gene_coding_or_splice
rs4844601,1,1,1,0.0536093,12.6063,trans,trans_regulatory_or_intronic
rs4845373,1,1,1,0.0497054,15.64,trans,trans_regulatory_or_intronic
rs4846914,1,2,2,0.287041,489.967,cis;trans,cis_target_regulatory_or_linked;trans_regulatory_or_intronic
rs4846922,1,1,1,0.0535845,16.7479,trans,trans_regulatory_or_intronic
rs4846923,1,1,1,0.0689392,25.3153,trans,trans_regulatory_or_intronic
rs486906,1,1,1,0.720011,2786.84,cis,cis_target_regulatory_or_linked
rs487174,1,1,1,0.102404,22.1235,cis,cis_target_regulatory_or_linked
rs4915946,1,1,1,0.359255,462.538,cis,cis_locus_linked
rs4916258,1,1,1,0.0539275,18.7029,trans,trans_regulatory_or_intronic
rs4916354,1,2,2,0.0541885,12.2282,trans,trans_regulatory_or_intronic
rs4920605,1,1,1,0.0776294,51.1657,trans,trans_regulatory_or_intronic
rs4925621,1,1,1,0.0372352,12.0692,trans,trans_regulatory_or_intronic
rs4927110,1,1,1,0.0420425,11.8352,trans,trans_regulatory_or_intronic
rs4949912,1,1,1,0.129618,81.0473,cis,cis_locus_linked
rs4950771,1,2,2,0.193793,53.6591,trans,trans_regulatory_or_intronic
rs4950806,1,1,1,0.124431,109.329,trans,trans_regulatory_or_intronic
rs4950836,1,1,1,0.0504732,23.3395,trans,trans_regulatory_or_intronic
rs4950928,1,1,1,0.670303,1853.47,cis,cis_target_regulatory_or_linked
rs4951018,1,2,2,0.0615823,22.6576,trans,trans_regulatory_or_intronic
rs4951182,1,1,1,0.0417237,17.303,trans,trans_regulatory_or_intronic
rs496654,1,1,1,0.0474931,15.8103,trans,trans_regulatory_or_intronic
rs497078,1,1,1,0.551695,716.927,cis,cis_target_coding_or_splice
rs4970836,1,1,1,0.0502096,11.1437,trans,trans_regulatory_or_intronic
rs4970991,1,1,1,0.0637795,16.2796,cis,cis_locus_linked
rs4971085,1,1,1,0.0481948,15.3451,trans,trans_regulatory_or_intronic
rs4971099,1,4,4,0.0518515,17.403,trans,trans_regulatory_or_intronic
rs4971100,1,2,2,0.0421056,16.3902,trans,trans_regulatory_or_intronic
rs4971154,1,1,1,0.342285,708.292,cis,cis_target_coding_or_splice
rs4992899,1,1,1,0.0848368,23.0701,trans,trans_regulatory_or_intronic
rs5016801,1,2,2,0.062484,18.6191,trans,trans_regulatory_or_intronic
rs510379,1,1,1,0.108612,63.6471,cis,cis_locus_linked
rs528749486,1,1,1,1.4944,654.394,cis,cis_locus_linked
rs529541,1,3,3,0.0843524,28.7697,trans,trans_regulatory_or_intronic
rs532534,1,1,1,0.0672478,29.5801,trans,trans_regulatory_or_intronic
rs547866,1,1,1,0.0435219,12.412,trans,trans_regulatory_or_intronic
rs556107,1,1,1,0.0396769,10.8023,trans,trans_regulatory_or_intronic
rs55706902,1,1,1,0.347906,434.535,cis,cis_locus_linked
rs55725529,1,1,1,0.0707624,15.5193,trans,trans_regulatory_or_intronic
rs557933,1,1,1,0.0274521,11.7771,trans,trans_regulatory_or_intronic
rs55794721,1,1,1,0.0421977,11.592,trans,trans_regulatory_or_intronic
rs56043070,1,4,4,0.141276,40.4902,trans,trans_other_gene_coding_or_splice
rs56199187,1,1,1,0.0672788,12.4396,trans,trans_regulatory_or_intronic
rs56221835,1,1,1,0.0768862,11.8953,trans,trans_regulatory_or_intronic
rs56319043,1,1,1,0.0546028,15.0904,trans,trans_regulatory_or_intronic
rs565919,1,1,1,0.0490985,14.5907,trans,trans_regulatory_or_intronic
rs5746011,1,1,1,0.382463,133.522,cis,cis_locus_linked
rs58064215,1,1,1,0.0601369,19.2714,trans,trans_regulatory_or_intronic
rs58175074,1,1,1,0.0751904,21.5523,trans,trans_regulatory_or_intronic
rs58394161,1,2,2,0.0692187,19.3359,trans,trans_regulatory_or_intronic
rs587654685,1,1,1,0.46867,40.1846,trans,trans_regulatory_or_intronic
rs59235751,1,1,1,0.0494175,14.5633,trans,trans_regulatory_or_intronic
rs594716,1,1,1,0.130282,13.0789,trans,trans_regulatory_or_intronic
rs600806,1,1,1,0.051521,13.409,trans,trans_regulatory_or_intronic
rs602633,1,1,1,0.085988,36.1336,trans,trans_regulatory_or_intronic
rs60640129,1,1,1,0.0349293,10.8313,trans,trans_regulatory_or_intronic
rs60766209,1,1,1,0.0518088,11.065,trans,trans_regulatory_or_intronic
rs608339,1,1,1,0.810284,3578.87,cis,cis_target_coding_or_splice
rs61200828,1,1,1,0.129477,42.9757,trans,trans_regulatory_or_intronic
rs6136,1,1,1,0.413289,388.344,cis,cis_target_coding_or_splice
rs61394658,1,1,1,0.184468,142.593,cis,cis_target_regulatory_or_linked
rs61685000,1,1,1,0.033197,13.305,trans,trans_regulatory_or_intronic
rs61747728,1,92,92,0.212458,41.1754,trans,trans_other_gene_coding_or_splice
rs61764920,1,1,1,0.314245,186.323,cis,cis_locus_linked
rs61777615,1,2,2,0.082445,44.7701,trans,trans_regulatory_or_intronic
rs61779319,1,1,1,0.0729292,31.804,cis,cis_locus_linked
rs61779759,1,1,1,0.270212,250.587,cis,cis_locus_linked
rs61781599,1,1,1,0.0818159,14.7305,trans,trans_regulatory_or_intronic
rs61801180,1,1,1,1.36803,2336.32,cis,cis_locus_linked
rs61804205,1,3,3,0.115236,33.8407,trans,trans_regulatory_or_intronic
rs61804211,1,3,3,0.0878412,23.4688,trans,trans_regulatory_or_intronic
rs61809091,1,1,1,0.0772975,31.0814,trans,trans_regulatory_or_intronic
rs61811427,1,1,1,0.233085,358.441,cis,cis_locus_linked
rs61812598,1,1,1,0.212354,257.524,trans,trans_regulatory_or_intronic
rs61821108,1,1,1,0.281538,192.678,cis,cis_locus_linked
rs61821315,1,1,1,0.0635863,20.0361,trans,trans_regulatory_or_intronic
rs61822566,1,1,1,0.0415191,11.0366,trans,trans_regulatory_or_intronic
rs61822669,1,1,1,0.457063,863.148,cis,cis_locus_linked
rs61823192,1,1,1,0.141205,14.0541,trans,trans_regulatory_or_intronic
rs61830291,1,7,7,0.14708,44.4171,trans,trans_regulatory_or_intronic
rs61837267,1,1,1,0.12162,19.9425,trans,trans_regulatory_or_intronic
rs61837633,1,1,1,0.376088,787.428,cis,cis_target_regulatory_or_linked
rs61840351,1,1,1,0.111706,35.1603,trans,trans_other_or_unknown
rs61844237,1,1,1,0.385618,815.521,cis,cis_target_regulatory_or_linked
rs621328,1,1,1,0.0665251,15.2575,trans,trans_regulatory_or_intronic
rs626457,1,1,1,0.504495,1341.85,cis,cis_target_regulatory_or_linked
rs628745,1,1,1,0.0507725,18.1583,trans,trans_regulatory_or_intronic
rs629301,1,5,5,0.0927314,39.4419,trans,trans_regulatory_or_intronic
rs636523,1,1,1,0.0414592,11.2722,trans,trans_regulatory_or_intronic
rs6427756,1,4,4,0.0514337,15.6884,trans,trans_regulatory_or_intronic
rs6427943,1,1,1,0.0706875,41.3905,trans,trans_regulatory_or_intronic
rs6428708,1,1,1,0.0500638,15.427,trans,trans_regulatory_or_intronic
rs6429636,1,2,2,0.0685248,31.1229,trans,trans_regulatory_or_intronic
rs646776,1,3,3,0.0701079,28.1859,trans,trans_regulatory_or_intronic
rs6577536,1,1,1,0.0627675,25.1941,trans,trans_regulatory_or_intronic
rs660240,1,1,1,0.059159,14.7336,trans,trans_regulatory_or_intronic
rs661955,1,1,1,0.0426242,12.5463,trans,trans_regulatory_or_intronic
rs662026,1,2,2,0.071502,23.604,trans,trans_other_or_unknown
rs663650,1,2,2,0.0793735,16.0056,trans,trans_other_or_unknown
rs66539868,1,1,1,0.0511845,13.7049,trans,trans_regulatory_or_intronic
rs6658257,1,1,1,0.043962,16.5922,trans,trans_regulatory_or_intronic
rs6662263,1,1,1,0.0657201,17.846,trans,trans_regulatory_or_intronic
rs6662696,1,1,1,0.0834035,34.2149,trans,trans_regulatory_or_intronic
rs6664374,1,2,2,0.0565788,18.9576,trans,trans_regulatory_or_intronic
rs6664877,1,1,1,0.0505051,10.8026,trans,trans_regulatory_or_intronic
rs6664906,1,3,3,0.0952703,58.469,trans,trans_regulatory_or_intronic
rs6667039,1,1,1,0.0402167,19.2456,trans,trans_other_or_unknown
rs6667939,1,3,3,0.0522908,14.2607,trans,trans_regulatory_or_intronic
rs6668886,1,1,1,0.0556816,17.5396,trans,trans_regulatory_or_intronic
rs6669046,1,1,1,0.0695572,15.2707,trans,trans_regulatory_or_intronic
rs6671850,1,1,1,0.139753,30.4322,cis,cis_target_regulatory_or_linked
rs6672434,1,1,1,0.865384,2791.88,cis,cis_target_regulatory_or_linked
rs6676150,1,1,1,0.0429842,11.4739,trans,trans_regulatory_or_intronic
rs6677309,1,1,1,0.251159,180.841,cis,cis_locus_linked
rs6678914,1,1,1,0.0537007,19.2845,trans,trans_regulatory_or_intronic
rs6680345,1,1,1,0.115985,85.1872,trans,trans_regulatory_or_intronic
rs6682862,1,4,4,0.0704576,18.6996,trans,trans_regulatory_or_intronic
rs6683580,1,1,1,0.0541316,15.9657,trans,trans_regulatory_or_intronic
rs6686987,1,1,1,0.0978976,61.5208,trans,trans_regulatory_or_intronic
rs6687240,1,1,1,0.0465016,10.7937,trans,trans_regulatory_or_intronic
rs6690317,1,1,1,0.0419723,12.6594,trans,trans_other_or_unknown
rs6690576,1,2,2,0.0581642,13.1013,trans,trans_regulatory_or_intronic
rs6693121,1,2,2,0.0503983,15.5077,trans,trans_other_or_unknown
rs6693836,1,1,1,0.0545912,18.831,trans,trans_regulatory_or_intronic
rs6693993,1,1,1,0.0402254,14.4353,trans,trans_regulatory_or_intronic
rs6694403,1,1,1,0.0456248,11.924,trans,trans_other_or_unknown
rs6695321,1,2,2,0.0534587,16.3178,trans,trans_regulatory_or_intronic
rs6695528,1,1,1,0.168808,147.705,cis,cis_target_regulatory_or_linked
rs6696437,1,1,1,0.0435068,12.6106,trans,trans_regulatory_or_intronic
rs6697193,1,1,1,0.0536757,11.1835,trans,trans_other_or_unknown
rs6700182,1,1,1,0.0658234,12.3636,trans,trans_regulatory_or_intronic
rs6700245,1,1,1,0.0988964,34.7638,cis,cis_target_coding_or_splice
rs6700896,1,2,2,0.0507638,19.2913,trans,trans_regulatory_or_intronic
rs67295569,1,1,1,0.0376378,11.7645,trans,trans_regulatory_or_intronic
rs6759,1,1,1,0.050788,16.6163,trans,trans_other_gene_coding_or_splice
rs676705,1,1,1,0.0541775,30.75,trans,trans_regulatory_or_intronic
rs67908756,1,1,1,0.0765061,36.2842,trans,trans_regulatory_or_intronic
rs679515,1,1,1,0.545222,1002.96,cis,cis_target_regulatory_or_linked
rs68160490,1,1,1,0.122843,98.7213,cis,cis_locus_linked
rs688498,1,1,1,0.0783607,39.3708,trans,trans_regulatory_or_intronic
rs705193,1,1,1,0.0510466,15.1468,trans,trans_regulatory_or_intronic
rs70621,1,1,1,0.0685905,20.7886,trans,trans_regulatory_or_intronic
rs710221,1,1,1,0.0406596,11.0078,trans,trans_regulatory_or_intronic
rs71628146,1,1,1,0.159595,14.774,trans,trans_other_or_unknown
rs72482675,1,1,1,0.121239,47.0289,trans,trans_regulatory_or_intronic
rs72550870,1,2,2,0.232808,52.1257,trans,trans_other_gene_coding_or_splice
rs72632294,1,1,1,0.097006,13.4525,trans,trans_regulatory_or_intronic
rs72634819,1,1,1,0.0463815,12.7914,trans,trans_regulatory_or_intronic
rs72654647,1,1,1,0.047114,12.6733,trans,trans_regulatory_or_intronic
rs72656914,1,1,1,0.268717,68.5736,trans,trans_regulatory_or_intronic
rs72657272,1,1,1,0.0586364,14.6988,trans,trans_regulatory_or_intronic
rs72672271,1,1,1,0.112557,22.4594,trans,trans_regulatory_or_intronic
rs72689399,1,1,1,0.708717,191.135,cis,cis_target_regulatory_or_linked
rs72690493,1,2,2,0.057173,19.6931,trans,trans_regulatory_or_intronic
rs72691756,1,1,1,0.187825,93.3247,trans,trans_regulatory_or_intronic
rs72692781,1,1,1,0.0523847,11.8085,trans,trans_regulatory_or_intronic
rs72692819,1,1,1,0.288746,134.046,cis,cis_locus_linked
rs72694438,1,2,2,0.389475,558.681,cis;trans,cis_locus_linked;trans_other_or_unknown
rs72700845,1,1,1,0.237317,22.0116,trans,trans_regulatory_or_intronic
rs72702561,1,1,1,0.109536,24.6323,trans,trans_regulatory_or_intronic
rs72704072,1,1,1,0.0424558,10.8417,trans,trans_regulatory_or_intronic
rs72704449,1,2,2,0.103022,14.378,trans,trans_regulatory_or_intronic
rs72708715,1,1,1,0.915129,1074.51,cis,cis_target_regulatory_or_linked
rs72717040,1,1,1,0.0640987,11.7497,trans,trans_regulatory_or_intronic
rs72717048,1,2,2,0.082245,11.5565,trans,trans_regulatory_or_intronic
rs72732234,1,1,1,1.566,883.386,cis,cis_locus_linked
rs72742919,1,1,1,0.103138,17.8721,trans,trans_regulatory_or_intronic
rs72749982,1,1,1,0.168514,12.6928,trans,trans_regulatory_or_intronic
rs730278,1,1,1,0.0386354,11.1081,trans,trans_other_or_unknown
rs7333,1,1,1,0.892743,2430.27,cis,cis_target_regulatory_or_linked
rs734725,1,1,1,0.781571,1026.74,cis,cis_target_regulatory_or_linked
rs7412502,1,2,2,0.0612422,21.7243,trans,trans_regulatory_or_intronic
rs74139098,1,1,1,0.443066,14.5484,trans,trans_regulatory_or_intronic
rs74227709,1,1,1,0.144182,38.2838,trans,trans_regulatory_or_intronic
rs74359208,1,1,1,0.243067,11.8373,trans,trans_regulatory_or_intronic
rs74441312,1,1,1,0.236967,22.428,cis,cis_target_regulatory_or_linked
rs74451129,1,1,1,0.0760093,29.1141,trans,trans_regulatory_or_intronic
rs74785543,1,1,1,0.0692694,17.4805,trans,trans_other_or_unknown
rs74874969,1,1,1,0.356704,13.5326,trans,trans_regulatory_or_intronic
rs7513428,1,1,1,0.240816,198.799,cis,cis_target_regulatory_or_linked
rs7514323,1,1,1,0.0348921,11.0722,trans,trans_regulatory_or_intronic
rs7515714,1,1,1,0.0972564,72.0002,cis,cis_target_regulatory_or_linked
rs7516312,1,1,1,0.0900179,35.0172,trans,trans_regulatory_or_intronic
rs7516441,1,1,1,0.0982697,26.1892,trans,trans_regulatory_or_intronic
rs7517356,1,1,1,0.0446344,15.4379,trans,trans_regulatory_or_intronic
rs7518671,1,1,1,0.0445873,13.7953,trans,trans_regulatory_or_intronic
rs7519758,1,1,1,0.133335,78.3153,trans,trans_regulatory_or_intronic
rs7520050,1,1,1,0.0397705,11.6409,trans,trans_regulatory_or_intronic
rs7520996,1,1,1,0.0604266,19.9925,trans,trans_regulatory_or_intronic
rs7522061,1,1,1,0.956851,5073.62,cis,cis_target_coding_or_splice
rs75232123,1,1,1,0.306174,44.2332,cis,cis_target_coding_or_splice
rs7524592,1,1,1,0.168899,104.602,cis,cis_locus_linked
rs7528419,1,11,11,0.118816,73.6508,trans,trans_regulatory_or_intronic
rs7528684,1,1,1,0.0433372,11.2657,trans,trans_regulatory_or_intronic
rs7529794,1,1,1,0.0504352,13.6633,trans,trans_other_or_unknown
rs7529925,1,4,4,0.072955,27.5838,trans,trans_regulatory_or_intronic
rs7535214,1,1,1,0.0425599,11.0899,trans,trans_regulatory_or_intronic
rs7535263,1,1,1,0.0471945,14.8313,trans,trans_regulatory_or_intronic
rs7535275,1,1,1,0.073146,15.9265,trans,trans_regulatory_or_intronic
rs7537101,1,1,1,0.043492,15.3253,trans,trans_regulatory_or_intronic
rs7537226,1,1,1,0.0408328,11.1794,trans,trans_regulatory_or_intronic
rs7537908,1,1,1,0.299014,369.186,cis,cis_target_regulatory_or_linked
rs7539443,1,1,1,0.0491923,20.022,trans,trans_regulatory_or_intronic
rs7540115,1,1,1,0.0550903,15.1043,trans,trans_regulatory_or_intronic
rs7541799,1,1,1,0.0516525,28.5863,trans,trans_regulatory_or_intronic
rs7542235,1,1,1,0.156172,96.841,trans,trans_regulatory_or_intronic
rs7542844,1,1,1,0.140246,33.0753,cis,cis_locus_linked
rs7543171,1,1,1,0.828281,2523.2,cis,cis_locus_linked
rs7544377,1,1,1,0.124949,55.2891,trans,trans_regulatory_or_intronic
rs75446219,1,1,1,0.184688,27.2329,cis,cis_target_regulatory_or_linked
rs7545538,1,1,1,0.0387392,12.7436,trans,trans_regulatory_or_intronic
rs7545591,1,1,1,0.07942,35.312,trans,trans_regulatory_or_intronic
rs75460349,1,4,4,0.146584,28.1949,trans,trans_regulatory_or_intronic
rs7546336,1,1,1,0.0529427,12.6359,trans,trans_regulatory_or_intronic
rs7546818,1,1,1,0.0429429,11.3545,trans,trans_regulatory_or_intronic
rs7548219,1,1,1,0.0721433,30.3557,trans,trans_regulatory_or_intronic
rs7549785,1,1,1,0.158759,77.425,cis,cis_target_regulatory_or_linked
rs7550273,1,1,1,0.0786795,36.1604,cis,cis_locus_linked
rs7550771,1,1,1,0.0965814,47.6196,cis,cis_target_regulatory_or_linked
rs75650857,1,1,1,0.282647,11.8036,trans,trans_regulatory_or_intronic
rs760077,1,6,6,0.0939468,54.6972,trans,trans_other_gene_coding_or_splice
rs76088187,1,1,1,0.176524,74.408,cis,cis_locus_linked
rs76183323,1,2,2,0.828326,152.402,cis;trans,cis_target_regulatory_or_linked;trans_regulatory_or_intronic
rs76258507,1,1,1,0.0626774,26.722,trans,trans_regulatory_or_intronic
rs76502631,1,1,1,0.71721,314.752,cis,cis_locus_linked
rs76701955,1,1,1,0.0534576,35.7641,trans,trans_regulatory_or_intronic
rs767303,1,1,1,0.0949428,38.0419,trans,trans_regulatory_or_intronic
rs76798800,1,1,1,0.0945508,44.0693,trans,trans_regulatory_or_intronic
rs77382942,1,1,1,0.864423,4041.13,cis,cis_target_regulatory_or_linked
rs77542178,1,1,1,0.175866,14.3083,trans,trans_regulatory_or_intronic
rs78037977,1,2,2,0.0846842,17.4518,trans,trans_regulatory_or_intronic
rs78265569,1,1,1,0.106842,28.8019,trans,trans_regulatory_or_intronic
rs78342082,1,1,1,0.144025,13.1568,trans,trans_other_or_unknown
rs78444298,1,16,16,0.443479,90.9462,trans,trans_other_gene_coding_or_splice
rs78663305,1,1,1,0.0621998,12.2062,trans,trans_other_or_unknown
rs78806832,1,1,1,0.429185,11.8482,trans,trans_regulatory_or_intronic
rs78867914,1,1,1,0.176191,10.8103,trans,trans_other_or_unknown
rs78945826,1,1,1,0.151335,16.1605,trans,trans_regulatory_or_intronic
rs79412885,1,3,3,0.170073,45.5948,trans,trans_regulatory_or_intronic
rs79451801,1,1,1,0.0458615,10.8361,trans,trans_regulatory_or_intronic
rs79598313,1,3,3,0.151706,15.7652,trans,trans_regulatory_or_intronic
rs79723172,1,1,1,1.35452,1306.64,cis,cis_target_regulatory_or_linked
rs79795228,1,1,1,0.608763,156.586,cis,cis_locus_linked
rs800292,1,1,1,0.18436,166.717,trans,trans_other_gene_coding_or_splice
rs80293268,1,13,13,0.385173,151.962,trans,trans_other_or_unknown
rs823068,1,1,1,0.0970084,14.7803,trans,trans_regulatory_or_intronic
rs823079,1,1,1,0.0937973,13.8879,trans,trans_regulatory_or_intronic
rs826404,1,1,1,0.186091,191.095,trans,trans_regulatory_or_intronic
rs835664,1,2,2,0.0438868,14.4066,trans,trans_regulatory_or_intronic
rs848217,1,1,1,0.0436634,11.9714,cis,cis_target_coding_or_splice
rs859670,1,1,1,0.103007,41.6587,cis,cis_locus_linked
rs861212,1,1,1,0.0422799,11.8095,trans,trans_regulatory_or_intronic
rs867772,1,1,1,0.0428234,11.1513,trans,trans_regulatory_or_intronic
rs870465,1,1,1,0.0555992,13.305,trans,trans_regulatory_or_intronic
rs880315,1,1,1,0.0456292,12.7728,trans,trans_regulatory_or_intronic
rs908702,1,2,2,0.0977388,62.682,trans,trans_regulatory_or_intronic
rs910502,1,1,1,0.0664541,15.2797,trans,trans_regulatory_or_intronic
rs911274,1,1,1,0.0484431,13.4868,trans,trans_regulatory_or_intronic
rs913257,1,1,1,0.0537791,21.5746,trans,trans_other_gene_coding_or_splice
rs924204,1,1,1,0.123112,92.1617,cis,cis_locus_linked
rs9332651,1,1,1,0.151273,121.532,trans,trans_regulatory_or_intronic
rs9426827,1,1,1,0.0340843,11.8938,trans,trans_regulatory_or_intronic
rs9426828,1,1,1,0.0488732,18.0959,trans,trans_regulatory_or_intronic
rs9427094,1,1,1,0.0520979,16.8896,trans,trans_regulatory_or_intronic
rs9427402,1,1,1,0.0643876,12.248,trans,trans_regulatory_or_intronic
rs9429789,1,2,2,0.0569145,14.557,trans,trans_regulatory_or_intronic
rs9432148,1,2,2,0.071942,27.6291,trans,trans_regulatory_or_intronic
rs9435340,1,1,1,0.0425584,11.3768,trans,trans_other_or_unknown
rs9439081,1,1,1,0.0978734,58.8092,trans,trans_regulatory_or_intronic
rs9442234,1,1,1,0.0416603,11.6619,trans,trans_regulatory_or_intronic
rs945214,1,1,1,0.0818868,37.9871,cis,cis_target_regulatory_or_linked
rs946527,1,1,1,0.0548872,17.5126,trans,trans_regulatory_or_intronic
rs953492,1,1,1,0.199683,238.794,cis,cis_target_regulatory_or_linked
rs9660126,1,1,1,0.152735,122.843,cis,cis_target_regulatory_or_linked
rs994767,1,1,1,0.0680915,32.1216,trans,trans_other_or_unknown
rs1008982,10,2,2,0.398844,840.861,cis;trans,cis_target_regulatory_or_linked;trans_regulatory_or_intronic
rs1013495,10,2,2,0.0576761,25.3742,trans,trans_regulatory_or_intronic
rs1031101,10,1,1,0.0498111,10.9486,trans,trans_regulatory_or_intronic
rs1034086,10,1,1,0.0422395,10.8397,cis,cis_locus_linked
rs1040875,10,1,1,0.0390733,12.6329,trans,trans_regulatory_or_intronic
rs10430531,10,1,1,0.0579887,15.6108,trans,trans_regulatory_or_intronic
rs1044261,10,1,1,0.605073,587.377,cis,cis_target_coding_or_splice
rs1049951,10,1,1,0.446614,269.517,cis,cis_target_coding_or_splice
rs1072160,10,2,2,0.0728049,47.8132,trans,trans_regulatory_or_intronic
rs10733789,10,2,2,0.0510117,13.3054,trans,trans_regulatory_or_intronic
rs10733793,10,1,1,0.0450585,12.8038,trans,trans_regulatory_or_intronic
rs10740118,10,48,48,0.127195,93.1966,trans,trans_regulatory_or_intronic
rs10740126,10,1,1,0.0967596,66.8005,trans,trans_regulatory_or_intronic
rs10740131,10,15,15,0.0626152,28.2727,trans,trans_regulatory_or_intronic
rs10748526,10,2,2,0.114628,54.427,trans,trans_regulatory_or_intronic
rs10749609,10,2,2,0.0570228,14.4718,trans,trans_regulatory_or_intronic
rs10761598,10,2,2,0.0558024,18.4384,trans,trans_regulatory_or_intronic
rs10761731,10,12,12,0.121312,88.5108,trans,trans_regulatory_or_intronic
rs10761737,10,5,5,0.0861539,45.4198,trans,trans_regulatory_or_intronic
rs10761741,10,13,13,0.176523,183.991,trans,trans_regulatory_or_intronic
rs10762296,10,1,1,0.0426143,12.8017,trans,trans_regulatory_or_intronic
rs10762833,10,1,1,0.0558997,22.0777,trans,trans_regulatory_or_intronic
rs10764844,10,1,1,0.0559645,14.7337,trans,trans_regulatory_or_intronic
rs10785897,10,1,1,0.0463547,15.2481,trans,trans_regulatory_or_intronic
rs10786548,10,1,1,0.0587896,11.7136,trans,trans_other_or_unknown
rs10787429,10,3,3,0.061192,27.769,trans,trans_regulatory_or_intronic
rs10796294,10,1,1,0.0730991,39.5251,trans,trans_other_or_unknown
rs10821946,10,1,1,0.0451101,14.3054,trans,trans_regulatory_or_intronic
rs10822037,10,1,1,0.0386964,11.4684,trans,trans_regulatory_or_intronic
rs10822060,10,1,1,0.0432622,16.0963,trans,trans_regulatory_or_intronic
rs10822143,10,13,13,0.0612324,26.2952,trans,trans_regulatory_or_intronic
rs10822145,10,2,2,0.0530487,16.9481,trans,trans_regulatory_or_intronic
rs10822155,10,3,3,0.0565569,19.6708,trans,trans_regulatory_or_intronic
rs10822156,10,3,3,0.114284,96.7841,trans,trans_regulatory_or_intronic
rs10822159,10,4,4,0.143707,121.35,trans,trans_regulatory_or_intronic
rs10822163,10,2,2,0.0601141,23.1006,trans,trans_regulatory_or_intronic
rs10822182,10,1,1,0.0478049,13.812,trans,trans_regulatory_or_intronic
rs10822186,10,1,1,0.0439251,12.0376,trans,trans_regulatory_or_intronic
rs10823305,10,1,1,0.0516819,11.3108,trans,trans_regulatory_or_intronic
rs10823370,10,1,1,0.0403687,11.2195,trans,trans_regulatory_or_intronic
rs10823374,10,1,1,0.0546491,35.7354,trans,trans_other_or_unknown
rs10823395,10,1,1,0.0506199,16.8717,trans,trans_regulatory_or_intronic
rs10823397,10,1,1,0.0435389,13.1304,trans,trans_regulatory_or_intronic
rs10824307,10,1,1,0.0471512,15.3174,trans,trans_other_or_unknown
rs10824369,10,1,1,0.0922258,40.0072,trans,trans_regulatory_or_intronic
rs10857472,10,1,1,0.0419147,12.4762,trans,trans_other_gene_coding_or_splice
rs10882105,10,1,1,0.0457315,12.7886,trans,trans_regulatory_or_intronic
rs10882558,10,2,2,0.0483218,21.9838,trans,trans_regulatory_or_intronic
rs10883368,10,1,1,0.0653425,25.3309,trans,trans_regulatory_or_intronic
rs10883451,10,15,15,0.0594357,21.983,trans,trans_regulatory_or_intronic
rs10883567,10,1,1,0.0594137,25.1631,trans,trans_regulatory_or_intronic
rs10883587,10,1,1,0.0448257,14.1335,trans,trans_regulatory_or_intronic
rs10884920,10,1,1,0.134205,64.272,trans,trans_regulatory_or_intronic
rs10886430,10,5,5,0.389423,355.757,cis;trans,cis_target_regulatory_or_linked;trans_regulatory_or_intronic
rs10904115,10,2,2,0.0489257,15.9845,trans,trans_other_or_unknown
rs10904908,10,1,1,0.0428667,12.8035,trans,trans_regulatory_or_intronic
rs10906857,10,1,1,0.0489597,15.5454,trans,trans_other_or_unknown
rs10993994,10,3,3,0.929333,5453.74,cis;trans,cis_target_regulatory_or_linked;trans_regulatory_or_intronic
rs10994838,10,1,1,0.0385669,11.8105,trans,trans_regulatory_or_intronic
rs10995455,10,3,3,0.0548423,15.5478,trans,trans_regulatory_or_intronic
rs10995527,10,1,1,0.0501325,16.97,trans,trans_regulatory_or_intronic
rs10998776,10,1,1,0.0717598,33.4601,trans,trans_regulatory_or_intronic
rs10998779,10,1,1,0.0392801,11.8984,trans,trans_other_or_unknown
rs10998780,10,1,1,0.0962167,27.803,trans,trans_other_or_unknown
rs10999992,10,2,2,0.443157,562.9,cis;trans,cis_target_regulatory_or_linked;trans_regulatory_or_intronic
rs11000035,10,1,1,0.0539204,11.6649,trans,trans_other_or_unknown
rs11000300,10,1,1,0.094277,17.8225,trans,trans_regulatory_or_intronic
rs11001272,10,1,1,0.132765,89.9112,cis,cis_target_regulatory_or_linked
rs11002852,10,1,1,0.0484373,11.5634,trans,trans_regulatory_or_intronic
rs11003134,10,1,1,0.0613728,13.4441,trans,trans_other_or_unknown
rs11016918,10,1,1,0.0855589,18.9293,trans,trans_regulatory_or_intronic
rs111354685,10,1,1,0.0417242,10.8762,trans,trans_regulatory_or_intronic
rs111622195,10,2,2,0.0464546,12.921,trans,trans_regulatory_or_intronic
rs11187128,10,2,2,0.0810564,44.1134,trans,trans_regulatory_or_intronic
rs11190812,10,1,1,1.70422,2440.44,cis,cis_target_coding_or_splice
rs11197029,10,1,1,0.0443162,14.7022,trans,trans_other_or_unknown
rs11197603,10,1,1,0.292623,284.989,cis,cis_target_regulatory_or_linked
rs11200565,10,1,1,0.0316976,11.4658,trans,trans_regulatory_or_intronic
rs11202684,10,1,1,0.0479391,21.017,trans,trans_other_or_unknown
rs11202709,10,1,1,0.0447292,20.048,trans,trans_regulatory_or_intronic
rs11203116,10,2,2,0.0445971,14.4339,trans,trans_regulatory_or_intronic
rs11239028,10,1,1,0.191253,184.637,cis,cis_target_regulatory_or_linked
rs11239528,10,2,2,0.0860704,35.438,trans,trans_regulatory_or_intronic
rs11239534,10,1,1,0.0562496,13.082,trans,trans_regulatory_or_intronic
rs11253530,10,1,1,0.0519105,11.6317,trans,trans_other_or_unknown
rs11254406,10,1,1,0.139746,110.481,cis,cis_target_regulatory_or_linked
rs11256771,10,1,1,0.365908,111.128,cis,cis_target_regulatory_or_linked
rs11259539,10,1,1,0.0611621,37.6168,trans,trans_other_or_unknown
rs112972631,10,2,2,0.0612935,16.6182,trans,trans_regulatory_or_intronic
rs113344952,10,1,1,0.0537178,15.4277,trans,trans_regulatory_or_intronic
rs113422568,10,3,3,0.0874481,62.6993,trans,trans_regulatory_or_intronic
rs11517386,10,1,1,0.0514154,14.9392,trans,trans_regulatory_or_intronic
rs11591675,10,1,1,0.0612117,23.6567,trans,trans_regulatory_or_intronic
rs11591681,10,1,1,0.0458313,12.5367,trans,trans_regulatory_or_intronic
rs11594179,10,1,1,0.0432557,11.9284,trans,trans_regulatory_or_intronic
rs11594905,10,1,1,0.0772854,19.1545,trans,trans_regulatory_or_intronic
rs11596680,10,4,4,0.118762,74.9883,trans,trans_regulatory_or_intronic
rs11598726,10,1,1,0.0441132,13.7187,trans,trans_regulatory_or_intronic
rs11599284,10,1,1,0.119386,38.4978,trans,trans_other_gene_coding_or_splice
rs11599750,10,1,1,0.0711499,37.8545,trans,trans_regulatory_or_intronic
rs116052829,10,4,4,0.0746104,13.9212,trans,trans_regulatory_or_intronic
rs116792212,10,1,1,0.501956,265.039,cis,cis_locus_linked
rs11814929,10,1,1,0.0593691,21.5218,trans,trans_regulatory_or_intronic
rs11817773,10,1,1,0.0711181,11.5131,trans,trans_regulatory_or_intronic
rs12245149,10,1,1,0.0520165,21.572,trans,trans_regulatory_or_intronic
rs12253180,10,1,1,0.134661,67.1987,cis,cis_target_regulatory_or_linked
rs12256551,10,1,1,0.0439155,12.9217,trans,trans_regulatory_or_intronic
rs12257692,10,1,1,0.0963113,15.2868,trans,trans_regulatory_or_intronic
rs12262170,10,1,1,0.047985,17.4155,trans,trans_regulatory_or_intronic
rs12264390,10,1,1,0.0707163,26.1196,trans,trans_regulatory_or_intronic
rs1227967,10,2,2,0.0755833,34.8637,cis;trans,cis_target_regulatory_or_linked;trans_regulatory_or_intronic
rs12354466,10,1,1,0.0597174,16.9386,trans,trans_regulatory_or_intronic
rs12355186,10,1,1,0.061161,20.4297,trans,trans_regulatory_or_intronic
rs12357173,10,1,1,0.635343,2173.03,cis,cis_target_regulatory_or_linked
rs12359178,10,5,5,0.0673884,14.4632,trans,trans_regulatory_or_intronic
rs12360270,10,1,1,0.0555854,19.2565,trans,trans_regulatory_or_intronic
rs12413042,10,2,2,0.0487025,14.1482,trans,trans_other_or_unknown
rs12416473,10,1,1,0.0521897,11.9444,trans,trans_other_or_unknown
rs1250540,10,1,1,0.0526704,18.7219,trans,trans_regulatory_or_intronic
rs1250567,10,2,2,0.0698588,32.5413,trans,trans_regulatory_or_intronic
rs1250568,10,1,1,0.0601537,24.1892,trans,trans_regulatory_or_intronic
rs1250569,10,1,1,0.03708,12.8583,trans,trans_regulatory_or_intronic
rs12571098,10,1,1,0.0600533,26.0112,trans,trans_regulatory_or_intronic
rs12572610,10,1,1,0.140012,20.8454,trans,trans_regulatory_or_intronic
rs1265829,10,1,1,0.0458718,13.7402,trans,trans_regulatory_or_intronic
rs1265831,10,1,1,0.0970531,119.392,trans,trans_regulatory_or_intronic
rs12722497,10,1,1,0.929755,1589.55,cis,cis_target_regulatory_or_linked
rs12761424,10,1,1,0.0524893,13.0052,trans,trans_regulatory_or_intronic
rs12762934,10,16,16,0.143001,113.739,trans,trans_regulatory_or_intronic
rs12767368,10,1,1,0.052706,17.6974,trans,trans_regulatory_or_intronic
rs12767683,10,14,14,0.101653,53.3163,trans,trans_regulatory_or_intronic
rs12772559,10,1,1,0.0533121,13.9158,trans,trans_regulatory_or_intronic
rs12784975,10,5,5,0.0688506,20.317,trans,trans_other_gene_coding_or_splice
rs13095,10,2,2,0.042956,15.2266,trans,trans_regulatory_or_intronic
rs1332327,10,1,1,0.0480858,14.2902,trans,trans_regulatory_or_intronic
rs1366050,10,1,1,0.0506671,18.5877,trans,trans_regulatory_or_intronic
rs1408579,10,2,2,0.0644756,38.4125,trans,trans_regulatory_or_intronic
rs141266925,10,1,1,1.16787,92.3941,cis,cis_target_coding_or_splice
rs1418278,10,1,1,0.0521513,18.3617,trans,trans_regulatory_or_intronic
rs143356584,10,1,1,0.837264,201.784,cis,cis_target_coding_or_splice
rs143674922,10,1,1,1.30046,674.421,cis,cis_locus_linked
rs1463597,10,1,1,0.0615939,25.0905,trans,trans_regulatory_or_intronic
rs149472343,10,1,1,0.220972,42.0076,trans,trans_regulatory_or_intronic
rs1509955,10,1,1,0.0466775,17.473,trans,trans_regulatory_or_intronic
rs151068477,10,3,3,0.24677,12.5615,trans,trans_regulatory_or_intronic
rs161246,10,1,1,0.0760746,11.1497,trans,trans_regulatory_or_intronic
rs16926246,10,1,1,0.0619433,12.7424,trans,trans_regulatory_or_intronic
rs16937003,10,3,3,0.198168,21.3574,trans,trans_regulatory_or_intronic
rs17096301,10,1,1,0.117008,59.1713,cis,cis_target_regulatory_or_linked
rs17099139,10,1,1,0.0477861,11.235,trans,trans_regulatory_or_intronic
rs17112478,10,1,1,0.111716,14.3335,trans,trans_regulatory_or_intronic
rs1727,10,3,3,0.112596,65.8312,trans,trans_other_gene_coding_or_splice
rs17476364,10,3,3,0.0853774,17.6271,trans,trans_regulatory_or_intronic
rs1747716,10,1,1,0.0620443,13.822,trans,trans_regulatory_or_intronic
rs17490500,10,1,1,0.0481308,53.4638,trans,trans_regulatory_or_intronic
rs17490626,10,3,3,0.163663,71.1487,trans,trans_regulatory_or_intronic
rs17546173,10,1,1,0.0530728,14.0402,trans,trans_regulatory_or_intronic
rs17617337,10,1,1,0.0921899,41.2479,trans,trans_regulatory_or_intronic
rs17685390,10,1,1,0.0562146,16.2503,trans,trans_regulatory_or_intronic
rs17886395,10,1,1,0.914401,2216.19,cis,cis_target_coding_or_splice
rs1800450,10,2,2,0.164147,72.3011,trans,trans_other_gene_coding_or_splice
rs1800682,10,1,1,0.0479287,15.8031,trans,trans_regulatory_or_intronic
rs181242111,10,5,5,0.0938768,19.8902,trans,trans_regulatory_or_intronic
rs1852959,10,1,1,0.454887,712.911,cis,cis_locus_linked
rs1870137,10,1,1,0.0630159,21.9936,trans,trans_regulatory_or_intronic
rs1870148,10,1,1,0.0552729,19.788,trans,trans_regulatory_or_intronic
rs1871451,10,1,1,0.189374,224.889,trans,trans_regulatory_or_intronic
rs1877558,10,1,1,0.672661,1793.94,cis,cis_target_regulatory_or_linked
rs1878036,10,4,4,0.117372,57.3948,trans,trans_regulatory_or_intronic
rs1890966,10,1,1,0.0455697,13.3317,trans,trans_regulatory_or_intronic
rs1896995,10,1,1,0.0427726,11.0015,trans,trans_regulatory_or_intronic
rs1900464,10,1,1,0.0427595,14.2793,trans,trans_regulatory_or_intronic
rs1902708,10,1,1,0.140918,16.8199,cis,cis_target_regulatory_or_linked
rs191249894,10,1,1,0.387656,82.4211,trans,trans_other_or_unknown
rs1926197,10,1,1,0.0485819,14.9962,trans,trans_regulatory_or_intronic
rs1935,10,3,3,0.0507353,17.7613,trans,trans_other_gene_coding_or_splice
rs1937682,10,1,1,0.21418,192.345,cis,cis_target_regulatory_or_linked
rs1965708,10,1,1,0.274007,265.083,cis,cis_locus_linked
rs1977230,10,1,1,0.0562243,12.0472,trans,trans_regulatory_or_intronic
rs2031610,10,1,1,0.0458951,15.8192,trans,trans_regulatory_or_intronic
rs2068888,10,9,9,0.0659793,29.5082,trans,trans_regulatory_or_intronic
rs2082206,10,1,1,0.0474836,47.0563,trans,trans_other_or_unknown
rs2163150,10,1,1,0.0520318,13.4123,trans,trans_regulatory_or_intronic
rs2163188,10,1,1,0.0364594,17.6707,trans,trans_regulatory_or_intronic
rs2166631,10,1,1,0.157211,96.7502,cis,cis_locus_linked
rs2227566,10,1,1,0.104117,69.6626,trans,trans_regulatory_or_intronic
rs2229498,10,3,3,0.121606,61.174,trans,trans_other_gene_coding_or_splice
rs2234962,10,5,5,0.063128,20.7376,trans,trans_other_gene_coding_or_splice
rs2250645,10,1,1,0.0754413,30.8055,trans,trans_regulatory_or_intronic
rs2286779,10,1,1,0.0426497,14.4122,trans,trans_regulatory_or_intronic
rs2291428,10,1,1,0.0602456,16.7584,trans,trans_other_gene_coding_or_splice
rs2296436,10,1,1,0.0967418,17.3162,trans,trans_other_gene_coding_or_splice
rs2368337,10,1,1,0.0629225,14.8802,trans,trans_regulatory_or_intronic
rs2393967,10,4,4,0.0675646,23.0446,trans,trans_regulatory_or_intronic
rs2393969,10,2,2,0.067134,30.445,trans,trans_regulatory_or_intronic
rs2429511,10,1,1,0.0351593,11.1234,trans,trans_regulatory_or_intronic
rs2435373,10,1,1,0.055203,15.5739,trans,trans_regulatory_or_intronic
rs2435381,10,1,1,0.093959,54.7804,trans,trans_other_gene_coding_or_splice
rs2438988,10,3,3,0.205637,223.115,trans,trans_regulatory_or_intronic
rs2497318,10,1,1,0.085444,47.7036,trans,trans_regulatory_or_intronic
rs2630336,10,1,1,0.186106,192.428,cis,cis_target_regulatory_or_linked
rs2633318,10,1,1,0.0282004,11.0713,trans,trans_regulatory_or_intronic
rs2646420,10,4,4,0.0560976,18.5521,trans,trans_regulatory_or_intronic
rs2784773,10,1,1,0.0631049,21.8103,cis,cis_target_regulatory_or_linked
rs2787147,10,1,1,0.0530708,16.6645,trans,trans_regulatory_or_intronic
rs2792735,10,1,1,0.0490045,14.1178,trans,trans_regulatory_or_intronic
rs2803619,10,1,1,0.0479683,11.9996,trans,trans_regulatory_or_intronic
rs2862954,10,4,4,0.145466,140.118,trans,trans_other_gene_coding_or_splice
rs28741041,10,1,1,0.455618,1207.95,cis,cis_target_regulatory_or_linked
rs2981430,10,1,1,0.107184,75.3135,cis,cis_target_regulatory_or_linked
rs2981746,10,1,1,0.115063,86.4265,trans,trans_other_or_unknown
rs2995310,10,1,1,0.71037,1116.91,cis,cis_target_regulatory_or_linked
rs3019482,10,1,1,0.0498177,18.5811,trans,trans_regulatory_or_intronic
rs3019493,10,1,1,0.180634,202.802,trans,trans_other_or_unknown
rs304438,10,1,1,0.0485421,11.9029,trans,trans_regulatory_or_intronic
rs3136630,10,1,1,0.251724,311.656,cis,cis_target_regulatory_or_linked
rs34004366,10,1,1,0.0530805,11.0315,trans,trans_other_or_unknown
rs34350728,10,1,1,0.178696,10.8886,trans,trans_other_gene_coding_or_splice
rs34377578,10,12,12,0.0899232,36.3161,trans,trans_regulatory_or_intronic
rs34538474,10,1,1,0.0448132,12.5357,trans,trans_regulatory_or_intronic
rs35049778,10,1,1,0.0488923,12.6618,trans,trans_regulatory_or_intronic
rs35434411,10,1,1,0.18797,24.1328,cis,cis_target_coding_or_splice
rs35524242,10,1,1,0.618592,446.383,trans,trans_other_gene_coding_or_splice
rs35793747,10,1,1,0.0821855,32.423,trans,trans_regulatory_or_intronic
rs35835884,10,1,1,0.117298,77.3502,cis,cis_target_regulatory_or_linked
rs369705328,10,4,4,0.0877287,24.1907,trans,trans_regulatory_or_intronic
rs3736946,10,1,1,0.0694385,12.1625,trans,trans_other_gene_coding_or_splice
rs3740217,10,2,2,0.711935,711.328,trans,trans_other_gene_coding_or_splice
rs374532236,10,1,1,0.0643007,24.3952,trans,trans_regulatory_or_intronic
rs3781295,10,1,1,0.0504482,15.4459,trans,trans_regulatory_or_intronic
rs3781452,10,1,1,0.0443004,12.8793,trans,trans_regulatory_or_intronic
rs3881611,10,1,1,0.0576159,13.57,trans,trans_other_or_unknown
rs3891783,10,1,1,0.0413312,11.7316,trans,trans_regulatory_or_intronic
rs3930831,10,1,1,0.0488935,14.844,trans,trans_other_or_unknown
rs3956959,10,1,1,0.0384349,10.9322,trans,trans_regulatory_or_intronic
rs3999089,10,1,1,0.0553418,19.3645,trans,trans_regulatory_or_intronic
rs41281340,10,2,2,0.11126,32.4896,trans,trans_regulatory_or_intronic
rs41298373,10,1,1,0.164799,54.6277,cis,cis_target_coding_or_splice
rs41317268,10,1,1,0.229563,197.958,cis,cis_target_regulatory_or_linked
rs4287251,10,1,1,0.0599986,18.5677,trans,trans_regulatory_or_intronic
rs4390300,10,1,1,0.041245,12.4113,trans,trans_regulatory_or_intronic
rs4399232,10,1,1,0.0596959,21.0098,trans,trans_regulatory_or_intronic
rs4399275,10,1,1,0.216467,275.309,cis,cis_locus_linked
rs4418728,10,5,5,0.0671697,27.735,trans,trans_regulatory_or_intronic
rs4486555,10,3,3,0.184472,224.048,trans,trans_regulatory_or_intronic
rs4523587,10,1,1,0.0424888,12.3369,trans,trans_regulatory_or_intronic
rs4536103,10,2,2,0.0536952,20.9903,trans,trans_other_gene_coding_or_splice
rs4595427,10,1,1,0.0616109,26.0938,trans,trans_regulatory_or_intronic
rs4595491,10,5,5,0.0622555,21.7673,trans,trans_regulatory_or_intronic
rs4600153,10,1,1,0.168678,127.505,trans,trans_regulatory_or_intronic
rs4746203,10,1,1,0.0417936,11.0091,trans,trans_regulatory_or_intronic
rs4746340,10,2,2,0.0548834,12.358,trans,trans_regulatory_or_intronic
rs4747200,10,1,1,0.096781,55.271,trans,trans_regulatory_or_intronic
rs4748650,10,1,1,0.0779119,24.9854,cis,cis_target_regulatory_or_linked
rs4749125,10,1,1,0.216061,264.23,cis,cis_target_regulatory_or_linked
rs4751995,10,1,1,1.13311,7313.59,cis,cis_target_coding_or_splice
rs4751996,10,4,4,0.0470914,16.374,trans,trans_other_gene_coding_or_splice
rs478839,10,1,1,0.0466732,14.3039,trans,trans_regulatory_or_intronic
rs4933698,10,1,1,0.0287593,10.8129,trans,trans_other_or_unknown
rs4934192,10,1,1,0.0828492,43.226,trans,trans_regulatory_or_intronic
rs4934434,10,1,1,0.284599,541.172,trans,trans_regulatory_or_intronic
rs4934470,10,2,2,0.106686,58.2734,trans,trans_regulatory_or_intronic
rs4948492,10,4,4,0.108315,70.0568,trans,trans_regulatory_or_intronic
rs536725,10,1,1,0.0479628,15.5158,trans,trans_other_or_unknown
rs546615589,10,6,6,0.0513591,14.052,trans,trans_regulatory_or_intronic
rs55744193,10,1,1,0.798817,117.396,cis,cis_target_coding_or_splice
rs55882340,10,1,1,0.0453162,12.2161,trans,trans_regulatory_or_intronic
rs55922628,10,1,1,0.0434392,12.0154,trans,trans_regulatory_or_intronic
rs55998424,10,1,1,0.507389,227.703,cis,cis_locus_linked
rs56007204,10,1,1,0.781652,2840.47,cis,cis_target_coding_or_splice
rs56278466,10,156,156,0.179092,244.134,trans,trans_regulatory_or_intronic
rs56318703,10,1,1,0.0605365,18.3505,trans,trans_regulatory_or_intronic
rs56347655,10,1,1,0.0606712,16.3098,trans,trans_regulatory_or_intronic
rs57682907,10,1,1,0.0848885,11.2453,cis,cis_target_regulatory_or_linked
rs58475177,10,1,1,0.219031,36.2498,trans,trans_regulatory_or_intronic
rs60212594,10,1,1,0.0614823,14.3706,trans,trans_regulatory_or_intronic
rs603424,10,12,12,0.0987822,38.2194,trans,trans_regulatory_or_intronic
rs61678916,10,1,1,0.0463266,14.0012,trans,trans_regulatory_or_intronic
rs61738953,10,1,1,1.09402,833.125,cis,cis_target_coding_or_splice
rs61751507,10,1,1,0.247468,64.245,trans,trans_other_gene_coding_or_splice
rs61839660,10,2,2,0.0899835,17.935,trans,trans_regulatory_or_intronic
rs61840024,10,2,2,0.0438654,13.1536,trans,trans_regulatory_or_intronic
rs61848153,10,1,1,0.0524714,16.3186,trans,trans_regulatory_or_intronic
rs61854835,10,1,1,0.576259,1394.06,cis,cis_target_regulatory_or_linked
rs61871171,10,1,1,0.190612,14.2036,trans,trans_regulatory_or_intronic
rs62625031,10,1,1,0.13056,16.9328,trans,trans_other_gene_coding_or_splice
rs6479877,10,1,1,0.0701567,30.4507,trans,trans_other_or_unknown
rs6480407,10,1,1,0.0556825,30.2682,trans,trans_regulatory_or_intronic
rs6480771,10,1,1,0.261961,385.844,cis,cis_target_regulatory_or_linked
rs6480913,10,1,1,0.0484926,12.8191,trans,trans_regulatory_or_intronic
rs6481597,10,1,1,0.0585737,11.0948,trans,trans_regulatory_or_intronic
rs6583826,10,1,1,0.0399854,11.7445,trans,trans_regulatory_or_intronic
rs6584357,10,1,1,0.0942896,13.2376,trans,trans_regulatory_or_intronic
rs6586030,10,1,1,0.0559866,11.0343,trans,trans_regulatory_or_intronic
rs6601924,10,1,1,0.0544745,12.438,trans,trans_regulatory_or_intronic
rs6686,10,1,1,0.0558972,19.5369,cis,cis_locus_linked
rs67372909,10,1,1,0.0818326,39.2014,trans,trans_regulatory_or_intronic
rs67852477,10,4,4,0.31656,27.5252,trans,trans_other_gene_coding_or_splice
rs683595,10,1,1,0.0529742,15.0327,trans,trans_other_or_unknown
rs6858,10,1,1,0.040072,12.6306,trans,trans_regulatory_or_intronic
rs697240,10,1,1,0.048023,14.2037,trans,trans_regulatory_or_intronic
rs7068821,10,2,2,0.0459154,12.8839,trans,trans_regulatory_or_intronic
rs7069556,10,1,1,0.212675,81.9439,cis,cis_target_regulatory_or_linked
rs7070876,10,1,1,0.0514981,12.5296,trans,trans_regulatory_or_intronic
rs7072547,10,1,1,0.0600075,15.6484,trans,trans_regulatory_or_intronic
rs7073746,10,1,1,0.068833,48.0266,trans,trans_regulatory_or_intronic
rs7075195,10,1,1,0.127268,127.648,trans,trans_regulatory_or_intronic
rs7077236,10,1,1,0.0452213,12.5937,trans,trans_other_or_unknown
rs7077538,10,1,1,0.0554113,17.4561,trans,trans_regulatory_or_intronic
rs7077566,10,1,1,0.0232793,12.2588,trans,trans_regulatory_or_intronic
rs7078507,10,1,1,0.04247,11.4976,trans,trans_regulatory_or_intronic
rs7079237,10,1,1,0.0613756,18.8459,trans,trans_regulatory_or_intronic
rs7080169,10,1,1,0.0391626,11.325,trans,trans_regulatory_or_intronic
rs7080386,10,48,48,0.0884016,49.2718,trans,trans_regulatory_or_intronic
rs7080536,10,23,23,0.344088,113.545,trans,trans_other_gene_coding_or_splice
rs7082470,10,1,1,0.0519337,20.3016,trans,trans_regulatory_or_intronic
rs7083373,10,1,1,0.0571583,21.3036,trans,trans_regulatory_or_intronic
rs7084042,10,1,1,0.0545068,15.244,trans,trans_regulatory_or_intronic
rs7084707,10,3,3,0.0773119,36.1232,trans,trans_regulatory_or_intronic
rs7084817,10,1,1,0.149787,25.9478,trans,trans_other_gene_coding_or_splice
rs7086834,10,1,1,0.0595944,11.5035,trans,trans_regulatory_or_intronic
rs7088592,10,2,2,0.0699652,39.3886,trans,trans_regulatory_or_intronic
rs7088799,10,10,10,0.212418,293.812,trans,trans_regulatory_or_intronic
rs7090111,10,5,5,0.0900827,52.6081,trans,trans_regulatory_or_intronic
rs7094461,10,1,1,0.0480259,12.81,trans,trans_regulatory_or_intronic
rs7095953,10,1,1,0.0438889,14.0884,trans,trans_other_or_unknown
rs7096909,10,2,2,0.0612975,17.4249,trans,trans_regulatory_or_intronic
rs7097068,10,1,1,0.0997571,57.7759,cis,cis_locus_linked
rs7098111,10,1,1,0.108471,42.9424,trans,trans_other_or_unknown
rs7098181,10,1,1,0.049604,14.6726,trans,trans_regulatory_or_intronic
rs7099612,10,1,1,0.0412252,13.1714,trans,trans_regulatory_or_intronic
rs71481756,10,1,1,0.0815162,13.0998,trans,trans_regulatory_or_intronic
rs721917,10,1,1,0.754545,3560.67,cis,cis_target_coding_or_splice
rs727415,10,1,1,0.0604835,17.7891,trans,trans_regulatory_or_intronic
rs72775231,10,1,1,0.0745342,18.9695,trans,trans_regulatory_or_intronic
rs72783935,10,1,1,0.94832,1715.5,cis,cis_target_regulatory_or_linked
rs72823014,10,2,2,0.0607152,10.8642,trans,trans_other_or_unknown
rs72842207,10,3,3,0.0764389,26.7122,trans,trans_regulatory_or_intronic
rs730334,10,1,1,0.0688572,31.9262,trans,trans_regulatory_or_intronic
rs734186,10,1,1,0.30416,521.216,cis,cis_target_regulatory_or_linked
rs74118031,10,2,2,0.271953,340.187,cis;trans,cis_locus_linked;trans_regulatory_or_intronic
rs74152959,10,1,1,0.0892512,16.3922,trans,trans_regulatory_or_intronic
rs74501283,10,1,1,0.0791685,11.0963,trans,trans_regulatory_or_intronic
rs746552,10,1,1,0.0528693,16.1681,trans,trans_regulatory_or_intronic
rs7475335,10,1,1,0.0453838,12.5529,trans,trans_regulatory_or_intronic
rs748113,10,1,1,0.0996323,64.958,trans,trans_regulatory_or_intronic
rs74973131,10,1,1,0.169238,40.8867,trans,trans_regulatory_or_intronic
rs751514,10,2,2,0.0523965,14.2115,trans,trans_regulatory_or_intronic
rs75222352,10,1,1,0.0891628,19.5384,trans,trans_other_or_unknown
rs75406471,10,1,1,0.059593,16.6558,trans,trans_regulatory_or_intronic
rs754466,10,1,1,0.0654399,19.6605,trans,trans_regulatory_or_intronic
rs76669111,10,1,1,0.0546438,14.4237,trans,trans_regulatory_or_intronic
rs76809526,10,1,1,0.0473904,12.9302,trans,trans_regulatory_or_intronic
rs77880513,10,1,1,0.0881734,16.7246,trans,trans_other_or_unknown
rs77958433,10,1,1,0.0568889,17.4736,trans,trans_regulatory_or_intronic
rs78325861,10,1,1,0.154064,23.6356,trans,trans_regulatory_or_intronic
rs7869,10,1,1,0.0904707,43.7432,trans,trans_regulatory_or_intronic
rs7893498,10,1,1,0.0649209,12.0868,trans,trans_regulatory_or_intronic
rs7893993,10,2,2,0.0498972,13.6824,trans,trans_regulatory_or_intronic
rs7894504,10,2,2,0.0429183,12.1912,trans,trans_regulatory_or_intronic
rs7896518,10,121,121,0.0960822,53.7955,trans,trans_regulatory_or_intronic
rs7896897,10,3,3,0.0479378,13.251,trans,trans_regulatory_or_intronic
rs7898019,10,1,1,0.0547007,19.2687,trans,trans_regulatory_or_intronic
rs7898735,10,3,3,0.0864872,25.111,trans,trans_regulatory_or_intronic
rs7899547,10,2,2,0.904537,4214.81,cis;trans,cis_target_regulatory_or_linked;trans_regulatory_or_intronic
rs7900957,10,1,1,0.0424455,11.0736,trans,trans_regulatory_or_intronic
rs7901856,10,1,1,0.0419821,10.8684,trans,trans_regulatory_or_intronic
rs7902343,10,1,1,0.0515955,18.5758,trans,trans_regulatory_or_intronic
rs7904738,10,2,2,0.0849386,21.0467,trans,trans_regulatory_or_intronic
rs7905367,10,6,6,0.0867648,33.8315,trans,trans_regulatory_or_intronic
rs7909516,10,1,1,0.0521245,12.828,trans,trans_regulatory_or_intronic
rs7910135,10,1,1,0.0775024,38.1686,trans,trans_regulatory_or_intronic
rs7911226,10,1,1,0.260142,399.775,cis,cis_target_regulatory_or_linked
rs7913063,10,1,1,0.368378,245.696,cis,cis_target_regulatory_or_linked
rs7913582,10,1,1,0.047374,18.5999,trans,trans_regulatory_or_intronic
rs7914847,10,1,1,0.0425627,11.2692,trans,trans_regulatory_or_intronic
rs7916100,10,1,1,0.129201,16.9013,trans,trans_regulatory_or_intronic
rs7916271,10,1,1,0.227428,283.267,cis,cis_target_regulatory_or_linked
rs7917848,10,1,1,0.093479,53.1912,trans,trans_other_or_unknown
rs7920058,10,1,1,0.0415392,11.6306,trans,trans_regulatory_or_intronic
rs7923609,10,1,1,0.050106,18.276,trans,trans_regulatory_or_intronic
rs7924036,10,3,3,0.0470679,16.2361,trans,trans_regulatory_or_intronic
rs79671623,10,1,1,0.0901531,20.2408,cis,cis_locus_linked
rs80282103,10,1,1,0.101165,20.8951,trans,trans_regulatory_or_intronic
rs815246,10,1,1,0.0739748,42.4726,trans,trans_regulatory_or_intronic
rs816828,10,1,1,0.041306,12.0231,trans,trans_regulatory_or_intronic
rs8177636,10,1,1,0.0500344,15.6078,trans,trans_regulatory_or_intronic
rs8177651,10,2,2,0.0485196,16.0782,trans,trans_regulatory_or_intronic
rs8177652,10,1,1,0.0488937,13.7502,trans,trans_regulatory_or_intronic
rs8177653,10,3,3,0.0599322,21.4835,trans,trans_regulatory_or_intronic
rs8177654,10,3,3,0.0643934,25.5661,trans,trans_regulatory_or_intronic
rs8177655,10,3,3,0.0689041,30.5495,trans,trans_regulatory_or_intronic
rs8177683,10,2,2,0.08411,41.6797,trans,trans_regulatory_or_intronic
rs8211,10,1,1,0.039844,11.0058,trans,trans_regulatory_or_intronic
rs873110,10,1,1,1.04744,4959.96,cis,cis_locus_linked
rs885828,10,1,1,0.231747,313.933,trans,trans_regulatory_or_intronic
rs927826,10,3,3,0.184405,172.862,trans,trans_regulatory_or_intronic
rs9414801,10,1,1,0.0418595,11.4695,trans,trans_regulatory_or_intronic
rs9415044,10,1,1,0.190808,224.328,cis,cis_locus_linked
rs9418120,10,1,1,0.0718759,24.0401,cis,cis_target_regulatory_or_linked
rs9420589,10,3,3,0.0460134,13.7207,trans,trans_regulatory_or_intronic
rs9633740,10,6,6,0.127354,67.0209,trans,trans_regulatory_or_intronic
rs9665663,10,2,2,0.0697599,19.2009,trans,trans_regulatory_or_intronic
rs9787438,10,1,1,0.109273,68.169,trans,trans_regulatory_or_intronic
rs9988738,10,1,1,0.0475175,12.3975,trans,trans_regulatory_or_intronic
rs102274,11,1,1,0.043342,11.0745,trans,trans_regulatory_or_intronic
rs102275,11,3,3,0.0534524,36.6994,trans,trans_regulatory_or_intronic
rs10398,11,1,1,0.0552008,14.0363,trans,trans_regulatory_or_intronic
rs10437655,11,1,1,0.0435613,11.9392,trans,trans_regulatory_or_intronic
rs10444211,11,1,1,0.249657,257.732,trans,trans_regulatory_or_intronic
rs1044522,11,1,1,0.214737,215.038,cis,cis_target_coding_or_splice
rs1049728,11,2,2,0.167984,41.7942,trans,trans_regulatory_or_intronic
rs10500661,11,1,1,0.0545827,12.8931,trans,trans_other_or_unknown
rs10501135,11,1,1,0.0640365,25.4943,trans,trans_other_or_unknown
rs1050239,11,1,1,0.432881,869.036,cis,cis_target_coding_or_splice
rs1058900,11,1,1,0.0545329,18.023,trans,trans_other_gene_coding_or_splice
rs1058935,11,1,1,0.0474133,13.7379,trans,trans_other_gene_coding_or_splice
rs1059091,11,3,3,0.0578216,18.6788,trans,trans_other_gene_coding_or_splice
rs10741702,11,1,1,0.0461835,11.8221,trans,trans_regulatory_or_intronic
rs10742583,11,1,1,0.111382,40.5037,trans,trans_regulatory_or_intronic
rs10742826,11,1,1,0.0556989,17.9481,trans,trans_regulatory_or_intronic
rs10751647,11,1,1,0.0522445,18.238,trans,trans_regulatory_or_intronic
rs10751648,11,1,1,0.0415243,11.1321,trans,trans_regulatory_or_intronic
rs10765875,11,2,2,0.0548918,17.9067,trans,trans_regulatory_or_intronic
rs10769160,11,1,1,0.0857781,48.6413,trans,trans_regulatory_or_intronic
rs10769256,11,6,6,0.0667738,52.3792,trans,trans_regulatory_or_intronic
rs10770089,11,1,1,0.0402793,12.8122,trans,trans_regulatory_or_intronic
rs10770093,11,1,1,0.0403554,12.7887,trans,trans_regulatory_or_intronic
rs10790175,11,1,1,0.046402,11.0154,trans,trans_regulatory_or_intronic
rs10790256,11,1,1,0.0550998,19.0048,trans,trans_other_gene_coding_or_splice
rs10790517,11,2,2,0.0414066,11.0746,trans,trans_other_or_unknown
rs10791824,11,1,1,0.0684879,36.9401,trans,trans_regulatory_or_intronic
rs10794307,11,1,1,0.0636205,23.7006,trans,trans_regulatory_or_intronic
rs10830278,11,1,1,0.0784868,26.1604,trans,trans_regulatory_or_intronic
rs10831243,11,1,1,0.0441549,11.3714,trans,trans_regulatory_or_intronic
rs10832164,11,1,1,0.288408,541.132,cis,cis_target_regulatory_or_linked
rs10832570,11,3,3,0.0537639,22.6899,trans,trans_regulatory_or_intronic
rs10833711,11,3,3,0.0660376,25.3634,trans,trans_regulatory_or_intronic
rs10833712,11,3,3,0.0808158,37.5386,trans,trans_regulatory_or_intronic
rs10835996,11,1,1,0.0571544,12.4589,trans,trans_regulatory_or_intronic
rs10836317,11,1,1,0.05018,15.9226,trans,trans_regulatory_or_intronic
rs10838503,11,1,1,0.0772602,19.115,trans,trans_regulatory_or_intronic
rs10838649,11,1,1,0.0811828,39.2359,trans,trans_regulatory_or_intronic
rs10838703,11,1,1,0.0408669,11.3005,trans,trans_regulatory_or_intronic
rs10838705,11,1,1,0.0590958,19.9117,trans,trans_regulatory_or_intronic
rs10839828,11,1,1,0.293416,316.969,cis,cis_locus_linked
rs10840595,11,1,1,0.0613719,14.9893,trans,trans_other_or_unknown
rs108499,11,1,1,0.0352821,11.0585,trans,trans_regulatory_or_intronic
rs10892342,11,1,1,0.0483239,12.9173,trans,trans_regulatory_or_intronic
rs10892873,11,1,1,0.0462289,13.8495,trans,trans_regulatory_or_intronic
rs10893498,11,1,1,0.0613828,11.7127,trans,trans_regulatory_or_intronic
rs10893501,11,1,1,0.0598127,18.8403,trans,trans_regulatory_or_intronic
rs10896045,11,5,5,0.158577,136.21,trans,trans_regulatory_or_intronic
rs10896113,11,1,1,0.300333,384.521,cis,cis_locus_linked
rs10896373,11,1,1,0.0733642,29.75,cis,cis_locus_linked
rs10899345,11,1,1,0.0829171,53.1698,trans,trans_regulatory_or_intronic
rs11019400,11,1,1,0.970997,1890.82,cis,cis_target_regulatory_or_linked
rs11021221,11,1,1,0.0545749,11.1002,trans,trans_regulatory_or_intronic
rs11021759,11,1,1,0.0612439,17.8603,trans,trans_regulatory_or_intronic
rs11022114,11,1,1,0.363358,712.647,cis,cis_locus_linked
rs11023881,11,1,1,0.0384718,12.0866,trans,trans_regulatory_or_intronic
rs11031006,11,1,1,0.147324,133.089,cis,cis_locus_linked
rs11038357,11,1,1,0.0657441,22.7339,trans,trans_regulatory_or_intronic
rs11039144,11,1,1,0.0720165,19.1274,trans,trans_regulatory_or_intronic
rs11039216,11,2,2,0.0426295,14.4957,trans,trans_regulatory_or_intronic
rs11039221,11,1,1,0.10309,65.9495,trans,trans_regulatory_or_intronic
rs11042583,11,1,1,0.0378397,11.3766,trans,trans_regulatory_or_intronic
rs11042676,11,1,1,0.0404248,11.0042,trans,trans_regulatory_or_intronic
rs11042976,11,1,1,0.0478079,14.7278,trans,trans_regulatory_or_intronic
rs11043076,11,1,1,0.093376,24.4023,trans,trans_regulatory_or_intronic
rs11043115,11,1,1,0.0462504,13.8763,trans,trans_regulatory_or_intronic
rs111925329,11,1,1,1.00652,753.894,cis,cis_locus_linked
rs11214489,11,1,1,0.332299,432.749,cis,cis_target_regulatory_or_linked
rs11215416,11,1,1,0.0622035,18.2927,trans,trans_regulatory_or_intronic
rs11216898,11,1,1,0.0548373,13.4101,trans,trans_regulatory_or_intronic
rs11216900,11,2,2,0.0677526,14.27,trans,trans_regulatory_or_intronic
rs11217078,11,1,1,0.0383205,10.8431,trans,trans_regulatory_or_intronic
rs11217194,11,1,1,0.0718883,25.6585,trans,trans_regulatory_or_intronic
rs11217815,11,1,1,0.0370436,11.5875,trans,trans_regulatory_or_intronic
rs11220468,11,1,1,0.0405431,13.3007,trans,trans_regulatory_or_intronic
rs11220477,11,4,4,0.517817,325.045,trans,trans_regulatory_or_intronic
rs11220505,11,2,2,0.129854,84.3162,trans,trans_regulatory_or_intronic
rs11220517,11,1,1,0.0863577,31.972,trans,trans_regulatory_or_intronic
rs11220518,11,1,1,0.0677031,19.8528,trans,trans_regulatory_or_intronic
rs11222444,11,1,1,0.302448,11.4798,trans,trans_regulatory_or_intronic
rs11223741,11,1,1,0.0474752,12.7137,trans,trans_regulatory_or_intronic
rs11229075,11,1,1,0.0768968,29.9529,trans,trans_regulatory_or_intronic
rs11229439,11,1,1,0.049663,11.1742,trans,trans_regulatory_or_intronic
rs11230313,11,1,1,0.0492087,14.4762,trans,trans_regulatory_or_intronic
rs11230563,11,1,1,0.807665,3628.77,cis,cis_target_coding_or_splice
rs11230768,11,1,1,0.0469089,11.9685,trans,trans_other_or_unknown
rs11245925,11,1,1,0.0582978,14.2116,trans,trans_regulatory_or_intronic
rs11245998,11,1,1,0.049452,12.6567,trans,trans_regulatory_or_intronic
rs11246276,11,1,1,0.394004,515.106,cis,cis_locus_linked
rs112771035,11,10,10,0.478205,381.981,trans,trans_regulatory_or_intronic
rs113186715,11,1,1,0.0395582,17.9638,trans,trans_other_or_unknown
rs113328990,11,1,1,0.0605774,14.1157,trans,trans_regulatory_or_intronic
rs113873801,11,1,1,0.23309,13.5604,trans,trans_regulatory_or_intronic
rs113954756,11,1,1,0.124781,19.1708,trans,trans_regulatory_or_intronic
rs114708736,11,1,1,0.335945,109.616,cis,cis_locus_linked
rs1149596,11,1,1,0.0802359,24.2456,trans,trans_regulatory_or_intronic
rs1149597,11,1,1,0.0684856,17.15,trans,trans_regulatory_or_intronic
rs1149607,11,1,1,0.222143,168.633,trans,trans_regulatory_or_intronic
rs11500477,11,1,1,0.0751028,34.2014,trans,trans_regulatory_or_intronic
rs11502185,11,28,28,0.072246,19.7182,trans,trans_regulatory_or_intronic
rs11512560,11,1,1,0.467702,822.406,trans,trans_regulatory_or_intronic
rs11568819,11,1,1,0.540787,398.756,cis,cis_target_regulatory_or_linked
rs115974400,11,1,1,0.186439,57.2152,cis,cis_locus_linked
rs11600334,11,1,1,0.0376153,11.7582,trans,trans_regulatory_or_intronic
rs11601507,11,1,1,0.185718,58.8603,trans,trans_other_gene_coding_or_splice
rs11602909,11,1,1,0.066081,28.911,trans,trans_regulatory_or_intronic
rs11603123,11,6,6,0.37566,179.992,trans,trans_regulatory_or_intronic
rs11604127,11,4,4,0.0926199,45.7928,trans,trans_regulatory_or_intronic
rs11604175,11,1,1,0.207326,202.074,cis,cis_locus_linked
rs11604462,11,2,2,0.0657987,24.9509,trans,trans_regulatory_or_intronic
rs11604580,11,2,2,0.072464,13.4213,trans,trans_other_or_unknown
rs11605246,11,2,2,0.079639,25.951,trans,trans_regulatory_or_intronic
rs11606532,11,1,1,0.0477959,14.421,trans,trans_regulatory_or_intronic
rs11607122,11,1,1,0.0605583,22.8163,trans,trans_regulatory_or_intronic
rs11607757,11,1,1,0.0791815,17.8956,trans,trans_regulatory_or_intronic
rs117154779,11,1,1,0.19083,33.5874,trans,trans_regulatory_or_intronic
rs117558678,11,1,1,0.0667942,20.0167,trans,trans_regulatory_or_intronic
rs117706710,11,1,1,1.73077,626.236,cis,cis_target_coding_or_splice
rs117739035,11,1,1,0.15339,20.2215,trans,trans_other_gene_coding_or_splice
rs118147870,11,1,1,0.207548,12.9054,trans,trans_regulatory_or_intronic
rs11821656,11,1,1,0.4028,469.141,cis,cis_target_regulatory_or_linked
rs11822913,11,1,1,0.0713736,19.1497,trans,trans_regulatory_or_intronic
rs11825821,11,1,1,0.156263,128.776,trans,trans_regulatory_or_intronic
rs12146443,11,1,1,0.339793,753.01,cis,cis_target_regulatory_or_linked
rs1219549,11,1,1,0.0694777,17.1609,trans,trans_regulatory_or_intronic
rs12274456,11,1,1,0.0466436,10.7706,trans,trans_regulatory_or_intronic
rs12275459,11,1,1,0.0717215,29.7348,trans,trans_regulatory_or_intronic
rs12277151,11,1,1,0.102373,19.5581,trans,trans_regulatory_or_intronic
rs12280510,11,1,1,0.059605,16.4312,trans,trans_regulatory_or_intronic
rs12284180,11,2,2,0.058338,15.0506,trans,trans_regulatory_or_intronic
rs12287028,11,1,1,0.0517924,13.6728,trans,trans_regulatory_or_intronic
rs12288924,11,1,1,0.0502301,10.897,trans,trans_regulatory_or_intronic
rs12292693,11,5,5,0.068302,21.0483,trans,trans_regulatory_or_intronic
rs12360820,11,1,1,0.639082,1392.97,cis,cis_locus_linked
rs12362038,11,1,1,0.0461928,12.6015,trans,trans_regulatory_or_intronic
rs12365875,11,1,1,0.143596,63.7384,trans,trans_regulatory_or_intronic
rs12416873,11,1,1,0.274013,433.488,cis,cis_target_regulatory_or_linked
rs12419615,11,1,1,0.0796706,15.1182,trans,trans_regulatory_or_intronic
rs12420758,11,1,1,0.0508655,14.4789,trans,trans_regulatory_or_intronic
rs12421465,11,1,1,0.0441783,11.5705,trans,trans_regulatory_or_intronic
rs12574283,11,2,2,0.0633408,19.8981,trans,trans_regulatory_or_intronic
rs12574844,11,2,2,0.154437,41.428,trans,trans_regulatory_or_intronic
rs12575474,11,1,1,0.044366,14.1192,trans,trans_regulatory_or_intronic
rs12575749,11,1,1,0.0360871,13.5215,trans,trans_regulatory_or_intronic
rs12789028,11,1,1,0.0775111,24.0909,trans,trans_regulatory_or_intronic
rs12790261,11,1,1,0.0570917,11.6367,trans,trans_regulatory_or_intronic
rs12794649,11,1,1,0.0373031,11.5813,trans,trans_regulatory_or_intronic
rs12801491,11,1,1,0.0566756,16.8802,trans,trans_regulatory_or_intronic
rs12805381,11,1,1,0.0808004,40.0151,trans,trans_other_or_unknown
rs13377454,11,1,1,0.0625948,21.195,cis,cis_locus_linked
rs1377416,11,3,3,0.0626038,28.9066,trans,trans_regulatory_or_intronic
rs1392996,11,1,1,0.0398193,12.7885,trans,trans_regulatory_or_intronic
rs1408035,11,1,1,0.181901,147.562,cis,cis_target_regulatory_or_linked
rs141379009,11,1,1,0.160113,18.8966,trans,trans_regulatory_or_intronic
rs14408,11,1,1,0.0657139,24.2692,trans,trans_other_gene_coding_or_splice
rs145678014,11,1,1,0.110202,14.8711,trans,trans_regulatory_or_intronic
rs146893981,11,1,1,0.321151,80.4672,cis,cis_locus_linked
rs149440923,11,1,1,0.212351,16.6298,trans,trans_regulatory_or_intronic
rs149703780,11,1,1,0.0741209,10.8383,trans,trans_regulatory_or_intronic
rs149934734,11,1,1,0.158122,17.3098,trans,trans_regulatory_or_intronic
rs150370599,11,2,2,0.200453,73.1661,trans,trans_other_gene_coding_or_splice
rs150770244,11,1,1,0.528604,40.3829,cis,cis_locus_linked
rs1519125,11,1,1,0.0497726,15.5971,trans,trans_regulatory_or_intronic
rs1535,11,2,2,0.0721998,32.3659,trans,trans_regulatory_or_intronic
rs1660579,11,1,1,0.0662278,18.0195,trans,trans_other_or_unknown
rs16913576,11,2,2,0.0489766,12.2317,trans,trans_regulatory_or_intronic
rs170327,11,1,1,0.0737795,19.4333,trans,trans_regulatory_or_intronic
rs171052,11,1,1,0.374762,579.243,cis,cis_locus_linked
rs17145884,11,1,1,0.0571472,12.344,trans,trans_regulatory_or_intronic
rs17157266,11,2,2,0.0645596,16.3606,trans,trans_regulatory_or_intronic
rs1729405,11,1,1,0.136455,107.381,cis,cis_locus_linked
rs17368814,11,1,1,0.743114,1592.78,cis,cis_target_regulatory_or_linked
rs174530,11,3,3,0.0571249,24.1231,trans,trans_regulatory_or_intronic
rs174533,11,3,3,0.0601191,22.4894,trans,trans_regulatory_or_intronic
rs174534,11,1,1,0.0444062,12.1228,trans,trans_regulatory_or_intronic
rs174536,11,4,4,0.0475784,18.9559,trans,trans_regulatory_or_intronic
rs174537,11,2,2,0.118154,75.5073,trans,trans_regulatory_or_intronic
rs174544,11,4,4,0.0653433,25.5794,trans,trans_regulatory_or_intronic
rs174546,11,2,2,0.0636097,22.5338,trans,trans_regulatory_or_intronic
rs174547,11,1,1,0.0632594,23.8121,trans,trans_regulatory_or_intronic
rs174548,11,1,1,0.048943,14.8159,trans,trans_regulatory_or_intronic
rs174551,11,1,1,0.0391486,13.3434,trans,trans_regulatory_or_intronic
rs174553,11,1,1,0.0440737,11.8369,trans,trans_regulatory_or_intronic
rs174556,11,2,2,0.0496601,14.4932,trans,trans_regulatory_or_intronic
rs174557,11,1,1,0.0478121,13.2905,trans,trans_regulatory_or_intronic
rs174559,11,2,2,0.0509984,14.6514,trans,trans_regulatory_or_intronic
rs174560,11,1,1,0.0575085,18.7534,trans,trans_regulatory_or_intronic
rs174561,11,1,1,0.0493069,14.8259,trans,trans_other_or_unknown
rs174564,11,11,11,0.103315,91.3925,trans,trans_regulatory_or_intronic
rs174566,11,5,5,0.081094,39.291,trans,trans_regulatory_or_intronic
rs174567,11,4,4,0.0502378,17.9734,trans,trans_regulatory_or_intronic
rs174568,11,1,1,0.0723986,30.4139,trans,trans_regulatory_or_intronic
rs174572,11,1,1,0.042124,12.6648,trans,trans_regulatory_or_intronic
rs174574,11,1,1,0.0473669,13.2314,trans,trans_regulatory_or_intronic
rs174576,11,3,3,0.0779416,33.8785,trans,trans_regulatory_or_intronic
rs174581,11,1,1,0.103535,64.6731,trans,trans_regulatory_or_intronic
rs174594,11,1,1,0.0410479,11.4564,trans,trans_regulatory_or_intronic
rs174598,11,1,1,0.0452334,13.3853,trans,trans_regulatory_or_intronic
rs174600,11,1,1,0.0439399,12.0961,trans,trans_regulatory_or_intronic
rs174601,11,2,2,0.0359186,12.519,trans,trans_regulatory_or_intronic
rs17655730,11,4,4,0.103092,45.4978,trans,trans_regulatory_or_intronic
rs17711539,11,1,1,0.0551645,26.5256,trans,trans_regulatory_or_intronic
rs1787909,11,1,1,0.219878,285.581,cis,cis_locus_linked
rs1794089,11,1,1,0.0533632,13.4911,trans,trans_regulatory_or_intronic
rs1799963,11,1,1,0.732663,126.201,cis,cis_locus_linked
rs1815739,11,2,2,0.0605577,25.9893,trans,trans_other_gene_coding_or_splice
rs1837095,11,3,3,0.0607012,30.4251,trans,trans_regulatory_or_intronic
rs1838095,11,1,1,0.0469022,13.3504,trans,trans_regulatory_or_intronic
rs1850521,11,1,1,0.0729631,15.6815,trans,trans_regulatory_or_intronic
rs1863243,11,1,1,0.0523034,14.9597,trans,trans_regulatory_or_intronic
rs1879888,11,1,1,0.0431648,12.9128,trans,trans_regulatory_or_intronic
rs1893990,11,1,1,0.0483141,19.0846,trans,trans_regulatory_or_intronic
rs1945391,11,2,2,0.0416527,12.7452,trans,trans_regulatory_or_intronic
rs1976848,11,1,1,0.0542394,11.682,trans,trans_regulatory_or_intronic
rs199568356,11,5,5,0.0771045,21.376,trans,trans_regulatory_or_intronic
rs2001754,11,1,1,0.0463055,11.8035,trans,trans_regulatory_or_intronic
rs2012605,11,1,1,0.14807,47.8559,cis,cis_locus_linked
rs201265508,11,2,2,0.0547277,12.0445,trans,trans_regulatory_or_intronic
rs201510256,11,1,1,0.0387006,18.1329,trans,trans_other_or_unknown
rs2035675,11,1,1,0.0543703,15.4595,trans,trans_regulatory_or_intronic
rs2051773,11,1,1,0.0614789,19.9776,trans,trans_regulatory_or_intronic
rs2060009,11,1,1,0.144253,152.607,trans,trans_regulatory_or_intronic
rs2074038,11,4,4,0.10523,26.6381,trans,trans_regulatory_or_intronic
rs2074417,11,1,1,0.608009,1980.09,cis,cis_target_regulatory_or_linked
rs2075842,11,2,2,0.10894,74.0684,trans,trans_regulatory_or_intronic
rs2131535,11,1,1,0.493851,1117.67,cis,cis_target_coding_or_splice
rs214068,11,2,2,0.401848,922.316,cis;trans,cis_target_regulatory_or_linked;trans_regulatory_or_intronic
rs214082,11,1,1,0.0399826,13.3273,trans,trans_regulatory_or_intronic
rs2158026,11,1,1,0.0502993,31.2459,trans,trans_regulatory_or_intronic
rs2160669,11,1,1,0.0687151,12.4495,trans,trans_regulatory_or_intronic
rs2168101,11,2,2,0.0613831,17.7969,trans,trans_regulatory_or_intronic
rs2186564,11,1,1,1.07303,2541.69,cis,cis_target_coding_or_splice
rs2186717,11,1,1,0.0525839,16.9502,trans,trans_regulatory_or_intronic
rs2233244,11,1,1,0.0587876,19.3168,trans,trans_regulatory_or_intronic
rs2233546,11,1,1,0.367745,143.574,cis,cis_target_coding_or_splice
rs2236653,11,1,1,0.0478362,17.7085,trans,trans_regulatory_or_intronic
rs2250417,11,1,1,0.285217,494.158,cis,cis_locus_linked
rs2269434,11,1,1,0.0450154,13.7019,trans,trans_regulatory_or_intronic
rs2289123,11,2,2,0.0578771,15.2646,trans,trans_regulatory_or_intronic
rs2289125,11,1,1,0.052455,15.0031,trans,trans_regulatory_or_intronic
rs2298475,11,17,17,0.175278,54.0123,trans,trans_other_gene_coding_or_splice
rs2302361,11,2,2,0.370779,675.398,cis;trans,cis_target_regulatory_or_linked;trans_regulatory_or_intronic
rs2302605,11,1,1,0.321728,708.111,cis,cis_target_regulatory_or_linked
rs231907,11,1,1,0.0479419,13.0974,trans,trans_regulatory_or_intronic
rs2351958,11,1,1,0.0500802,15.437,trans,trans_regulatory_or_intronic
rs2370794,11,1,1,0.316242,540.769,cis,cis_target_regulatory_or_linked
rs2403310,11,1,1,0.150038,156.877,cis,cis_locus_linked
rs2444239,11,1,1,0.0433352,12.2383,trans,trans_regulatory_or_intronic
rs2472632,11,1,1,0.0745828,33.0607,trans,trans_regulatory_or_intronic
rs2508490,11,1,1,0.169344,106.429,trans,trans_other_gene_coding_or_splice
rs2508782,11,1,1,0.0361621,11.2221,trans,trans_regulatory_or_intronic
rs2509049,11,1,1,0.0526992,15.8628,cis,cis_locus_linked
rs2509121,11,1,1,0.172867,175.699,cis,cis_target_regulatory_or_linked
rs2509656,11,1,1,0.154688,73.3209,cis,cis_locus_linked
rs2510564,11,1,1,0.0408355,10.8964,trans,trans_regulatory_or_intronic
rs2511241,11,20,20,0.359365,210.183,trans,trans_other_gene_coding_or_splice
rs2622935,11,2,2,0.16731,131.299,trans,trans_regulatory_or_intronic
rs2670910,11,1,1,0.776178,1167.91,cis,cis_locus_linked
rs2697923,11,1,1,0.0420009,11.1677,trans,trans_regulatory_or_intronic
rs2724424,11,1,1,0.0501624,13.2489,cis,cis_locus_linked
rs2727784,11,1,1,0.065997,26.4594,cis,cis_locus_linked
rs273592,11,1,1,0.042721,12.8126,trans,trans_regulatory_or_intronic
rs2785171,11,1,1,0.0395211,11.2033,trans,trans_regulatory_or_intronic
rs2786800,11,1,1,0.0805023,26.384,trans,trans_regulatory_or_intronic
rs28362944,11,3,3,0.436742,214.397,cis;trans,cis_target_regulatory_or_linked;trans_regulatory_or_intronic
rs28362947,11,2,2,0.254804,293.577,cis;trans,cis_locus_linked;trans_regulatory_or_intronic
rs28365809,11,1,1,0.137504,54.3872,trans,trans_regulatory_or_intronic
rs28456,11,13,13,0.078354,33.2741,trans,trans_regulatory_or_intronic
rs2845705,11,1,1,0.0634235,17.674,trans,trans_regulatory_or_intronic
rs2847501,11,1,1,0.071272,11.9524,trans,trans_regulatory_or_intronic
rs2848626,11,1,1,0.212621,181.778,cis,cis_locus_linked
rs28503875,11,1,1,0.0502101,14.8024,trans,trans_other_gene_coding_or_splice
rs2852190,11,1,1,0.322171,14.5388,trans,trans_regulatory_or_intronic
rs28521954,11,1,1,0.0410313,10.916,trans,trans_regulatory_or_intronic
rs2930191,11,1,1,0.0542144,17.4927,trans,trans_other_or_unknown
rs3016275,11,1,1,0.0791135,37.909,trans,trans_other_or_unknown
rs308326,11,1,1,0.0230081,12.6152,trans,trans_regulatory_or_intronic
rs3135506,11,1,1,0.170114,41.6001,trans,trans_other_gene_coding_or_splice
rs3135932,11,2,2,0.254846,197.361,cis;trans,cis_target_coding_or_splice;trans_other_gene_coding_or_splice
rs34068447,11,1,1,0.132815,98.5924,trans,trans_regulatory_or_intronic
rs34092660,11,1,1,0.057759,17.4463,trans,trans_regulatory_or_intronic
rs34324219,11,1,1,0.748316,1316.79,cis,cis_target_coding_or_splice
rs34383631,11,1,1,0.128109,96.8825,cis,cis_locus_linked
rs34434834,11,5,5,0.28424,67.2046,trans,trans_regulatory_or_intronic
rs34481144,11,1,1,0.115992,83.1435,trans,trans_regulatory_or_intronic
rs34587557,11,1,1,0.312379,122.735,cis,cis_target_coding_or_splice
rs35056404,11,1,1,0.187519,51.0898,trans,trans_regulatory_or_intronic
rs35166255,11,14,14,0.467303,263.91,trans,trans_regulatory_or_intronic
rs35231465,11,1,1,1.24305,834.294,cis,cis_target_coding_or_splice
rs35458154,11,1,1,0.251106,40.1859,trans,trans_regulatory_or_intronic
rs35705950,11,3,3,0.0735464,20.782,trans,trans_regulatory_or_intronic
rs35887873,11,14,14,0.129902,72.7226,trans,trans_regulatory_or_intronic
rs35923643,11,2,2,0.084111,26.823,trans,trans_regulatory_or_intronic
rs36020612,11,1,1,0.100308,38.2073,trans,trans_regulatory_or_intronic
rs36027301,11,6,6,0.113096,19.4351,trans,trans_other_gene_coding_or_splice
rs36030645,11,1,1,0.0886601,20.3367,trans,trans_regulatory_or_intronic
rs36051450,11,3,3,0.0888651,28.2171,trans,trans_regulatory_or_intronic
rs3740688,11,1,1,0.0450509,13.8912,trans,trans_regulatory_or_intronic
rs3740720,11,1,1,0.0800052,36.1789,cis,cis_target_regulatory_or_linked
rs3741085,11,1,1,0.15012,62.4268,cis,cis_locus_linked
rs3741156,11,1,1,0.0587544,15.9533,trans,trans_other_gene_coding_or_splice
rs3741240,11,3,3,0.33612,655.491,cis;trans,cis_target_regulatory_or_linked;trans_regulatory_or_intronic
rs3741343,11,1,1,0.0497697,10.9666,trans,trans_regulatory_or_intronic
rs3758938,11,1,1,0.264076,339.823,cis,cis_locus_linked
rs376140926,11,1,1,0.102129,20.2984,trans,trans_regulatory_or_intronic
rs3781781,11,2,2,0.097039,55.4602,trans,trans_regulatory_or_intronic
rs3824949,11,1,1,0.049173,14.0235,trans,trans_regulatory_or_intronic
rs3829241,11,1,1,0.0602191,19.878,trans,trans_other_gene_coding_or_splice
rs3842763,11,1,1,0.0525855,13.5546,trans,trans_regulatory_or_intronic
rs3862627,11,4,4,0.197607,217.414,trans,trans_regulatory_or_intronic
rs3862630,11,3,3,0.218621,201.025,trans,trans_regulatory_or_intronic
rs3925584,11,1,1,0.0447752,13.1597,trans,trans_other_or_unknown
rs3937027,11,1,1,0.0675763,22.9416,trans,trans_regulatory_or_intronic
rs3967200,11,10,10,0.0865398,25.0474,trans,trans_regulatory_or_intronic
rs4055121,11,21,21,0.177969,102.218,trans,trans_regulatory_or_intronic
rs4099470,11,1,1,0.857091,956.189,cis,cis_target_regulatory_or_linked
rs4121392,11,4,4,0.0684273,26.574,trans,trans_regulatory_or_intronic
rs4237722,11,1,1,0.0375686,10.7699,trans,trans_regulatory_or_intronic
rs4246215,11,2,2,0.0508228,15.444,trans,trans_regulatory_or_intronic
rs4256938,11,1,1,0.135026,60.6255,trans,trans_regulatory_or_intronic
rs4288784,11,1,1,0.144248,32.1158,cis,cis_target_regulatory_or_linked
rs4325274,11,1,1,0.0532572,18.8793,trans,trans_regulatory_or_intronic
rs4340079,11,1,1,0.0559156,11.3976,trans,trans_regulatory_or_intronic
rs4369416,11,1,1,0.0536665,17.1275,trans,trans_regulatory_or_intronic
rs4408267,11,2,2,0.0789034,15.446,trans,trans_regulatory_or_intronic
rs4414241,11,1,1,0.0749246,20.9855,cis,cis_locus_linked
rs4475891,11,1,1,0.0328613,11.3715,trans,trans_regulatory_or_intronic
rs4492844,11,1,1,0.0652972,16.23,trans,trans_regulatory_or_intronic
rs4520607,11,1,1,0.047504,14.4006,trans,trans_regulatory_or_intronic
rs4543942,11,1,1,0.0666132,30.5478,trans,trans_regulatory_or_intronic
rs45489595,11,1,1,0.164389,64.1523,trans,trans_regulatory_or_intronic
rs45505501,11,1,1,0.0589336,12.5601,trans,trans_regulatory_or_intronic
rs45558732,11,1,1,1.00485,703.959,cis,cis_locus_linked
rs4570592,11,1,1,0.0565068,19.3661,trans,trans_regulatory_or_intronic
rs4601794,11,4,4,0.122998,22.2706,trans,trans_regulatory_or_intronic
rs4633440,11,1,1,0.0678907,24.0337,trans,trans_regulatory_or_intronic
rs471994,11,1,1,0.456829,1097.26,cis,cis_locus_linked
rs4752977,11,1,1,0.0573292,13.9557,trans,trans_regulatory_or_intronic
rs4753126,11,2,2,0.0520139,18.2814,trans,trans_regulatory_or_intronic
rs4756950,11,1,1,0.0886866,41.6592,trans,trans_regulatory_or_intronic
rs4757282,11,1,1,0.131509,75.4287,cis,cis_locus_linked
rs476994,11,1,1,0.0883837,43.412,trans,trans_regulatory_or_intronic
rs481080,11,1,1,0.23624,328.165,trans,trans_regulatory_or_intronic
rs482246,11,1,1,0.066652,33.9657,trans,trans_regulatory_or_intronic
rs486055,11,1,1,0.395338,465.336,cis,cis_target_coding_or_splice
rs488962,11,1,1,0.201615,179.3,trans,trans_regulatory_or_intronic
rs492186,11,1,1,0.0448178,14.4575,trans,trans_regulatory_or_intronic
rs4926,11,1,1,0.090749,41.978,trans,trans_other_gene_coding_or_splice
rs4937122,11,1,1,0.0706249,10.9356,trans,trans_regulatory_or_intronic
rs4937127,11,2,2,0.107592,84.8109,trans,trans_regulatory_or_intronic
rs4939113,11,1,1,0.0715054,22.2883,trans,trans_regulatory_or_intronic
rs494144,11,3,3,0.0785096,41.7342,trans,trans_regulatory_or_intronic
rs498045,11,1,1,0.466453,1280.94,cis,cis_locus_linked
rs5002812,11,1,1,0.105491,54.8661,trans,trans_regulatory_or_intronic
rs502857,11,1,1,0.193351,191.902,trans,trans_other_or_unknown
rs507695,11,1,1,0.0893014,45.4967,trans,trans_regulatory_or_intronic
rs513249,11,3,3,0.0466776,12.6505,trans,trans_regulatory_or_intronic
rs513365,11,1,1,0.0698369,26.596,trans,trans_regulatory_or_intronic
rs525028,11,4,4,0.0735419,27.2019,trans,trans_regulatory_or_intronic
rs535716,11,1,1,0.0565769,14.4464,trans,trans_regulatory_or_intronic
rs542275,11,1,1,0.361326,820.131,cis,cis_target_regulatory_or_linked
rs542831,11,1,1,0.0586472,26.6853,trans,trans_regulatory_or_intronic
rs546202,11,1,1,0.0588498,24.952,trans,trans_regulatory_or_intronic
rs550299,11,2,2,0.101355,53.4109,trans,trans_regulatory_or_intronic
rs550729,11,1,1,0.255534,320.454,trans,trans_regulatory_or_intronic
rs555465,11,1,1,0.0506326,18.2028,trans,trans_other_or_unknown
rs55646096,11,3,3,0.16292,96.638,trans,trans_regulatory_or_intronic
rs55696240,11,1,1,0.0430225,12.3131,trans,trans_regulatory_or_intronic
rs55797351,11,1,1,0.202894,76.5607,trans,trans_regulatory_or_intronic
rs558593,11,1,1,0.872117,3849.77,cis,cis_locus_linked
rs55861089,11,1,1,0.492405,540.264,cis,cis_locus_linked
rs55933700,11,1,1,1.07325,592.633,cis,cis_locus_linked
rs561722,11,1,1,0.048742,19.0552,trans,trans_regulatory_or_intronic
rs561877,11,2,2,0.0575531,22.569,trans,trans_regulatory_or_intronic
rs561945,11,1,1,0.0508074,19.9378,trans,trans_regulatory_or_intronic
rs562028,11,1,1,0.0772057,36.4027,trans,trans_other_or_unknown
rs56363318,11,1,1,0.182212,65.4801,trans,trans_regulatory_or_intronic
rs564699,11,1,1,0.0563349,19.9386,trans,trans_regulatory_or_intronic
rs56801796,11,1,1,0.368634,641.685,cis,cis_target_regulatory_or_linked
rs569550,11,1,1,0.0444694,12.9014,trans,trans_regulatory_or_intronic
rs572608,11,1,1,0.0516706,18.0529,trans,trans_regulatory_or_intronic
rs5743659,11,1,1,0.524902,39.7313,cis,cis_locus_linked
rs574941,11,1,1,0.0454361,10.8209,trans,trans_regulatory_or_intronic
rs576785,11,2,2,0.0610168,19.6737,trans,trans_other_or_unknown
rs579926,11,1,1,0.0308952,11.1115,trans,trans_other_or_unknown
rs587862,11,1,1,0.0553482,15.3394,trans,trans_regulatory_or_intronic
rs58833930,11,1,1,0.0665904,12.5919,trans,trans_regulatory_or_intronic
rs594144,11,1,1,0.0441081,16.5631,trans,trans_regulatory_or_intronic
rs596002,11,1,1,0.100642,39.1797,trans,trans_regulatory_or_intronic
rs59648931,11,1,1,0.10915,54.5278,cis,cis_target_coding_or_splice
rs59822672,11,1,1,0.10198,20.3141,trans,trans_regulatory_or_intronic
rs599816,11,1,1,0.129775,93.6944,cis,cis_locus_linked
rs604085,11,1,1,0.0405927,24.2301,trans,trans_regulatory_or_intronic
rs60843925,11,9,9,0.134696,58.4774,trans,trans_regulatory_or_intronic
rs613808,11,1,1,0.0570117,17.2267,trans,trans_regulatory_or_intronic
rs61652119,11,1,1,0.773224,665.548,cis,cis_target_regulatory_or_linked
rs61734554,11,1,1,0.975221,114.819,cis,cis_locus_linked
rs61736408,11,1,1,0.481066,772.533,cis,cis_target_coding_or_splice
rs61744929,11,3,3,0.420501,72.769,trans,trans_other_gene_coding_or_splice
rs61759893,11,1,1,0.393575,16.295,trans,trans_other_gene_coding_or_splice
rs617819,11,1,1,0.474578,2089.35,cis,cis_target_regulatory_or_linked
rs61882275,11,1,1,0.0567209,18.8422,trans,trans_regulatory_or_intronic
rs61886532,11,1,1,0.193847,40.6341,cis,cis_locus_linked
rs61896141,11,1,1,0.0574926,12.5261,trans,trans_regulatory_or_intronic
rs61897431,11,2,2,0.0525818,17.6397,trans,trans_regulatory_or_intronic
rs61897793,11,1,1,0.0716357,19.4672,trans,trans_regulatory_or_intronic
rs61897795,11,1,1,0.058771,11.5214,trans,trans_regulatory_or_intronic
rs61905116,11,1,1,0.110287,16.6535,cis,cis_locus_linked
rs619360,11,1,1,0.0399303,10.9236,trans,trans_regulatory_or_intronic
rs62618693,11,2,2,0.0982225,12.969,trans,trans_other_gene_coding_or_splice
rs633683,11,1,1,0.0443444,12.2545,cis,cis_target_regulatory_or_linked
rs635887,11,1,1,0.0423933,10.9692,trans,trans_regulatory_or_intronic
rs637571,11,1,1,0.0426847,12.2573,trans,trans_other_gene_coding_or_splice
rs6484784,11,1,1,0.0343152,11.9352,trans,trans_regulatory_or_intronic
rs6485720,11,1,1,0.0406195,11.2456,trans,trans_regulatory_or_intronic
rs6486122,11,2,2,0.0462899,12.5789,trans,trans_regulatory_or_intronic
rs648710,11,1,1,0.106113,64.7998,trans,trans_regulatory_or_intronic
rs6541,11,2,2,0.0557516,13.2617,trans,trans_regulatory_or_intronic
rs6578313,11,1,1,0.050883,11.0158,trans,trans_regulatory_or_intronic
rs6589598,11,1,1,0.13603,74.1373,trans,trans_regulatory_or_intronic
rs6589823,11,1,1,0.196723,11.1471,trans,trans_regulatory_or_intronic
rs6589938,11,1,1,0.0455101,15.3603,trans,trans_other_or_unknown
rs6590199,11,2,2,0.0770461,20.2947,trans,trans_regulatory_or_intronic
rs6590334,11,1,1,0.0381457,11.6165,trans,trans_regulatory_or_intronic
rs6591649,11,1,1,0.0504086,14.7526,trans,trans_regulatory_or_intronic
rs660442,11,1,1,0.118198,51.9357,cis,cis_locus_linked
rs663939,11,2,2,0.062134,22.3075,trans,trans_regulatory_or_intronic
rs66619583,11,1,1,0.0866176,16.0877,trans,trans_regulatory_or_intronic
rs667528,11,1,1,0.0609672,20.8689,trans,trans_regulatory_or_intronic
rs669661,11,1,1,0.969022,108.031,cis,cis_target_coding_or_splice
rs672110,11,2,2,0.0525231,15.0105,trans,trans_regulatory_or_intronic
rs67513506,11,1,1,0.0596786,12.6462,cis,cis_locus_linked
rs683486,11,4,4,0.121683,108.583,trans,trans_regulatory_or_intronic
rs686056,11,4,4,0.0974677,52.1227,trans,trans_regulatory_or_intronic
rs695110,11,1,1,0.0726106,17.9056,trans,trans_regulatory_or_intronic
rs695112,11,1,1,0.0638594,15.0673,trans,trans_regulatory_or_intronic
rs7103461,11,7,7,0.118966,44.8762,trans,trans_regulatory_or_intronic
rs7108216,11,1,1,0.0444671,14.2835,trans,trans_regulatory_or_intronic
rs7108717,11,1,1,0.787782,1120.63,cis,cis_target_regulatory_or_linked
rs7110043,11,1,1,0.045433,11.4976,trans,trans_regulatory_or_intronic
rs7110845,11,1,1,0.0407911,12.2414,trans,trans_other_gene_coding_or_splice
rs7111242,11,3,3,0.133166,61.3714,trans,trans_regulatory_or_intronic
rs7112154,11,1,1,0.061129,11.3624,trans,trans_regulatory_or_intronic
rs7114195,11,1,1,0.781183,3276.18,cis,cis_target_regulatory_or_linked
rs7114578,11,1,1,0.0445422,12.9791,trans,trans_regulatory_or_intronic
rs7117842,11,1,1,0.0422099,11.844,trans,trans_regulatory_or_intronic
rs7120175,11,1,1,0.0447106,14.0764,trans,trans_regulatory_or_intronic
rs7121123,11,1,1,0.0653999,14.2152,trans,trans_regulatory_or_intronic
rs7122754,11,1,1,0.0465694,14.9884,trans,trans_regulatory_or_intronic
rs7124914,11,2,2,0.0624328,26.7402,trans,trans_regulatory_or_intronic
rs7127347,11,1,1,0.0642033,18.3288,trans,trans_regulatory_or_intronic
rs7127978,11,1,1,0.0383214,21.9852,trans,trans_regulatory_or_intronic
rs7128207,11,1,1,0.0616975,23.2146,trans,trans_regulatory_or_intronic
rs71469854,11,1,1,0.0796867,20.1357,trans,trans_regulatory_or_intronic
rs71475909,11,2,2,0.0647776,23.159,trans,trans_regulatory_or_intronic
rs7232,11,13,13,0.40266,979.354,trans,trans_other_gene_coding_or_splice
rs72867737,11,1,1,0.0548815,17.3786,trans,trans_regulatory_or_intronic
rs72882960,11,3,3,0.0564053,14.0276,trans,trans_regulatory_or_intronic
rs72968738,11,1,1,0.0754835,13.3098,trans,trans_regulatory_or_intronic
rs72992152,11,1,1,0.0516082,13.0783,trans,trans_regulatory_or_intronic
rs72997349,11,1,1,0.382561,102.36,cis,cis_locus_linked
rs73000929,11,7,7,0.851026,571.491,cis;trans,cis_target_regulatory_or_linked;trans_regulatory_or_intronic
rs73000965,11,2,2,0.0620471,22.9713,trans,trans_regulatory_or_intronic
rs73017385,11,2,2,0.135019,79.9094,trans,trans_regulatory_or_intronic
rs73017399,11,1,1,0.07119,29.7985,trans,trans_regulatory_or_intronic
rs73021441,11,4,4,0.271533,98.0866,trans,trans_regulatory_or_intronic
rs73044885,11,1,1,0.177943,35.1384,cis,cis_target_regulatory_or_linked
rs735665,11,2,2,0.0905619,30.208,trans,trans_regulatory_or_intronic
rs7358384,11,2,2,0.102289,69.9141,trans,trans_regulatory_or_intronic
rs73632745,11,2,2,0.13466,56.5443,trans,trans_regulatory_or_intronic
rs7395567,11,1,1,0.589435,1576.24,cis,cis_target_regulatory_or_linked
rs74611001,11,1,1,0.215298,26.325,trans,trans_regulatory_or_intronic
rs74612335,11,1,1,0.03365,13.6504,trans,trans_regulatory_or_intronic
rs74622686,11,2,2,0.0547084,11.651,trans,trans_regulatory_or_intronic
rs7478680,11,1,1,0.0474866,10.7945,trans,trans_regulatory_or_intronic
rs7480143,11,1,1,0.0656767,14.0468,trans,trans_regulatory_or_intronic
rs7481951,11,6,6,0.126278,100.101,trans,trans_other_gene_coding_or_splice
rs74992301,11,1,1,0.298394,115.285,cis,cis_locus_linked
rs75071241,11,8,8,0.214361,67.7282,trans,trans_regulatory_or_intronic
rs75117940,11,1,1,0.0645355,12.8418,trans,trans_regulatory_or_intronic
rs75128008,11,1,1,0.0829466,13.1,trans,trans_regulatory_or_intronic
rs75491173,11,1,1,0.0763791,16.6943,trans,trans_regulatory_or_intronic
rs755760,11,1,1,0.0514954,15.4187,trans,trans_regulatory_or_intronic
rs75592015,11,1,1,0.0965273,13.0182,trans,trans_regulatory_or_intronic
rs757081,11,3,3,0.0631915,22.7594,trans,trans_other_gene_coding_or_splice
rs75782559,11,1,1,0.103939,28.601,trans,trans_regulatory_or_intronic
rs75902876,11,1,1,0.351966,174.263,cis,cis_locus_linked
rs762803,11,1,1,0.195763,205.898,cis,cis_target_regulatory_or_linked
rs76369658,11,1,1,0.0635215,13.6506,trans,trans_regulatory_or_intronic
rs76485191,11,1,1,0.0518576,15.7993,trans,trans_regulatory_or_intronic
rs76525968,11,1,1,0.0456484,10.8173,trans,trans_regulatory_or_intronic
rs76794772,11,1,1,0.596967,253.449,cis,cis_target_regulatory_or_linked
rs76970536,11,1,1,0.132167,38.9884,trans,trans_regulatory_or_intronic
rs77256447,11,1,1,0.0938587,14.3055,trans,trans_regulatory_or_intronic
rs77806870,11,1,1,0.0975336,12.3333,cis,cis_locus_linked
rs78689694,11,22,22,0.192263,154.595,trans,trans_regulatory_or_intronic
rs78778622,11,1,1,0.428543,227.484,cis,cis_target_coding_or_splice
rs7932766,11,1,1,0.0761563,30.9789,trans,trans_regulatory_or_intronic
rs7933202,11,1,1,0.048818,14.2852,trans,trans_regulatory_or_intronic
rs7933887,11,1,1,0.0489801,15.4535,trans,trans_regulatory_or_intronic
rs7937642,11,1,1,0.071438,12.8682,trans,trans_regulatory_or_intronic
rs7938055,11,1,1,0.0541365,17.5071,trans,trans_regulatory_or_intronic
rs7938316,11,1,1,0.0318743,11.2318,trans,trans_regulatory_or_intronic
rs7938323,11,1,1,0.0651943,24.0382,trans,trans_regulatory_or_intronic
rs7944186,11,1,1,0.0841785,42.9808,trans,trans_regulatory_or_intronic
rs7944598,11,2,2,0.0566395,24.0914,trans,trans_regulatory_or_intronic
rs7944748,11,1,1,0.0474191,13.3922,trans,trans_other_or_unknown
rs7945556,11,2,2,0.0779184,15.6028,trans,trans_regulatory_or_intronic
rs7948108,11,1,1,0.0660522,27.67,trans,trans_regulatory_or_intronic
rs7948455,11,2,2,0.0821561,18.6195,trans,trans_regulatory_or_intronic
rs7949566,11,4,4,0.0741269,38.493,trans,trans_regulatory_or_intronic
rs7951028,11,4,4,0.106781,34.6151,trans,trans_regulatory_or_intronic
rs7952194,11,1,1,0.0456129,11.3001,trans,trans_regulatory_or_intronic
rs7952602,11,7,7,0.146453,69.9082,trans,trans_regulatory_or_intronic
rs79637814,11,1,1,0.142852,20.7208,cis,cis_locus_linked
rs8181503,11,1,1,0.0425516,12.8429,trans,trans_regulatory_or_intronic
rs831636,11,1,1,0.228706,305.801,cis,cis_target_regulatory_or_linked
rs836143,11,1,1,0.0529362,22.4516,trans,trans_regulatory_or_intronic
rs907612,11,1,1,0.145979,121.66,cis,cis_target_regulatory_or_linked
rs94499,11,1,1,0.112803,52.1454,cis,cis_target_regulatory_or_linked
rs950802,11,10,10,0.277133,407.549,trans,trans_other_gene_coding_or_splice
rs950803,11,2,2,0.101733,64.1081,trans,trans_other_gene_coding_or_splice
rs964184,11,30,30,0.190999,113.376,trans,trans_regulatory_or_intronic
rs968567,11,1,1,0.0502251,12.2692,trans,trans_regulatory_or_intronic
rs9704688,11,1,1,0.0635768,15.01,trans,trans_regulatory_or_intronic
rs9704782,11,1,1,0.0579869,17.153,trans,trans_regulatory_or_intronic
rs99780,11,1,1,0.0439885,11.2079,trans,trans_regulatory_or_intronic
rs1006409,12,1,1,0.0504,15.7309,trans,trans_regulatory_or_intronic
rs10083067,12,1,1,0.0797815,11.1297,trans,trans_regulatory_or_intronic
rs10083137,12,4,4,0.219682,58.708,trans,trans_regulatory_or_intronic
rs10128856,12,2,2,0.244195,321.406,trans,trans_regulatory_or_intronic
rs10128858,12,1,1,0.278062,393.213,trans,trans_regulatory_or_intronic
rs1013311,12,1,1,0.164423,139.949,trans,trans_regulatory_or_intronic
rs10161364,12,1,1,0.178568,195.234,trans,trans_regulatory_or_intronic
rs1017301,12,1,1,0.328099,994.008,cis,cis_target_regulatory_or_linked
rs1027315,12,1,1,0.0591895,23.2131,trans,trans_regulatory_or_intronic
rs1043011,12,1,1,0.0592953,14.245,trans,trans_regulatory_or_intronic
rs10444559,12,1,1,0.0433319,11.3516,trans,trans_regulatory_or_intronic
rs1047912,12,1,1,0.0455937,12.8403,trans,trans_regulatory_or_intronic
rs1050625,12,1,1,0.470642,50.3887,cis,cis_target_coding_or_splice
rs1056008,12,2,2,0.0656985,22.1921,trans,trans_other_gene_coding_or_splice
rs1063193,12,1,1,0.771403,3355.21,cis,cis_target_coding_or_splice
rs1070073,12,3,3,0.128552,90.2832,trans,trans_regulatory_or_intronic
rs10744648,12,1,1,0.0464412,13.7344,trans,trans_regulatory_or_intronic
rs10745507,12,1,1,0.050181,29.0915,trans,trans_regulatory_or_intronic
rs10745925,12,11,11,0.401532,1055.65,trans,trans_regulatory_or_intronic
rs10771162,12,1,1,0.0636413,10.9539,trans,trans_regulatory_or_intronic
rs10772279,12,1,1,0.0428037,12.4429,trans,trans_regulatory_or_intronic
rs10772388,12,2,2,0.142604,102.664,trans,trans_regulatory_or_intronic
rs10772424,12,1,1,0.11626,15.896,trans,trans_regulatory_or_intronic
rs10773005,12,1,1,0.0820491,14.9077,trans,trans_regulatory_or_intronic
rs10774624,12,28,28,0.0576153,19.9437,trans,trans_regulatory_or_intronic
rs10774625,12,12,12,0.0952303,54.9288,trans,trans_regulatory_or_intronic
rs10777164,12,1,1,0.0797587,35.0123,trans,trans_regulatory_or_intronic
rs10777172,12,1,1,0.192519,183.665,trans,trans_other_or_unknown
rs10777178,12,1,1,0.117424,77.1091,trans,trans_regulatory_or_intronic
rs10778118,12,2,2,0.0674794,21.0979,trans,trans_regulatory_or_intronic
rs10778143,12,1,1,0.0555842,13.5805,trans,trans_regulatory_or_intronic
rs10778152,12,2,2,0.254923,351.086,trans,trans_regulatory_or_intronic
rs10778153,12,1,1,0.0647245,27.9847,trans,trans_regulatory_or_intronic
rs10785594,12,1,1,0.0408531,13.732,trans,trans_regulatory_or_intronic
rs10841568,12,1,1,0.0853501,33.2357,trans,trans_regulatory_or_intronic
rs10843390,12,3,3,0.244061,290.514,trans,trans_regulatory_or_intronic
rs10843403,12,4,4,0.0766032,31.6037,trans,trans_regulatory_or_intronic
rs10845030,12,1,1,0.0529471,17.5917,trans,trans_regulatory_or_intronic
rs10845251,12,2,2,0.0690326,25.2838,trans,trans_regulatory_or_intronic
rs10845338,12,1,1,0.0319251,10.805,trans,trans_other_or_unknown
rs10846740,12,1,1,0.0616621,12.1527,trans,trans_regulatory_or_intronic
rs10846744,12,5,5,0.0817474,22.7511,trans,trans_regulatory_or_intronic
rs10848975,12,1,1,0.0447726,11.2273,trans,trans_other_or_unknown
rs10849032,12,2,2,0.0422222,12.5711,trans,trans_regulatory_or_intronic
rs10849082,12,1,1,0.0613419,28.4907,trans,trans_regulatory_or_intronic
rs10849411,12,1,1,0.0532448,16.8127,trans,trans_other_or_unknown
rs10849412,12,2,2,0.0477696,13.56,trans,trans_other_or_unknown
rs10849448,12,5,5,0.0584205,14.8638,trans,trans_regulatory_or_intronic
rs10849546,12,2,2,0.173779,90.8311,trans,trans_regulatory_or_intronic
rs10849949,12,1,1,0.0824049,27.5055,cis,cis_target_regulatory_or_linked
rs10860794,12,10,10,0.360202,785.341,trans,trans_regulatory_or_intronic
rs10860937,12,1,1,0.040679,10.8062,trans,trans_other_or_unknown
rs10875723,12,1,1,0.733736,2949.43,cis,cis_locus_linked
rs10876169,12,1,1,0.0641952,26.7098,trans,trans_regulatory_or_intronic
rs10876406,12,1,1,0.13114,50.0271,cis,cis_locus_linked
rs10876550,12,104,104,0.129935,101.353,cis;trans,cis_locus_linked;trans_regulatory_or_intronic
rs10878774,12,1,1,0.0413025,12.4203,trans,trans_regulatory_or_intronic
rs10879065,12,1,1,0.0419015,11.6152,trans,trans_other_gene_coding_or_splice
rs10880853,12,1,1,0.0484982,11.5585,trans,trans_regulatory_or_intronic
rs11045816,12,2,2,0.0753911,26.1694,trans,trans_regulatory_or_intronic
rs11045819,12,1,1,0.0619986,14.4356,trans,trans_other_gene_coding_or_splice
rs11045826,12,2,2,0.139706,64.2302,trans,trans_regulatory_or_intronic
rs11045856,12,6,6,0.0993511,42.9387,trans,trans_regulatory_or_intronic
rs11045885,12,1,1,0.063866,15.9224,trans,trans_regulatory_or_intronic
rs11047224,12,1,1,0.126639,19.9525,trans,trans_regulatory_or_intronic
rs11047261,12,1,1,0.107325,16.8898,trans,trans_regulatory_or_intronic
rs11047635,12,1,1,0.284731,394.222,cis,cis_locus_linked
rs11048473,12,2,2,0.0607729,24.1178,trans,trans_regulatory_or_intronic
rs11049110,12,1,1,0.0673742,14.9773,trans,trans_regulatory_or_intronic
rs11050167,12,1,1,0.0443649,11.3308,trans,trans_regulatory_or_intronic
rs11050175,12,1,1,0.0423708,16.1282,trans,trans_regulatory_or_intronic
rs11053802,12,1,1,0.0642223,27.2465,trans,trans_regulatory_or_intronic
rs11054397,12,1,1,0.054776,18.5648,trans,trans_other_or_unknown
rs11054402,12,1,1,0.0725721,38.4896,trans,trans_other_or_unknown
rs11054859,12,1,1,0.175013,80.5268,cis,cis_locus_linked
rs11055602,12,1,1,0.845825,4084.01,cis,cis_target_regulatory_or_linked
rs11056780,12,5,5,0.083523,42.8855,trans,trans_other_or_unknown
rs11057839,12,2,2,0.0942319,34.0607,trans,trans_regulatory_or_intronic
rs11057840,12,3,3,0.0788906,35.5443,trans,trans_regulatory_or_intronic
rs11057841,12,3,3,0.073489,15.9866,trans,trans_regulatory_or_intronic
rs11060065,12,1,1,0.248941,50.4285,cis,cis_locus_linked
rs11064077,12,9,9,0.0495486,15.192,trans,trans_other_or_unknown
rs11064501,12,1,1,0.07088,15.296,trans,trans_regulatory_or_intronic
rs11065078,12,1,1,0.0605695,15.8986,cis,cis_locus_linked
rs11065286,12,1,1,0.0429407,13.2377,trans,trans_regulatory_or_intronic
rs11065365,12,1,1,0.0501675,17.3956,trans,trans_regulatory_or_intronic
rs11065385,12,1,1,0.132092,99.676,trans,trans_regulatory_or_intronic
rs11068372,12,1,1,0.0512436,12.5387,trans,trans_regulatory_or_intronic
rs11105298,12,1,1,0.128794,75.8088,trans,trans_regulatory_or_intronic
rs11105352,12,1,1,0.06545,18.7555,trans,trans_regulatory_or_intronic
rs11105794,12,1,1,0.0441689,18.7363,trans,trans_regulatory_or_intronic
rs11105798,12,1,1,0.0695588,25.4335,trans,trans_regulatory_or_intronic
rs11111026,12,1,1,0.087123,29.9212,trans,trans_regulatory_or_intronic
rs11147139,12,1,1,0.122237,60.4282,cis,cis_locus_linked
rs11147230,12,2,2,0.0524142,19.2752,trans,trans_regulatory_or_intronic
rs111653196,12,1,1,0.0819399,10.8589,trans,trans_regulatory_or_intronic
rs11170326,12,1,1,0.0451597,12.3533,trans,trans_regulatory_or_intronic
rs11170874,12,5,5,0.0484942,13.2862,trans,trans_regulatory_or_intronic
rs11172111,12,1,1,0.0373385,12.3318,trans,trans_regulatory_or_intronic
rs11172113,12,2,2,0.0453485,15.9064,trans,trans_regulatory_or_intronic
rs11172134,12,1,1,0.0546306,19.2226,trans,trans_regulatory_or_intronic
rs11172841,12,1,1,0.0922467,35.4345,cis,cis_locus_linked
rs11177604,12,1,1,0.20209,267.477,cis,cis_locus_linked
rs111831204,12,1,1,0.0475475,11.6093,trans,trans_regulatory_or_intronic
rs11183272,12,1,1,0.0470832,16.6328,trans,trans_regulatory_or_intronic
rs112279878,12,1,1,0.04508,14.8892,trans,trans_regulatory_or_intronic
rs112403212,12,4,4,0.120927,54.4231,trans,trans_regulatory_or_intronic
rs112538604,12,1,1,0.0397683,11.281,trans,trans_regulatory_or_intronic
rs112630705,12,1,1,0.0543993,11.6561,trans,trans_other_or_unknown
rs112683685,12,1,1,0.0456667,11.0483,trans,trans_other_or_unknown
rs112814955,12,1,1,0.0898285,14.5027,trans,trans_regulatory_or_intronic
rs1131017,12,2,2,0.0698448,36.2349,trans,trans_regulatory_or_intronic
rs113379328,12,1,1,0.361665,12.575,cis,cis_target_coding_or_splice
rs11362821,12,1,1,0.110098,11.6215,trans,trans_other_or_unknown
rs114749801,12,2,2,0.196393,38.0341,trans,trans_regulatory_or_intronic
rs1151851,12,1,1,0.0441211,13.6357,trans,trans_regulatory_or_intronic
rs115484757,12,1,1,0.283937,34.2134,trans,trans_regulatory_or_intronic
rs11553699,12,21,21,0.180925,84.8248,trans,trans_regulatory_or_intronic
rs11559982,12,1,1,0.0478422,13.6818,trans,trans_other_or_unknown
rs11572960,12,1,1,0.237124,17.5875,trans,trans_regulatory_or_intronic
rs1157486,12,1,1,0.073065,27.778,cis,cis_locus_linked
rs115840458,12,1,1,0.786404,952.337,cis,cis_target_regulatory_or_linked
rs11610944,12,1,1,0.0576758,19.6296,cis,cis_locus_linked
rs1161106,12,1,1,0.0712341,15.2964,trans,trans_regulatory_or_intronic
rs11612228,12,1,1,0.0534014,18.1374,trans,trans_regulatory_or_intronic
rs11613352,12,1,1,0.0710108,23.3954,trans,trans_regulatory_or_intronic
rs11614179,12,1,1,0.0873371,13.0504,trans,trans_regulatory_or_intronic
rs11614202,12,1,1,0.0743035,22.5707,trans,trans_regulatory_or_intronic
rs11616188,12,1,1,0.0411552,11.2526,trans,trans_regulatory_or_intronic
rs1167697,12,1,1,0.0520236,15.5126,trans,trans_regulatory_or_intronic
rs1168948,12,2,2,0.0707353,32.5907,trans,trans_regulatory_or_intronic
rs1169284,12,3,3,0.0615467,32.8477,trans,trans_regulatory_or_intronic
rs1169288,12,5,5,0.165431,168.123,trans,trans_other_gene_coding_or_splice
rs1169292,12,1,1,0.0424083,19.1395,trans,trans_regulatory_or_intronic
rs1169294,12,3,3,0.0734121,33.423,trans,trans_regulatory_or_intronic
rs117213717,12,1,1,1.97525,1200.26,cis,cis_target_coding_or_splice
rs117654599,12,2,2,0.316414,38.632,trans,trans_regulatory_or_intronic
rs117692263,12,2,2,0.152097,46.409,trans,trans_regulatory_or_intronic
rs117788567,12,1,1,0.232915,12.8682,trans,trans_regulatory_or_intronic
rs117801489,12,2,2,0.653756,150.621,cis;trans,cis_target_coding_or_splice;trans_other_gene_coding_or_splice
rs1182933,12,1,1,0.0449805,11.3322,trans,trans_regulatory_or_intronic
rs11830324,12,1,1,0.133164,62.8827,trans,trans_regulatory_or_intronic
rs11830537,12,1,1,0.123792,27.3434,trans,trans_regulatory_or_intronic
rs11830764,12,2,2,0.09413,22.5926,trans,trans_regulatory_or_intronic
rs11837407,12,1,1,0.0595135,21.6055,trans,trans_regulatory_or_intronic
rs12146727,12,1,1,0.4481,539.056,cis,cis_locus_linked
rs1215741,12,1,1,0.196107,193.733,cis,cis_target_regulatory_or_linked
rs12228043,12,1,1,0.0890945,11.2506,trans,trans_regulatory_or_intronic
rs12229457,12,1,1,0.0571048,18.0796,trans,trans_regulatory_or_intronic
rs12230629,12,1,1,0.485235,1023.86,cis,cis_target_regulatory_or_linked
rs12296430,12,1,1,0.167506,106.803,trans,trans_regulatory_or_intronic
rs12298908,12,1,1,0.0526849,13.0385,trans,trans_regulatory_or_intronic
rs12310519,12,1,1,0.0798213,23.4417,trans,trans_regulatory_or_intronic
rs12316080,12,1,1,0.05676,18.4632,trans,trans_regulatory_or_intronic
rs12316107,12,1,1,0.0683623,23.4671,trans,trans_regulatory_or_intronic
rs12318001,12,2,2,0.104237,27.0871,trans,trans_regulatory_or_intronic
rs12368181,12,1,1,0.0639725,11.4336,trans,trans_regulatory_or_intronic
rs12368376,12,1,1,0.0617846,21.758,trans,trans_regulatory_or_intronic
rs12368869,12,1,1,0.0737986,21.4888,trans,trans_regulatory_or_intronic
rs12370269,12,1,1,0.941074,3520.83,cis,cis_target_regulatory_or_linked
rs12371227,12,1,1,0.652131,1154.16,cis,cis_target_regulatory_or_linked
rs12372231,12,2,2,0.0631852,30.4192,trans,trans_regulatory_or_intronic
rs12372718,12,1,1,0.0811318,46.1421,trans,trans_regulatory_or_intronic
rs12424638,12,1,1,0.111401,18.5062,trans,trans_regulatory_or_intronic
rs12579868,12,2,2,0.0494149,17.2006,trans,trans_regulatory_or_intronic
rs12811045,12,1,1,0.0675329,20.698,trans,trans_other_or_unknown
rs12811171,12,1,1,0.0561711,19.3293,trans,trans_regulatory_or_intronic
rs12811932,12,1,1,0.041396,10.918,trans,trans_regulatory_or_intronic
rs12812279,12,2,2,0.0991587,66.4885,trans,trans_regulatory_or_intronic
rs12816349,12,1,1,0.055247,21.5952,trans,trans_regulatory_or_intronic
rs12824946,12,1,1,0.201076,86.6705,cis,cis_locus_linked
rs12827504,12,1,1,0.0709731,17.2901,trans,trans_regulatory_or_intronic
rs12827788,12,2,2,0.0460194,13.3984,trans,trans_regulatory_or_intronic
rs12831827,12,1,1,0.0480824,13.5021,trans,trans_regulatory_or_intronic
rs1362213,12,4,4,0.0494529,15.23,trans,trans_other_or_unknown
rs1362214,12,1,1,0.0605973,21.9182,trans,trans_other_or_unknown
rs1366,12,1,1,0.0453614,17.2914,trans,trans_regulatory_or_intronic
rs138854007,12,2,2,0.138074,30.7109,trans,trans_regulatory_or_intronic
rs1389065,12,1,1,0.062898,19.9616,trans,trans_regulatory_or_intronic
rs145878042,12,8,8,0.229619,14.2488,trans,trans_other_gene_coding_or_splice
rs145920606,12,2,2,0.106835,22.8786,trans,trans_regulatory_or_intronic
rs146326139,12,2,2,0.191624,12.1301,trans,trans_regulatory_or_intronic
rs147572362,12,1,1,0.68665,87.0792,cis,cis_target_coding_or_splice
rs148637595,12,1,1,0.0502056,13.3026,trans,trans_regulatory_or_intronic
rs150272003,12,1,1,0.224315,15.7856,trans,trans_regulatory_or_intronic
rs151004395,12,1,1,0.1013,20.6263,trans,trans_regulatory_or_intronic
rs1600128,12,1,1,0.514347,1254.92,cis,cis_locus_linked
rs1609860,12,3,3,0.408355,310.153,trans,trans_other_gene_coding_or_splice
rs1609985,12,1,1,0.0530141,19.1125,trans,trans_regulatory_or_intronic
rs1613813,12,1,1,0.199028,247.116,trans,trans_other_or_unknown
rs16910526,12,1,1,1.55637,4388.33,cis,cis_target_coding_or_splice
rs17102261,12,1,1,0.13264,58.7241,cis,cis_locus_linked
rs17112108,12,1,1,0.0922754,17.0778,cis,cis_locus_linked
rs1716505,12,1,1,0.0500994,13.9093,trans,trans_regulatory_or_intronic
rs1720066,12,1,1,0.199461,203.815,cis,cis_locus_linked
rs1732588,12,1,1,0.0437289,12.4794,trans,trans_other_or_unknown
rs1800574,12,2,2,0.255981,48.1007,trans,trans_other_gene_coding_or_splice
rs180435,12,1,1,0.0579113,13.6634,trans,trans_regulatory_or_intronic
rs1851073,12,3,3,0.0853778,24.2797,trans,trans_regulatory_or_intronic
rs1858173,12,1,1,0.0893504,33.5662,cis,cis_locus_linked
rs186269301,12,1,1,0.227962,33.28,cis,cis_target_regulatory_or_linked
rs1896354,12,1,1,0.0521369,18.3017,trans,trans_other_or_unknown
rs1896551,12,1,1,0.110241,15.9841,trans,trans_regulatory_or_intronic
rs191448232,12,1,1,2.1851,1271.72,cis,cis_target_regulatory_or_linked
rs1920718,12,1,1,0.107826,30.336,trans,trans_other_or_unknown
rs1941,12,1,1,0.2935,66.9587,cis,cis_target_coding_or_splice
rs2013335,12,1,1,0.0438902,14.0832,trans,trans_other_gene_coding_or_splice
rs2020854,12,1,1,0.104386,18.1359,trans,trans_regulatory_or_intronic
rs2133638,12,1,1,0.0462437,12.6885,trans,trans_other_or_unknown
rs2137537,12,8,8,0.0458593,14.244,trans,trans_regulatory_or_intronic
rs2141247,12,3,3,0.0870624,47.0683,trans,trans_regulatory_or_intronic
rs215223,12,5,5,0.190564,213.515,trans,trans_regulatory_or_intronic
rs215225,12,1,1,0.0567976,19.9469,trans,trans_regulatory_or_intronic
rs215226,12,5,5,0.184917,223.411,trans,trans_regulatory_or_intronic
rs215234,12,1,1,0.0354823,11.3521,trans,trans_regulatory_or_intronic
rs215384,12,1,1,0.146494,122.249,cis,cis_locus_linked
rs2167285,12,1,1,0.46683,1270.13,cis,cis_locus_linked
rs2193005,12,2,2,0.249709,333.076,trans,trans_regulatory_or_intronic
rs2217170,12,1,1,0.0336735,12.714,trans,trans_regulatory_or_intronic
rs2229357,12,4,4,0.0677816,21.9548,trans,trans_other_gene_coding_or_splice
rs2238133,12,1,1,0.053029,17.6092,trans,trans_regulatory_or_intronic
rs2240079,12,1,1,0.323625,635.475,cis,cis_locus_linked
rs2244608,12,2,2,0.0798961,33.5185,trans,trans_regulatory_or_intronic
rs2254971,12,2,2,0.0504322,18.7998,trans,trans_regulatory_or_intronic
rs2257962,12,1,1,0.0431312,12.8281,trans,trans_regulatory_or_intronic
rs226379,12,2,2,0.0668675,29.1221,trans,trans_regulatory_or_intronic
rs2264782,12,1,1,0.0585398,22.8469,trans,trans_regulatory_or_intronic
rs2271637,12,1,1,0.0497607,14.3105,trans,trans_other_gene_coding_or_splice
rs2271660,12,1,1,0.0493913,26.5053,trans,trans_regulatory_or_intronic
rs2277413,12,1,1,0.0443031,12.9552,trans,trans_other_gene_coding_or_splice
rs2278093,12,1,1,0.0662392,23.2258,trans,trans_regulatory_or_intronic
rs2280503,12,1,1,0.0481789,15.0452,trans,trans_regulatory_or_intronic
rs2286782,12,4,4,0.166752,117.57,trans,trans_regulatory_or_intronic
rs2291075,12,1,1,0.045563,15.1441,trans,trans_other_gene_coding_or_splice
rs2291256,12,1,1,0.0773355,12.0696,trans,trans_other_gene_coding_or_splice
rs2300643,12,1,1,0.0473968,11.0037,trans,trans_regulatory_or_intronic
rs2300738,12,1,1,0.0828751,10.8416,cis,cis_target_regulatory_or_linked
rs2306393,12,1,1,0.196116,175.44,cis,cis_target_coding_or_splice
rs2353482,12,1,1,0.0514455,15.1772,trans,trans_regulatory_or_intronic
rs2353483,12,2,2,0.0586499,18.7237,trans,trans_regulatory_or_intronic
rs2373459,12,2,2,0.0401155,14.3193,trans,trans_regulatory_or_intronic
rs2377671,12,1,1,0.052506,11.7649,trans,trans_regulatory_or_intronic
rs2393775,12,2,2,0.0963545,52.5434,trans,trans_regulatory_or_intronic
rs2393791,12,4,4,0.136163,147.449,trans,trans_regulatory_or_intronic
rs2460740,12,1,1,0.0772952,35.5043,trans,trans_regulatory_or_intronic
rs2464190,12,1,1,0.0511836,17.3335,trans,trans_regulatory_or_intronic
rs2465811,12,1,1,0.353584,658.442,cis,cis_target_coding_or_splice
rs249177,12,1,1,0.0803543,25.3306,trans,trans_other_or_unknown
rs2532497,12,1,1,0.0465307,30.2055,trans,trans_regulatory_or_intronic
rs2559851,12,2,2,0.117513,91.8943,trans,trans_regulatory_or_intronic
rs25680,12,1,1,0.288069,371.438,cis,cis_target_coding_or_splice
rs2583273,12,1,1,0.0714739,21.5778,trans,trans_regulatory_or_intronic
rs2638315,12,1,1,0.052496,11.4681,trans,trans_regulatory_or_intronic
rs2657879,12,1,1,0.0556641,11.9167,trans,trans_other_gene_coding_or_splice
rs2660869,12,1,1,0.0634271,11.8688,trans,trans_other_or_unknown
rs2660896,12,1,1,0.0873013,45.701,cis,cis_target_regulatory_or_linked
rs2682725,12,1,1,0.0623695,24.1292,trans,trans_regulatory_or_intronic
rs2695293,12,1,1,0.050605,16.1076,trans,trans_regulatory_or_intronic
rs2723889,12,8,8,0.0760776,34.5803,trans,trans_regulatory_or_intronic
rs2732465,12,1,1,0.03306,11.3045,trans,trans_regulatory_or_intronic
rs2734419,12,1,1,0.0471198,12.5268,trans,trans_regulatory_or_intronic
rs28432783,12,1,1,0.0463886,18.8574,trans,trans_regulatory_or_intronic
rs28532037,12,1,1,0.0865352,17.9707,trans,trans_regulatory_or_intronic
rs2857672,12,1,1,0.04522,23.7201,trans,trans_regulatory_or_intronic
rs2859660,12,1,1,0.0921886,27.791,trans,trans_regulatory_or_intronic
rs2870841,12,1,1,0.0426985,11.261,trans,trans_regulatory_or_intronic
rs3003,12,1,1,0.0724304,18.42,trans,trans_regulatory_or_intronic
rs3024971,12,1,1,0.0742696,16.5907,trans,trans_regulatory_or_intronic
rs3176787,12,1,1,0.0512959,16.0394,cis,cis_target_regulatory_or_linked
rs3184504,12,187,187,0.176653,195.505,trans,trans_other_gene_coding_or_splice
rs3213566,12,1,1,0.0443508,11.9367,trans,trans_regulatory_or_intronic
rs3213567,12,1,1,0.0458714,14.7796,trans,trans_regulatory_or_intronic
rs3213570,12,2,2,0.0573606,22.3945,trans,trans_regulatory_or_intronic
rs3213572,12,1,1,0.0387358,11.34,trans,trans_regulatory_or_intronic
rs3217810,12,1,1,0.0703269,13.6189,trans,trans_regulatory_or_intronic
rs3217860,12,1,1,0.0612815,16.2437,cis,cis_locus_linked
rs34009825,12,1,1,0.0473407,16.4697,trans,trans_regulatory_or_intronic
rs34833957,12,1,1,0.052516,14.9604,trans,trans_regulatory_or_intronic
rs34915583,12,1,1,0.135033,18.2374,cis,cis_locus_linked
rs35084099,12,1,1,0.0397272,10.9135,trans,trans_regulatory_or_intronic
rs35221426,12,2,2,0.0684174,15.2392,trans,trans_regulatory_or_intronic
rs35393359,12,1,1,0.0735191,19.8035,trans,trans_regulatory_or_intronic
rs35436,12,1,1,0.0481828,20.0895,trans,trans_other_or_unknown
rs35444,12,1,1,0.0472401,17.7054,trans,trans_other_or_unknown
rs35764600,12,1,1,0.0844842,52.2895,trans,trans_other_or_unknown
rs35979828,12,3,3,0.0954168,22.5207,trans,trans_regulatory_or_intronic
rs36078145,12,1,1,0.0693848,12.0567,trans,trans_other_gene_coding_or_splice
rs36100715,12,2,2,0.117893,34.729,trans,trans_regulatory_or_intronic
rs36127550,12,1,1,0.0655266,22.6708,trans,trans_other_gene_coding_or_splice
rs3736625,12,1,1,0.0538464,10.9443,trans,trans_regulatory_or_intronic
rs3741414,12,2,2,0.655107,1817.42,cis;trans,cis_target_regulatory_or_linked;trans_regulatory_or_intronic
rs3741513,12,2,2,0.0802027,36.0418,trans,trans_other_gene_coding_or_splice
rs3751198,12,18,18,0.0824059,54.5832,trans,trans_regulatory_or_intronic
rs3763978,12,1,1,0.481314,1379.45,cis,cis_target_coding_or_splice
rs3764002,12,1,1,0.0476735999999999,12.7005,trans,trans_other_gene_coding_or_splice
rs3782473,12,2,2,0.0783215,27.8439,trans,trans_regulatory_or_intronic
rs3782735,12,1,1,0.17446,173.564,cis,cis_locus_linked
rs3809185,12,1,1,0.193111,64.7506,trans,trans_regulatory_or_intronic
rs3844049,12,1,1,0.109524,75.9701,cis,cis_target_regulatory_or_linked
rs3851611,12,1,1,0.0521236,27.5829,trans,trans_regulatory_or_intronic
rs4072797,12,1,1,0.257803,69.8631,trans,trans_other_gene_coding_or_splice
rs41276696,12,1,1,0.38046,130.041,cis,cis_target_coding_or_splice
rs4149056,12,2,2,0.0672644,24.2897,trans,trans_other_gene_coding_or_splice
rs4149584,12,1,1,0.28428,34.1792,cis,cis_target_coding_or_splice
rs4242896,12,1,1,0.497343,1527.23,cis,cis_locus_linked
rs4326844,12,4,4,0.0491104,13.7403,trans,trans_regulatory_or_intronic
rs4420350,12,1,1,0.611453,1493.78,cis,cis_target_regulatory_or_linked
rs4491325,12,5,5,0.0569157,15.3095,trans,trans_regulatory_or_intronic
rs4573747,12,4,4,0.0537211,18.9834,trans,trans_other_or_unknown
rs4608137,12,8,8,0.0504558,16.0882,trans,trans_other_or_unknown
rs4628755,12,1,1,0.0447293,12.4483,trans,trans_regulatory_or_intronic
rs466776,12,1,1,0.182121,206.764,cis,cis_locus_linked
rs4759061,12,1,1,0.0492594,12.7171,trans,trans_regulatory_or_intronic
rs4759076,12,8,8,0.0797713,43.3464,trans,trans_regulatory_or_intronic
rs4759533,12,1,1,0.758144,925.607,cis,cis_target_regulatory_or_linked
rs4761234,12,1,1,0.0328244,16.3003,trans,trans_regulatory_or_intronic
rs4761529,12,1,1,0.0568586,17.3884,trans,trans_regulatory_or_intronic
rs4763577,12,1,1,0.0419934,11.5254,trans,trans_regulatory_or_intronic
rs4764809,12,1,1,0.0589228,22.6075,trans,trans_regulatory_or_intronic
rs4764822,12,1,1,0.0487273,13.5945,trans,trans_regulatory_or_intronic
rs4764823,12,4,4,0.233918,276.979,trans,trans_regulatory_or_intronic
rs4764824,12,1,1,0.0878848,130.71,trans,trans_regulatory_or_intronic
rs4765147,12,1,1,0.0402944,12.3442,trans,trans_regulatory_or_intronic
rs4766578,12,10,10,0.0873218,43.6757,trans,trans_regulatory_or_intronic
rs4767023,12,1,1,0.0515669,18.6287,trans,trans_regulatory_or_intronic
rs4767884,12,1,1,0.768777,2373.01,cis,cis_target_coding_or_splice
rs4883201,12,4,4,0.288167,169.054,cis;trans,cis_locus_linked;trans_regulatory_or_intronic
rs4883263,12,1,1,0.183952,29.8062,trans,trans_other_gene_coding_or_splice
rs4883583,12,1,1,0.0521767,15.6037,trans,trans_other_or_unknown
rs489298,12,1,1,0.0491876,14.8744,trans,trans_regulatory_or_intronic
rs4980823,12,1,1,0.0419391,11.3501,trans,trans_regulatory_or_intronic
rs4981022,12,2,2,0.0516154,15.256,trans,trans_regulatory_or_intronic
rs540639423,12,4,4,0.265976,14.562,trans,trans_regulatory_or_intronic
rs551125,12,2,2,0.0466757,15.5291,trans,trans_regulatory_or_intronic
rs55752061,12,1,1,0.0749674,13.3073,trans,trans_regulatory_or_intronic
rs55761427,12,1,1,0.242027,34.7218,trans,trans_other_gene_coding_or_splice
rs558275,12,1,1,0.0485215,15.8947,trans,trans_regulatory_or_intronic
rs558314,12,1,1,0.0462,15.7715,trans,trans_regulatory_or_intronic
rs55878006,12,1,1,0.0583227,13.8385,trans,trans_regulatory_or_intronic
rs55924827,12,1,1,0.230155,120.955,cis,cis_target_regulatory_or_linked
rs56136109,12,4,4,0.144732,15.4,trans,trans_other_gene_coding_or_splice
rs565259407,12,1,1,0.523041,118.475,trans,trans_regulatory_or_intronic
rs56944668,12,1,1,0.0970322,29.848,cis,cis_target_coding_or_splice
rs570954040,12,1,1,0.0767485,11.0488,trans,trans_regulatory_or_intronic
rs57582846,12,1,1,0.111104,79.9349,trans,trans_regulatory_or_intronic
rs57603894,12,1,1,0.112651,51.1922,trans,trans_regulatory_or_intronic
rs57741885,12,1,1,0.0684916,23.348,trans,trans_regulatory_or_intronic
rs57743625,12,1,1,0.0614298,13.7962,trans,trans_regulatory_or_intronic
rs58989256,12,1,1,0.0450632,12.5464,trans,trans_other_or_unknown
rs59199058,12,1,1,0.055461,22.1523,trans,trans_regulatory_or_intronic
rs59581534,12,1,1,0.248569,102.551,trans,trans_regulatory_or_intronic
rs597808,12,74,74,0.129167,100.179,trans,trans_regulatory_or_intronic
rs60273384,12,1,1,0.0834231,18.1544,trans,trans_regulatory_or_intronic
rs60309576,12,1,1,0.0680938,24.9654,trans,trans_regulatory_or_intronic
rs607860,12,1,1,0.0926862,52.3766,cis,cis_target_regulatory_or_linked
rs608394,12,2,2,0.0512271,17.411,trans,trans_regulatory_or_intronic
rs609700,12,1,1,0.0673255,26.9346,trans,trans_regulatory_or_intronic
rs61729512,12,15,15,0.261157,181.556,trans,trans_other_gene_coding_or_splice
rs61748064,12,1,1,0.10071,11.218,trans,trans_other_gene_coding_or_splice
rs61748920,12,3,3,0.367659,164.471,trans,trans_regulatory_or_intronic
rs61754171,12,1,1,0.581952,129.833,cis,cis_locus_linked
rs61923561,12,1,1,0.202597,12.5065,trans,trans_regulatory_or_intronic
rs61938844,12,1,1,0.172736,18.351,trans,trans_regulatory_or_intronic
rs61938969,12,1,1,0.0463188,12.6414,trans,trans_regulatory_or_intronic
rs632887,12,2,2,0.0787734,44.6199,trans,trans_regulatory_or_intronic
rs6487369,12,1,1,0.0407365,13.2852,trans,trans_regulatory_or_intronic
rs6487420,12,1,1,0.0467273,14.0108,trans,trans_regulatory_or_intronic
rs6488382,12,1,1,0.140747,47.123,trans,trans_other_or_unknown
rs6488398,12,1,1,0.112653,13.2473,trans,trans_other_or_unknown
rs6489436,12,1,1,0.0661333,34.2738,trans,trans_regulatory_or_intronic
rs6489498,12,1,1,0.134914,97.5073,cis,cis_locus_linked
rs6489536,12,1,1,0.0991727,54.2028,cis,cis_target_regulatory_or_linked
rs6489548,12,5,5,0.101088,60.0636,trans,trans_regulatory_or_intronic
rs6489785,12,1,1,0.0455397,12.7621,trans,trans_other_or_unknown
rs6490117,12,1,1,0.0482196,16.8562,trans,trans_regulatory_or_intronic
rs653178,12,10,10,0.0952934,53.2505,trans,trans_regulatory_or_intronic
rs6538677,12,1,1,0.049769,16.1091,trans,trans_regulatory_or_intronic
rs6580980,12,26,26,0.0626825,22.3466,trans,trans_regulatory_or_intronic
rs6580981,12,31,31,0.0824444,39.8929,trans,trans_regulatory_or_intronic
rs66647364,12,1,1,0.126002,132.613,trans,trans_regulatory_or_intronic
rs68120218,12,1,1,0.0939221,49.0179,cis,cis_target_regulatory_or_linked
rs705698,12,1,1,0.0539447,18.2175,trans,trans_regulatory_or_intronic
rs705702,12,2,2,0.056729,21.1795,trans,trans_regulatory_or_intronic
rs709231,12,1,1,0.055997,12.3369,trans,trans_regulatory_or_intronic
rs7133378,12,1,1,0.0680374,34.3025,trans,trans_regulatory_or_intronic
rs7134375,12,1,1,0.0622973,32.5906,trans,trans_regulatory_or_intronic
rs7135494,12,1,1,0.416919,1070.11,cis,cis_target_regulatory_or_linked
rs7136079,12,1,1,0.0703945,30.5794,trans,trans_regulatory_or_intronic
rs7136223,12,1,1,0.0615642,19.0581,trans,trans_regulatory_or_intronic
rs7137828,12,38,38,0.123304,94.8024,trans,trans_regulatory_or_intronic
rs7139079,12,2,2,0.060011,24.184,trans,trans_regulatory_or_intronic
rs71440841,12,1,1,0.050461,18.4264,trans,trans_regulatory_or_intronic
rs724666,12,1,1,0.0532929,14.3059,trans,trans_other_or_unknown
rs7294354,12,1,1,0.0356242,11.3873,trans,trans_regulatory_or_intronic
rs7295158,12,2,2,0.140938,54.41,trans,trans_regulatory_or_intronic
rs7295693,12,2,2,0.0508234,17.1107,trans,trans_regulatory_or_intronic
rs7297265,12,2,2,0.0471165,13.724,trans,trans_regulatory_or_intronic
rs7297289,12,1,1,0.0431678,10.8904,trans,trans_regulatory_or_intronic
rs7298362,12,1,1,0.0502763,16.0207,trans,trans_other_or_unknown
rs7298463,12,1,1,0.0517716,13.8541,trans,trans_regulatory_or_intronic
rs7298766,12,3,3,0.222972,268.403,trans,trans_other_gene_coding_or_splice
rs7299091,12,1,1,0.0529481,17.4656,trans,trans_regulatory_or_intronic
rs7299203,12,1,1,0.0464853,11.9578,trans,trans_regulatory_or_intronic
rs7302969,12,1,1,0.0561482,10.979,trans,trans_regulatory_or_intronic
rs73053728,12,1,1,0.348333,605.31,cis,cis_locus_linked
rs7305678,12,2,2,0.12721,51.6209,trans,trans_other_or_unknown
rs7305849,12,1,1,0.0606921,28.8741,trans,trans_regulatory_or_intronic
rs7305932,12,2,2,0.0654038,18.4578,trans,trans_other_or_unknown
rs7306169,12,1,1,0.0567825,11.8452,trans,trans_regulatory_or_intronic
rs73063122,12,1,1,0.0522391,10.8541,trans,trans_regulatory_or_intronic
rs7306772,12,1,1,0.0488404,12.8923,trans,trans_regulatory_or_intronic
rs7306778,12,5,5,0.0879263,28.7555,trans,trans_regulatory_or_intronic
rs73069037,12,1,1,0.0515913,12.7696,trans,trans_other_or_unknown
rs7306988,12,1,1,0.157031,129.398,trans,trans_regulatory_or_intronic
rs7307053,12,1,1,0.0518033,17.447,trans,trans_regulatory_or_intronic
rs73073222,12,1,1,0.064551,13.8847,trans,trans_regulatory_or_intronic
rs7307331,12,1,1,0.769121,2873.0,cis,cis_target_coding_or_splice
rs7310409,12,4,4,0.0784953,48.8871,trans,trans_regulatory_or_intronic
rs7310615,12,29,29,0.0851265,45.4753,trans,trans_regulatory_or_intronic
rs73119306,12,1,1,0.0582697,16.1292,trans,trans_regulatory_or_intronic
rs7312169,12,1,1,0.178428,209.422,trans,trans_regulatory_or_intronic
rs7312770,12,1,1,0.0390987,11.2517,trans,trans_regulatory_or_intronic
rs7313508,12,1,1,0.0478332,16.2947,trans,trans_other_or_unknown
rs7314285,12,1,1,0.0755614,14.1935,trans,trans_regulatory_or_intronic
rs7314459,12,1,1,0.0599702,12.7992,trans,trans_regulatory_or_intronic
rs7314691,12,1,1,0.0406528,11.8472,trans,trans_regulatory_or_intronic
rs7316285,12,1,1,0.0489452,11.5763,trans,trans_regulatory_or_intronic
rs7316339,12,1,1,0.0436962,11.6024,trans,trans_other_or_unknown
rs73198632,12,1,1,0.104139,18.7725,cis,cis_target_regulatory_or_linked
rs73219860,12,1,1,0.0494679,11.3331,trans,trans_regulatory_or_intronic
rs73226270,12,1,1,0.0949206,19.4045,trans,trans_regulatory_or_intronic
rs73486469,12,2,2,0.115717,42.2431,trans,trans_regulatory_or_intronic
rs74653672,12,1,1,0.209126,17.7875,cis,cis_target_regulatory_or_linked
rs7484541,12,1,1,0.0517307,13.9843,trans,trans_regulatory_or_intronic
rs7486983,12,1,1,0.0922727,32.2907,trans,trans_regulatory_or_intronic
rs7487150,12,1,1,0.0415733,11.1052,trans,trans_regulatory_or_intronic
rs7488780,12,1,1,0.0819251,46.0864,trans,trans_regulatory_or_intronic
rs75001229,12,1,1,0.0819373,20.2634,trans,trans_regulatory_or_intronic
rs75587749,12,2,2,0.162473,49.314,trans,trans_regulatory_or_intronic
rs75593565,12,1,1,0.260878,39.3875,trans,trans_regulatory_or_intronic
rs76130676,12,1,1,0.0575429,18.3901,trans,trans_regulatory_or_intronic
rs76574446,12,1,1,0.0895868,13.0021,trans,trans_regulatory_or_intronic
rs76734539,12,2,2,0.0791119,19.5041,trans,trans_regulatory_or_intronic
rs76889468,12,1,1,0.171716,12.4887,trans,trans_other_gene_coding_or_splice
rs76895963,12,4,4,0.218248,19.9111,cis;trans,cis_locus_linked;trans_regulatory_or_intronic
rs76904513,12,1,1,0.499077,503.65,cis,cis_locus_linked
rs76904798,12,3,3,0.104721,34.8235,trans,trans_regulatory_or_intronic
rs773111,12,1,1,0.0666924,23.5469,trans,trans_regulatory_or_intronic
rs77572543,12,1,1,0.0551826,12.9703,trans,trans_regulatory_or_intronic
rs77709482,12,1,1,0.5323,531.255,cis,cis_target_regulatory_or_linked
rs78424217,12,1,1,0.100815,21.2902,trans,trans_regulatory_or_intronic
rs784487,12,1,1,0.0548438,16.9863,cis,cis_locus_linked
rs78936721,12,1,1,0.508106,10.7825,trans,trans_regulatory_or_intronic
rs790462,12,1,1,0.0599265,21.1366,trans,trans_regulatory_or_intronic
rs79091287,12,1,1,0.0888771,16.7491,trans,trans_regulatory_or_intronic
rs79284771,12,1,1,0.0990435,19.2289,trans,trans_regulatory_or_intronic
rs79476006,12,1,1,0.0545228,11.9737,trans,trans_regulatory_or_intronic
rs7953031,12,1,1,0.223324,47.497,trans,trans_regulatory_or_intronic
rs7953508,12,1,1,0.0485697,12.1271,trans,trans_other_or_unknown
rs7953619,12,1,1,0.0498378,12.8899,trans,trans_regulatory_or_intronic
rs7954492,12,1,1,0.0774583,14.1736,trans,trans_regulatory_or_intronic
rs7955258,12,1,1,0.0423481,12.0359,trans,trans_regulatory_or_intronic
rs7955585,12,1,1,0.0850725,45.2826,trans,trans_regulatory_or_intronic
rs7956340,12,1,1,0.0735598,12.3275,trans,trans_regulatory_or_intronic
rs7959052,12,1,1,0.0608045,16.6201,trans,trans_other_gene_coding_or_splice
rs7959658,12,1,1,0.155897,128.061,cis,cis_target_regulatory_or_linked
rs7959807,12,1,1,0.047886,13.6572,trans,trans_regulatory_or_intronic
rs7960048,12,1,1,0.0416418,13.2526,trans,trans_regulatory_or_intronic
rs7961483,12,1,1,0.303074,531.379,cis,cis_target_regulatory_or_linked
rs7962469,12,5,5,0.0880876,45.6876,trans,trans_regulatory_or_intronic
rs7962629,12,1,1,0.0759043,19.4013,trans,trans_regulatory_or_intronic
rs7964859,12,2,2,0.410102,1125.26,trans,trans_regulatory_or_intronic
rs7965281,12,1,1,0.0468733,15.032,trans,trans_regulatory_or_intronic
rs7965471,12,1,1,0.0802487,37.5096,trans,trans_other_gene_coding_or_splice
rs7968675,12,1,1,0.0442364,12.2286,trans,trans_regulatory_or_intronic
rs7969023,12,1,1,0.0350565,13.2309,trans,trans_regulatory_or_intronic
rs7970514,12,1,1,0.0758697,23.5824,trans,trans_regulatory_or_intronic
rs7970695,12,8,8,0.104873,72.8307,trans,trans_regulatory_or_intronic
rs7970753,12,1,1,0.15845,184.656,trans,trans_other_or_unknown
rs7971133,12,1,1,0.0490034,11.5052,trans,trans_regulatory_or_intronic
rs7973618,12,1,1,0.0598306,20.5382,trans,trans_regulatory_or_intronic
rs7974006,12,3,3,0.188047,74.1233,trans,trans_regulatory_or_intronic
rs7974900,12,2,2,0.0710858,28.5301,trans,trans_regulatory_or_intronic
rs7975385,12,1,1,0.121035,63.0215,cis,cis_locus_linked
rs79755767,12,6,6,0.115903,29.6238,trans,trans_regulatory_or_intronic
rs7979473,12,2,2,0.053009,25.2355,trans,trans_regulatory_or_intronic
rs7979478,12,7,7,0.0880345,69.92,trans,trans_regulatory_or_intronic
rs79880068,12,1,1,0.0730545,15.2626,trans,trans_regulatory_or_intronic
rs79894691,12,2,2,0.0940621,18.2097,trans,trans_regulatory_or_intronic
rs79948267,12,1,1,0.230369,29.7871,trans,trans_regulatory_or_intronic
rs79977579,12,3,3,0.0959025,22.2412,trans,trans_regulatory_or_intronic
rs936964,12,1,1,0.0956263,42.8845,cis,cis_locus_linked
rs966541,12,4,4,0.0875547,42.1725,trans,trans_regulatory_or_intronic
rs9668670,12,1,1,0.0434255,11.9212,cis,cis_locus_linked
rs9737646,12,1,1,0.0533589,10.8846,trans,trans_regulatory_or_intronic
rs9738226,12,6,6,0.132389,118.374,trans,trans_regulatory_or_intronic
rs9738365,12,1,1,0.0836313,47.0366,trans,trans_regulatory_or_intronic
rs1028883,13,2,2,0.0544735,19.926,trans,trans_regulatory_or_intronic
rs1034270,13,1,1,0.366869,447.437,cis,cis_target_regulatory_or_linked
rs1041209,13,1,1,0.0704653,14.433,trans,trans_regulatory_or_intronic
rs10507489,13,1,1,0.112032,51.2761,trans,trans_regulatory_or_intronic
rs111044084,13,1,1,0.0469673,11.2125,trans,trans_regulatory_or_intronic
rs111345531,13,1,1,0.061116,19.5074,trans,trans_regulatory_or_intronic
rs112702177,13,1,1,0.312358,60.8437,trans,trans_regulatory_or_intronic
rs117230571,13,2,2,0.0856327,15.8719,trans,trans_other_or_unknown
rs11838867,13,1,1,0.126045,11.8094,trans,trans_other_or_unknown
rs11840862,13,1,1,0.0434858,10.7776,trans,trans_regulatory_or_intronic
rs12100069,13,1,1,0.0449785,11.9699,trans,trans_regulatory_or_intronic
rs1218825,13,1,1,0.209477,47.0012,cis,cis_target_coding_or_splice
rs12428061,13,1,1,0.0582099,27.1233,trans,trans_regulatory_or_intronic
rs12429062,13,1,1,0.0490458,14.4275,trans,trans_regulatory_or_intronic
rs12429926,13,1,1,0.437976,16.4413,cis,cis_locus_linked
rs12863734,13,1,1,1.41179,755.401,cis,cis_target_coding_or_splice
rs148305755,13,1,1,0.123307,12.3036,trans,trans_regulatory_or_intronic
rs149590732,13,1,1,1.11524,102.601,cis,cis_target_coding_or_splice
rs150861794,13,1,1,0.158049,11.6085,trans,trans_regulatory_or_intronic
rs1570603,13,1,1,0.0399467,10.7739,trans,trans_regulatory_or_intronic
rs17532371,13,2,2,0.115961,27.0398,trans,trans_regulatory_or_intronic
rs17552047,13,1,1,0.866784,3023.49,cis,cis_target_regulatory_or_linked
rs1801248,13,1,1,0.185443,32.6127,trans,trans_other_gene_coding_or_splice
rs1886221,13,1,1,0.0637703,22.7223,trans,trans_regulatory_or_intronic
rs1887646,13,3,3,0.106687,80.6391,trans,trans_regulatory_or_intronic
rs1892548,13,2,2,0.059383,21.9492,trans,trans_regulatory_or_intronic
rs1961993,13,1,1,1.12877,4552.41,cis,cis_locus_linked
rs2039663,13,1,1,0.0392646,11.5791,trans,trans_regulatory_or_intronic
rs2062305,13,1,1,0.114206,79.8204,cis,cis_locus_linked
rs2147807,13,1,1,0.0645067,21.2003,cis,cis_target_regulatory_or_linked
rs2217142,13,1,1,0.0812501,41.8896,trans,trans_other_or_unknown
rs2297316,13,1,1,0.0394867,11.9224,trans,trans_regulatory_or_intronic
rs2485287,13,1,1,0.0765751,46.9567,trans,trans_regulatory_or_intronic
rs2818979,13,1,1,0.364589,777.24,cis,cis_locus_linked
rs28404455,13,1,1,0.0795444,20.6678,trans,trans_regulatory_or_intronic
rs2876803,13,1,1,0.156957,87.743,cis,cis_locus_linked
rs2940232,13,1,1,0.0654378,19.5612,trans,trans_regulatory_or_intronic
rs342706,13,1,1,0.866532,3423.26,cis,cis_target_regulatory_or_linked
rs35424555,13,1,1,0.0906963,20.923,cis,cis_target_regulatory_or_linked
rs35887622,13,1,1,0.28584,33.0792,trans,trans_other_gene_coding_or_splice
rs374039502,13,14,14,0.758662,260.722,cis;trans,cis_target_regulatory_or_linked;trans_regulatory_or_intronic
rs3742207,13,1,1,0.183892,186.619,cis,cis_target_coding_or_splice
rs3742314,13,1,1,0.0387301,13.1189,trans,trans_regulatory_or_intronic
rs3751437,13,1,1,0.051819,13.2225,trans,trans_regulatory_or_intronic
rs3915667,13,1,1,0.0401982,11.0952,trans,trans_regulatory_or_intronic
rs4148448,13,1,1,0.0764676,12.1979,trans,trans_regulatory_or_intronic
rs475520,13,1,1,0.0791775,24.7749,trans,trans_regulatory_or_intronic
rs4770465,13,1,1,0.238409,320.943,cis,cis_target_regulatory_or_linked
rs4885160,13,1,1,0.0355185,12.1617,trans,trans_other_or_unknown
rs4907736,13,1,1,0.0352945,11.7937,trans,trans_regulatory_or_intronic
rs4941543,13,1,1,1.44745,4209.37,cis,cis_target_coding_or_splice
rs504122,13,1,1,0.0842388,38.0379,cis,cis_target_coding_or_splice
rs547138,13,1,1,0.169727,159.606,cis,cis_target_regulatory_or_linked
rs561241,13,1,1,0.758729,1412.48,cis,cis_target_regulatory_or_linked
rs56398830,13,7,7,0.896914,219.784,trans,trans_other_gene_coding_or_splice
rs571537179,13,1,1,0.0668238,19.4551,trans,trans_regulatory_or_intronic
rs58325618,13,1,1,0.0481792,15.843,trans,trans_regulatory_or_intronic
rs6041,13,2,2,0.201527,105.353,trans,trans_regulatory_or_intronic
rs61944841,13,1,1,0.0563629,18.5716,trans,trans_other_or_unknown
rs61963319,13,1,1,0.0432845,11.5198,trans,trans_regulatory_or_intronic
rs6561283,13,1,1,0.661614,1984.65,cis,cis_locus_linked
rs6561487,13,1,1,0.0433734,13.617,trans,trans_other_or_unknown
rs6561643,13,1,1,0.0733048,28.7168,trans,trans_other_or_unknown
rs6562774,13,1,1,0.0516168,15.6184,trans,trans_regulatory_or_intronic
rs6602909,13,3,3,0.332675,606.944,cis;trans,cis_locus_linked;trans_regulatory_or_intronic
rs6602911,13,2,2,0.0660648,28.4375,trans,trans_other_or_unknown
rs706606,13,1,1,0.0482541,15.2206,trans,trans_regulatory_or_intronic
rs7140110,13,1,1,0.126168,82.962,trans,trans_other_or_unknown
rs71445078,13,1,1,0.0636255,13.8955,cis,cis_target_regulatory_or_linked
rs716877,13,1,1,0.0389079,15.5567,trans,trans_regulatory_or_intronic
rs719826,13,1,1,0.0402007,12.2648,trans,trans_regulatory_or_intronic
rs73217470,13,2,2,0.101646,12.4983,trans,trans_other_or_unknown
rs7323613,13,1,1,0.0599209,16.1282,trans,trans_regulatory_or_intronic
rs7327510,13,1,1,0.0412507,11.6504,trans,trans_regulatory_or_intronic
rs7328277,13,1,1,0.0434988,14.9553,trans,trans_regulatory_or_intronic
rs7332329,13,1,1,0.0799904,49.7247,trans,trans_regulatory_or_intronic
rs7333078,13,1,1,0.344676,700.317,cis,cis_locus_linked
rs74888361,13,1,1,0.0959011,10.9298,trans,trans_regulatory_or_intronic
rs76428106,13,53,53,1.27175,498.625,trans,trans_regulatory_or_intronic
rs76983463,13,1,1,0.279846,73.4579,cis,cis_locus_linked
rs78424108,13,2,2,0.0763191,12.112,trans,trans_regulatory_or_intronic
rs7986845,13,1,1,0.105968,70.9654,trans,trans_other_or_unknown
rs7987293,13,1,1,0.0479326,13.752,trans,trans_regulatory_or_intronic
rs7988300,13,1,1,0.0535763,18.8822,trans,trans_regulatory_or_intronic
rs7988851,13,1,1,0.0408211,11.2055,trans,trans_regulatory_or_intronic
rs8001611,13,4,4,0.127904,98.4463,trans,trans_regulatory_or_intronic
rs8002440,13,1,1,0.0572079,23.2745,trans,trans_regulatory_or_intronic
rs806292,13,1,1,0.0489216,16.9707,trans,trans_regulatory_or_intronic
rs9285285,13,1,1,0.045249,14.7561,trans,trans_regulatory_or_intronic
rs9318186,13,1,1,0.0514844,18.3769,trans,trans_regulatory_or_intronic
rs9506687,13,1,1,0.050409,12.3085,trans,trans_regulatory_or_intronic
rs9507754,13,1,1,0.125729,86.5572,cis,cis_target_regulatory_or_linked
rs9511147,13,1,1,0.0509199,14.8089,trans,trans_regulatory_or_intronic
rs9513030,13,1,1,0.0368768,11.5125,trans,trans_regulatory_or_intronic
rs9521268,13,1,1,0.053057,14.3976,trans,trans_regulatory_or_intronic
rs9526517,13,1,1,0.0391317,11.3736,trans,trans_regulatory_or_intronic
rs9529913,13,3,3,0.0806054,38.6542,trans,trans_regulatory_or_intronic
rs9530201,13,1,1,0.0413019,11.3548,trans,trans_regulatory_or_intronic
rs9534300,13,1,1,0.109307,59.6612,trans,trans_regulatory_or_intronic
rs9535179,13,1,1,0.0553723,10.967,trans,trans_regulatory_or_intronic
rs9543374,13,1,1,0.0633245,35.2345,trans,trans_regulatory_or_intronic
rs9547922,13,1,1,0.244415,321.988,cis,cis_locus_linked
rs9551414,13,1,1,0.0435568,12.1086,trans,trans_regulatory_or_intronic
rs9554228,13,1,1,0.0899036,43.7304,cis,cis_locus_linked
rs9558661,13,1,1,0.122717,61.5133,trans,trans_regulatory_or_intronic
rs9564692,13,1,1,0.0530036,15.918,trans,trans_regulatory_or_intronic
rs9565082,13,1,1,0.0374794,17.0854,trans,trans_other_or_unknown
rs9567991,13,1,1,0.0522808,17.152,trans,trans_regulatory_or_intronic
rs9568221,13,1,1,0.0829626,15.4035,trans,trans_regulatory_or_intronic
rs9573140,13,1,1,0.0447299,21.1797,trans,trans_other_or_unknown
rs9573368,13,1,1,0.0354847,11.5579,trans,trans_other_or_unknown
rs9581943,13,5,5,0.0626984,32.5718,trans,trans_regulatory_or_intronic
rs9581957,13,1,1,0.0497602,14.1799,trans,trans_regulatory_or_intronic
rs9585457,13,1,1,0.443589,1139.75,cis,cis_target_regulatory_or_linked
rs9590036,13,1,1,0.0486314,11.943,trans,trans_regulatory_or_intronic
rs9594738,13,2,2,0.0862681,45.1044,trans,trans_regulatory_or_intronic
rs9601479,13,1,1,0.045557,15.3122,trans,trans_regulatory_or_intronic
rs9604352,13,1,1,0.317998,13.051,trans,trans_regulatory_or_intronic
rs9634577,13,1,1,0.0360573,12.4184,trans,trans_regulatory_or_intronic
rs963569,13,1,1,0.0674649,18.7575,cis,cis_locus_linked
rs981625,13,1,1,0.0863217,13.3905,trans,trans_regulatory_or_intronic
rs10129872,14,1,1,0.105577,34.2572,trans,trans_regulatory_or_intronic
rs10131372,14,1,1,0.0569483,13.906,trans,trans_regulatory_or_intronic
rs10139277,14,1,1,0.0356598,11.1298,trans,trans_regulatory_or_intronic
rs10141423,14,1,1,0.0616562,17.168,trans,trans_regulatory_or_intronic
rs10142359,14,1,1,0.085356,42.3882,cis,cis_target_regulatory_or_linked
rs10142867,14,1,1,0.0489059,15.9459,trans,trans_regulatory_or_intronic
rs10144381,14,1,1,0.0643074,22.6596,trans,trans_regulatory_or_intronic
rs10145005,14,1,1,0.0501446,13.9692,trans,trans_regulatory_or_intronic
rs10146962,14,1,1,0.0540647,17.7961,trans,trans_regulatory_or_intronic
rs10150642,14,1,1,0.0773848,17.3149,trans,trans_regulatory_or_intronic
rs10151239,14,1,1,0.0775119,38.9095,cis,cis_locus_linked
rs1041316,14,1,1,0.0876372,40.8869,trans,trans_other_gene_coding_or_splice
rs1042704,14,3,3,0.0948003,47.1231,trans,trans_other_gene_coding_or_splice
rs1045922,14,1,1,0.426928,853.848,cis,cis_target_coding_or_splice
rs10483947,14,1,1,0.0605077,12.4624,trans,trans_regulatory_or_intronic
rs10873552,14,1,1,0.210924,236.657,cis,cis_target_regulatory_or_linked
rs11158159,14,1,1,0.0551285,12.9964,trans,trans_regulatory_or_intronic
rs11159226,14,1,1,0.215406,67.0747,cis,cis_locus_linked
rs11160889,14,2,2,0.0999827,31.8484,trans,trans_regulatory_or_intronic
rs11160904,14,2,2,0.140568,49.662,trans,trans_regulatory_or_intronic
rs112597211,14,3,3,0.115777,63.4807,trans,trans_regulatory_or_intronic
rs112635299,14,23,23,0.369206,63.621,trans,trans_regulatory_or_intronic
rs112806337,14,1,1,0.0420832,12.3092,trans,trans_regulatory_or_intronic
rs112988467,14,1,1,0.0693279,21.5443,trans,trans_regulatory_or_intronic
rs1130267,14,1,1,0.199143,227.522,cis,cis_target_regulatory_or_linked
rs1130409,14,1,1,0.392344,958.348,cis,cis_target_coding_or_splice
rs113170157,14,1,1,0.0450188,14.3902,trans,trans_regulatory_or_intronic
rs1134590,14,1,1,0.0554142,13.9234,trans,trans_other_or_unknown
rs11499034,14,2,2,1.21567,472.876,cis;trans,cis_target_coding_or_splice;trans_other_gene_coding_or_splice
rs11620921,14,1,1,0.0691964,27.7652,cis,cis_locus_linked
rs11621792,14,8,8,0.0785185,36.7488,trans,trans_regulatory_or_intronic
rs11626562,14,1,1,0.0450746,11.4797,trans,trans_regulatory_or_intronic
rs11626929,14,1,1,0.0429848,13.6658,trans,trans_regulatory_or_intronic
rs11627588,14,1,1,0.0466201,10.8455,trans,trans_regulatory_or_intronic
rs11628273,14,1,1,0.0410465,11.8243,trans,trans_regulatory_or_intronic
rs116909374,14,1,1,0.174742,26.7632,trans,trans_regulatory_or_intronic
rs117001788,14,1,1,0.356914,77.5314,trans,trans_regulatory_or_intronic
rs117068593,14,5,5,0.0683762,18.7758,trans,trans_other_gene_coding_or_splice
rs117775520,14,4,4,0.210391,39.6013,trans,trans_other_gene_coding_or_splice
rs11845606,14,1,1,0.102544,18.4669,trans,trans_regulatory_or_intronic
rs11846959,14,5,5,0.115702,79.5365,trans,trans_regulatory_or_intronic
rs11847263,14,1,1,0.0661309,32.2801,trans,trans_regulatory_or_intronic
rs11847351,14,1,1,0.04919,14.0357,trans,trans_regulatory_or_intronic
rs11847598,14,1,1,0.0563041,10.9465,trans,trans_regulatory_or_intronic
rs11850199,14,1,1,0.494869,1107.39,cis,cis_target_regulatory_or_linked
rs12431502,14,1,1,0.0589402,13.5664,trans,trans_regulatory_or_intronic
rs12431998,14,1,1,0.0780867,25.629,trans,trans_regulatory_or_intronic
rs12432442,14,1,1,0.0528128,12.5666,trans,trans_regulatory_or_intronic
rs12433460,14,3,3,0.191529,147.291,trans,trans_other_or_unknown
rs12434498,14,1,1,0.0697735,15.9227,trans,trans_regulatory_or_intronic
rs12434641,14,1,1,0.0533792,12.3227,trans,trans_regulatory_or_intronic
rs12435329,14,1,1,0.0490252,17.6275,trans,trans_regulatory_or_intronic
rs12435604,14,1,1,0.0656686,17.9254,trans,trans_regulatory_or_intronic
rs1257501,14,1,1,0.0525816,14.111,trans,trans_regulatory_or_intronic
rs12588969,14,3,3,0.115721,86.2181,trans,trans_regulatory_or_intronic
rs12590834,14,1,1,0.0769742,18.1199,trans,trans_regulatory_or_intronic
rs12879626,14,1,1,0.12833,103.741,trans,trans_regulatory_or_intronic
rs12880641,14,4,4,0.0889595,43.8259,trans,trans_regulatory_or_intronic
rs12881545,14,1,1,0.0543142,16.7881,trans,trans_regulatory_or_intronic
rs12881755,14,1,1,0.049447,17.4215,trans,trans_regulatory_or_intronic
rs12881760,14,1,1,0.482524,1272.06,cis,cis_locus_linked
rs12885254,14,1,1,0.0557104,14.5553,trans,trans_other_or_unknown
rs12887372,14,1,1,0.0503159,15.9807,trans,trans_regulatory_or_intronic
rs12888367,14,1,1,0.0410548,12.5782,trans,trans_other_or_unknown
rs12888805,14,1,1,0.625252,2705.55,cis,cis_target_coding_or_splice
rs12888955,14,1,1,0.0527361,17.0495,trans,trans_regulatory_or_intronic
rs12889006,14,1,1,0.0502003,19.3686,trans,trans_regulatory_or_intronic
rs12890946,14,1,1,0.0965629,46.8929,trans,trans_regulatory_or_intronic
rs12894709,14,1,1,0.0471045,14.8451,trans,trans_regulatory_or_intronic
rs12894807,14,1,1,0.126215,60.0532,cis,cis_locus_linked
rs12895651,14,3,3,0.103584,41.5455,trans,trans_other_gene_coding_or_splice
rs1303,14,2,2,0.103182,57.7995,trans,trans_other_gene_coding_or_splice
rs1325529,14,1,1,0.0681227,20.341,trans,trans_regulatory_or_intronic
rs138711694,14,1,1,0.251129,21.4993,cis,cis_target_regulatory_or_linked
rs138903858,14,3,3,0.19427,25.3237,trans,trans_regulatory_or_intronic
rs139933477,14,1,1,0.0651737,11.6313,trans,trans_regulatory_or_intronic
rs1407,14,2,2,0.0635925,18.4974,trans,trans_other_gene_coding_or_splice
rs141575023,14,1,1,0.231888,135.786,trans,trans_other_gene_coding_or_splice
rs142153001,14,1,1,0.244571,16.6623,trans,trans_other_gene_coding_or_splice
rs145426428,14,1,1,0.076144,13.7652,trans,trans_regulatory_or_intronic
rs146691898,14,1,1,0.655164,486.901,cis,cis_target_regulatory_or_linked
rs147121761,14,1,1,0.0700703,23.1588,trans,trans_regulatory_or_intronic
rs147307766,14,1,1,0.545483,340.545,cis,cis_locus_linked
rs148659834,14,1,1,1.00356,299.73,cis,cis_target_coding_or_splice
rs149976612,14,1,1,0.0897547,19.8123,trans,trans_regulatory_or_intronic
rs151184170,14,2,2,0.0751228,30.2672,trans,trans_regulatory_or_intronic
rs1555405,14,1,1,0.0500587,13.8328,trans,trans_regulatory_or_intronic
rs17122962,14,1,1,0.0662188,12.0783,trans,trans_regulatory_or_intronic
rs17127600,14,2,2,0.104685,52.8711,trans,trans_regulatory_or_intronic
rs17192558,14,1,1,0.0721221,19.7282,trans,trans_regulatory_or_intronic
rs17254387,14,1,1,0.205754,226.541,cis,cis_locus_linked
rs1755784,14,1,1,0.0624052,23.0871,trans,trans_regulatory_or_intronic
rs17580,14,9,9,0.371386,135.82,cis;trans,cis_target_coding_or_splice;trans_other_gene_coding_or_splice
rs17646457,14,1,1,0.695581,1451.67,cis,cis_target_coding_or_splice
rs1766138,14,1,1,0.0380835,15.5812,trans,trans_regulatory_or_intronic
rs17780143,14,1,1,0.38894,187.456,cis,cis_target_coding_or_splice
rs178761,14,1,1,0.0540395,21.1333,trans,trans_regulatory_or_intronic
rs183347579,14,1,1,0.106829,11.2249,trans,trans_regulatory_or_intronic
rs1860935,14,1,1,0.0411945,11.2044,trans,trans_other_or_unknown
rs187793617,14,1,1,0.0953275,25.3412,trans,trans_regulatory_or_intronic
rs1885095,14,1,1,0.0433371,11.9333,trans,trans_regulatory_or_intronic
rs1888560,14,1,1,0.303824,484.25,cis,cis_locus_linked
rs194742,14,1,1,0.0579886,13.5535,trans,trans_other_or_unknown
rs1955512,14,3,3,0.139589,143.358,trans,trans_regulatory_or_intronic
rs1956713,14,1,1,0.153553,81.1829,trans,trans_regulatory_or_intronic
rs1958078,14,1,1,0.358336,455.132,cis,cis_locus_linked
rs200123836,14,1,1,0.0468702,11.3994,trans,trans_regulatory_or_intronic
rs2004377,14,2,2,0.0780187,37.8688,trans,trans_regulatory_or_intronic
rs2006166,14,1,1,0.112635,25.1625,trans,trans_regulatory_or_intronic
rs2038700,14,2,2,0.0470154,14.2978,trans,trans_regulatory_or_intronic
rs2070709,14,1,1,0.0491607,12.3365,trans,trans_regulatory_or_intronic
rs2073333,14,1,1,0.0638938,28.4859,trans,trans_regulatory_or_intronic
rs2073672,14,1,1,0.0457822,11.477,trans,trans_regulatory_or_intronic
rs2073681,14,1,1,0.0446819,12.029,trans,trans_regulatory_or_intronic
rs2127870,14,9,9,0.905298,3097.83,cis;trans,cis_locus_linked;trans_regulatory_or_intronic
rs2144530,14,2,2,0.0657703,17.6112,trans,trans_regulatory_or_intronic
rs2149839,14,1,1,0.0369234,11.8713,trans,trans_regulatory_or_intronic
rs2158358,14,1,1,0.049352,13.387,trans,trans_regulatory_or_intronic
rs2180369,14,1,1,0.0859265,25.1708,trans,trans_regulatory_or_intronic
rs2236352,14,2,2,0.110602,58.7626,cis,cis_locus_linked;cis_target_regulatory_or_linked
rs2239222,14,1,1,0.0419208,14.3946,trans,trans_regulatory_or_intronic
rs2239630,14,1,1,0.051999,19.0136,trans,trans_regulatory_or_intronic
rs2272587,14,1,1,0.0787409,35.2645,trans,trans_regulatory_or_intronic
rs2295125,14,1,1,0.0513793,19.4756,trans,trans_regulatory_or_intronic
rs2295829,14,1,1,0.752122,2550.54,cis,cis_target_regulatory_or_linked
rs2297066,14,3,3,0.0630738,20.9166,trans,trans_other_gene_coding_or_splice
rs2297067,14,3,3,0.214556,198.108,trans,trans_other_gene_coding_or_splice
rs2338403,14,1,1,0.0541485,16.1964,trans,trans_regulatory_or_intronic
rs2338404,14,1,1,0.0692645,24.6457,trans,trans_regulatory_or_intronic
rs2371463,14,1,1,0.045816,13.2972,trans,trans_regulatory_or_intronic
rs2378955,14,1,1,0.0433607,11.0274,trans,trans_regulatory_or_intronic
rs2411815,14,1,1,0.0511045,14.6033,trans,trans_regulatory_or_intronic
rs2411823,14,1,1,0.0507172,18.1815,trans,trans_other_or_unknown
rs2494747,14,3,3,0.097702,64.1914,trans,trans_regulatory_or_intronic
rs2516600,14,1,1,0.573733,1914.11,cis,cis_target_regulatory_or_linked
rs2516948,14,1,1,0.0957106,34.6249,trans,trans_regulatory_or_intronic
rs2516974,14,1,1,0.0533501,12.2176,trans,trans_regulatory_or_intronic
rs2516981,14,1,1,0.0840678,28.234,trans,trans_regulatory_or_intronic
rs2583285,14,2,2,0.182831,146.073,trans,trans_regulatory_or_intronic
rs2583292,14,1,1,0.0737539,15.7017,trans,trans_regulatory_or_intronic
rs2753532,14,1,1,0.108987,22.8559,trans,trans_regulatory_or_intronic
rs2774036,14,1,1,0.0421555,16.974,trans,trans_regulatory_or_intronic
rs2781375,14,1,1,0.0834534,38.9019,cis,cis_target_regulatory_or_linked
rs28400019,14,1,1,0.506571,567.104,cis,cis_target_regulatory_or_linked
rs28403575,14,2,2,0.754078,1071.87,cis,cis_locus_linked
rs28414135,14,1,1,0.154804,150.623,trans,trans_regulatory_or_intronic
rs2857335,14,1,1,0.052975,10.9813,trans,trans_regulatory_or_intronic
rs2857338,14,1,1,0.0872169,32.163,trans,trans_regulatory_or_intronic
rs2857339,14,1,1,0.121644,61.2069,trans,trans_other_gene_coding_or_splice
rs2857369,14,2,2,0.0877647,24.5638,trans,trans_regulatory_or_intronic
rs2857375,14,2,2,0.0617648,13.7239,trans,trans_other_or_unknown
rs28929474,14,131,131,1.28457,792.809,trans,trans_other_gene_coding_or_splice
rs3007036,14,1,1,0.0435714,13.732,trans,trans_regulatory_or_intronic
rs34108925,14,1,1,0.116672,26.4614,trans,trans_regulatory_or_intronic
rs34118068,14,1,1,0.145977,42.6875,trans,trans_regulatory_or_intronic
rs34315295,14,1,1,0.093979,28.8137,trans,trans_regulatory_or_intronic
rs34735285,14,1,1,0.0772566,26.224,trans,trans_regulatory_or_intronic
rs34747041,14,1,1,0.0571644,24.2962,trans,trans_regulatory_or_intronic
rs34770754,14,1,1,0.0825836,20.4463,trans,trans_regulatory_or_intronic
rs35320790,14,1,1,0.053572,18.2405,trans,trans_regulatory_or_intronic
rs35775091,14,1,1,0.0604783,21.3176,trans,trans_regulatory_or_intronic
rs35835517,14,1,1,0.188742,113.661,trans,trans_regulatory_or_intronic
rs3751488,14,1,1,0.0621116,16.5695,trans,trans_regulatory_or_intronic
rs3784099,14,2,2,0.0528769,17.6064,trans,trans_regulatory_or_intronic
rs3794463,14,1,1,0.141069,53.6511,trans,trans_regulatory_or_intronic
rs3803286,14,2,2,0.067195,30.6309,trans,trans_regulatory_or_intronic
rs3814953,14,1,1,0.0635086,13.4348,trans,trans_regulatory_or_intronic
rs3827905,14,1,1,0.163053,317.234,cis,cis_target_coding_or_splice
rs3829423,14,2,2,0.11768,39.0897,trans,trans_regulatory_or_intronic
rs4127814,14,1,1,0.0393866,13.2304,trans,trans_regulatory_or_intronic
rs439833,14,1,1,0.0595922,21.7908,trans,trans_regulatory_or_intronic
rs4429193,14,1,1,0.0534229,12.4255,trans,trans_regulatory_or_intronic
rs4441176,14,2,2,0.0546252,17.8648,trans,trans_regulatory_or_intronic
rs4512999,14,1,1,0.10497,62.0733,trans,trans_regulatory_or_intronic
rs45512391,14,1,1,0.07371,13.9723,trans,trans_other_gene_coding_or_splice
rs45525531,14,2,2,0.137926,40.5096,trans,trans_regulatory_or_intronic
rs4773993,14,1,1,0.0572271,15.8248,trans,trans_other_or_unknown
rs4774035,14,1,1,0.148881,116.086,trans,trans_other_or_unknown
rs4774042,14,1,1,0.0418192,12.1523,trans,trans_regulatory_or_intronic
rs4898855,14,2,2,0.0492031,16.8781,trans,trans_other_or_unknown
rs4899172,14,1,1,0.0552467,12.5503,trans,trans_regulatory_or_intronic
rs4899551,14,1,1,0.0482803,21.5041,trans,trans_other_or_unknown
rs4900235,14,1,1,0.75165,2282.88,cis,cis_target_regulatory_or_linked
rs4901541,14,4,4,0.0546112,23.7101,trans,trans_regulatory_or_intronic
rs4903064,14,1,1,0.109076,53.8863,trans,trans_regulatory_or_intronic
rs4905957,14,1,1,0.232074,240.801,cis,cis_target_regulatory_or_linked
rs4982325,14,1,1,0.651891,1100.47,cis,cis_locus_linked
rs4982408,14,2,2,0.0808499,23.334,trans,trans_regulatory_or_intronic
rs4982961,14,1,1,0.0330099,11.6791,trans,trans_other_or_unknown
rs4983498,14,1,1,0.0376678,11.3137,trans,trans_regulatory_or_intronic
rs5511,14,2,2,0.611695,1529.87,cis;trans,cis_target_regulatory_or_linked;trans_regulatory_or_intronic
rs55648536,14,1,1,0.0619118,17.5839,trans,trans_regulatory_or_intronic
rs56366203,14,1,1,0.0758988,32.7875,trans,trans_regulatory_or_intronic
rs58231493,14,1,1,0.0425871,13.1092,trans,trans_regulatory_or_intronic
rs58345103,14,1,1,0.0867105,27.1289,trans,trans_regulatory_or_intronic
rs58534292,14,16,16,0.125378,88.2194,trans,trans_regulatory_or_intronic
rs59595881,14,2,2,0.0664114,13.661,trans,trans_regulatory_or_intronic
rs60233920,14,1,1,0.289622,16.6468,trans,trans_regulatory_or_intronic
rs61158753,14,1,1,0.053441,13.8995,trans,trans_regulatory_or_intronic
rs6118,14,1,1,0.116389,34.2331,trans,trans_other_gene_coding_or_splice
rs61269268,14,1,1,0.134626,60.8652,trans,trans_regulatory_or_intronic
rs61976127,14,2,2,0.444661,645.171,cis;trans,cis_locus_linked;trans_regulatory_or_intronic
rs61978213,14,22,22,0.146869,21.1109,trans,trans_regulatory_or_intronic
rs61998537,14,1,1,0.0556222,23.7487,trans,trans_regulatory_or_intronic
rs62006947,14,2,2,0.114179,74.2394,trans,trans_regulatory_or_intronic
rs6572959,14,1,1,0.0858957,34.3447,trans,trans_regulatory_or_intronic
rs6575449,14,1,1,0.105375,41.2623,trans,trans_regulatory_or_intronic
rs6576006,14,1,1,0.0389461,11.0672,trans,trans_regulatory_or_intronic
rs66464514,14,1,1,0.103801,61.0775,trans,trans_regulatory_or_intronic
rs66743574,14,1,1,0.0515906,14.0731,trans,trans_regulatory_or_intronic
rs696,14,1,1,0.0421455,11.3135,trans,trans_regulatory_or_intronic
rs709932,14,1,1,0.29247,253.831,trans,trans_other_gene_coding_or_splice
rs712325,14,2,2,0.0998148,65.9711,trans,trans_regulatory_or_intronic
rs7140280,14,1,1,0.0415744,12.3519,trans,trans_regulatory_or_intronic
rs7141840,14,1,1,0.0481268,18.4786,trans,trans_other_gene_coding_or_splice
rs7142089,14,1,1,0.0498772,11.0016,trans,trans_other_or_unknown
rs71421262,14,1,1,0.0506382,17.3211,trans,trans_regulatory_or_intronic
rs7142320,14,1,1,0.0511188,13.8047,trans,trans_regulatory_or_intronic
rs7144865,14,1,1,0.263662,41.5121,cis,cis_locus_linked
rs7144945,14,1,1,0.780443,3406.33,cis,cis_target_regulatory_or_linked
rs7145333,14,1,1,0.0431016,13.5509,trans,trans_regulatory_or_intronic
rs7146217,14,1,1,0.0471527,14.6045,trans,trans_regulatory_or_intronic
rs7147636,14,1,1,0.0605936,24.6339,trans,trans_regulatory_or_intronic
rs7147722,14,3,3,0.0656404,29.0944,trans,trans_regulatory_or_intronic
rs7149013,14,1,1,0.17598,148.672,cis,cis_locus_linked
rs7149183,14,1,1,0.046756,13.6193,trans,trans_regulatory_or_intronic
rs7149551,14,1,1,0.0419343,11.4639,trans,trans_regulatory_or_intronic
rs7150800,14,1,1,0.0528806,13.0212,trans,trans_regulatory_or_intronic
rs7151531,14,1,1,0.0455547,11.5625,trans,trans_regulatory_or_intronic
rs7152610,14,1,1,0.12509,55.2214,trans,trans_regulatory_or_intronic
rs7153193,14,1,1,0.303414,428.426,cis,cis_target_regulatory_or_linked
rs7153425,14,1,1,0.131818,95.5546,trans,trans_regulatory_or_intronic
rs7153964,14,1,1,0.150644,64.3162,trans,trans_regulatory_or_intronic
rs7154256,14,1,1,0.0523579,18.9667,trans,trans_regulatory_or_intronic
rs7154333,14,1,1,0.0681086,28.4046,trans,trans_regulatory_or_intronic
rs7157093,14,1,1,0.0671628,13.966,trans,trans_regulatory_or_intronic
rs7158665,14,1,1,0.0484766,16.4788,trans,trans_regulatory_or_intronic
rs72481571,14,1,1,0.206431,70.8245,trans,trans_regulatory_or_intronic
rs72694393,14,1,1,0.0419707,12.3839,trans,trans_regulatory_or_intronic
rs72701845,14,5,5,0.359726,99.6837,trans,trans_regulatory_or_intronic
rs72717212,14,1,1,0.0482264,12.2517,trans,trans_other_or_unknown
rs72721631,14,2,2,0.0581393,15.8828,trans,trans_other_or_unknown
rs72734290,14,1,1,1.24697,382.428,cis,cis_locus_linked
rs729940,14,1,1,0.242407,183.873,cis,cis_target_coding_or_splice
rs73338697,14,5,5,0.323581,25.9565,trans,trans_regulatory_or_intronic
rs73365421,14,1,1,0.109465,66.6483,trans,trans_regulatory_or_intronic
rs74091724,14,1,1,0.245306,168.23,trans,trans_regulatory_or_intronic
rs74403919,14,3,3,0.0672031,16.0707,trans,trans_regulatory_or_intronic
rs74839303,14,1,1,0.103705,19.6853,trans,trans_regulatory_or_intronic
rs748988,14,1,1,0.064108,29.3266,trans,trans_regulatory_or_intronic
rs7519,14,1,1,0.102679,70.3356,trans,trans_regulatory_or_intronic
rs754388,14,1,1,0.0845853,28.752,trans,trans_regulatory_or_intronic
rs77333309,14,1,1,0.0959517,15.9302,trans,trans_regulatory_or_intronic
rs77381929,14,1,1,0.0968039,28.3626,trans,trans_regulatory_or_intronic
rs77587796,14,1,1,0.100165,25.8341,trans,trans_regulatory_or_intronic
rs77865971,14,1,1,0.084219,21.7522,trans,trans_regulatory_or_intronic
rs78729611,14,1,1,0.14501,15.1855,trans,trans_regulatory_or_intronic
rs78913970,14,1,1,0.182659,14.4021,trans,trans_regulatory_or_intronic
rs78956591,14,1,1,0.0462625,10.8198,trans,trans_regulatory_or_intronic
rs78986913,14,1,1,0.68847,470.917,cis,cis_locus_linked
rs79445108,14,2,2,0.146943,32.4398,trans,trans_regulatory_or_intronic
rs79589176,14,1,1,0.0462914,14.2787,trans,trans_regulatory_or_intronic
rs79874727,14,1,1,0.0848975,15.3309,trans,trans_regulatory_or_intronic
rs8004237,14,1,1,0.0426151,14.4136,trans,trans_regulatory_or_intronic
rs8006419,14,1,1,0.0454168,17.4574,trans,trans_regulatory_or_intronic
rs8007497,14,1,1,0.082137,39.9404,trans,trans_regulatory_or_intronic
rs8009396,14,1,1,0.0335417,12.6183,trans,trans_regulatory_or_intronic
rs8009570,14,1,1,0.253755,319.951,trans,trans_other_gene_coding_or_splice
rs8013143,14,1,1,0.0488314,13.5803,trans,trans_regulatory_or_intronic
rs8015478,14,2,2,0.0653439,26.2422,trans,trans_regulatory_or_intronic
rs80158569,14,2,2,0.0806921,12.7471,trans,trans_regulatory_or_intronic
rs8017161,14,1,1,0.0419359,10.9907,trans,trans_regulatory_or_intronic
rs8017421,14,1,1,0.962236,1176.29,cis,cis_target_regulatory_or_linked
rs8018720,14,1,1,0.0572095,14.5548,trans,trans_other_gene_coding_or_splice
rs8022359,14,1,1,0.0373053,13.0581,trans,trans_regulatory_or_intronic
rs80324969,14,1,1,0.185034,112.54,cis,cis_locus_linked
rs848093,14,1,1,0.0541216,12.7111,trans,trans_regulatory_or_intronic
rs848112,14,1,1,0.0487463,16.1531,trans,trans_regulatory_or_intronic
rs875908,14,1,1,0.0391759,11.2795,trans,trans_regulatory_or_intronic
rs888414,14,1,1,0.103207,86.8626,cis,cis_locus_linked
rs909219,14,1,1,0.0407431,15.9653,trans,trans_regulatory_or_intronic
rs910792,14,1,1,0.112657,71.5404,cis,cis_target_regulatory_or_linked
rs9322997,14,1,1,0.056698,23.9741,trans,trans_regulatory_or_intronic
rs941576,14,1,1,0.0400843,11.8257,trans,trans_regulatory_or_intronic
rs9630357,14,1,1,0.0542112,15.1094,trans,trans_regulatory_or_intronic
rs9989163,14,1,1,0.0544418,19.5403,trans,trans_regulatory_or_intronic
rs10083587,15,1,1,0.0557061,18.02,trans,trans_other_or_unknown
rs10152127,15,1,1,0.0468712,18.4726,trans,trans_regulatory_or_intronic
rs10152355,15,1,1,0.0520317,16.6489,trans,trans_regulatory_or_intronic
rs10163132,15,1,1,0.032987,12.1281,trans,trans_regulatory_or_intronic
rs1037117,15,2,2,0.0777567,28.8522,trans,trans_regulatory_or_intronic
rs1042499,15,1,1,0.816673,857.487,cis,cis_target_regulatory_or_linked
rs10468017,15,1,1,0.0753738,30.3465,trans,trans_regulatory_or_intronic
rs10744953,15,1,1,0.0666247,14.9074,trans,trans_regulatory_or_intronic
rs1077834,15,1,1,0.123663,71.3693,trans,trans_regulatory_or_intronic
rs1077835,15,1,1,0.0583397,16.9882,trans,trans_regulatory_or_intronic
rs10851591,15,1,1,0.432841,974.424,cis,cis_target_regulatory_or_linked
rs10851740,15,2,2,0.0993346,13.5383,trans,trans_regulatory_or_intronic
rs11071528,15,1,1,0.0785966,25.6143,trans,trans_regulatory_or_intronic
rs11072110,15,1,1,0.043044,11.4835,trans,trans_regulatory_or_intronic
rs11072115,15,1,1,0.044235,13.1856,trans,trans_regulatory_or_intronic
rs11072186,15,1,1,0.0476381,13.2641,trans,trans_other_or_unknown
rs11072563,15,1,1,0.0467371,16.8257,trans,trans_regulatory_or_intronic
rs11072641,15,1,1,0.0461385,14.4394,trans,trans_regulatory_or_intronic
rs11072818,15,1,1,0.0531585,33.355,trans,trans_regulatory_or_intronic
rs11073790,15,1,1,0.0503337,14.3975,trans,trans_regulatory_or_intronic
rs11073804,15,1,1,0.130746,72.7155,cis,cis_locus_linked
rs112770790,15,1,1,0.0642105,13.9141,trans,trans_regulatory_or_intronic
rs113194763,15,1,1,0.112823,25.6664,trans,trans_regulatory_or_intronic
rs113343095,15,1,1,0.0655171,11.7438,trans,trans_regulatory_or_intronic
rs114064595,15,1,1,0.125818,12.9656,trans,trans_regulatory_or_intronic
rs1147128,15,1,1,0.0767988,41.5147,trans,trans_regulatory_or_intronic
rs11630800,15,1,1,0.160194,94.3802,cis,cis_target_regulatory_or_linked
rs11634545,15,1,1,0.168108,37.2648,cis,cis_locus_linked
rs11634947,15,1,1,0.0519969,15.3255,trans,trans_other_or_unknown
rs11636578,15,1,1,0.0416245,10.9435,trans,trans_regulatory_or_intronic
rs11638521,15,1,1,0.035869,15.3764,trans,trans_regulatory_or_intronic
rs117126605,15,1,1,0.349781,46.5294,trans,trans_regulatory_or_intronic
rs11852336,15,1,1,0.0450571,12.0402,trans,trans_regulatory_or_intronic
rs11855641,15,1,1,0.0559153,17.4294,cis,cis_locus_linked
rs11857513,15,1,1,0.119674,11.1681,trans,trans_regulatory_or_intronic
rs11858010,15,1,1,0.370192,744.49,cis,cis_target_regulatory_or_linked
rs12101730,15,1,1,0.0466749,13.6811,trans,trans_regulatory_or_intronic
rs12148472,15,1,1,0.065748,15.2208,trans,trans_regulatory_or_intronic
rs12185077,15,1,1,0.0838606,29.8012,trans,trans_regulatory_or_intronic
rs12438878,15,1,1,0.0870894,53.8177,trans,trans_regulatory_or_intronic
rs12441543,15,1,1,0.0444659,10.7991,trans,trans_regulatory_or_intronic
rs12441765,15,1,1,0.0438027,12.3211,trans,trans_regulatory_or_intronic
rs12442073,15,1,1,0.0467186,14.9651,trans,trans_regulatory_or_intronic
rs12442252,15,1,1,0.107746,82.4382,trans,trans_regulatory_or_intronic
rs12442366,15,2,2,0.048104,15.1213,trans,trans_regulatory_or_intronic
rs12591150,15,1,1,0.0595629,12.906,trans,trans_regulatory_or_intronic
rs12591825,15,1,1,0.0778469,41.1979,trans,trans_regulatory_or_intronic
rs12592898,15,1,1,0.0662065,13.5818,trans,trans_regulatory_or_intronic
rs12719735,15,1,1,0.0540806,16.1316,trans,trans_regulatory_or_intronic
rs1276854,15,1,1,0.0990529,66.457,trans,trans_regulatory_or_intronic
rs12899068,15,1,1,0.0539017,26.2694,trans,trans_regulatory_or_intronic
rs12900933,15,1,1,0.151061,59.9023,trans,trans_regulatory_or_intronic
rs12903072,15,1,1,0.111134,75.1717,cis,cis_locus_linked
rs12906219,15,1,1,0.0827727,27.1293,trans,trans_regulatory_or_intronic
rs12908199,15,1,1,0.109162,26.1668,cis,cis_target_regulatory_or_linked
rs12910173,15,1,1,0.0588004,14.9814,trans,trans_regulatory_or_intronic
rs12911469,15,1,1,0.0406488,11.6769,trans,trans_regulatory_or_intronic
rs12911658,15,1,1,0.0683045,17.1811,trans,trans_regulatory_or_intronic
rs12913702,15,1,1,0.0593484,18.824,trans,trans_regulatory_or_intronic
rs12916532,15,1,1,0.28211,369.081,cis,cis_target_regulatory_or_linked
rs139755703,15,2,2,0.102458,17.4251,trans,trans_regulatory_or_intronic
rs140717316,15,1,1,0.0688538,10.8911,trans,trans_regulatory_or_intronic
rs143875230,15,4,4,0.153121,19.3925,trans,trans_regulatory_or_intronic
rs144637338,15,1,1,0.12869,11.4799,trans,trans_regulatory_or_intronic
rs1482941,15,1,1,0.0507929,12.781,trans,trans_regulatory_or_intronic
rs149039920,15,1,1,0.187399,12.9501,trans,trans_regulatory_or_intronic
rs149624078,15,1,1,0.171432,12.1759,trans,trans_regulatory_or_intronic
rs149698681,15,1,1,0.199093,20.6807,trans,trans_regulatory_or_intronic
rs1532085,15,2,2,0.0946252,57.7623,trans,trans_regulatory_or_intronic
rs1552949,15,1,1,0.106122,64.694,trans,trans_regulatory_or_intronic
rs1552950,15,1,1,0.0739247,27.0136,trans,trans_regulatory_or_intronic
rs1552951,15,1,1,0.0510283,12.6359,trans,trans_regulatory_or_intronic
rs1552952,15,1,1,0.0534672,17.0005,trans,trans_regulatory_or_intronic
rs1601935,15,2,2,0.065394,26.616,trans,trans_regulatory_or_intronic
rs16965171,15,1,1,0.0567632,16.2711,trans,trans_regulatory_or_intronic
rs17190566,15,1,1,0.0538476,12.2845,trans,trans_regulatory_or_intronic
rs17271193,15,1,1,0.0422669,12.1656,trans,trans_regulatory_or_intronic
rs17338413,15,1,1,0.355414,234.423,trans,trans_regulatory_or_intronic
rs174418,15,2,2,0.0775624,39.7183,trans,trans_regulatory_or_intronic
rs17658212,15,6,6,0.654935,512.994,cis;trans,cis_target_coding_or_splice;trans_other_gene_coding_or_splice
rs17676332,15,1,1,0.64564,2027.13,cis,cis_target_regulatory_or_linked
rs17702595,15,1,1,0.207331,36.1386,trans,trans_regulatory_or_intronic
rs17765311,15,1,1,0.0603482,26.9663,trans,trans_regulatory_or_intronic
rs17807723,15,1,1,0.058461,13.1081,trans,trans_other_gene_coding_or_splice
rs17845226,15,1,1,0.0572665,13.0846,trans,trans_other_gene_coding_or_splice
rs1800588,15,2,2,0.0515646,15.1139,trans,trans_regulatory_or_intronic
rs1834747,15,1,1,0.0466546,10.8642,trans,trans_regulatory_or_intronic
rs201393666,15,1,1,0.128958,12.3361,trans,trans_regulatory_or_intronic
rs2043082,15,1,1,0.0460066,15.3711,trans,trans_regulatory_or_intronic
rs2043085,15,1,1,0.0604861,22.5879,trans,trans_regulatory_or_intronic
rs2062309,15,1,1,0.237445,256.937,cis,cis_locus_linked
rs2070895,15,3,3,0.0730893,32.1548,trans,trans_regulatory_or_intronic
rs2071382,15,1,1,0.130076,95.2174,cis,cis_locus_linked
rs2073711,15,1,1,0.0815538,43.9754,trans,trans_other_gene_coding_or_splice
rs2288768,15,1,1,0.270332,159.795,cis,cis_locus_linked
rs2289702,15,5,5,0.128452,39.7959,trans,trans_other_gene_coding_or_splice
rs2291014,15,1,1,1.29687,3836.76,cis,cis_target_regulatory_or_linked
rs2304904,15,1,1,0.647091,661.929,cis,cis_locus_linked
rs2306022,15,1,1,0.361651,245.469,cis,cis_target_coding_or_splice
rs2414001,15,1,1,0.0564996,20.2479,trans,trans_regulatory_or_intronic
rs2414577,15,1,1,0.038082,17.3271,trans,trans_regulatory_or_intronic
rs2414578,15,3,3,0.0684576,27.6507,trans,trans_regulatory_or_intronic
rs2415057,15,1,1,0.0627974,12.6983,trans,trans_regulatory_or_intronic
rs2439430,15,1,1,0.0607815,25.7252,trans,trans_regulatory_or_intronic
rs2458504,15,1,1,0.0433511,13.5811,trans,trans_regulatory_or_intronic
rs2585035,15,1,1,0.28777,484.567,cis,cis_target_regulatory_or_linked
rs2606145,15,1,1,0.700482,2117.01,cis,cis_target_regulatory_or_linked
rs261290,15,5,5,0.123578,137.643,trans,trans_regulatory_or_intronic
rs261332,15,1,1,0.0591789,14.6224,trans,trans_other_or_unknown
rs2625004,15,1,1,0.062445,19.4202,trans,trans_regulatory_or_intronic
rs2729806,15,1,1,0.048562,15.6956,trans,trans_regulatory_or_intronic
rs28398966,15,1,1,0.0845305,12.6756,trans,trans_regulatory_or_intronic
rs28430908,15,1,1,0.212403,39.6348,trans,trans_regulatory_or_intronic
rs28459661,15,1,1,0.0441781,12.625,trans,trans_regulatory_or_intronic
rs28498458,15,1,1,0.0422285,10.93,trans,trans_regulatory_or_intronic
rs28735437,15,1,1,0.250759,191.343,cis,cis_target_regulatory_or_linked
rs28837202,15,1,1,0.0614836,29.7761,trans,trans_regulatory_or_intronic
rs290366,15,1,1,0.062778,31.8608,trans,trans_regulatory_or_intronic
rs2903880,15,2,2,0.0579233,20.7939,trans,trans_regulatory_or_intronic
rs2939849,15,1,1,0.0515399,41.7296,trans,trans_regulatory_or_intronic
rs339969,15,22,22,0.0913481,69.3181,trans,trans_regulatory_or_intronic
rs340005,15,2,2,0.0672498,35.1316,trans,trans_regulatory_or_intronic
rs340029,15,2,2,0.0490507,17.004,trans,trans_regulatory_or_intronic
rs34239095,15,1,1,0.382563,717.114,cis,cis_target_regulatory_or_linked
rs34257513,15,1,1,0.0965927,47.3385,trans,trans_regulatory_or_intronic
rs34262848,15,1,1,0.0697621,19.6117,trans,trans_regulatory_or_intronic
rs34452033,15,2,2,0.0528015,15.642,trans,trans_regulatory_or_intronic
rs34560261,15,7,7,0.121952,54.5683,trans,trans_regulatory_or_intronic
rs34593439,15,1,1,0.0962845,26.0529,trans,trans_regulatory_or_intronic
rs34772505,15,1,1,0.384006,789.254,cis,cis_target_regulatory_or_linked
rs35439349,15,1,1,0.0593439,13.9325,trans,trans_regulatory_or_intronic
rs35673728,15,1,1,0.0863356,11.2932,trans,trans_regulatory_or_intronic
rs35853021,15,2,2,0.0894777,50.9524,trans,trans_regulatory_or_intronic
rs36034702,15,2,2,0.0704035,24.3089,trans,trans_regulatory_or_intronic
rs36082322,15,1,1,0.0799538,20.5498,trans,trans_regulatory_or_intronic
rs3743249,15,1,1,0.11285,66.1637,cis,cis_target_regulatory_or_linked
rs3751542,15,1,1,0.0432333,11.79,trans,trans_regulatory_or_intronic
rs3752102,15,1,1,0.222923,307.496,cis,cis_target_regulatory_or_linked
rs3784789,15,1,1,0.0535577,26.9407,trans,trans_regulatory_or_intronic
rs3817428,15,1,1,0.146664,109.882,trans,trans_other_gene_coding_or_splice
rs4338740,15,2,2,0.089944,38.716,trans,trans_regulatory_or_intronic
rs4380013,15,1,1,0.0938581,34.096,cis,cis_locus_linked
rs443401,15,1,1,0.0441294,12.0677,trans,trans_regulatory_or_intronic
rs4480755,15,1,1,0.0452094,12.6778,trans,trans_other_or_unknown
rs4541022,15,1,1,0.0849825,21.9902,trans,trans_regulatory_or_intronic
rs4702,15,4,4,0.0516146,18.8649,trans,trans_regulatory_or_intronic
rs4774967,15,1,1,0.0534087,16.6865,trans,trans_regulatory_or_intronic
rs4775282,15,1,1,0.0605458,22.06,trans,trans_regulatory_or_intronic
rs4776341,15,1,1,0.0509048,18.0987,trans,trans_regulatory_or_intronic
rs4778639,15,1,1,0.944394,1708.89,cis,cis_locus_linked
rs478008,15,1,1,0.0584407,20.8083,trans,trans_regulatory_or_intronic
rs4886410,15,1,1,0.0613245,22.4991,trans,trans_other_or_unknown
rs4886632,15,1,1,0.203834,230.665,cis,cis_locus_linked
rs4924450,15,1,1,0.151836,112.763,cis,cis_locus_linked
rs4932177,15,1,1,0.0468493,13.7514,trans,trans_regulatory_or_intronic
rs4966015,15,1,1,0.0572434,13.0439,trans,trans_regulatory_or_intronic
rs55646601,15,1,1,0.0407964,23.4671,trans,trans_regulatory_or_intronic
rs55707100,15,16,16,0.178515,25.2169,trans,trans_other_gene_coding_or_splice
rs560191,15,1,1,0.125083,92.0044,trans,trans_other_gene_coding_or_splice
rs56094562,15,1,1,0.0614011,23.241,trans,trans_regulatory_or_intronic
rs56266896,15,2,2,0.0943317,16.8038,trans,trans_regulatory_or_intronic
rs56332871,15,3,3,0.0622661,23.1799,trans,trans_regulatory_or_intronic
rs56362513,15,1,1,0.948856,436.194,cis,cis_locus_linked
rs56369308,15,1,1,0.0784333,34.757,trans,trans_regulatory_or_intronic
rs5742915,15,2,2,0.0497012,17.4545,trans,trans_other_gene_coding_or_splice
rs58036957,15,1,1,0.0658951,13.4722,trans,trans_other_or_unknown
rs58603603,15,1,1,0.0872099,13.5239,trans,trans_regulatory_or_intronic
rs588136,15,1,1,0.0560708,15.7464,trans,trans_regulatory_or_intronic
rs59001897,15,13,13,0.0697484,17.944,trans,trans_regulatory_or_intronic
rs59424629,15,1,1,0.0405715,12.9305,trans,trans_regulatory_or_intronic
rs60128101,15,1,1,0.0594623,14.2545,trans,trans_regulatory_or_intronic
rs60250730,15,1,1,1.10233,3936.01,cis,cis_target_regulatory_or_linked
rs61751063,15,2,2,0.146535,16.416,trans,trans_other_gene_coding_or_splice
rs62007832,15,1,1,0.143194,86.0063,cis,cis_locus_linked
rs62011287,15,1,1,0.0485527,16.0483,trans,trans_regulatory_or_intronic
rs62018910,15,1,1,0.0524202,11.2483,trans,trans_regulatory_or_intronic
rs62025493,15,1,1,0.048515,12.0661,trans,trans_regulatory_or_intronic
rs631864,15,1,1,0.0388981,11.9767,trans,trans_regulatory_or_intronic
rs6494035,15,1,1,0.0461142,11.7866,trans,trans_regulatory_or_intronic
rs6495158,15,1,1,0.043856,10.9756,trans,trans_other_or_unknown
rs6497185,15,4,4,0.060909,18.9893,trans,trans_regulatory_or_intronic
rs659232,15,1,1,0.0669304,20.7119,trans,trans_other_gene_coding_or_splice
rs67020211,15,2,2,0.0839786,46.6369,trans,trans_regulatory_or_intronic
rs7161799,15,9,9,0.238843,96.295,trans,trans_regulatory_or_intronic
rs7166599,15,1,1,0.045312,12.6972,trans,trans_regulatory_or_intronic
rs7169895,15,1,1,0.0686257,23.7148,trans,trans_other_or_unknown
rs7172615,15,1,1,0.0576594,15.1152,trans,trans_regulatory_or_intronic
rs7172696,15,2,2,0.046959,12.1576,trans,trans_regulatory_or_intronic
rs7178458,15,2,2,0.120977,81.5768,trans,trans_regulatory_or_intronic
rs7183456,15,1,1,0.0597279,21.2728,trans,trans_regulatory_or_intronic
rs72720971,15,1,1,0.0582799,19.6028,trans,trans_other_or_unknown
rs72730585,15,1,1,0.048198,12.7999,trans,trans_regulatory_or_intronic
rs72731930,15,1,1,0.201764,70.6552,trans,trans_regulatory_or_intronic
rs72731954,15,2,2,0.0819834,13.0875,trans,trans_regulatory_or_intronic
rs72733906,15,1,1,0.0817818,11.9204,trans,trans_regulatory_or_intronic
rs72742918,15,1,1,0.087795,12.6022,trans,trans_regulatory_or_intronic
rs72744709,15,1,1,0.107996,18.4529,trans,trans_regulatory_or_intronic
rs72749499,15,3,3,0.121678,28.2755,trans,trans_regulatory_or_intronic
rs72752337,15,1,1,1.37335,303.565,cis,cis_locus_linked
rs72755040,15,1,1,0.0907376,13.5954,trans,trans_regulatory_or_intronic
rs72768600,15,1,1,0.0663902,13.7208,trans,trans_regulatory_or_intronic
rs7350789,15,2,2,0.0637302,34.0352,trans,trans_regulatory_or_intronic
rs74841302,15,1,1,0.184227,14.6031,trans,trans_regulatory_or_intronic
rs7497304,15,1,1,0.0453179,12.0555,trans,trans_regulatory_or_intronic
rs7535,15,1,1,0.0906505,15.3143,cis,cis_target_coding_or_splice
rs76382136,15,1,1,0.0815734,17.5721,trans,trans_other_or_unknown
rs76648483,15,5,5,0.0807697,37.8447,trans,trans_regulatory_or_intronic
rs768269,15,1,1,0.0352173,10.9869,trans,trans_regulatory_or_intronic
rs77237106,15,2,2,0.135924,68.5972,cis;trans,cis_target_coding_or_splice;trans_other_gene_coding_or_splice
rs77379665,15,1,1,0.13155,12.4719,cis,cis_target_regulatory_or_linked
rs77554484,15,1,1,0.0656906,13.4166,trans,trans_regulatory_or_intronic
rs78550103,15,1,1,0.0593528,11.3222,trans,trans_regulatory_or_intronic
rs78994380,15,1,1,0.227578,117.543,cis,cis_locus_linked
rs79866634,15,1,1,0.0829317,11.3191,trans,trans_regulatory_or_intronic
rs80177425,15,1,1,0.0437482,13.3782,trans,trans_regulatory_or_intronic
rs8023580,15,1,1,0.0524641,15.7621,trans,trans_regulatory_or_intronic
rs8024090,15,1,1,0.0555683,15.4383,trans,trans_regulatory_or_intronic
rs8025505,15,1,1,0.0656897,20.8386,trans,trans_regulatory_or_intronic
rs8025591,15,1,1,0.0517628,11.9678,trans,trans_regulatory_or_intronic
rs8025833,15,1,1,0.053073,61.3498,trans,trans_regulatory_or_intronic
rs8026714,15,1,1,0.0583976,12.48,trans,trans_regulatory_or_intronic
rs8029247,15,1,1,0.033858,11.5105,trans,trans_regulatory_or_intronic
rs8030179,15,1,1,0.050579,20.3285,trans,trans_regulatory_or_intronic
rs8032798,15,1,1,0.0455081,12.3946,trans,trans_other_or_unknown
rs8033800,15,1,1,0.453807,1133.47,cis,cis_target_regulatory_or_linked
rs8033940,15,1,1,0.0522955,13.8965,trans,trans_regulatory_or_intronic
rs8034776,15,1,1,0.0512244,13.0071,trans,trans_regulatory_or_intronic
rs8035677,15,1,1,0.121612,12.5884,trans,trans_regulatory_or_intronic
rs8038032,15,1,1,0.0775028,50.3334,trans,trans_regulatory_or_intronic
rs8038465,15,1,1,0.0444802,14.5344,trans,trans_regulatory_or_intronic
rs8038694,15,1,1,0.0552039,14.7923,trans,trans_regulatory_or_intronic
rs8038764,15,1,1,0.113526,89.1045,trans,trans_regulatory_or_intronic
rs8041103,15,1,1,0.0440092,13.0662,trans,trans_regulatory_or_intronic
rs8042458,15,1,1,0.0399207,12.2885,trans,trans_regulatory_or_intronic
rs8042462,15,1,1,0.216465,36.2607,trans,trans_regulatory_or_intronic
rs8043243,15,1,1,0.0592687,26.482,trans,trans_regulatory_or_intronic
rs8192297,15,1,1,0.157141,59.3527,trans,trans_other_gene_coding_or_splice
rs877285,15,1,1,0.0523418,18.9078,trans,trans_regulatory_or_intronic
rs919054,15,1,1,0.0400359,11.1023,trans,trans_regulatory_or_intronic
rs998549,15,1,1,0.0881613,24.3255,trans,trans_other_or_unknown
rs10083773,16,1,1,0.0424273,10.8205,trans,trans_other_or_unknown
rs1019546,16,1,1,0.0557749,14.1023,trans,trans_regulatory_or_intronic
rs1069288,16,1,1,0.0464149,12.9603,trans,trans_regulatory_or_intronic
rs10775352,16,1,1,0.0711825,21.4801,trans,trans_regulatory_or_intronic
rs11074359,16,1,1,0.130136,93.0083,cis,cis_target_coding_or_splice
rs11074844,16,1,1,0.0676243,30.7971,trans,trans_regulatory_or_intronic
rs11075921,16,5,5,0.0805217,29.0695,trans,trans_regulatory_or_intronic
rs111632263,16,1,1,0.0715057,15.8994,trans,trans_regulatory_or_intronic
rs111714972,16,1,1,0.0534268,14.5944,trans,trans_regulatory_or_intronic
rs111869668,16,1,1,0.112785,21.6352,trans,trans_regulatory_or_intronic
rs1121985,16,1,1,0.0494006,37.0808,trans,trans_other_or_unknown
rs112434994,16,1,1,0.17525,78.9881,cis,cis_locus_linked
rs11248930,16,1,1,0.0598539,23.1031,trans,trans_regulatory_or_intronic
rs1126464,16,6,6,0.0694275,23.5676,trans,trans_other_gene_coding_or_splice
rs11344,16,1,1,0.150116,144.794,cis,cis_locus_linked
rs113956264,16,1,1,0.116796,11.4185,trans,trans_other_gene_coding_or_splice
rs1143679,16,1,1,0.068559,11.2931,trans,trans_other_gene_coding_or_splice
rs11570136,16,2,2,0.138387,101.814,cis;trans,cis_locus_linked;trans_regulatory_or_intronic
rs11574938,16,3,3,0.148522,123.68,cis;trans,cis_locus_linked;trans_regulatory_or_intronic
rs11640085,16,1,1,0.0717608,12.291,trans,trans_other_or_unknown
rs11643024,16,1,1,0.0413601,12.5583,trans,trans_regulatory_or_intronic
rs11643063,16,1,1,0.14914,123.061,trans,trans_regulatory_or_intronic
rs11646135,16,1,1,0.431503,728.645,cis,cis_locus_linked
rs11647454,16,1,1,0.0653848,14.3494,trans,trans_regulatory_or_intronic
rs11647695,16,1,1,0.0531201,21.6649,trans,trans_regulatory_or_intronic
rs11648679,16,1,1,0.063681,22.3844,trans,trans_regulatory_or_intronic
rs11649196,16,1,1,0.0616788,13.8356,trans,trans_regulatory_or_intronic
rs11649554,16,1,1,0.0449189,13.6514,trans,trans_regulatory_or_intronic
rs116989645,16,1,1,0.198498,11.4719,trans,trans_other_or_unknown
rs117169628,16,1,1,0.0928217,28.8807,trans,trans_other_gene_coding_or_splice
rs117353460,16,1,1,0.149429,20.2288,trans,trans_regulatory_or_intronic
rs11859341,16,1,1,0.0558625,11.4491,trans,trans_regulatory_or_intronic
rs11859615,16,1,1,0.118556,16.0145,trans,trans_regulatory_or_intronic
rs11860497,16,1,1,0.0466555,12.7688,trans,trans_regulatory_or_intronic
rs11865163,16,1,1,0.0886032,12.5302,trans,trans_regulatory_or_intronic
rs12051272,16,2,2,0.410013,67.7842,trans,trans_regulatory_or_intronic
rs12149545,16,7,7,0.0612446,48.9077,trans,trans_regulatory_or_intronic
rs12443634,16,1,1,0.0388593,11.0157,trans,trans_regulatory_or_intronic
rs12444166,16,1,1,0.0419055,14.9272,trans,trans_other_or_unknown
rs12445050,16,44,44,0.11015,34.6383,trans,trans_regulatory_or_intronic
rs12446515,16,1,1,0.0694966,29.4168,trans,trans_regulatory_or_intronic
rs12448760,16,2,2,0.0994461,55.0227,trans,trans_regulatory_or_intronic
rs12595858,16,1,1,0.0419458,13.0752,trans,trans_regulatory_or_intronic
rs12597479,16,1,1,0.0813992,40.4591,cis,cis_locus_linked
rs12599288,16,1,1,0.109932,65.8386,trans,trans_regulatory_or_intronic
rs12599731,16,1,1,0.0469562,20.335,trans,trans_regulatory_or_intronic
rs12599777,16,1,1,0.414393,584.044,cis,cis_target_regulatory_or_linked
rs12599863,16,1,1,0.0437416,14.9156,trans,trans_regulatory_or_intronic
rs12917707,16,1,1,0.950875,3313.3,cis,cis_target_regulatory_or_linked
rs12918968,16,1,1,0.0565166,34.1616,trans,trans_regulatory_or_intronic
rs12920871,16,1,1,0.0529718,18.9113,trans,trans_regulatory_or_intronic
rs12922073,16,2,2,0.0999241,69.5108,trans,trans_other_gene_coding_or_splice
rs12923427,16,1,1,0.0685942,32.7022,trans,trans_other_or_unknown
rs12923769,16,1,1,0.0691013,13.6028,trans,trans_regulatory_or_intronic
rs12934455,16,2,2,0.0564312,12.3999,trans,trans_regulatory_or_intronic
rs12934567,16,1,1,0.052923,16.296,trans,trans_regulatory_or_intronic
rs12934746,16,1,1,0.0783269,29.6651,trans,trans_other_or_unknown
rs13329952,16,7,7,0.0560988,13.1734,trans,trans_regulatory_or_intronic
rs13330176,16,3,3,0.0832414,33.587,trans,trans_regulatory_or_intronic
rs13334205,16,1,1,0.0618532,15.9515,trans,trans_regulatory_or_intronic
rs13334882,16,1,1,0.121278,25.0707,cis,cis_locus_linked
rs13335818,16,6,6,0.0732913,20.3887,trans,trans_other_gene_coding_or_splice
rs13336347,16,1,1,0.0425104,16.308,trans,trans_regulatory_or_intronic
rs13338037,16,1,1,0.0563786,14.3234,trans,trans_regulatory_or_intronic
rs13338372,16,1,1,0.0597183,13.5817,trans,trans_regulatory_or_intronic
rs13339274,16,1,1,0.0717464,16.1163,trans,trans_regulatory_or_intronic
rs138258116,16,1,1,0.0505495,13.9559,trans,trans_regulatory_or_intronic
rs1420299,16,1,1,0.0445224,11.7717,trans,trans_regulatory_or_intronic
rs1424110,16,1,1,0.0511587,16.7376,trans,trans_regulatory_or_intronic
rs1437135,16,1,1,0.067514,20.2325,trans,trans_regulatory_or_intronic
rs144009214,16,1,1,0.244124,25.1084,cis,cis_locus_linked
rs145102812,16,1,1,0.0557898,11.5143,trans,trans_regulatory_or_intronic
rs151233,16,1,1,0.0625158,12.4365,trans,trans_regulatory_or_intronic
rs151234,16,11,11,0.0783141,17.2059,trans,trans_regulatory_or_intronic
rs1549299,16,1,1,0.0499818,15.2787,trans,trans_other_gene_coding_or_splice
rs1573735,16,1,1,0.0429259,12.4656,trans,trans_regulatory_or_intronic
rs15951,16,3,3,0.0856655,67.0606,trans,trans_regulatory_or_intronic
rs1635404,16,1,1,0.0527561,17.0192,trans,trans_regulatory_or_intronic
rs1657086,16,1,1,0.0515625,11.1525,trans,trans_regulatory_or_intronic
rs1673931,16,5,5,0.134008,105.03,trans,trans_regulatory_or_intronic
rs1684586,16,1,1,0.0316668,12.6397,trans,trans_regulatory_or_intronic
rs16940186,16,1,1,0.133085,134.335,trans,trans_regulatory_or_intronic
rs16950558,16,1,1,0.0637173,11.3813,trans,trans_other_or_unknown
rs16950595,16,1,1,0.0622354,13.5955,trans,trans_other_or_unknown
rs16956504,16,1,1,0.295865,230.15,cis,cis_target_coding_or_splice
rs17616063,16,3,3,0.0972043,37.2805,trans,trans_regulatory_or_intronic
rs17673793,16,1,1,0.0616804,21.4711,trans,trans_regulatory_or_intronic
rs17689024,16,1,1,0.0576864,20.5147,trans,trans_regulatory_or_intronic
rs17689159,16,1,1,0.09232,44.8736,trans,trans_regulatory_or_intronic
rs17689625,16,1,1,0.0497354,13.6318,trans,trans_regulatory_or_intronic
rs17700884,16,1,1,0.122188,80.2887,cis,cis_locus_linked
rs17767742,16,1,1,0.0841081,36.339,trans,trans_regulatory_or_intronic
rs17817712,16,1,1,0.0399966,11.3009,trans,trans_regulatory_or_intronic
rs1800775,16,6,6,0.0559812,19.2956,trans,trans_regulatory_or_intronic
rs1805007,16,2,2,0.14577,50.7805,trans,trans_other_gene_coding_or_splice
rs180744,16,1,1,1.1181,6743.33,cis,cis_locus_linked
rs181203,16,1,1,0.0699385,30.4003,cis,cis_locus_linked
rs181206,16,1,1,0.0441883,15.9875,trans,trans_other_gene_coding_or_splice
rs183130,16,6,6,0.148724,126.77,trans,trans_regulatory_or_intronic
rs1864163,16,1,1,0.0472306,11.0613,trans,trans_regulatory_or_intronic
rs188683732,16,1,1,0.367325,37.5694,trans,trans_regulatory_or_intronic
rs189278832,16,1,1,0.0512075,16.6101,trans,trans_regulatory_or_intronic
rs189772258,16,1,1,0.202466,10.8027,trans,trans_regulatory_or_intronic
rs193652,16,1,1,0.04395,11.0601,cis,cis_locus_linked
rs1984409,16,1,1,0.0340222,10.9281,trans,trans_regulatory_or_intronic
rs200293726,16,3,3,0.070247,25.2085,trans,trans_regulatory_or_intronic
rs2011779,16,2,2,0.047254,14.1087,cis;trans,cis_target_regulatory_or_linked;trans_regulatory_or_intronic
rs2058814,16,1,1,0.0404664,11.4862,trans,trans_regulatory_or_intronic
rs2071916,16,2,2,0.30418,644.04,trans,trans_regulatory_or_intronic
rs2072694,16,1,1,0.046978,14.955,trans,trans_regulatory_or_intronic
rs2075465,16,1,1,0.0394437,11.4474,trans,trans_regulatory_or_intronic
rs2075637,16,1,1,0.0412426,11.4692,trans,trans_regulatory_or_intronic
rs217181,16,2,2,0.0562508,14.4909,trans,trans_regulatory_or_intronic
rs217184,16,9,9,0.142982,104.94,trans,trans_regulatory_or_intronic
rs2179768,16,1,1,0.0651074,25.9484,trans,trans_regulatory_or_intronic
rs2235503,16,1,1,0.736645,2084.78,cis,cis_target_regulatory_or_linked
rs2239327,16,1,1,0.0384634,12.3741,trans,trans_regulatory_or_intronic
rs2270363,16,1,1,0.111728,56.6426,cis,cis_locus_linked
rs2280381,16,2,2,0.0510057,20.7508,trans,trans_regulatory_or_intronic
rs2287798,16,1,1,0.0558528,19.576,trans,trans_other_gene_coding_or_splice
rs2287799,16,1,1,0.0426497,11.4965,trans,trans_regulatory_or_intronic
rs2292318,16,1,1,0.15468,65.7526,trans,trans_regulatory_or_intronic
rs2303223,16,1,1,0.0673187,27.1178,trans,trans_other_gene_coding_or_splice
rs231976,16,1,1,0.0424614,12.2554,trans,trans_regulatory_or_intronic
rs2460457,16,1,1,0.0558248,18.0646,trans,trans_regulatory_or_intronic
rs2461286,16,1,1,1.02774,5397.88,cis,cis_target_regulatory_or_linked
rs247616,16,4,4,0.0738063,30.4569,trans,trans_other_or_unknown
rs247617,16,11,11,0.128433,94.5567,trans,trans_other_or_unknown
rs247810,16,1,1,0.0566721,11.3664,trans,trans_regulatory_or_intronic
rs247826,16,1,1,0.0493795,11.3394,trans,trans_regulatory_or_intronic
rs2541593,16,1,1,0.0666727,19.2509,trans,trans_regulatory_or_intronic
rs2549498,16,1,1,0.0487784,11.4229,trans,trans_other_or_unknown
rs2733910,16,1,1,0.412489,713.834,cis,cis_target_regulatory_or_linked
rs2745083,16,2,2,0.264116,385.354,cis;trans,cis_locus_linked;trans_regulatory_or_intronic
rs28362063,16,3,3,0.0713358,18.821,trans,trans_regulatory_or_intronic
rs28365941,16,9,9,0.134724,64.6189,trans,trans_regulatory_or_intronic
rs28483765,16,1,1,0.0674114,26.1123,trans,trans_regulatory_or_intronic
rs28544423,16,2,2,0.0499713,11.8959,trans,trans_other_gene_coding_or_splice
rs28547561,16,1,1,1.13641,1567.96,cis,cis_target_regulatory_or_linked
rs28640218,16,4,4,0.0596238,17.6997,trans,trans_regulatory_or_intronic
rs289749,16,1,1,0.0479254,11.982,trans,trans_regulatory_or_intronic
rs2925979,16,1,1,0.04337,11.8763,trans,trans_regulatory_or_intronic
rs2927314,16,1,1,0.0392993,10.89,trans,trans_other_or_unknown
rs3211995,16,1,1,0.137535,61.0628,cis,cis_locus_linked
rs3213423,16,1,1,0.0416297,12.7101,trans,trans_regulatory_or_intronic
rs34042070,16,3,3,0.310424,350.754,trans,trans_regulatory_or_intronic
rs34177108,16,1,1,0.0586982,19.1687,trans,trans_regulatory_or_intronic
rs34258285,16,1,1,0.64294,221.504,cis,cis_target_coding_or_splice
rs34262842,16,15,15,0.0742789,23.6947,trans,trans_regulatory_or_intronic
rs34357723,16,1,1,0.0544399,15.7838,trans,trans_regulatory_or_intronic
rs34416903,16,3,3,0.0887781,37.1862,trans,trans_regulatory_or_intronic
rs34664313,16,1,1,0.0487521,13.5475,trans,trans_regulatory_or_intronic
rs34882080,16,1,1,0.0630869,15.8412,trans,trans_regulatory_or_intronic
rs34967993,16,1,1,0.337866,24.2166,trans,trans_regulatory_or_intronic
rs35280834,16,1,1,0.0425368,10.9211,trans,trans_regulatory_or_intronic
rs35391516,16,1,1,0.195583,90.7273,trans,trans_regulatory_or_intronic
rs35713275,16,1,1,0.896459,1004.46,cis,cis_target_coding_or_splice
rs35722622,16,1,1,0.034797,10.8767,trans,trans_regulatory_or_intronic
rs35955905,16,1,1,0.038222,12.648,trans,trans_regulatory_or_intronic
rs36017565,16,1,1,0.227152,366.274,cis,cis_target_regulatory_or_linked
rs36024491,16,2,2,0.0474462,15.3134,trans,trans_regulatory_or_intronic
rs36060036,16,12,12,0.0758571,20.3115,trans,trans_regulatory_or_intronic
rs373909380,16,1,1,0.111078,57.112,trans,trans_regulatory_or_intronic
rs3743588,16,1,1,0.0607597,18.7995,trans,trans_other_gene_coding_or_splice
rs3743887,16,1,1,0.181789,65.9404,trans,trans_other_gene_coding_or_splice
rs3743890,16,1,1,0.0489329,15.1346,trans,trans_regulatory_or_intronic
rs3747481,16,1,1,0.0400551,20.7723,trans,trans_other_gene_coding_or_splice
rs3760047,16,1,1,0.449638,777.57,cis,cis_locus_linked
rs3764261,16,3,3,0.0657574,25.9488,trans,trans_regulatory_or_intronic
rs3785100,16,2,2,0.0993914,26.4974,trans,trans_regulatory_or_intronic
rs3785307,16,1,1,0.136551,56.266,trans,trans_regulatory_or_intronic
rs3891245,16,1,1,0.502783,1051.76,cis,cis_locus_linked
rs400345,16,1,1,0.343463,398.995,cis,cis_target_regulatory_or_linked
rs4076251,16,1,1,0.0664228,29.0864,trans,trans_other_or_unknown
rs4076904,16,3,3,0.0796502,26.371,trans,trans_regulatory_or_intronic
rs417929,16,1,1,0.0467645,12.5872,trans,trans_regulatory_or_intronic
rs421195,16,1,1,0.285867,178.625,trans,trans_regulatory_or_intronic
rs423135,16,4,4,0.776879,3441.13,cis;trans,cis_locus_linked;trans_regulatory_or_intronic
rs4238595,16,1,1,0.0496092,13.4829,trans,trans_regulatory_or_intronic
rs4280262,16,2,2,0.050623,11.4408,trans,trans_other_gene_coding_or_splice
rs4372705,16,1,1,0.0459703,12.143,trans,trans_other_or_unknown
rs4424913,16,1,1,0.0601855,12.0588,cis,cis_locus_linked
rs45499297,16,1,1,0.383138,319.514,cis,cis_locus_linked
rs4575545,16,4,4,0.164046,133.486,trans,trans_other_or_unknown
rs4581712,16,5,5,0.0576246,16.1613,trans,trans_regulatory_or_intronic
rs460879,16,1,1,0.0908033,46.7293,cis,cis_target_regulatory_or_linked
rs477025,16,1,1,0.0473783,13.9656,cis,cis_locus_linked
rs4781137,16,1,1,0.0344314,10.896,trans,trans_regulatory_or_intronic
rs4781978,16,1,1,0.110668,48.4203,trans,trans_regulatory_or_intronic
rs4782366,16,1,1,0.0468703,14.1776,trans,trans_regulatory_or_intronic
rs4782371,16,4,4,0.0607121,19.2383,trans,trans_regulatory_or_intronic
rs4782568,16,2,2,0.0508518,18.2347,trans,trans_regulatory_or_intronic
rs4783183,16,3,3,0.0760258,16.724,trans,trans_regulatory_or_intronic
rs4783185,16,1,1,0.0672588,13.5866,trans,trans_regulatory_or_intronic
rs4783186,16,1,1,0.0698409,21.9593,trans,trans_regulatory_or_intronic
rs4783189,16,1,1,0.09774,27.856,trans,trans_regulatory_or_intronic
rs4785587,16,1,1,0.045006,13.8815,trans,trans_regulatory_or_intronic
rs4788460,16,1,1,0.0934751,47.8409,trans,trans_regulatory_or_intronic
rs4843292,16,1,1,0.0886589,50.3762,trans,trans_regulatory_or_intronic
rs4843855,16,2,2,0.0510255,16.2363,trans,trans_other_or_unknown
rs4843860,16,1,1,0.0717158,26.9226,trans,trans_regulatory_or_intronic
rs488251,16,1,1,0.0508833,15.3803,trans,trans_regulatory_or_intronic
rs4889634,16,2,2,0.0425619,11.2905,trans,trans_regulatory_or_intronic
rs4985556,16,1,1,1.09202,2680.72,cis,cis_target_coding_or_splice
rs4997081,16,6,6,0.0670911,18.7415,trans,trans_regulatory_or_intronic
rs529900,16,3,3,0.172543,171.379,trans,trans_regulatory_or_intronic
rs533406,16,4,4,0.115034,77.9504,trans,trans_regulatory_or_intronic
rs55798945,16,1,1,0.272628,379.552,cis,cis_locus_linked
rs55870502,16,1,1,0.808502,2460.99,cis,cis_target_regulatory_or_linked
rs56094641,16,1,1,0.0442552,15.8414,trans,trans_regulatory_or_intronic
rs56156922,16,5,5,0.0959074,49.4458,trans,trans_other_or_unknown
rs56196292,16,1,1,0.0543716,12.0883,trans,trans_regulatory_or_intronic
rs56228609,16,4,4,0.075439,42.6197,trans,trans_other_or_unknown
rs56283750,16,1,1,0.0917382,54.6204,trans,trans_regulatory_or_intronic
rs56292801,16,1,1,0.045909,17.8566,trans,trans_other_or_unknown
rs56303487,16,1,1,0.0514599,12.2384,trans,trans_regulatory_or_intronic
rs56369689,16,1,1,0.0457548,13.2603,trans,trans_regulatory_or_intronic
rs57092250,16,1,1,0.135946,46.4835,cis,cis_locus_linked
rs58722186,16,2,2,0.0508821,16.2648,trans,trans_regulatory_or_intronic
rs59253482,16,1,1,0.0491766,18.2887,trans,trans_regulatory_or_intronic
rs59735493,16,1,1,0.111969,72.1001,cis,cis_locus_linked
rs60626639,16,1,1,0.0717951,15.3533,trans,trans_regulatory_or_intronic
rs61758388,16,1,1,0.360001,89.3925,trans,trans_other_gene_coding_or_splice
rs62025936,16,1,1,0.0551747,12.0228,trans,trans_regulatory_or_intronic
rs62031940,16,1,1,0.0475053,11.8187,trans,trans_other_or_unknown
rs62034712,16,1,1,0.161994,133.92,trans,trans_regulatory_or_intronic
rs62045817,16,5,5,0.077662,27.8196,trans,trans_regulatory_or_intronic
rs62048046,16,1,1,0.0419785,10.8248,trans,trans_regulatory_or_intronic
rs6497475,16,1,1,0.040404,11.789,trans,trans_regulatory_or_intronic
rs6498271,16,1,1,0.0592205,15.3109,trans,trans_regulatory_or_intronic
rs6564234,16,1,1,0.0920909,18.82,trans,trans_regulatory_or_intronic
rs6600211,16,1,1,0.0442542,12.6902,cis,cis_target_regulatory_or_linked
rs67366990,16,1,1,0.0373936,15.5921,trans,trans_regulatory_or_intronic
rs707236,16,3,3,0.567555,1647.9,cis;trans,cis_locus_linked;trans_regulatory_or_intronic
rs708272,16,2,2,0.0431948,13.9642,trans,trans_regulatory_or_intronic
rs71386687,16,2,2,0.371239,256.535,cis,cis_locus_linked;cis_target_regulatory_or_linked
rs7187289,16,1,1,0.0949865,33.631,cis,cis_locus_linked
rs7189381,16,1,1,0.057464,11.9928,trans,trans_regulatory_or_intronic
rs7189819,16,1,1,0.0449956,11.1856,trans,trans_regulatory_or_intronic
rs7190487,16,1,1,0.0541741,16.2968,trans,trans_other_or_unknown
rs7191514,16,1,1,0.0744549,34.2918,trans,trans_regulatory_or_intronic
rs7192020,16,1,1,0.0422531,11.9138,trans,trans_other_or_unknown
rs7192602,16,2,2,0.0585971,19.4093,trans,trans_regulatory_or_intronic
rs7193058,16,3,3,0.0457364,12.6848,trans,trans_other_gene_coding_or_splice
rs7194372,16,1,1,0.0917247,50.186,trans,trans_other_or_unknown
rs7194862,16,1,1,0.127276,91.1419,trans,trans_regulatory_or_intronic
rs7197160,16,1,1,0.0522325,15.9469,trans,trans_regulatory_or_intronic
rs7199949,16,1,1,0.848017,4172.15,cis,cis_target_coding_or_splice
rs7200183,16,1,1,0.0376836,12.4388,trans,trans_regulatory_or_intronic
rs720130,16,1,1,0.0544968,20.6107,trans,trans_regulatory_or_intronic
rs7203642,16,4,4,0.0562626,14.5946,trans,trans_regulatory_or_intronic
rs7204775,16,1,1,0.0463044,12.7826,trans,trans_regulatory_or_intronic
rs7204799,16,1,1,0.0719292,12.0423,trans,trans_regulatory_or_intronic
rs7204850,16,1,1,0.213702,56.3023,cis,cis_locus_linked
rs7206518,16,1,1,0.0423313,11.6685,trans,trans_regulatory_or_intronic
rs7206699,16,1,1,0.0642239,26.4241,trans,trans_regulatory_or_intronic
rs72775463,16,1,1,0.145488,24.9836,trans,trans_regulatory_or_intronic
rs72783184,16,1,1,0.290607,142.642,cis,cis_target_regulatory_or_linked
rs72784938,16,1,1,0.145331,26.4385,trans,trans_other_gene_coding_or_splice
rs72787359,16,5,5,0.0969407,16.7035,trans,trans_regulatory_or_intronic
rs72802342,16,17,17,0.650341,812.424,trans,trans_regulatory_or_intronic
rs72802352,16,1,1,0.119381,29.495,trans,trans_regulatory_or_intronic
rs72802365,16,1,1,0.1477,66.2742,trans,trans_regulatory_or_intronic
rs74029252,16,2,2,0.0648646,13.3405,trans,trans_regulatory_or_intronic
rs74035509,16,7,7,0.209141,84.9093,trans,trans_regulatory_or_intronic
rs7404039,16,1,1,0.0423212,13.4021,trans,trans_regulatory_or_intronic
rs7405380,16,1,1,0.0797544,39.8585,trans,trans_regulatory_or_intronic
rs742036,16,1,1,0.0490502,20.052,trans,trans_regulatory_or_intronic
rs74439742,16,4,4,0.0921951,37.3471,trans,trans_other_gene_coding_or_splice
rs74758164,16,1,1,0.14703,22.5507,cis,cis_locus_linked
rs74955362,16,1,1,0.0988926,13.4739,trans,trans_regulatory_or_intronic
rs749679,16,1,1,0.0639135,21.3844,trans,trans_regulatory_or_intronic
rs749681,16,1,1,0.0433216,11.1307,trans,trans_regulatory_or_intronic
rs7500749,16,1,1,0.0558741,18.9001,trans,trans_regulatory_or_intronic
rs7501207,16,1,1,0.0453117,11.0228,trans,trans_other_or_unknown
rs75514267,16,1,1,0.0826256,13.8526,trans,trans_regulatory_or_intronic
rs756719,16,2,2,0.060095,18.371,trans,trans_regulatory_or_intronic
rs763140,16,1,1,0.0421464,12.2573,trans,trans_regulatory_or_intronic
rs763142,16,2,2,0.100701,57.0142,trans,trans_regulatory_or_intronic
rs763665,16,2,2,0.080913,23.6986,trans,trans_regulatory_or_intronic
rs76520574,16,1,1,0.0879222,10.9297,trans,trans_regulatory_or_intronic
rs7672,16,1,1,0.242286,283.542,cis,cis_locus_linked
rs7702,16,1,1,0.0756121,30.0384,trans,trans_regulatory_or_intronic
rs77303550,16,11,11,0.0904951,34.4471,trans,trans_regulatory_or_intronic
rs77924615,16,20,20,0.106401,62.3129,trans,trans_regulatory_or_intronic
rs78335918,16,1,1,0.0854693,20.4631,trans,trans_regulatory_or_intronic
rs78755089,16,3,3,0.102737,24.2115,trans,trans_regulatory_or_intronic
rs79258602,16,1,1,0.258612,35.1046,cis,cis_target_coding_or_splice
rs79346038,16,1,1,0.0695262,12.8298,trans,trans_regulatory_or_intronic
rs79546662,16,1,1,0.107347,16.4931,trans,trans_regulatory_or_intronic
rs79575505,16,1,1,0.251503,73.0118,cis,cis_target_regulatory_or_linked
rs79860296,16,1,1,0.0655576,13.1176,trans,trans_regulatory_or_intronic
rs8043545,16,1,1,0.0483094,12.4348,trans,trans_regulatory_or_intronic
rs8045100,16,1,1,0.17559,189.488,trans,trans_regulatory_or_intronic
rs8045196,16,1,1,0.0974198,53.5264,trans,trans_regulatory_or_intronic
rs8046218,16,1,1,0.24818,305.967,cis,cis_target_regulatory_or_linked
rs8047617,16,1,1,0.0634353,11.4689,trans,trans_regulatory_or_intronic
rs8051363,16,3,3,0.557049,1413.13,cis;trans,cis_target_regulatory_or_linked;trans_regulatory_or_intronic
rs8051462,16,1,1,0.0442051,14.3879,trans,trans_regulatory_or_intronic
rs8051930,16,1,1,0.813798,3832.66,cis,cis_target_regulatory_or_linked
rs8052245,16,1,1,0.0416278,11.6385,trans,trans_regulatory_or_intronic
rs8052854,16,1,1,0.0409131,11.8298,trans,trans_regulatory_or_intronic
rs8053087,16,1,1,0.0760526,23.2877,trans,trans_regulatory_or_intronic
rs8054035,16,1,1,0.0711714,34.0972,trans,trans_regulatory_or_intronic
rs8055493,16,1,1,0.0539741,16.3257,cis,cis_target_regulatory_or_linked
rs8057254,16,3,3,0.0780285,23.4082,trans,trans_regulatory_or_intronic
rs8057290,16,1,1,0.0558658,11.2876,trans,trans_regulatory_or_intronic
rs8058234,16,1,1,0.154979,139.401,trans,trans_regulatory_or_intronic
rs8059267,16,1,1,0.0763991,37.3467,cis,cis_target_regulatory_or_linked
rs8060025,16,1,1,0.30075,520.848,cis,cis_target_regulatory_or_linked
rs8060857,16,1,1,0.0409275,12.1658,trans,trans_regulatory_or_intronic
rs8062426,16,1,1,0.302411,596.63,cis,cis_locus_linked
rs8062565,16,1,1,0.0421909,14.4942,trans,trans_regulatory_or_intronic
rs8063660,16,1,1,0.0515426,14.3558,trans,trans_regulatory_or_intronic
rs821840,16,4,4,0.11283,83.4901,trans,trans_regulatory_or_intronic
rs878381,16,1,1,0.138818,64.1581,trans,trans_regulatory_or_intronic
rs887864,16,1,1,0.0476213,14.5535,trans,trans_regulatory_or_intronic
rs889555,16,1,1,0.0579492,21.9381,trans,trans_regulatory_or_intronic
rs9033,16,1,1,0.0420458,11.8094,trans,trans_regulatory_or_intronic
rs924135,16,2,2,0.0615198,22.9358,trans,trans_regulatory_or_intronic
rs924138,16,1,1,0.0574433,24.6058,trans,trans_regulatory_or_intronic
rs9302635,16,5,5,0.1286,65.6352,trans,trans_regulatory_or_intronic
rs9302690,16,1,1,0.378907,284.051,cis,cis_target_regulatory_or_linked
rs9921779,16,1,1,0.154946,19.6215,cis,cis_target_regulatory_or_linked
rs9924609,16,1,1,0.0608559,11.6143,trans,trans_regulatory_or_intronic
rs9925556,16,1,1,0.0468289,13.2394,trans,trans_regulatory_or_intronic
rs9925837,16,1,1,0.0889662,30.0215,trans,trans_other_or_unknown
rs9926666,16,1,1,0.047424,14.7525,trans,trans_regulatory_or_intronic
rs9927316,16,4,4,0.0945025,42.4981,trans,trans_regulatory_or_intronic
rs9927461,16,1,1,0.19602,209.741,trans,trans_regulatory_or_intronic
rs9927527,16,1,1,0.0412463,11.0828,trans,trans_regulatory_or_intronic
rs9928936,16,5,5,0.0660721,16.5385,trans,trans_regulatory_or_intronic
rs9929720,16,1,1,0.0524873,11.4095,trans,trans_other_or_unknown
rs9930957,16,1,1,0.492238,861.703,trans,trans_regulatory_or_intronic
rs9932027,16,1,1,0.0638033,15.817,trans,trans_regulatory_or_intronic
rs9933330,16,1,1,0.0527914,11.3808,trans,trans_regulatory_or_intronic
rs9937249,16,1,1,0.468376,1204.29,cis,cis_target_regulatory_or_linked
rs9938016,16,1,1,0.0443456,11.3087,trans,trans_regulatory_or_intronic
rs9939427,16,2,2,0.0725155,25.498,trans,trans_regulatory_or_intronic
rs9939495,16,2,2,0.0687258,18.955,trans,trans_regulatory_or_intronic
rs9939821,16,1,1,0.0628017,14.1746,trans,trans_regulatory_or_intronic
rs9940980,16,1,1,0.0622341,17.1898,trans,trans_regulatory_or_intronic
rs9941349,16,1,1,0.0393483,18.449,trans,trans_regulatory_or_intronic
rs1011082,17,1,1,0.06628,29.4219,trans,trans_regulatory_or_intronic
rs1015673,17,1,1,0.303626,430.786,cis,cis_locus_linked
rs1045929,17,4,4,0.058984,24.6481,trans,trans_regulatory_or_intronic
rs1050565,17,2,2,0.583245,1819.15,cis;trans,cis_target_coding_or_splice;trans_other_gene_coding_or_splice
rs10512472,17,3,3,0.141715,69.3984,trans,trans_other_gene_coding_or_splice
rs10515144,17,1,1,0.0559451,10.8928,trans,trans_regulatory_or_intronic
rs10677223,17,2,2,0.111396,16.321,trans,trans_regulatory_or_intronic
rs10852766,17,1,1,0.0770189,30.8231,cis,cis_target_regulatory_or_linked
rs11078597,17,5,5,0.213118,173.185,cis;trans,cis_locus_linked;trans_regulatory_or_intronic
rs11078865,17,1,1,0.0963276,53.8785,trans,trans_regulatory_or_intronic
rs11078893,17,1,1,0.0572322,16.4731,trans,trans_regulatory_or_intronic
rs11080149,17,1,1,0.128379,47.2047,cis,cis_target_coding_or_splice
rs111218914,17,1,1,0.242345,299.096,cis,cis_target_regulatory_or_linked
rs111526614,17,1,1,0.48961,97.6512,cis,cis_target_regulatory_or_linked
rs112001035,17,16,16,1.19919,2038.19,trans,trans_other_or_unknown
rs1122800,17,1,1,0.0455788,14.1866,cis,cis_locus_linked
rs112329494,17,1,1,0.827312,1387.16,cis,cis_locus_linked
rs112689088,17,1,1,1.20262,3249.41,cis,cis_locus_linked
rs1133763,17,1,1,1.06584,3572.38,cis,cis_target_coding_or_splice
rs114641762,17,1,1,0.238352,123.728,trans,trans_other_or_unknown
rs11650304,17,1,1,0.0989309,17.5763,trans,trans_regulatory_or_intronic
rs11653006,17,1,1,0.0474443,15.5168,trans,trans_regulatory_or_intronic
rs116539064,17,3,3,0.387251,297.834,cis;trans,cis_target_regulatory_or_linked;trans_regulatory_or_intronic
rs11654194,17,1,1,0.0479732,14.3343,trans,trans_regulatory_or_intronic
rs11654208,17,1,1,0.0511618,17.2911,trans,trans_regulatory_or_intronic
rs11654557,17,1,1,0.106011,25.1032,trans,trans_regulatory_or_intronic
rs11655181,17,1,1,0.0422895,12.413,trans,trans_regulatory_or_intronic
rs11655264,17,3,3,0.103613,89.8318,trans,trans_regulatory_or_intronic
rs11655511,17,1,1,0.0860255,33.5982,trans,trans_regulatory_or_intronic
rs11655668,17,1,1,0.0456964,13.2077,trans,trans_regulatory_or_intronic
rs11655755,17,1,1,0.0970358,33.6643,trans,trans_regulatory_or_intronic
rs11655934,17,1,1,0.66233,1225.6,cis,cis_target_regulatory_or_linked
rs11657440,17,1,1,0.0403806,12.0819,trans,trans_regulatory_or_intronic
rs11657868,17,1,1,0.0421759,12.3852,trans,trans_regulatory_or_intronic
rs11658189,17,1,1,0.0843055,11.4072,trans,trans_regulatory_or_intronic
rs117154637,17,1,1,0.816211,546.677,cis,cis_target_regulatory_or_linked
rs117222566,17,1,1,0.216719,12.6287,trans,trans_other_or_unknown
rs117345300,17,1,1,0.111957,13.7867,trans,trans_regulatory_or_intronic
rs117643180,17,1,1,0.13118,12.1353,trans,trans_regulatory_or_intronic
rs117753190,17,2,2,0.114313,11.7383,trans,trans_regulatory_or_intronic
rs117900576,17,1,1,0.174167,23.7941,trans,trans_regulatory_or_intronic
rs117981338,17,2,2,0.393608,55.369,trans,trans_regulatory_or_intronic
rs118096417,17,1,1,0.101644,10.8315,trans,trans_regulatory_or_intronic
rs11867239,17,1,1,0.0435694,11.1509,trans,trans_regulatory_or_intronic
rs11868206,17,1,1,0.0882707,27.9899,trans,trans_regulatory_or_intronic
rs11868696,17,1,1,0.94409,4613.84,cis,cis_target_regulatory_or_linked
rs11869940,17,1,1,0.0454876,13.4802,trans,trans_other_or_unknown
rs12449331,17,3,3,0.0735649,35.1813,trans,trans_regulatory_or_intronic
rs12449930,17,1,1,0.0734539,33.7712,trans,trans_regulatory_or_intronic
rs12450688,17,5,5,0.110755,79.5533,trans,trans_regulatory_or_intronic
rs12451299,17,1,1,0.0494229,13.6442,trans,trans_other_gene_coding_or_splice
rs12451746,17,1,1,0.141476,118.626,trans,trans_other_gene_coding_or_splice
rs12452590,17,1,1,0.112948,84.8731,trans,trans_regulatory_or_intronic
rs12452789,17,1,1,0.045576,13.7454,trans,trans_other_or_unknown
rs12453909,17,1,1,0.0563111,18.0087,trans,trans_regulatory_or_intronic
rs12601658,17,1,1,0.0693641,23.765,cis,cis_locus_linked
rs12603821,17,1,1,0.160358,152.751,cis,cis_target_regulatory_or_linked
rs1292061,17,1,1,0.0418972,12.2936,trans,trans_regulatory_or_intronic
rs1292072,17,2,2,0.0606774,21.529,trans,trans_regulatory_or_intronic
rs12936577,17,1,1,0.293345,36.5805,trans,trans_other_or_unknown
rs12937398,17,1,1,0.051872,19.3498,trans,trans_regulatory_or_intronic
rs12938273,17,1,1,0.0858643,44.0496,trans,trans_regulatory_or_intronic
rs12938334,17,1,1,0.230425,277.628,cis,cis_target_regulatory_or_linked
rs12939390,17,5,5,0.157336,138.801,trans,trans_other_or_unknown
rs12941139,17,1,1,0.0421887,12.0407,trans,trans_regulatory_or_intronic
rs12941811,17,2,2,0.0618923,23.3626,trans,trans_other_or_unknown
rs12941884,17,1,1,0.0859259,20.3714,cis,cis_target_coding_or_splice
rs12943365,17,2,2,0.0440634,12.8133,trans,trans_regulatory_or_intronic
rs12946745,17,1,1,0.0414463,12.5392,trans,trans_regulatory_or_intronic
rs12949906,17,1,1,0.0517636,16.6447,trans,trans_regulatory_or_intronic
rs12950377,17,1,1,0.117816,48.2053,trans,trans_regulatory_or_intronic
rs12952581,17,1,1,0.0456423,13.6926,trans,trans_regulatory_or_intronic
rs13306780,17,1,1,0.0648046,21.4419,trans,trans_regulatory_or_intronic
rs13341611,17,1,1,0.156133,151.621,trans,trans_other_or_unknown
rs13380815,17,1,1,0.0855612,55.9011,trans,trans_regulatory_or_intronic
rs1373067,17,1,1,0.0499478,13.6551,trans,trans_regulatory_or_intronic
rs138176943,17,1,1,0.772467,731.407,cis,cis_target_regulatory_or_linked
rs138284624,17,2,2,0.261116,24.8998,trans,trans_regulatory_or_intronic
rs138723501,17,1,1,0.225073,21.8766,cis,cis_locus_linked
rs13894,17,1,1,1.02388,1623.41,cis,cis_target_coding_or_splice
rs139356332,17,1,1,0.714931,257.72,cis,cis_locus_linked
rs139602500,17,1,1,0.122378,10.8117,trans,trans_regulatory_or_intronic
rs143040759,17,1,1,0.611057,180.078,trans,trans_regulatory_or_intronic
rs144030994,17,1,1,1.62159,342.028,cis,cis_target_coding_or_splice
rs144204502,17,1,1,0.327169,30.2714,cis,cis_locus_linked
rs144327946,17,1,1,0.113055,59.0412,cis,cis_locus_linked
rs1453559,17,1,1,0.0388837,10.7796,trans,trans_regulatory_or_intronic
rs146385050,17,4,4,0.235654,202.091,trans,trans_regulatory_or_intronic
rs147431626,17,1,1,0.0595893,16.7886,trans,trans_regulatory_or_intronic
rs149394327,17,9,9,0.395455,117.79,trans,trans_regulatory_or_intronic
rs1541470,17,1,1,0.0529421,16.2524,trans,trans_regulatory_or_intronic
rs1634486,17,1,1,0.419724,757.4,cis,cis_locus_linked
rs1641549,17,1,1,0.0635026,17.9945,cis,cis_target_regulatory_or_linked
rs1668339,17,1,1,0.0503694,15.0596,cis,cis_target_regulatory_or_linked
rs169201,17,1,1,0.0902567,35.9521,trans,trans_regulatory_or_intronic
rs16947430,17,1,1,0.0644069,15.7163,trans,trans_regulatory_or_intronic
rs16948563,17,1,1,0.0901858,11.7908,trans,trans_regulatory_or_intronic
rs16956892,17,1,1,0.052498,13.9391,cis,cis_locus_linked
rs16958589,17,1,1,0.0485006,12.1523,trans,trans_regulatory_or_intronic
rs16969187,17,1,1,0.125063,26.4572,trans,trans_regulatory_or_intronic
rs17138476,17,1,1,0.0559796,11.4385,trans,trans_regulatory_or_intronic
rs17138478,17,10,10,0.0929716,26.1348,trans,trans_regulatory_or_intronic
rs1716,17,1,1,0.365282,730.286,trans,trans_other_gene_coding_or_splice
rs17669311,17,1,1,0.320152,538.686,cis,cis_locus_linked
rs17701598,17,1,1,0.0505902,12.6428,trans,trans_regulatory_or_intronic
rs17744107,17,2,2,0.0582249,20.8682,trans,trans_regulatory_or_intronic
rs17834140,17,2,2,0.104063,13.6658,trans,trans_regulatory_or_intronic
rs1799938,17,2,2,0.10409,29.4745,trans,trans_other_gene_coding_or_splice
rs1801689,17,46,46,1.4779,1452.98,cis;trans,cis_target_coding_or_splice;trans_other_gene_coding_or_splice
rs1801690,17,7,7,0.271278,104.285,trans,trans_other_gene_coding_or_splice
rs1838105,17,1,1,0.0441198,13.1488,trans,trans_regulatory_or_intronic
rs1863115,17,2,2,0.0651433,21.6807,trans,trans_other_gene_coding_or_splice
rs1968578,17,3,3,0.0823995,24.3657,trans,trans_regulatory_or_intronic
rs1984547,17,1,1,0.49946,1184.99,cis,cis_target_regulatory_or_linked
rs1991401,17,1,1,0.0470792,12.9763,trans,trans_regulatory_or_intronic
rs199529,17,1,1,0.0490638,11.8322,trans,trans_regulatory_or_intronic
rs200309755,17,21,21,0.0584142,19.6681,trans,trans_regulatory_or_intronic
rs2015086,17,1,1,0.679921,1335.8,cis,cis_target_regulatory_or_linked
rs205498,17,1,1,0.0973897,45.8168,cis,cis_target_coding_or_splice
rs2074190,17,1,1,0.0530068,14.7387,trans,trans_other_gene_coding_or_splice
rs2077041,17,2,2,0.0761077,22.0914,trans,trans_regulatory_or_intronic
rs2107538,17,1,1,0.230746,196.717,cis,cis_target_regulatory_or_linked
rs2124282,17,1,1,0.0515745,17.298,trans,trans_regulatory_or_intronic
rs2150879,17,2,2,0.048317,19.1212,trans,trans_regulatory_or_intronic
rs2160725,17,4,4,0.0749807,37.2771,trans,trans_regulatory_or_intronic
rs2204211,17,1,1,0.082549,17.3386,trans,trans_other_or_unknown
rs2227315,17,3,3,0.116912,81.197,trans,trans_regulatory_or_intronic
rs2227322,17,1,1,0.111534,89.2187,trans,trans_regulatory_or_intronic
rs222780,17,1,1,0.118716,29.7604,cis,cis_target_regulatory_or_linked
rs2239910,17,1,1,0.0418243,11.2503,trans,trans_regulatory_or_intronic
rs2241244,17,1,1,0.0473841,14.9476,trans,trans_regulatory_or_intronic
rs2243090,17,1,1,0.0940479,52.8478,cis,cis_locus_linked
rs2255166,17,1,1,0.0377615,12.2402,trans,trans_regulatory_or_intronic
rs2272011,17,1,1,0.381357,823.78,cis,cis_target_coding_or_splice
rs2277641,17,1,1,0.193755,18.756,cis,cis_locus_linked
rs2290400,17,1,1,0.0508474,22.0627,trans,trans_regulatory_or_intronic
rs2292642,17,1,1,0.0692555,30.009,trans,trans_other_gene_coding_or_splice
rs2293188,17,1,1,0.675368,1064.38,cis,cis_target_regulatory_or_linked
rs2304980,17,1,1,0.31605,498.596,cis,cis_target_regulatory_or_linked
rs2305482,17,1,1,0.068715,29.4629,trans,trans_regulatory_or_intronic
rs2307215,17,1,1,0.101415,16.7147,cis,cis_locus_linked
rs2317631,17,1,1,0.0418029,10.8162,trans,trans_regulatory_or_intronic
rs2324084,17,1,1,0.0394428,11.3207,trans,trans_regulatory_or_intronic
rs2361710,17,1,1,0.04816,15.3752,trans,trans_regulatory_or_intronic
rs2517953,17,1,1,0.0544886,18.4278,trans,trans_regulatory_or_intronic
rs2526358,17,1,1,0.0632859,20.0189,trans,trans_regulatory_or_intronic
rs2526359,17,1,1,0.055525,22.085,trans,trans_regulatory_or_intronic
rs2532344,17,1,1,0.0657749,20.6995,trans,trans_regulatory_or_intronic
rs2532351,17,3,3,0.0460667,16.5796,trans,trans_other_or_unknown
rs2641260,17,3,3,0.0438149,12.454,trans,trans_regulatory_or_intronic
rs2645490,17,1,1,0.0593051,15.3187,trans,trans_regulatory_or_intronic
rs2659005,17,18,18,0.0931942,64.482,trans,trans_regulatory_or_intronic
rs2659007,17,2,2,0.0493623,18.6904,trans,trans_regulatory_or_intronic
rs2663349,17,1,1,0.0530675,15.2744,trans,trans_regulatory_or_intronic
rs2665397,17,1,1,0.0406121,11.9343,trans,trans_regulatory_or_intronic
rs2665405,17,1,1,0.046813,14.9751,trans,trans_regulatory_or_intronic
rs2670824,17,1,1,0.218422,74.7353,cis,cis_target_regulatory_or_linked
rs271674,17,1,1,0.0337745,11.2705,trans,trans_regulatory_or_intronic
rs2725405,17,23,23,0.0888834,50.9017,trans,trans_other_gene_coding_or_splice
rs28496749,17,1,1,0.0471027,11.8406,trans,trans_regulatory_or_intronic
rs28613067,17,1,1,0.0453078,11.4591,trans,trans_other_or_unknown
rs28730837,17,1,1,0.237254,24.4946,trans,trans_other_gene_coding_or_splice
rs2907374,17,1,1,0.231143,297.195,cis,cis_locus_linked
rs2909207,17,1,1,0.0494616,12.2577,trans,trans_regulatory_or_intronic
rs2934956,17,2,2,0.0826847,43.093,trans,trans_regulatory_or_intronic
rs2948536,17,1,1,0.0459112,13.9616,trans,trans_regulatory_or_intronic
rs2952151,17,1,1,0.059293,21.4861,trans,trans_regulatory_or_intronic
rs3093680,17,1,1,0.0462898,14.6835,trans,trans_regulatory_or_intronic
rs3110094,17,1,1,0.113235,75.7931,trans,trans_regulatory_or_intronic
rs3136674,17,1,1,0.473716,295.153,cis,cis_locus_linked
rs3176831,17,1,1,1.10539,1060.58,cis,cis_target_regulatory_or_linked
rs33986943,17,1,1,0.85493,1743.24,cis,cis_target_coding_or_splice
rs34097845,17,1,1,0.509413,298.887,cis,cis_target_regulatory_or_linked
rs34210653,17,1,1,0.166822,14.4944,trans,trans_other_gene_coding_or_splice
rs34449028,17,1,1,0.359265,585.332,cis,cis_target_regulatory_or_linked
rs34523089,17,1,1,0.149482,65.5076,cis,cis_target_coding_or_splice
rs34562254,17,10,10,0.223409,113.155,trans,trans_other_gene_coding_or_splice
rs34931250,17,8,8,0.199844,62.6488,trans,trans_regulatory_or_intronic
rs35005573,17,6,6,0.0561022,20.8528,trans,trans_regulatory_or_intronic
rs35033748,17,1,1,0.0800156,29.069,trans,trans_regulatory_or_intronic
rs35088469,17,1,1,0.118329,12.6901,trans,trans_regulatory_or_intronic
rs35103294,17,1,1,0.0472636,15.1821,trans,trans_regulatory_or_intronic
rs35222145,17,5,5,0.0986865,63.5282,trans,trans_regulatory_or_intronic
rs35489971,17,1,1,1.23758,5956.37,cis,cis_target_coding_or_splice
rs35617692,17,3,3,0.459868,62.7094,trans,trans_other_gene_coding_or_splice
rs36160143,17,1,1,0.0873582,28.3869,cis,cis_locus_linked
rs371029929,17,1,1,0.0924808,41.1848,trans,trans_other_or_unknown
rs3744052,17,1,1,0.0647609,18.1905,trans,trans_regulatory_or_intronic
rs3785549,17,2,2,0.0953086,88.4896,trans,trans_regulatory_or_intronic
rs3803800,17,8,8,0.313426,443.974,cis;trans,cis_target_coding_or_splice;trans_other_gene_coding_or_splice
rs3803813,17,1,1,0.0660885,23.2878,trans,trans_regulatory_or_intronic
rs3826331,17,5,5,0.120188,82.7131,trans,trans_regulatory_or_intronic
rs3848456,17,1,1,0.107772,11.1668,trans,trans_regulatory_or_intronic
rs3859187,17,1,1,0.100831,66.0243,trans,trans_regulatory_or_intronic
rs3859189,17,1,1,0.076084,36.2641,trans,trans_regulatory_or_intronic
rs3865350,17,1,1,0.0421088,11.0529,trans,trans_regulatory_or_intronic
rs3916033,17,1,1,0.0472475,14.2051,trans,trans_regulatory_or_intronic
rs3935280,17,1,1,0.0433064,12.344,trans,trans_regulatory_or_intronic
rs4061659,17,1,1,0.0287555,13.2575,trans,trans_regulatory_or_intronic
rs4129767,17,1,1,0.0508262,16.3939,trans,trans_regulatory_or_intronic
rs41410147,17,1,1,0.354132,135.478,trans,trans_regulatory_or_intronic
rs4243247,17,1,1,0.0399764,11.2245,trans,trans_regulatory_or_intronic
rs4252624,17,1,1,0.595659,151.87,cis,cis_target_regulatory_or_linked
rs4264433,17,1,1,0.0459967,16.4427,trans,trans_regulatory_or_intronic
rs4309436,17,1,1,0.0459253,11.9562,trans,trans_regulatory_or_intronic
rs4343,17,1,1,0.46045,1218.49,cis,cis_target_coding_or_splice
rs4500785,17,1,1,0.0751709,13.3437,trans,trans_regulatory_or_intronic
rs4525556,17,1,1,0.0327023,14.1375,trans,trans_regulatory_or_intronic
rs4591185,17,1,1,0.669852,2349.45,cis,cis_target_regulatory_or_linked
rs4613118,17,1,1,0.0781929,19.3259,trans,trans_regulatory_or_intronic
rs4646787,17,1,1,0.473504,1223.6,cis,cis_target_regulatory_or_linked
rs4788933,17,2,2,0.036896,13.7838,trans,trans_regulatory_or_intronic
rs4789315,17,1,1,0.0416669,11.2891,trans,trans_regulatory_or_intronic
rs4792800,17,2,2,0.165758,66.1827,cis;trans,cis_target_regulatory_or_linked;trans_regulatory_or_intronic
rs4792851,17,2,2,0.0434517,13.9196,trans,trans_regulatory_or_intronic
rs4794016,17,2,2,0.048194,16.6969,trans,trans_regulatory_or_intronic
rs4794063,17,1,1,0.0454492,12.9983,trans,trans_other_or_unknown
rs4794204,17,1,1,0.0541396,13.7743,trans,trans_regulatory_or_intronic
rs4794283,17,1,1,0.0436009,12.2377,trans,trans_other_or_unknown
rs4794822,17,4,4,0.121869,85.2673,trans,trans_regulatory_or_intronic
rs4794824,17,3,3,0.0627809,27.5478,trans,trans_regulatory_or_intronic
rs4794828,17,1,1,0.0370712,11.2191,trans,trans_regulatory_or_intronic
rs4794836,17,1,1,0.0806098,27.6103,trans,trans_regulatory_or_intronic
rs4795369,17,1,1,0.0612536,20.0164,trans,trans_regulatory_or_intronic
rs4795405,17,1,1,0.0439679,11.5109,trans,trans_regulatory_or_intronic
rs4795578,17,1,1,0.0429633,12.4745,trans,trans_regulatory_or_intronic
rs4969145,17,1,1,0.044295,13.4867,trans,trans_regulatory_or_intronic
rs5035,17,1,1,0.146018,21.9498,cis,cis_target_coding_or_splice
rs516051,17,1,1,0.0432031,11.2033,trans,trans_regulatory_or_intronic
rs520733,17,1,1,0.351058,695.862,cis,cis_locus_linked
rs533978966,17,1,1,0.0664436,19.9501,trans,trans_regulatory_or_intronic
rs547341086,17,1,1,0.113119,18.4004,trans,trans_regulatory_or_intronic
rs553749201,17,1,1,0.256835,81.7636,cis,cis_locus_linked
rs55714927,17,3,3,0.187713,132.688,cis;trans,cis_target_coding_or_splice;trans_other_gene_coding_or_splice
rs55826010,17,1,1,0.0693611,23.8516,trans,trans_other_or_unknown
rs55842605,17,1,1,0.0704084,32.6217,trans,trans_other_or_unknown
rs55864353,17,2,2,0.0514174,19.664,trans,trans_other_or_unknown
rs55949690,17,1,1,0.0501727,16.9826,trans,trans_regulatory_or_intronic
rs55951667,17,1,1,0.0418684,11.7407,trans,trans_regulatory_or_intronic
rs559972,17,1,1,0.037954,11.2098,trans,trans_regulatory_or_intronic
rs56030650,17,1,1,0.0453552,13.2679,trans,trans_other_gene_coding_or_splice
rs560504414,17,1,1,0.522582,20.7906,cis,cis_locus_linked
rs56072903,17,1,1,0.0604335,24.6378,trans,trans_regulatory_or_intronic
rs56239087,17,1,1,0.0861511,26.1308,cis,cis_locus_linked
rs56325564,17,1,1,0.0578523,22.6053,trans,trans_regulatory_or_intronic
rs56378716,17,3,3,0.513793,79.0629,trans,trans_other_gene_coding_or_splice
rs573431210,17,1,1,0.127761,11.2837,trans,trans_regulatory_or_intronic
rs57839578,17,1,1,0.0415616,11.3876,trans,trans_regulatory_or_intronic
rs5848,17,3,3,0.249898,351.38,cis;trans,cis_locus_linked;trans_regulatory_or_intronic
rs58697961,17,1,1,0.283102,443.719,cis,cis_target_regulatory_or_linked
rs58745116,17,6,6,0.0778972,47.9544,trans,trans_regulatory_or_intronic
rs59291670,17,1,1,0.254231,35.0353,cis,cis_target_coding_or_splice
rs59585182,17,1,1,0.0444978,14.3255,trans,trans_regulatory_or_intronic
rs59715174,17,1,1,0.0570587,15.1071,trans,trans_regulatory_or_intronic
rs59749475,17,1,1,0.117899,14.6165,trans,trans_regulatory_or_intronic
rs60082402,17,1,1,0.0422436,10.8268,trans,trans_regulatory_or_intronic
rs60134803,17,1,1,0.0542329,17.5684,trans,trans_regulatory_or_intronic
rs605054,17,1,1,0.0585422,13.9674,trans,trans_regulatory_or_intronic
rs606911,17,1,1,0.0734897,17.9434,cis,cis_target_regulatory_or_linked
rs60894000,17,1,1,0.177986,199.724,cis,cis_locus_linked
rs61267327,17,1,1,0.133658,12.1844,trans,trans_regulatory_or_intronic
rs61580404,17,1,1,0.0810468,17.9433,trans,trans_regulatory_or_intronic
rs61698755,17,1,1,0.050281,16.5937,trans,trans_regulatory_or_intronic
rs61746217,17,1,1,0.732268,58.3896,cis,cis_target_coding_or_splice
rs62053877,17,1,1,0.044478,12.0134,trans,trans_regulatory_or_intronic
rs62056931,17,1,1,0.0579511,15.9237,trans,trans_other_or_unknown
rs62057151,17,2,2,1.10072,4817.2,cis;trans,cis_locus_linked;trans_other_or_unknown
rs62063281,17,1,1,0.0483741,15.8473,trans,trans_regulatory_or_intronic
rs62067034,17,1,1,0.0498053,16.8931,trans,trans_regulatory_or_intronic
rs62086562,17,1,1,0.0481688,15.316,trans,trans_regulatory_or_intronic
rs62087200,17,1,1,0.580515,454.845,cis,cis_target_regulatory_or_linked
rs6501460,17,4,4,0.0863341,35.3776,trans,trans_other_or_unknown
rs6501597,17,1,1,0.0438963,14.3707,trans,trans_regulatory_or_intronic
rs6503533,17,11,11,0.0939821,56.3599,trans,trans_regulatory_or_intronic
rs6503726,17,1,1,0.10326,56.3535,cis,cis_locus_linked
rs6504649,17,2,2,0.109184,69.9784,trans,trans_other_gene_coding_or_splice
rs6504790,17,1,1,0.0664763,17.1323,trans,trans_other_or_unknown
rs6565549,17,2,2,0.0488134,14.6684,trans,trans_regulatory_or_intronic
rs669340,17,1,1,0.726982,2834.43,cis,cis_target_regulatory_or_linked
rs67043925,17,1,1,0.0582816,12.0032,trans,trans_regulatory_or_intronic
rs67890301,17,1,1,0.0877953,28.3715,trans,trans_regulatory_or_intronic
rs704,17,40,40,0.198654,280.111,trans,trans_other_gene_coding_or_splice
rs712048,17,1,1,0.535187,855.382,cis,cis_locus_linked
rs71358249,17,1,1,0.102536,44.0403,cis,cis_target_regulatory_or_linked
rs7207166,17,1,1,0.0388424,11.2579,trans,trans_regulatory_or_intronic
rs7207403,17,2,2,0.043607,17.4743,trans,trans_regulatory_or_intronic
rs7208052,17,1,1,0.0821691,37.4931,trans,trans_regulatory_or_intronic
rs7208422,17,7,7,0.0867053,54.6351,trans,trans_other_gene_coding_or_splice
rs7209484,17,1,1,0.0661034,23.2661,trans,trans_regulatory_or_intronic
rs7210399,17,1,1,0.0458359,12.5225,trans,trans_regulatory_or_intronic
rs7210472,17,1,1,0.0449537,18.164,trans,trans_regulatory_or_intronic
rs7212366,17,2,2,0.052348,35.7169,trans,trans_regulatory_or_intronic
rs7212367,17,1,1,0.0522608,21.7341,trans,trans_regulatory_or_intronic
rs7212936,17,1,1,0.0373783,17.0877,trans,trans_regulatory_or_intronic
rs7212938,17,1,1,0.300811,563.262,trans,trans_other_gene_coding_or_splice
rs7214041,17,1,1,0.076999,16.2455,trans,trans_regulatory_or_intronic
rs7214239,17,1,1,0.0571284,21.9768,trans,trans_regulatory_or_intronic
rs7215053,17,1,1,0.0654559,14.5984,trans,trans_regulatory_or_intronic
rs7216864,17,1,1,0.0526563,12.617,trans,trans_regulatory_or_intronic
rs7219025,17,2,2,0.0849749,37.9134,trans,trans_regulatory_or_intronic
rs7219220,17,1,1,0.0423877,10.9132,trans,trans_regulatory_or_intronic
rs7219860,17,1,1,0.290251,366.164,cis,cis_target_regulatory_or_linked
rs7220067,17,1,1,0.0673968,38.8361,trans,trans_regulatory_or_intronic
rs7220290,17,1,1,0.0651311,13.4038,trans,trans_regulatory_or_intronic
rs7222664,17,1,1,0.0463363,11.7079,trans,trans_regulatory_or_intronic
rs7222891,17,1,1,0.0443133,13.1233,trans,trans_other_or_unknown
rs7223304,17,1,1,0.053968,16.1591,trans,trans_regulatory_or_intronic
rs7223705,17,1,1,0.0451165,11.146,trans,trans_other_or_unknown
rs7223866,17,1,1,0.0491096,17.4689,trans,trans_regulatory_or_intronic
rs7224668,17,3,3,0.0423489,16.6279,trans,trans_regulatory_or_intronic
rs7224888,17,4,4,0.24103,209.567,trans,trans_other_gene_coding_or_splice
rs7225606,17,1,1,0.0381483,13.5477,trans,trans_regulatory_or_intronic
rs7225984,17,1,1,0.0556413,12.1527,trans,trans_regulatory_or_intronic
rs727428,17,1,1,0.272343,514.803,cis,cis_target_regulatory_or_linked
rs72833611,17,1,1,0.0598131,10.7884,cis,cis_target_regulatory_or_linked
rs72835413,17,1,1,0.112441,12.373,trans,trans_regulatory_or_intronic
rs72835418,17,1,1,0.125056,40.4744,trans,trans_regulatory_or_intronic
rs72836561,17,2,2,1.05367,840.167,cis;trans,cis_target_coding_or_splice;trans_other_gene_coding_or_splice
rs73280822,17,1,1,0.200636,10.8111,trans,trans_regulatory_or_intronic
rs740516,17,6,6,0.148448,70.5498,trans,trans_regulatory_or_intronic
rs7405611,17,1,1,0.148377,124.323,cis,cis_locus_linked
rs7405712,17,1,1,0.0890438,46.624,cis,cis_target_regulatory_or_linked
rs74787440,17,1,1,0.0570019,12.3273,trans,trans_regulatory_or_intronic
rs7503034,17,1,1,0.887162,4751.02,cis,cis_target_coding_or_splice
rs75143957,17,1,1,0.561066,296.007,cis,cis_target_regulatory_or_linked
rs753513,17,1,1,0.285649,368.723,cis,cis_target_regulatory_or_linked
rs76324764,17,1,1,0.0459899,11.4813,trans,trans_other_or_unknown
rs76410205,17,1,1,0.0966357,19.7475,cis,cis_locus_linked
rs77542162,17,88,88,0.788358,365.35,trans,trans_other_gene_coding_or_splice
rs78357146,17,4,4,0.137003,16.5947,trans,trans_regulatory_or_intronic
rs78378222,17,2,2,0.255093,29.2734,trans,trans_regulatory_or_intronic
rs78625720,17,1,1,1.56606,1645.95,cis,cis_locus_linked
rs78761021,17,1,1,0.0476648,13.476,trans,trans_regulatory_or_intronic
rs78903072,17,1,1,0.0505438,11.5789,trans,trans_regulatory_or_intronic
rs79401775,17,1,1,0.0570613,15.674,trans,trans_regulatory_or_intronic
rs79702286,17,1,1,0.132243,36.5842,cis,cis_locus_linked
rs80063027,17,1,1,0.0468151,12.4395,trans,trans_regulatory_or_intronic
rs80067372,17,1,1,0.374696,665.906,cis,cis_target_regulatory_or_linked
rs80269200,17,1,1,0.209308,108.811,cis,cis_target_regulatory_or_linked
rs8064299,17,1,1,0.092139,48.766,cis,cis_locus_linked
rs8065669,17,1,1,0.0620806,27.5568,trans,trans_regulatory_or_intronic
rs8067378,17,1,1,0.059445,22.116,trans,trans_regulatory_or_intronic
rs8069133,17,1,1,0.0635579,20.1903,cis,cis_locus_linked
rs8070444,17,1,1,0.0602184,28.5481,trans,trans_regulatory_or_intronic
rs8071037,17,1,1,0.0983832,78.2075,trans,trans_regulatory_or_intronic
rs8072896,17,2,2,0.0621755,23.4785,trans,trans_regulatory_or_intronic
rs8073060,17,1,1,0.0561831,16.425,trans,trans_other_gene_coding_or_splice
rs8074498,17,1,1,0.209913,252.196,cis,cis_target_coding_or_splice
rs8075668,17,2,2,0.0516752,18.3417,trans,trans_regulatory_or_intronic
rs8076131,17,1,1,0.050141,16.4294,trans,trans_regulatory_or_intronic
rs8076897,17,1,1,0.0451169,12.0964,trans,trans_regulatory_or_intronic
rs8077394,17,2,2,0.0417166,21.7461,trans,trans_regulatory_or_intronic
rs8077638,17,1,1,0.0768648,28.8214,trans,trans_other_gene_coding_or_splice
rs8078118,17,1,1,0.732344,3082.12,cis,cis_locus_linked
rs8078686,17,2,2,0.0463654,15.4526,trans,trans_regulatory_or_intronic
rs8081692,17,1,1,0.0843357,46.0571,trans,trans_regulatory_or_intronic
rs8178824,17,15,15,0.538407,200.03,cis;trans,cis_locus_linked;trans_regulatory_or_intronic
rs888298,17,1,1,0.0446714,16.5728,trans,trans_regulatory_or_intronic
rs895159,17,1,1,0.044124,12.4141,trans,trans_regulatory_or_intronic
rs907087,17,1,1,0.0433459,15.8437,trans,trans_regulatory_or_intronic
rs90951,17,1,1,0.531697,1472.95,cis,cis_target_coding_or_splice
rs916888,17,1,1,0.050152,12.9512,trans,trans_regulatory_or_intronic
rs9303283,17,1,1,0.0434743,11.9987,trans,trans_regulatory_or_intronic
rs9646410,17,1,1,0.0433392,16.1581,trans,trans_regulatory_or_intronic
rs9674995,17,1,1,0.0433128,15.6123,trans,trans_regulatory_or_intronic
rs9675122,17,1,1,0.053169,41.7417,trans,trans_regulatory_or_intronic
rs9675127,17,1,1,0.0874241,28.8733,cis,cis_locus_linked
rs9747449,17,1,1,0.057741,21.304,trans,trans_regulatory_or_intronic
rs975772,17,1,1,0.0400129,15.0922,trans,trans_regulatory_or_intronic
rs983817,17,1,1,0.0521797,12.2731,trans,trans_regulatory_or_intronic
rs9892550,17,1,1,0.0410638,11.2153,trans,trans_regulatory_or_intronic
rs9898547,17,5,5,0.0756909,35.1187,cis;trans,cis_locus_linked;trans_regulatory_or_intronic
rs9901675,17,1,1,0.109953,16.3536,trans,trans_other_gene_coding_or_splice
rs9903158,17,1,1,0.997107,1253.09,cis,cis_locus_linked
rs9905800,17,1,1,0.0600883,10.8817,trans,trans_regulatory_or_intronic
rs9906951,17,1,1,0.0383351,13.483,trans,trans_other_or_unknown
rs9907136,17,1,1,0.0967573,56.0391,cis,cis_locus_linked
rs9907575,17,1,1,0.0670142,13.2565,trans,trans_regulatory_or_intronic
rs9908979,17,1,1,0.0556735,19.1713,trans,trans_regulatory_or_intronic
rs9911630,17,1,1,0.144935,109.342,cis,cis_locus_linked
rs9916158,17,1,1,0.0434439,12.0581,trans,trans_regulatory_or_intronic
rs9916257,17,7,7,0.131446,113.651,trans,trans_regulatory_or_intronic
rs9989475,17,1,1,0.200769,139.256,cis,cis_target_regulatory_or_linked
rs10084010,18,1,1,0.310258,374.252,cis,cis_target_regulatory_or_linked
rs10432210,18,3,3,0.0678617,19.1269,trans,trans_regulatory_or_intronic
rs10871755,18,1,1,0.0511491,13.345,trans,trans_other_or_unknown
rs11082304,18,1,1,0.0417361,11.5596,trans,trans_regulatory_or_intronic
rs11083157,18,1,1,0.0565146,11.721,trans,trans_regulatory_or_intronic
rs11151953,18,1,1,0.0821241,38.2802,trans,trans_regulatory_or_intronic
rs11661117,18,1,1,0.0434947,13.0475,trans,trans_regulatory_or_intronic
rs116847314,18,1,1,0.1507,12.2072,cis,cis_target_regulatory_or_linked
rs12373325,18,1,1,0.087644,37.5255,trans,trans_regulatory_or_intronic
rs1241347,18,1,1,0.0428657,14.7183,trans,trans_regulatory_or_intronic
rs12454829,18,1,1,0.1265,40.8004,trans,trans_regulatory_or_intronic
rs12457737,18,1,1,0.0958369,55.0711,cis,cis_target_regulatory_or_linked
rs12457893,18,5,5,0.0721435,34.0977,trans,trans_regulatory_or_intronic
rs12604401,18,1,1,0.0301884,11.5376,trans,trans_regulatory_or_intronic
rs12955789,18,1,1,0.0644401,12.2715,trans,trans_regulatory_or_intronic
rs12957470,18,1,1,0.61028,1810.95,cis,cis_locus_linked
rs12960081,18,1,1,0.0505972,17.2846,cis,cis_locus_linked
rs12962668,18,1,1,0.0407309,10.888,trans,trans_regulatory_or_intronic
rs12963675,18,1,1,0.0437761,13.4163,trans,trans_regulatory_or_intronic
rs12963741,18,1,1,0.0641175,12.5523,trans,trans_regulatory_or_intronic
rs12970236,18,1,1,0.0436505,12.8793,trans,trans_regulatory_or_intronic
rs12970396,18,1,1,0.0527111,15.9739,trans,trans_regulatory_or_intronic
rs13381663,18,1,1,0.0927152,35.6386,trans,trans_regulatory_or_intronic
rs143393480,18,1,1,0.19393,13.9501,trans,trans_regulatory_or_intronic
rs145875564,18,1,1,0.128835,11.3192,trans,trans_regulatory_or_intronic
rs147699329,18,1,1,0.118858,18.2787,trans,trans_other_or_unknown
rs1667229,18,1,1,0.121136,94.1923,cis,cis_target_regulatory_or_linked
rs16962044,18,1,1,0.056531,14.3544,trans,trans_regulatory_or_intronic
rs16978179,18,2,2,0.118274,24.6322,trans,trans_regulatory_or_intronic
rs17064235,18,1,1,0.0497252,17.6509,trans,trans_regulatory_or_intronic
rs17065796,18,1,1,0.0518717,16.2329,trans,trans_regulatory_or_intronic
rs17676919,18,2,2,0.0726073,12.6378,trans,trans_other_or_unknown
rs17696641,18,1,1,0.0795394,18.4984,trans,trans_regulatory_or_intronic
rs17758695,18,5,5,0.224311,37.3364,trans,trans_regulatory_or_intronic
rs17817077,18,1,1,0.281301,442.144,cis,cis_target_regulatory_or_linked
rs1788781,18,1,1,0.0483083,17.024,trans,trans_regulatory_or_intronic
rs1800477,18,1,1,1.91768,166.652,cis,cis_target_coding_or_splice
rs1840557,18,1,1,0.0598959,19.3479,cis,cis_target_regulatory_or_linked
rs1841396,18,1,1,0.213248,274.816,cis,cis_target_regulatory_or_linked
rs1893957,18,1,1,0.0388792,12.3913,trans,trans_regulatory_or_intronic
rs2020436,18,1,1,0.046743,11.644,trans,trans_regulatory_or_intronic
rs2187493,18,1,1,0.0465271,14.2202,trans,trans_regulatory_or_intronic
rs2318997,18,3,3,0.0558614,19.1348,trans,trans_other_or_unknown
rs2596606,18,1,1,0.0986244,37.6378,trans,trans_regulatory_or_intronic
rs2741189,18,1,1,0.0856413,30.5256,cis,cis_locus_linked
rs276937,18,1,1,0.130906,106.98,trans,trans_other_gene_coding_or_splice
rs276939,18,1,1,0.0445382,11.784,trans,trans_regulatory_or_intronic
rs3826616,18,1,1,0.726838,3056.14,cis,cis_target_coding_or_splice
rs4078130,18,1,1,0.0860797,57.8306,trans,trans_regulatory_or_intronic
rs41292412,18,3,3,0.51733,152.038,trans,trans_other_or_unknown
rs4445975,18,1,1,0.0479666,15.0116,trans,trans_regulatory_or_intronic
rs4503880,18,5,5,0.0842816,31.4206,trans,trans_other_or_unknown
rs470560,18,1,1,0.0674812,32.0265,trans,trans_regulatory_or_intronic
rs4891780,18,1,1,0.259478,382.94,cis,cis_target_regulatory_or_linked
rs4939883,18,1,1,0.0284317,13.4251,trans,trans_regulatory_or_intronic
rs4940391,18,1,1,0.0512175,11.4695,trans,trans_other_or_unknown
rs4940757,18,1,1,0.0417708,11.8351,trans,trans_other_or_unknown
rs4940867,18,1,1,0.0754633,21.1626,trans,trans_regulatory_or_intronic
rs503581,18,1,1,0.0582218,11.4685,trans,trans_regulatory_or_intronic
rs55639531,18,4,4,0.0646414,23.3923,trans,trans_regulatory_or_intronic
rs55841020,18,1,1,0.0682689,17.9825,trans,trans_regulatory_or_intronic
rs55966171,18,1,1,0.0502903,14.8589,trans,trans_regulatory_or_intronic
rs56376587,18,1,1,0.0530272,19.656,trans,trans_regulatory_or_intronic
rs564885,18,1,1,0.0662592,14.1068,trans,trans_regulatory_or_intronic
rs57171122,18,1,1,0.0685268,28.4839,trans,trans_regulatory_or_intronic
rs57967615,18,1,1,0.0484369,15.3407,trans,trans_regulatory_or_intronic
rs61322349,18,1,1,0.0409435,14.7861,trans,trans_regulatory_or_intronic
rs616114,18,3,3,0.221608,311.43,trans,trans_other_gene_coding_or_splice
rs61749945,18,1,1,0.0543305,10.923,trans,trans_other_gene_coding_or_splice
rs62090589,18,1,1,0.100659,24.424,trans,trans_regulatory_or_intronic
rs62090602,18,3,3,0.0980722,17.7386,trans,trans_regulatory_or_intronic
rs620982,18,1,1,0.10335,83.7642,trans,trans_regulatory_or_intronic
rs625361,18,1,1,0.054858,15.1241,trans,trans_regulatory_or_intronic
rs628064,18,2,2,0.0738755,34.4927,trans,trans_regulatory_or_intronic
rs657693,18,1,1,0.106383,63.9511,cis,cis_target_regulatory_or_linked
rs660637,18,1,1,0.0727495,33.3459,trans,trans_regulatory_or_intronic
rs680321,18,2,2,1.07034,6495.72,cis;trans,cis_target_regulatory_or_linked;trans_regulatory_or_intronic
rs718515,18,2,2,0.0560355,25.5926,trans,trans_other_or_unknown
rs7233320,18,1,1,0.0474329,14.7761,trans,trans_regulatory_or_intronic
rs7234321,18,1,1,0.0568037,21.8312,trans,trans_other_or_unknown
rs7235273,18,1,1,0.0534825,14.2165,trans,trans_regulatory_or_intronic
rs7236989,18,1,1,0.0457982,13.6981,trans,trans_regulatory_or_intronic
rs7238123,18,1,1,0.0400949,15.095,trans,trans_regulatory_or_intronic
rs7240884,18,1,1,0.0891202,48.5822,trans,trans_regulatory_or_intronic
rs7244985,18,1,1,0.0402969,11.95,trans,trans_regulatory_or_intronic
rs72642434,18,1,1,0.221789,130.106,cis,cis_locus_linked
rs72911294,18,1,1,0.0834691,38.8241,cis,cis_target_regulatory_or_linked
rs72918159,18,1,1,0.0842942,18.8084,trans,trans_regulatory_or_intronic
rs72939458,18,1,1,0.094438,17.7839,trans,trans_other_or_unknown
rs72943036,18,1,1,0.086239,14.1051,trans,trans_regulatory_or_intronic
rs72956135,18,1,1,0.0522202,11.188,trans,trans_other_or_unknown
rs74378796,18,1,1,0.0624323,11.421,trans,trans_regulatory_or_intronic
rs7506808,18,1,1,0.079851,18.0679,trans,trans_regulatory_or_intronic
rs75763843,18,1,1,0.056075,12.3432,trans,trans_regulatory_or_intronic
rs77960347,18,8,8,0.297135,30.0999,trans,trans_other_gene_coding_or_splice
rs8096658,18,1,1,0.0426651,12.6595,trans,trans_regulatory_or_intronic
rs8099218,18,1,1,0.0569329,10.9475,trans,trans_regulatory_or_intronic
rs877127,18,1,1,0.0643433,23.1671,trans,trans_regulatory_or_intronic
rs878663,18,1,1,0.0437091,13.116,trans,trans_regulatory_or_intronic
rs884205,18,5,5,0.0698799,25.8598,trans,trans_regulatory_or_intronic
rs9807459,18,1,1,0.244399,286.694,cis,cis_locus_linked
rs9948409,18,1,1,0.10325,57.43,trans,trans_regulatory_or_intronic
rs9950000,18,1,1,0.0478566,14.5792,trans,trans_regulatory_or_intronic
rs9951002,18,1,1,0.0831129,34.9789,trans,trans_regulatory_or_intronic
rs9951519,18,1,1,0.0405979,11.159,trans,trans_other_or_unknown
rs9951754,18,1,1,0.249798,301.726,trans,trans_other_or_unknown
rs9952353,18,1,1,0.109483,83.9016,trans,trans_regulatory_or_intronic
rs9952412,18,1,1,0.0459044,14.8501,trans,trans_regulatory_or_intronic
rs9957264,18,1,1,0.441574,617.602,cis,cis_locus_linked
rs9959832,18,8,8,0.10011,40.2825,trans,trans_regulatory_or_intronic
rs1005980,19,1,1,0.0693229,37.5448,trans,trans_regulatory_or_intronic
rs1030094,19,1,1,0.0737502,23.2965,trans,trans_regulatory_or_intronic
rs1035454,19,1,1,0.211476,236.425,cis,cis_locus_linked
rs10401614,19,1,1,0.0492793,11.3893,trans,trans_regulatory_or_intronic
rs10401969,19,2,2,0.0774413,13.2469,trans,trans_regulatory_or_intronic
rs10402112,19,1,1,0.0644471,12.2549,trans,trans_regulatory_or_intronic
rs10402367,19,1,1,0.0420451,19.6871,trans,trans_regulatory_or_intronic
rs10402422,19,1,1,0.0515441,15.2576,trans,trans_regulatory_or_intronic
rs10402931,19,1,1,0.376049,691.887,cis,cis_target_regulatory_or_linked
rs10404296,19,1,1,0.042633,12.8854,trans,trans_regulatory_or_intronic
rs10404947,19,1,1,0.0512594,10.8128,trans,trans_regulatory_or_intronic
rs10405357,19,7,7,0.0715903,31.1078,trans,trans_regulatory_or_intronic
rs10405382,19,1,1,0.069077,20.9776,trans,trans_regulatory_or_intronic
rs10405535,19,1,1,0.0880754,38.5114,trans,trans_regulatory_or_intronic
rs10407041,19,1,1,0.0466375,12.4964,trans,trans_regulatory_or_intronic
rs10409772,19,2,2,0.164364,48.9142,trans,trans_regulatory_or_intronic
rs10411704,19,1,1,0.291387,355.113,cis,cis_locus_linked
rs10412463,19,1,1,0.516813,541.492,cis,cis_locus_linked
rs10414398,19,1,1,0.270074,133.499,cis,cis_target_coding_or_splice
rs10415881,19,1,1,0.0583532,12.3106,trans,trans_regulatory_or_intronic
rs10416310,19,1,1,0.0523636,17.0219,trans,trans_regulatory_or_intronic
rs10417049,19,1,1,0.0432056,11.1344,trans,trans_regulatory_or_intronic
rs10417163,19,1,1,0.0410106,11.6376,trans,trans_other_gene_coding_or_splice
rs10417548,19,1,1,0.0456236,15.8173,trans,trans_regulatory_or_intronic
rs10418046,19,6,6,0.113104,53.1812,trans,trans_regulatory_or_intronic
rs10418205,19,4,4,0.121515,81.0541,trans,trans_regulatory_or_intronic
rs10420066,19,1,1,0.0265817,11.7865,trans,trans_regulatory_or_intronic
rs10421318,19,1,1,0.0680039,23.3492,cis,cis_locus_linked
rs10422101,19,1,1,0.0494587,13.3322,trans,trans_regulatory_or_intronic
rs10422861,19,1,1,0.0658095,32.6632,trans,trans_regulatory_or_intronic
rs10423223,19,1,1,0.0511726,12.5185,trans,trans_regulatory_or_intronic
rs10424665,19,1,1,0.144068,79.7569,trans,trans_regulatory_or_intronic
rs10424978,19,1,1,0.0540299,16.1581,trans,trans_regulatory_or_intronic
rs10425544,19,1,1,0.497457,1012.91,cis,cis_target_regulatory_or_linked
rs10426161,19,1,1,0.0363878,15.3409,trans,trans_regulatory_or_intronic
rs10469365,19,1,1,0.143191,48.7731,trans,trans_regulatory_or_intronic
rs1054221,19,1,1,0.376783,584.194,cis,cis_locus_linked
rs1056914,19,1,1,0.0553682,21.4638,cis,cis_locus_linked
rs1065853,19,46,46,0.469181,435.195,trans,trans_regulatory_or_intronic
rs10853805,19,1,1,0.0440477,11.0916,cis,cis_locus_linked
rs10853845,19,1,1,0.0494878,15.5194,trans,trans_regulatory_or_intronic
rs1106476,19,1,1,1.1693,3143.71,cis,cis_target_regulatory_or_linked
rs11085015,19,2,2,0.0924551,39.9621,trans,trans_regulatory_or_intronic
rs11085147,19,3,3,0.167603,51.4958,trans,trans_other_gene_coding_or_splice
rs11085824,19,3,3,0.114348,80.4221,trans,trans_regulatory_or_intronic
rs111920893,19,1,1,0.0656825,12.4541,trans,trans_regulatory_or_intronic
rs111949142,19,1,1,0.672424,1593.28,cis,cis_target_regulatory_or_linked
rs112167630,19,1,1,0.262192,47.3693,trans,trans_other_gene_coding_or_splice
rs11260012,19,3,3,0.288569,497.153,cis;trans,cis_target_regulatory_or_linked;trans_regulatory_or_intronic
rs11260029,19,2,2,0.0465225,12.2551,trans,trans_regulatory_or_intronic
rs112710702,19,1,1,0.140095,25.5163,trans,trans_other_gene_coding_or_splice
rs112896133,19,1,1,0.200485,16.4016,trans,trans_other_gene_coding_or_splice
rs113374757,19,1,1,0.0400566,15.0293,trans,trans_regulatory_or_intronic
rs1135062,19,1,1,0.0706805,27.4007,trans,trans_other_gene_coding_or_splice
rs1137844,19,1,1,0.0529679,16.6477,trans,trans_regulatory_or_intronic
rs114329775,19,1,1,0.0560982,10.8356,trans,trans_regulatory_or_intronic
rs115191768,19,1,1,0.293554,69.7877,cis,cis_target_regulatory_or_linked
rs11554159,19,1,1,0.09265,47.8833,trans,trans_other_gene_coding_or_splice
rs11555037,19,1,1,0.0464682,10.9395,trans,trans_other_gene_coding_or_splice
rs11666797,19,1,1,0.427919,610.424,cis,cis_target_regulatory_or_linked
rs11668189,19,1,1,0.0497552,15.3755,trans,trans_regulatory_or_intronic
rs11668526,19,1,1,0.790242,3469.84,cis,cis_locus_linked
rs11668587,19,1,1,0.0453027,12.1468,trans,trans_regulatory_or_intronic
rs11668882,19,2,2,0.0608083,26.3485,trans,trans_regulatory_or_intronic
rs11669345,19,1,1,0.0924252,31.209,trans,trans_regulatory_or_intronic
rs11669879,19,1,1,0.0719967,12.9961,trans,trans_regulatory_or_intronic
rs11669915,19,1,1,0.0468326,12.1499,trans,trans_regulatory_or_intronic
rs11670056,19,1,1,0.111289,20.6542,trans,trans_regulatory_or_intronic
rs11671654,19,3,3,0.284575,485.223,trans,trans_regulatory_or_intronic
rs11672900,19,1,1,0.0552987,20.2492,trans,trans_regulatory_or_intronic
rs116843064,19,6,6,0.243948,36.9406,trans,trans_other_gene_coding_or_splice
rs117268623,19,5,5,1.15278,953.325,cis;trans,cis_target_coding_or_splice;trans_other_gene_coding_or_splice
rs117736448,19,1,1,0.115455,11.4666,trans,trans_regulatory_or_intronic
rs117861190,19,1,1,0.141273,12.0255,trans,trans_other_gene_coding_or_splice
rs11878523,19,1,1,0.0538384,15.5651,trans,trans_regulatory_or_intronic
rs11878908,19,2,2,0.0478333,16.7242,trans,trans_regulatory_or_intronic
rs11879229,19,1,1,0.120887,12.0936,trans,trans_regulatory_or_intronic
rs11879798,19,1,1,0.0683302,54.8101,trans,trans_regulatory_or_intronic
rs11880141,19,1,1,0.0702766,11.7373,trans,trans_regulatory_or_intronic
rs11880539,19,1,1,0.0389394,10.8502,trans,trans_regulatory_or_intronic
rs12019136,19,12,12,0.389645,170.769,trans,trans_regulatory_or_intronic
rs12150986,19,1,1,0.0663336,22.6395,trans,trans_regulatory_or_intronic
rs12150998,19,1,1,0.918638,4517.2,cis,cis_locus_linked
rs12151289,19,1,1,0.127462,11.776,trans,trans_other_or_unknown
rs123698,19,7,7,0.0695272,31.31,trans,trans_regulatory_or_intronic
rs12459447,19,1,1,0.413539,346.455,cis,cis_locus_linked
rs12459454,19,2,2,0.130695,90.9413,cis,cis_locus_linked;cis_target_regulatory_or_linked
rs12462111,19,1,1,0.04479,12.2353,trans,trans_regulatory_or_intronic
rs12608573,19,1,1,0.843766,2783.21,cis,cis_target_regulatory_or_linked
rs12608592,19,1,1,0.278562,19.8296,trans,trans_regulatory_or_intronic
rs12609373,19,1,1,0.0576057,15.6948,trans,trans_regulatory_or_intronic
rs12609461,19,1,1,0.0339533,12.4433,trans,trans_regulatory_or_intronic
rs12609754,19,1,1,0.0588869,24.5065,trans,trans_regulatory_or_intronic
rs12610821,19,1,1,0.306414,134.534,cis,cis_target_regulatory_or_linked
rs12720356,19,2,2,0.200209,88.2823,trans,trans_other_gene_coding_or_splice
rs12973830,19,1,1,0.0791258,25.5596,trans,trans_regulatory_or_intronic
rs12974128,19,1,1,0.0376148,11.1137,trans,trans_regulatory_or_intronic
rs12974746,19,1,1,0.570247,215.709,cis,cis_target_regulatory_or_linked
rs12975183,19,2,2,0.0450994,12.4018,trans,trans_regulatory_or_intronic
rs12975319,19,1,1,0.0522012,14.8326,trans,trans_regulatory_or_intronic
rs12975364,19,1,1,0.0413058,12.3853,trans,trans_regulatory_or_intronic
rs12975366,19,51,51,1.18348,7560.63,cis;trans,cis_target_coding_or_splice;trans_other_gene_coding_or_splice
rs12976652,19,1,1,0.091277,35.8284,trans,trans_regulatory_or_intronic
rs12977324,19,1,1,0.0581575,20.1003,trans,trans_regulatory_or_intronic
rs12979056,19,1,1,0.042683,11.3468,trans,trans_regulatory_or_intronic
rs12979278,19,1,1,0.0458626,13.9153,trans,trans_other_gene_coding_or_splice
rs12979891,19,1,1,0.0482223,15.7729,trans,trans_regulatory_or_intronic
rs12980852,19,1,1,0.0604288,25.0256,trans,trans_other_or_unknown
rs12981744,19,1,1,0.164534,104.573,trans,trans_regulatory_or_intronic
rs12982276,19,1,1,0.0488972,11.6605,trans,trans_regulatory_or_intronic
rs12983058,19,1,1,0.0554434,16.4259,trans,trans_regulatory_or_intronic
rs12986064,19,16,16,0.0795662,42.9909,trans,trans_regulatory_or_intronic
rs12986075,19,1,1,0.962034,3363.62,cis,cis_target_coding_or_splice
rs13041,19,1,1,0.0405472,12.2517,trans,trans_regulatory_or_intronic
rs13345625,19,1,1,0.0501402,15.3634,trans,trans_regulatory_or_intronic
rs1350292,19,1,1,0.0778012,11.8379,trans,trans_regulatory_or_intronic
rs139113505,19,1,1,0.683543,213.004,cis,cis_target_coding_or_splice
rs140185670,19,1,1,0.6181,531.438,cis,cis_target_regulatory_or_linked
rs140695578,19,1,1,0.281753,68.5858,cis,cis_locus_linked
rs141369989,19,1,1,0.785594,396.364,cis,cis_locus_linked
rs141825592,19,1,1,0.141417,12.7082,trans,trans_regulatory_or_intronic
rs141879681,19,1,1,1.43724,260.999,cis,cis_locus_linked
rs143333049,19,1,1,0.118305,14.0433,trans,trans_other_or_unknown
rs144373891,19,1,1,0.698042,102.526,cis,cis_target_coding_or_splice
rs145530718,19,1,1,0.341593,56.1323,trans,trans_regulatory_or_intronic
rs146170087,19,1,1,1.01736,27.2469,cis,cis_target_coding_or_splice
rs146748738,19,1,1,0.0469272,10.9316,trans,trans_regulatory_or_intronic
rs146776010,19,2,2,0.522974,45.4663,trans,trans_other_gene_coding_or_splice
rs1471431,19,1,1,0.219993,320.688,cis,cis_locus_linked
rs147223423,19,1,1,0.206413,12.3207,cis,cis_target_regulatory_or_linked
rs1473197,19,1,1,0.340079,642.426,cis,cis_target_regulatory_or_linked
rs148783636,19,1,1,1.51788,902.397,cis,cis_locus_linked
rs148898583,19,1,1,0.137754,51.9531,trans,trans_regulatory_or_intronic
rs149131600,19,1,1,0.0561609,12.157,trans,trans_regulatory_or_intronic
rs150540855,19,1,1,0.101004,21.5846,trans,trans_regulatory_or_intronic
rs150985681,19,1,1,0.139562,12.2843,trans,trans_regulatory_or_intronic
rs151165225,19,2,2,0.0927543,38.8693,trans,trans_regulatory_or_intronic
rs157595,19,1,1,0.0444351,12.8556,trans,trans_regulatory_or_intronic
rs1609853,19,1,1,0.037041,11.0912,trans,trans_regulatory_or_intronic
rs1613662,19,87,87,0.393195,493.804,cis;trans,cis_target_coding_or_splice;trans_other_gene_coding_or_splice
rs1643494,19,1,1,0.0760346,12.9398,trans,trans_regulatory_or_intronic
rs1645788,19,2,2,0.143785,91.0596,trans,trans_regulatory_or_intronic
rs1654425,19,18,18,0.157326,81.5806,trans,trans_regulatory_or_intronic
rs1671152,19,13,13,0.108334,38.5011,trans,trans_other_gene_coding_or_splice
rs1672991,19,1,1,0.193319,70.0458,trans,trans_regulatory_or_intronic
rs1672992,19,1,1,0.0528104,13.2342,trans,trans_regulatory_or_intronic
rs1688030,19,1,1,0.0829641,14.7826,trans,trans_regulatory_or_intronic
rs1688043,19,2,2,0.0995602,17.9289,trans,trans_regulatory_or_intronic
rs1688044,19,1,1,0.0764997,11.0283,trans,trans_regulatory_or_intronic
rs1698113,19,1,1,0.0371041,13.8561,trans,trans_regulatory_or_intronic
rs1704773,19,2,2,0.0631599,24.5767,trans,trans_regulatory_or_intronic
rs17216525,19,1,1,0.0850673,15.308,trans,trans_regulatory_or_intronic
rs1726809,19,1,1,0.077452,16.5454,cis,cis_target_regulatory_or_linked
rs17272847,19,3,3,0.0786102,13.5067,trans,trans_regulatory_or_intronic
rs17357122,19,1,1,0.227756,14.3576,trans,trans_other_gene_coding_or_splice
rs17561351,19,2,2,0.0912563,15.9543,trans,trans_regulatory_or_intronic
rs17569,19,2,2,0.478386,697.806,cis;trans,cis_target_coding_or_splice;trans_other_gene_coding_or_splice
rs17695224,19,1,1,0.0937764,53.4523,trans,trans_regulatory_or_intronic
rs17715069,19,1,1,0.336285,637.124,cis,cis_locus_linked
rs17751061,19,1,1,0.324103,319.326,cis,cis_target_coding_or_splice
rs17855739,19,13,13,1.11528,1531.46,cis;trans,cis_locus_linked;trans_other_gene_coding_or_splice
rs1799815,19,1,1,0.101129,14.9567,cis,cis_target_coding_or_splice
rs1799918,19,1,1,0.0650135,26.8203,trans,trans_regulatory_or_intronic
rs190712692,19,2,2,0.127512,19.8642,trans,trans_regulatory_or_intronic
rs190921775,19,1,1,0.919951,90.1476,cis,cis_locus_linked
rs1967330,19,3,3,0.0523644,18.8258,trans,trans_regulatory_or_intronic
rs2003489,19,1,1,0.294027,51.2598,cis,cis_target_regulatory_or_linked
rs200373,19,2,2,0.126121,99.7004,trans,trans_regulatory_or_intronic
rs2014377,19,1,1,0.0644478,17.838,trans,trans_other_gene_coding_or_splice
rs202200760,19,1,1,0.155832,22.2785,trans,trans_other_gene_coding_or_splice
rs2032887,19,1,1,0.75923,2595.1,cis,cis_target_coding_or_splice
rs2071699,19,1,1,0.163048,11.8694,cis,cis_target_coding_or_splice
rs2072563,19,1,1,0.285453,434.053,cis,cis_locus_linked
rs2074453,19,1,1,0.0493932,14.0711,trans,trans_regulatory_or_intronic
rs2228603,19,1,1,0.271595,135.266,cis,cis_target_coding_or_splice
rs2230199,19,2,2,0.151898,95.2788,trans,trans_other_gene_coding_or_splice
rs2231569,19,1,1,0.131025,16.0965,cis,cis_locus_linked
rs2233159,19,1,1,1.33547,2952.76,cis,cis_locus_linked
rs2238691,19,1,1,0.0601377,15.2366,trans,trans_regulatory_or_intronic
rs2259013,19,1,1,0.0660794,31.4371,trans,trans_regulatory_or_intronic
rs2277998,19,1,1,0.0514783,16.4791,trans,trans_other_gene_coding_or_splice
rs2278236,19,1,1,0.271103,437.041,cis,cis_target_regulatory_or_linked
rs2278426,19,2,2,0.12291,16.7569,trans,trans_other_gene_coding_or_splice
rs2287922,19,2,2,0.0735632,35.9828,trans,trans_other_gene_coding_or_splice
rs2288419,19,2,2,0.0507429,13.3846,trans,trans_other_gene_coding_or_splice
rs2288930,19,1,1,0.0304467,12.0818,trans,trans_regulatory_or_intronic
rs2301274,19,1,1,0.783123,2626.35,cis,cis_target_regulatory_or_linked
rs2302524,19,1,1,0.168501,103.435,cis,cis_target_coding_or_splice
rs2303731,19,1,1,0.0411853,11.094,trans,trans_regulatory_or_intronic
rs2303759,19,1,1,1.2396,7128.19,cis,cis_target_coding_or_splice
rs2305799,19,1,1,0.500785,679.889,cis,cis_target_coding_or_splice
rs2433724,19,1,1,0.759311,3102.76,cis,cis_target_coding_or_splice
rs2451993,19,1,1,0.0544293,12.2163,trans,trans_regulatory_or_intronic
rs2452170,19,1,1,0.0595892,25.3228,trans,trans_regulatory_or_intronic
rs2455069,19,1,1,1.17569,7600.11,cis,cis_target_coding_or_splice
rs251906,19,1,1,0.115544,26.0411,cis,cis_target_regulatory_or_linked
rs2548458,19,1,1,0.0738304,32.1364,trans,trans_regulatory_or_intronic
rs2548459,19,2,2,0.0468059,14.5704,trans,trans_regulatory_or_intronic
rs2569454,19,1,1,0.576493,1762.67,cis,cis_locus_linked
rs2569491,19,4,4,0.402085,834.892,cis;trans,cis_target_coding_or_splice;trans_other_gene_coding_or_splice
rs2576452,19,1,1,0.0464569,15.8265,trans,trans_regulatory_or_intronic
rs260416,19,1,1,0.0625326,11.1994,trans,trans_regulatory_or_intronic
rs2607454,19,1,1,0.027314,10.9448,trans,trans_regulatory_or_intronic
rs2608894,19,4,4,0.0674066,20.0372,trans,trans_regulatory_or_intronic
rs2638280,19,1,1,0.0499031,29.6611,trans,trans_regulatory_or_intronic
rs2638282,19,4,4,0.0780823,41.3232,trans,trans_regulatory_or_intronic
rs2659067,19,1,1,0.680996,900.34,cis,cis_target_coding_or_splice
rs2664153,19,1,1,0.397971,952.457,cis,cis_target_regulatory_or_linked
rs2673908,19,1,1,0.565245,2328.93,cis,cis_locus_linked
rs268891,19,1,1,0.189693,193.242,cis,cis_target_regulatory_or_linked
rs273266,19,1,1,0.49846,1082.56,cis,cis_locus_linked
rs2733739,19,2,2,0.0593067,23.0469,trans,trans_regulatory_or_intronic
rs281439,19,1,1,0.807,2858.92,cis,cis_locus_linked
rs28384500,19,1,1,0.995846,2301.58,cis,cis_target_regulatory_or_linked
rs28399657,19,1,1,0.617966,303.733,cis,cis_target_regulatory_or_linked
rs28413174,19,3,3,0.102447,44.3403,trans,trans_regulatory_or_intronic
rs284657,19,1,1,0.0569885,20.8639,trans,trans_regulatory_or_intronic
rs284660,19,1,1,0.062802,32.3935,trans,trans_regulatory_or_intronic
rs284662,19,2,2,0.0577046,22.6103,trans,trans_other_gene_coding_or_splice
rs28616221,19,2,2,0.0705763,20.1126,trans,trans_regulatory_or_intronic
rs28659908,19,1,1,0.055218,19.845,trans,trans_other_or_unknown
rs28873836,19,7,7,0.232783,292.122,trans,trans_regulatory_or_intronic
rs2905426,19,1,1,0.0460975,12.0024,trans,trans_regulatory_or_intronic
rs2965185,19,1,1,0.0424914,12.5103,trans,trans_regulatory_or_intronic
rs2965218,19,1,1,0.0508826,17.7539,trans,trans_regulatory_or_intronic
rs30461,19,1,1,0.0879517,17.6872,cis,cis_target_coding_or_splice
rs312069,19,1,1,0.0812539,39.5779,trans,trans_regulatory_or_intronic
rs3136642,19,1,1,0.0557414,18.0631,trans,trans_regulatory_or_intronic
rs3212802,19,1,1,0.0780552,22.7114,trans,trans_regulatory_or_intronic
rs3219175,19,1,1,1.40751,442.914,cis,cis_locus_linked
rs329721,19,1,1,0.0814365,39.7617,trans,trans_regulatory_or_intronic
rs33950747,19,11,11,0.77797,886.341,cis;trans,cis_target_coding_or_splice;trans_other_gene_coding_or_splice
rs34006614,19,1,1,0.0616526,23.6782,trans,trans_regulatory_or_intronic
rs34010237,19,1,1,0.0641468,14.9834,trans,trans_regulatory_or_intronic
rs34239025,19,1,1,0.148103,106.836,trans,trans_regulatory_or_intronic
rs34255979,19,1,1,0.0730293,15.7481,trans,trans_regulatory_or_intronic
rs34262244,19,2,2,0.0605027,18.5875,trans,trans_regulatory_or_intronic
rs34415062,19,1,1,0.162041,106.632,trans,trans_other_gene_coding_or_splice
rs34436714,19,22,22,0.315046,431.403,trans,trans_other_gene_coding_or_splice
rs34440547,19,1,1,1.14024,4988.76,cis,cis_target_coding_or_splice
rs34450188,19,1,1,0.0749326,40.0138,trans,trans_regulatory_or_intronic
rs344560,19,3,3,0.555496,360.69,cis;trans,cis_target_coding_or_splice;trans_other_gene_coding_or_splice
rs34536443,19,4,4,0.196429,37.1505,trans,trans_other_gene_coding_or_splice
rs34568594,19,1,1,0.0684946,16.2285,trans,trans_regulatory_or_intronic
rs34593562,19,1,1,0.0710844,29.4662,cis,cis_locus_linked
rs34632751,19,2,2,0.311081,61.7367,trans,trans_other_gene_coding_or_splice
rs34722692,19,1,1,0.424788,415.116,cis,cis_target_regulatory_or_linked
rs34785252,19,2,2,0.0687116,21.411,trans,trans_regulatory_or_intronic
rs34982899,19,1,1,0.207025,11.4572,trans,trans_other_gene_coding_or_splice
rs35029752,19,1,1,0.177765,143.323,trans,trans_regulatory_or_intronic
rs35033974,19,1,1,0.343788,567.087,cis,cis_target_coding_or_splice
rs35087277,19,1,1,0.123596,12.4449,cis,cis_target_coding_or_splice
rs35106244,19,5,5,0.0673383,30.9494,trans,trans_regulatory_or_intronic
rs35186399,19,1,1,0.181985,10.985,trans,trans_other_gene_coding_or_splice
rs351973,19,1,1,0.0402363,11.0903,trans,trans_regulatory_or_intronic
rs351988,19,3,3,0.0495454,17.9517,trans,trans_regulatory_or_intronic
rs35275129,19,1,1,0.0479772,16.8772,trans,trans_regulatory_or_intronic
rs35299026,19,1,1,1.55135,2440.03,cis,cis_target_coding_or_splice
rs35320779,19,1,1,0.228214,174.736,trans,trans_other_or_unknown
rs35350976,19,1,1,0.0700028,19.0893,trans,trans_other_gene_coding_or_splice
rs353698,19,1,1,0.0611568,16.7078,cis,cis_locus_linked
rs35866622,19,3,3,0.0610866,21.9585,trans,trans_regulatory_or_intronic
rs36029354,19,1,1,0.0452928,12.656,trans,trans_other_or_unknown
rs36055559,19,1,1,0.0845107,20.7404,cis,cis_locus_linked
rs36084354,19,1,1,0.0757728,12.0823,trans,trans_other_gene_coding_or_splice
rs36229204,19,1,1,0.501861,197.574,trans,trans_regulatory_or_intronic
rs36518,19,1,1,0.649675,1247.15,cis,cis_locus_linked
rs367070,19,3,3,1.20903,5788.36,cis;trans,cis_locus_linked;trans_regulatory_or_intronic
rs3745475,19,1,1,0.0475125,10.9495,trans,trans_other_gene_coding_or_splice
rs3745540,19,1,1,1.16413,7334.48,cis,cis_target_coding_or_splice
rs3760739,19,1,1,0.449255,1085.86,cis,cis_locus_linked
rs3795050,19,1,1,0.107756,16.3714,cis,cis_locus_linked
rs380267,19,1,1,0.050591,12.8594,trans,trans_regulatory_or_intronic
rs380731,19,1,1,0.0472281,12.1353,trans,trans_regulatory_or_intronic
rs3814995,19,25,25,0.083827,39.5205,trans,trans_other_gene_coding_or_splice
rs3817621,19,1,1,0.0478842,12.1614,trans,trans_regulatory_or_intronic
rs3826688,19,1,1,0.0403058,15.7609,trans,trans_regulatory_or_intronic
rs3826729,19,1,1,0.0463733,13.4836,trans,trans_regulatory_or_intronic
rs383369,19,1,1,1.14723,5025.35,cis,cis_target_coding_or_splice
rs386056,19,1,1,0.0454911,10.8811,trans,trans_other_gene_coding_or_splice
rs3892355,19,1,1,0.173111,145.589,cis,cis_target_regulatory_or_linked
rs390082,19,3,3,0.0924087,23.5324,trans,trans_regulatory_or_intronic
rs393116,19,1,1,0.435763,185.834,cis,cis_locus_linked
rs4002471,19,1,1,0.0437789,13.8807,trans,trans_regulatory_or_intronic
rs4015,19,1,1,0.0495009,11.2298,trans,trans_regulatory_or_intronic
rs41290120,19,1,1,0.101526,13.3712,trans,trans_regulatory_or_intronic
rs417477,19,1,1,0.367015,413.371,cis,cis_target_regulatory_or_linked
rs429358,19,48,48,0.989696,3102.3,cis;trans,cis_target_coding_or_splice;trans_other_gene_coding_or_splice
rs438811,19,9,9,0.571338,1548.86,trans,trans_regulatory_or_intronic
rs440277,19,1,1,0.174098,154.459,cis,cis_target_regulatory_or_linked
rs443081,19,2,2,0.0663201,16.2348,trans,trans_regulatory_or_intronic
rs4442925,19,1,1,0.507513,1481.86,cis,cis_locus_linked
rs445925,19,5,5,0.130991,46.5652,trans,trans_regulatory_or_intronic
rs452270,19,1,1,0.0414798,12.1294,trans,trans_regulatory_or_intronic
rs4531856,19,1,1,0.0433397,12.724,trans,trans_regulatory_or_intronic
rs45512696,19,1,1,0.0683327,16.7877,trans,trans_regulatory_or_intronic
rs45541434,19,1,1,0.20979,12.838,trans,trans_other_gene_coding_or_splice
rs4632248,19,19,19,0.160507,111.75,trans,trans_regulatory_or_intronic
rs4760,19,21,21,1.18768,4341.67,trans,trans_other_gene_coding_or_splice
rs4801412,19,1,1,0.0441406,20.1713,trans,trans_other_or_unknown
rs4803348,19,1,1,0.0473426,13.9743,trans,trans_regulatory_or_intronic
rs4803934,19,1,1,0.039082,12.0609,trans,trans_regulatory_or_intronic
rs4804416,19,1,1,0.0520714,16.4911,trans,trans_regulatory_or_intronic
rs4804669,19,2,2,0.109698,62.0333,trans,trans_other_gene_coding_or_splice
rs4804678,19,1,1,0.0588517,18.3404,trans,trans_other_or_unknown
rs4804774,19,4,4,0.418699,1017.24,cis;trans,cis_locus_linked;trans_other_or_unknown
rs4804790,19,1,1,0.134495,30.8186,trans,trans_regulatory_or_intronic
rs4806498,19,1,1,0.0310364,11.8082,trans,trans_regulatory_or_intronic
rs4807125,19,1,1,0.0685546,38.9507,trans,trans_regulatory_or_intronic
rs4807600,19,1,1,0.146587,133.567,trans,trans_regulatory_or_intronic
rs4807612,19,1,1,0.0474784,12.3365,trans,trans_regulatory_or_intronic
rs4808305,19,1,1,0.0650884,23.8733,trans,trans_regulatory_or_intronic
rs4808628,19,1,1,0.322674,108.258,cis,cis_locus_linked
rs483082,19,1,1,0.107977,55.8639,trans,trans_regulatory_or_intronic
rs485186,19,4,4,0.0941574,58.1974,trans,trans_other_gene_coding_or_splice
rs4893,19,4,4,0.437595,181.406,trans,trans_other_gene_coding_or_splice
rs4919907,19,1,1,0.0588564,13.0753,trans,trans_regulatory_or_intronic
rs492602,19,19,19,0.382302,879.947,trans,trans_other_gene_coding_or_splice
rs5030377,19,1,1,0.109719,91.5744,cis,cis_target_regulatory_or_linked
rs504963,19,1,1,0.064514,27.8696,trans,trans_regulatory_or_intronic
rs507855,19,1,1,0.0468723,16.0615,trans,trans_regulatory_or_intronic
rs5112,19,4,4,0.333144,624.848,cis;trans,cis_locus_linked;trans_other_or_unknown
rs5117,19,1,1,0.0936964,52.302,trans,trans_regulatory_or_intronic
rs516246,19,15,15,0.165331,245.779,trans,trans_regulatory_or_intronic
rs516316,19,3,3,0.409993,1024.98,trans,trans_regulatory_or_intronic
rs55682587,19,1,1,0.168594,22.1043,trans,trans_other_gene_coding_or_splice
rs55714572,19,1,1,0.0601973,14.4965,trans,trans_regulatory_or_intronic
rs55737395,19,2,2,0.048575,13.3771,trans,trans_regulatory_or_intronic
rs55763631,19,1,1,0.652645,394.618,cis,cis_target_regulatory_or_linked
rs55799523,19,3,3,0.53017,1347.2,cis;trans,cis_locus_linked;trans_regulatory_or_intronic
rs55976836,19,1,1,0.0580849,15.6648,trans,trans_regulatory_or_intronic
rs56041755,19,1,1,0.0935787,14.7453,trans,trans_regulatory_or_intronic
rs56101188,19,1,1,0.218461,100.822,cis,cis_target_regulatory_or_linked
rs56113850,19,1,1,0.0386534,10.9558,trans,trans_regulatory_or_intronic
rs56133626,19,2,2,0.0562141,19.0766,trans,trans_regulatory_or_intronic
rs56289642,19,1,1,0.118805,58.6309,trans,trans_regulatory_or_intronic
rs56397034,19,1,1,0.0561466,36.4731,trans,trans_regulatory_or_intronic
rs569970,19,1,1,0.0457068,13.799,trans,trans_regulatory_or_intronic
rs571294,19,1,1,0.0436561,17.287,trans,trans_other_gene_coding_or_splice
rs571497,19,1,1,0.0818312,23.6887,trans,trans_regulatory_or_intronic
rs57822461,19,1,1,0.0844423,30.0523,trans,trans_regulatory_or_intronic
rs57843631,19,1,1,0.144025,13.7736,trans,trans_regulatory_or_intronic
rs57935444,19,1,1,0.0432336,13.5111,trans,trans_regulatory_or_intronic
rs5826945,19,1,1,0.156771,66.8594,cis,cis_target_regulatory_or_linked
rs584007,19,1,1,0.0453001,11.73,trans,trans_regulatory_or_intronic
rs58542926,19,33,33,0.252835,124.364,trans,trans_other_gene_coding_or_splice
rs58560372,19,1,1,0.0645544,15.1092,trans,trans_regulatory_or_intronic
rs58751474,19,1,1,0.350487,11.2551,trans,trans_regulatory_or_intronic
rs58761784,19,2,2,0.0538806,16.9109,trans,trans_regulatory_or_intronic
rs58895965,19,1,1,0.0632345,15.3354,trans,trans_regulatory_or_intronic
rs59055395,19,1,1,0.447772,503.556,cis,cis_locus_linked
rs59630206,19,1,1,0.0487124,15.2192,trans,trans_regulatory_or_intronic
rs59774409,19,1,1,0.0739988,13.7518,trans,trans_regulatory_or_intronic
rs60018147,19,1,1,0.0780241,14.4855,trans,trans_regulatory_or_intronic
rs601338,19,49,49,0.886048,4421.86,cis;trans,cis_locus_linked;trans_other_gene_coding_or_splice
rs602662,19,2,2,0.0446639,15.0711,trans,trans_other_gene_coding_or_splice
rs60955532,19,1,1,0.616697,2248.03,cis,cis_locus_linked
rs60969446,19,1,1,0.0477785,15.4973,trans,trans_other_or_unknown
rs61194703,19,1,1,0.0910585,23.8917,trans,trans_regulatory_or_intronic
rs61242663,19,1,1,0.0548659,13.8419,trans,trans_regulatory_or_intronic
rs61338646,19,1,1,0.0490261,13.9667,trans,trans_regulatory_or_intronic
rs61451658,19,1,1,0.30914,509.986,cis,cis_target_regulatory_or_linked
rs61658003,19,3,3,0.0792943,20.0687,trans,trans_regulatory_or_intronic
rs61703905,19,1,1,0.0785441,28.0599,trans,trans_regulatory_or_intronic
rs61739916,19,1,1,0.143358,29.5484,trans,trans_other_gene_coding_or_splice
rs62102718,19,2,2,0.0470218,13.0355,trans,trans_regulatory_or_intronic
rs62113212,19,1,1,0.0996953,40.1066,cis,cis_target_regulatory_or_linked
rs62117298,19,1,1,0.0586072,27.3468,trans,trans_regulatory_or_intronic
rs62119321,19,1,1,0.602436,234.059,cis,cis_locus_linked
rs62125968,19,1,1,0.0506908,16.6559,trans,trans_regulatory_or_intronic
rs62129966,19,1,1,0.363145,415.099,cis,cis_target_regulatory_or_linked
rs62131205,19,1,1,0.0716969,11.262,trans,trans_regulatory_or_intronic
rs62143196,19,1,1,0.0526782,11.8558,trans,trans_regulatory_or_intronic
rs62143198,19,1,1,0.0556774,14.6861,trans,trans_regulatory_or_intronic
rs62143206,19,1,1,0.155573,99.0813,trans,trans_regulatory_or_intronic
rs62617068,19,1,1,1.77024,896.323,cis,cis_target_coding_or_splice
rs626283,19,6,6,0.069991,33.8569,trans,trans_regulatory_or_intronic
rs632111,19,1,1,0.0535416,19.189,trans,trans_regulatory_or_intronic
rs6509231,19,1,1,0.0462541,11.7276,trans,trans_regulatory_or_intronic
rs653152,19,1,1,0.0732418,33.7311,trans,trans_other_or_unknown
rs66841352,19,1,1,0.220914,300.401,trans,trans_regulatory_or_intronic
rs66941624,19,1,1,0.0391222,11.0742,trans,trans_regulatory_or_intronic
rs679574,19,5,5,0.569443,2271.81,trans,trans_regulatory_or_intronic
rs681343,19,25,25,0.463793,1576.62,trans,trans_other_gene_coding_or_splice
rs708686,19,29,29,0.24924,328.544,trans,trans_regulatory_or_intronic
rs71335276,19,1,1,0.1814,131.383,cis,cis_locus_linked
rs71354995,19,3,3,0.220503,218.216,cis;trans,cis_locus_linked;trans_regulatory_or_intronic
rs714106,19,1,1,1.17179,6006.53,cis,cis_target_coding_or_splice
rs7246479,19,3,3,0.0507384,18.2713,trans,trans_other_gene_coding_or_splice
rs7247412,19,7,7,0.303989,438.414,trans,trans_regulatory_or_intronic
rs7248009,19,1,1,0.0512882,15.7319,cis,cis_locus_linked
rs7249022,19,1,1,0.0963603,20.8152,trans,trans_regulatory_or_intronic
rs7249300,19,1,1,0.0645946,23.3894,trans,trans_regulatory_or_intronic
rs7250028,19,1,1,0.0579776,22.1719,trans,trans_other_or_unknown
rs7251,19,1,1,0.0470376,11.7924,trans,trans_other_gene_coding_or_splice
rs7251607,19,1,1,0.278481,358.262,cis,cis_locus_linked
rs7251900,19,2,2,0.046443,14.1338,trans,trans_regulatory_or_intronic
rs7251987,19,3,3,0.126862,83.821,trans,trans_regulatory_or_intronic
rs7254538,19,1,1,0.738612,3409.27,cis,cis_locus_linked
rs7255036,19,1,1,1.3177,6574.73,cis,cis_locus_linked
rs7255106,19,1,1,0.349056,89.4273,cis,cis_locus_linked
rs7255169,19,1,1,0.0489439,16.141,trans,trans_regulatory_or_intronic
rs7256200,19,1,1,0.0868668,22.1382,trans,trans_regulatory_or_intronic
rs7256400,19,1,1,0.0848791,43.0426,trans,trans_regulatory_or_intronic
rs7258315,19,1,1,0.0529202,13.0703,trans,trans_regulatory_or_intronic
rs7258534,19,1,1,0.0476863,13.865,trans,trans_other_or_unknown
rs7259567,19,1,1,0.0378944,17.9819,trans,trans_regulatory_or_intronic
rs7259699,19,1,1,0.0466406,10.7959,trans,trans_regulatory_or_intronic
rs7260269,19,1,1,0.072429,29.5063,trans,trans_regulatory_or_intronic
rs72654473,19,3,3,0.0957918,23.9184,trans,trans_regulatory_or_intronic
rs72999033,19,1,1,0.0945809,14.0916,trans,trans_regulatory_or_intronic
rs73001065,19,7,7,0.101398,17.5344,trans,trans_regulatory_or_intronic
rs73002956,19,1,1,0.0715917,11.046,trans,trans_regulatory_or_intronic
rs73045269,19,7,7,0.289232,273.674,cis;trans,cis_locus_linked;trans_regulatory_or_intronic
rs73048483,19,1,1,1.41557,2940.01,cis,cis_target_regulatory_or_linked
rs73070113,19,1,1,1.05457,2623.7,cis,cis_target_regulatory_or_linked
rs731170,19,1,1,0.0413203,14.8538,trans,trans_other_gene_coding_or_splice
rs731839,19,2,2,0.0456449,12.7523,trans,trans_regulatory_or_intronic
rs73517714,19,1,1,0.146655,10.9219,trans,trans_regulatory_or_intronic
rs73926277,19,1,1,0.0558561,18.8437,trans,trans_other_or_unknown
rs7408446,19,1,1,0.0553695,12.1829,trans,trans_regulatory_or_intronic
rs7412,19,18,18,0.301991,178.566,trans,trans_other_gene_coding_or_splice
rs741233,19,1,1,0.0677074,25.0472,trans,trans_regulatory_or_intronic
rs74181667,19,1,1,0.0578674,28.9749,trans,trans_regulatory_or_intronic
rs74444983,19,1,1,0.0460111,11.1973,trans,trans_regulatory_or_intronic
rs746738,19,1,1,0.394543,914.375,cis,cis_target_regulatory_or_linked
rs74705037,19,1,1,1.03615,1055.58,cis,cis_locus_linked
rs74816457,19,1,1,0.165694,159.362,cis,cis_target_regulatory_or_linked
rs7508294,19,2,2,0.0585408,21.0203,trans,trans_other_or_unknown
rs75372982,19,1,1,0.062218,20.0257,trans,trans_regulatory_or_intronic
rs756845,19,2,2,0.386177,560.983,cis;trans,cis_target_regulatory_or_linked;trans_regulatory_or_intronic
rs7599,19,2,2,0.148879,125.851,trans,trans_regulatory_or_intronic
rs76350084,19,1,1,0.0470159,17.0126,trans,trans_regulatory_or_intronic
rs76427287,19,1,1,0.0428749,11.2297,trans,trans_regulatory_or_intronic
rs78030362,19,1,1,0.13605,30.8312,trans,trans_regulatory_or_intronic
rs78530667,19,1,1,0.0574149,11.1858,trans,trans_regulatory_or_intronic
rs78744187,19,5,5,0.322127,200.694,trans,trans_other_or_unknown
rs791461,19,1,1,0.400536,784.821,cis,cis_target_regulatory_or_linked
rs79338083,19,1,1,1.81153,1279.28,cis,cis_locus_linked
rs79744308,19,1,1,0.12479,19.5919,trans,trans_other_gene_coding_or_splice
rs8101619,19,1,1,0.0462371,13.9777,trans,trans_regulatory_or_intronic
rs8102710,19,1,1,0.355395,556.671,trans,trans_regulatory_or_intronic
rs8103278,19,1,1,0.0415091,11.2285,trans,trans_regulatory_or_intronic
rs8103728,19,1,1,0.0498783,16.0849,trans,trans_regulatory_or_intronic
rs8105192,19,2,2,0.560699,1880.46,cis;trans,cis_locus_linked;trans_regulatory_or_intronic
rs8105397,19,1,1,0.0708338,16.4014,trans,trans_regulatory_or_intronic
rs8105767,19,1,1,0.0476377,13.0611,trans,trans_regulatory_or_intronic
rs8106182,19,1,1,0.050162,10.9166,trans,trans_regulatory_or_intronic
rs8106212,19,1,1,0.172514,11.0874,trans,trans_regulatory_or_intronic
rs8107974,19,4,4,0.116104,29.2867,trans,trans_regulatory_or_intronic
rs8109160,19,1,1,0.400991,876.304,cis,cis_locus_linked
rs8109193,19,1,1,0.169784,137.982,cis,cis_target_regulatory_or_linked
rs8109496,19,1,1,0.445837,761.746,cis,cis_target_regulatory_or_linked
rs8111661,19,1,1,0.0467701,12.9197,trans,trans_regulatory_or_intronic
rs8112208,19,1,1,0.0331617,12.7943,cis,cis_locus_linked
rs8112983,19,1,1,0.0580584,21.1945,trans,trans_regulatory_or_intronic
rs812936,19,1,1,0.0957875,45.2025,trans,trans_other_gene_coding_or_splice
rs8289,19,1,1,0.0839823,31.7279,cis,cis_target_coding_or_splice
rs838131,19,1,1,0.124514,87.9767,cis,cis_locus_linked
rs838133,19,2,2,0.0575924,21.3439,trans,trans_regulatory_or_intronic
rs838134,19,1,1,0.0533679,14.1267,trans,trans_regulatory_or_intronic
rs838136,19,1,1,0.0541867,14.5501,trans,trans_regulatory_or_intronic
rs838142,19,1,1,0.0516251,14.1552,trans,trans_regulatory_or_intronic
rs838144,19,4,4,0.0435754,13.3297,trans,trans_regulatory_or_intronic
rs838145,19,1,1,0.0422868,11.494,trans,trans_regulatory_or_intronic
rs867348,19,1,1,0.0800548,36.9001,trans,trans_regulatory_or_intronic
rs868876,19,5,5,0.0612646,27.3078,trans,trans_regulatory_or_intronic
rs872629,19,2,2,0.15101,69.3403,trans,trans_regulatory_or_intronic
rs8736,19,2,2,0.0603206,23.5288,trans,trans_regulatory_or_intronic
rs875622,19,4,4,0.0741295,27.0095,trans,trans_regulatory_or_intronic
rs8887,19,4,4,0.0779045,46.3558,cis;trans,cis_locus_linked;trans_regulatory_or_intronic
rs892090,19,54,54,0.178684,106.308,trans,trans_regulatory_or_intronic
rs892225,19,3,3,0.0626384,25.5204,trans,trans_regulatory_or_intronic
rs893182,19,1,1,0.406292,281.072,trans,trans_regulatory_or_intronic
rs921939,19,1,1,0.0441278,11.7286,cis,cis_target_regulatory_or_linked
rs929263,19,1,1,0.0988859,34.8728,cis,cis_locus_linked
rs930232,19,2,2,0.0561922,22.6906,trans,trans_regulatory_or_intronic
rs9304708,19,1,1,0.0523959,16.1767,trans,trans_regulatory_or_intronic
rs9621,19,1,1,0.97492,850.332,cis,cis_target_coding_or_splice
rs9807819,19,1,1,0.0452245,14.812,trans,trans_regulatory_or_intronic
rs1009372,2,1,1,0.0456449,12.5197,trans,trans_regulatory_or_intronic
rs10164604,2,2,2,0.0832444,17.5849,trans,trans_regulatory_or_intronic
rs10164853,2,1,1,0.0745209,11.3109,trans,trans_regulatory_or_intronic
rs10170520,2,1,1,0.103266,54.9893,cis,cis_target_regulatory_or_linked
rs10172023,2,1,1,0.0480455,14.3721,trans,trans_other_gene_coding_or_splice
rs10173746,2,1,1,0.0682467,14.9881,trans,trans_regulatory_or_intronic
rs10179584,2,1,1,0.0476503,13.8185,trans,trans_regulatory_or_intronic
rs10180345,2,1,1,0.260766,416.167,cis,cis_target_regulatory_or_linked
rs10182233,2,1,1,0.0506017,20.7999,trans,trans_regulatory_or_intronic
rs10182990,2,1,1,0.0396148,13.5065,trans,trans_regulatory_or_intronic
rs10183338,2,2,2,0.0528793,15.8099,trans,trans_regulatory_or_intronic
rs10184522,2,1,1,0.0562108,21.09,trans,trans_regulatory_or_intronic
rs10186921,2,2,2,0.0596064,24.8057,trans,trans_regulatory_or_intronic
rs10187818,2,1,1,0.0910072,11.0294,trans,trans_other_or_unknown
rs10189498,2,1,1,0.0644832,21.0632,trans,trans_regulatory_or_intronic
rs10189685,2,2,2,0.1234,84.2656,trans,trans_regulatory_or_intronic
rs10195414,2,1,1,0.0523765,12.206,trans,trans_regulatory_or_intronic
rs10197542,2,1,1,0.447301,442.413,cis,cis_target_regulatory_or_linked
rs10202406,2,1,1,0.0396666,10.8168,trans,trans_regulatory_or_intronic
rs10205067,2,1,1,0.17306,48.9661,trans,trans_regulatory_or_intronic
rs10207044,2,2,2,0.0627866,12.5855,trans,trans_regulatory_or_intronic
rs10208011,2,1,1,0.0807184,24.545,trans,trans_regulatory_or_intronic
rs10208580,2,1,1,0.0692173,24.2666,trans,trans_regulatory_or_intronic
rs10445765,2,1,1,0.0617596,23.4686,trans,trans_regulatory_or_intronic
rs1045485,2,1,1,0.313694,271.186,cis,cis_target_coding_or_splice
rs1047891,2,35,35,0.0890328,51.1792,trans,trans_other_gene_coding_or_splice
rs1048135,2,1,1,0.446228,1122.43,cis,cis_target_coding_or_splice
rs10495563,2,1,1,0.0631655,23.9255,trans,trans_regulatory_or_intronic
rs1050785,2,1,1,0.090355,47.7294,cis,cis_target_regulatory_or_linked
rs1057258,2,1,1,0.0576121,13.4386,trans,trans_regulatory_or_intronic
rs10865035,2,3,3,0.0451095,13.4776,trans,trans_regulatory_or_intronic
rs10930576,2,1,1,0.0610935,11.4229,trans,trans_regulatory_or_intronic
rs10932542,2,1,1,0.101744,46.6118,cis,cis_locus_linked
rs10932916,2,1,1,0.135281,118.211,cis,cis_target_regulatory_or_linked
rs1107850,2,1,1,0.0558201,23.5576,trans,trans_regulatory_or_intronic
rs11096641,2,1,1,0.0845831,45.5753,trans,trans_regulatory_or_intronic
rs11124542,2,1,1,0.413357,1223.55,cis,cis_target_regulatory_or_linked
rs11125915,2,3,3,0.0512848,18.4717,trans,trans_regulatory_or_intronic
rs11125916,2,2,2,0.0571175,14.6728,trans,trans_regulatory_or_intronic
rs11126696,2,2,2,0.338391,669.404,cis,cis_locus_linked
rs11127048,2,2,2,0.059146,22.9742,trans,trans_other_or_unknown
rs111696008,2,1,1,0.643502,182.764,trans,trans_other_or_unknown
rs111751491,2,1,1,0.0538504,19.8459,trans,trans_regulatory_or_intronic
rs112151347,2,1,1,0.22057,29.3451,trans,trans_regulatory_or_intronic
rs112694524,2,3,3,0.0955897,15.0728,trans,trans_regulatory_or_intronic
rs1127362,2,1,1,0.063346,17.0633,trans,trans_other_gene_coding_or_splice
rs112905092,2,1,1,0.132024,10.9668,trans,trans_regulatory_or_intronic
rs1130866,2,2,2,0.0468381,15.6133,trans,trans_other_gene_coding_or_splice
rs113414093,2,1,1,0.122897,13.8894,trans,trans_regulatory_or_intronic
rs1134516,2,2,2,0.593159,1073.49,cis;trans,cis_locus_linked;trans_regulatory_or_intronic
rs113542380,2,2,2,0.109088,19.8813,trans,trans_regulatory_or_intronic
rs115165824,2,1,1,0.0754312,17.8508,trans,trans_regulatory_or_intronic
rs11552796,2,1,1,0.090179,18.7444,trans,trans_regulatory_or_intronic
rs115528190,2,1,1,0.0422152,14.0837,trans,trans_regulatory_or_intronic
rs11553746,2,1,1,0.0529321,16.8441,trans,trans_regulatory_or_intronic
rs1155426,2,1,1,0.0510061,16.5139,trans,trans_regulatory_or_intronic
rs11558538,2,1,1,1.11533,2823.34,cis,cis_target_coding_or_splice
rs11571302,2,4,4,0.0574195,20.8656,trans,trans_regulatory_or_intronic
rs115975731,2,1,1,0.379047,99.5166,trans,trans_regulatory_or_intronic
rs116520786,2,1,1,0.247641,224.596,cis,cis_locus_linked
rs116605656,2,1,1,0.162444,16.0313,trans,trans_regulatory_or_intronic
rs11676242,2,1,1,0.0468192,17.0811,trans,trans_regulatory_or_intronic
rs11676298,2,1,1,0.0685591,18.8455,trans,trans_other_or_unknown
rs11678584,2,1,1,0.0655717,12.8704,trans,trans_other_or_unknown
rs11680074,2,1,1,0.319387,375.783,cis,cis_locus_linked
rs11680123,2,3,3,0.122872,136.938,trans,trans_other_or_unknown
rs11680831,2,1,1,0.219489,252.404,cis,cis_target_regulatory_or_linked
rs11682091,2,1,1,0.0576308,14.1584,trans,trans_regulatory_or_intronic
rs11682107,2,1,1,0.0438133,11.4645,trans,trans_regulatory_or_intronic
rs11682278,2,1,1,0.0827917,43.4672,trans,trans_regulatory_or_intronic
rs11683409,2,1,1,0.0390477,11.9726,trans,trans_regulatory_or_intronic
rs11689257,2,9,9,0.108186,19.1871,trans,trans_other_or_unknown
rs11689727,2,1,1,0.0508366,17.5841,trans,trans_regulatory_or_intronic
rs11694716,2,1,1,0.547742,1609.24,cis,cis_locus_linked
rs1186706,2,1,1,0.123535,99.804,trans,trans_regulatory_or_intronic
rs11888817,2,2,2,0.04961,15.8855,trans,trans_regulatory_or_intronic
rs11889674,2,2,2,0.0466011,22.6555,trans,trans_regulatory_or_intronic
rs11891557,2,1,1,0.0402692,14.7541,trans,trans_regulatory_or_intronic
rs11891876,2,1,1,0.0410272,11.3942,trans,trans_regulatory_or_intronic
rs11892254,2,1,1,0.499694,624.646,cis,cis_target_regulatory_or_linked
rs11894449,2,1,1,0.148262,130.392,cis,cis_locus_linked
rs11895564,2,1,1,0.223043,247.874,cis,cis_target_coding_or_splice
rs11899963,2,1,1,0.0465344,10.9477,trans,trans_regulatory_or_intronic
rs12052585,2,1,1,0.0401715,10.9299,trans,trans_regulatory_or_intronic
rs12052715,2,1,1,0.0447184,10.9162,trans,trans_regulatory_or_intronic
rs12105503,2,1,1,0.0499825,17.0777,trans,trans_regulatory_or_intronic
rs12185719,2,1,1,0.0478026,13.9822,trans,trans_other_or_unknown
rs121908120,2,9,9,0.255774,45.2365,trans,trans_other_gene_coding_or_splice
rs12463674,2,8,8,0.0793409,41.8139,trans,trans_other_gene_coding_or_splice
rs12468278,2,1,1,0.0568448,19.0436,trans,trans_regulatory_or_intronic
rs12470153,2,1,1,0.0477559,14.0028,trans,trans_regulatory_or_intronic
rs12470864,2,1,1,0.677849,2947.13,cis,cis_target_regulatory_or_linked
rs12476706,2,1,1,0.0438745,12.9025,trans,trans_regulatory_or_intronic
rs12478529,2,1,1,0.491871,1048.87,cis,cis_locus_linked
rs12478601,2,2,2,0.0377553,11.9047,trans,trans_regulatory_or_intronic
rs1250258,2,2,2,0.0573517,19.0655,trans,trans_regulatory_or_intronic
rs1250259,2,1,1,0.452594,919.394,cis,cis_target_coding_or_splice
rs1257168,2,2,2,0.090156,57.0857,trans,trans_regulatory_or_intronic
rs1257169,2,11,11,0.11136,76.9971,trans,trans_regulatory_or_intronic
rs1257220,2,2,2,0.055982,18.4811,trans,trans_regulatory_or_intronic
rs1260326,2,293,293,0.142572,117.767,trans,trans_other_gene_coding_or_splice
rs12616639,2,1,1,0.0453242,19.7711,trans,trans_regulatory_or_intronic
rs12617013,2,1,1,0.0472698,14.408,trans,trans_regulatory_or_intronic
rs12617531,2,1,1,0.375327,632.391,cis,cis_locus_linked
rs12619285,2,2,2,0.092145,43.9977,trans,trans_regulatory_or_intronic
rs12621632,2,1,1,0.264121,407.318,cis,cis_target_regulatory_or_linked
rs12712870,2,1,1,0.0877429,40.9454,trans,trans_other_or_unknown
rs12714138,2,1,1,0.0481463,12.5953,trans,trans_regulatory_or_intronic
rs12989427,2,1,1,0.0671327,15.2809,trans,trans_regulatory_or_intronic
rs12991732,2,1,1,0.0587335,18.8604,trans,trans_regulatory_or_intronic
rs12994932,2,1,1,0.048776,15.4878,trans,trans_other_or_unknown
rs12995151,2,3,3,0.0582056,17.9104,trans,trans_regulatory_or_intronic
rs12995525,2,1,1,0.0593528,25.0563,trans,trans_regulatory_or_intronic
rs12995875,2,1,1,0.0536279,14.6037,trans,trans_regulatory_or_intronic
rs12997185,2,1,1,0.040575,11.633,trans,trans_regulatory_or_intronic
rs13002853,2,1,1,0.0445998,11.3645,trans,trans_regulatory_or_intronic
rs13006483,2,1,1,0.155934,124.52,cis,cis_target_regulatory_or_linked
rs13008704,2,1,1,0.0541613,18.8339,trans,trans_regulatory_or_intronic
rs13009,2,1,1,0.782673,1192.82,cis,cis_target_regulatory_or_linked
rs13012179,2,1,1,0.0688247,19.1501,trans,trans_other_or_unknown
rs13012495,2,1,1,0.0453949,13.6177,trans,trans_regulatory_or_intronic
rs13014395,2,1,1,0.245553,238.59,cis,cis_target_regulatory_or_linked
rs13014521,2,1,1,0.0648174,11.7884,trans,trans_regulatory_or_intronic
rs13015258,2,2,2,0.21656,274.828,cis;trans,cis_locus_linked;trans_regulatory_or_intronic
rs13015993,2,1,1,0.0757803,27.7025,trans,trans_regulatory_or_intronic
rs13017230,2,1,1,0.0872886,32.1759,trans,trans_other_or_unknown
rs13017862,2,1,1,0.0746584,21.875,trans,trans_other_or_unknown
rs13019008,2,1,1,0.0425748,12.7291,trans,trans_regulatory_or_intronic
rs13019832,2,1,1,0.0792042,38.0299,trans,trans_regulatory_or_intronic
rs13026974,2,1,1,0.060155,18.3176,trans,trans_other_or_unknown
rs13028479,2,1,1,0.0628861,27.0943,trans,trans_regulatory_or_intronic
rs13028833,2,1,1,0.0520573,19.5719,trans,trans_regulatory_or_intronic
rs13389219,2,1,1,0.0457585,13.5608,trans,trans_regulatory_or_intronic
rs13394409,2,1,1,0.0528713,13.3064,cis,cis_target_regulatory_or_linked
rs13396472,2,1,1,0.0672531,16.9068,trans,trans_regulatory_or_intronic
rs13398125,2,1,1,0.0413967,11.3098,trans,trans_regulatory_or_intronic
rs13401811,2,1,1,0.0630629,16.5366,trans,trans_regulatory_or_intronic
rs13402475,2,1,1,0.0742484,19.9452,trans,trans_regulatory_or_intronic
rs13402560,2,1,1,0.0630738,15.6306,trans,trans_regulatory_or_intronic
rs13402561,2,1,1,0.0656759,16.206,trans,trans_regulatory_or_intronic
rs13407838,2,1,1,0.105488,36.3059,cis,cis_target_regulatory_or_linked
rs13412535,2,33,33,0.230309,249.233,trans,trans_regulatory_or_intronic
rs13413887,2,1,1,0.103302,45.6448,cis,cis_target_regulatory_or_linked
rs13417456,2,1,1,0.0536337,17.6378,trans,trans_regulatory_or_intronic
rs13419174,2,1,1,0.0950595,34.058,trans,trans_regulatory_or_intronic
rs13425170,2,1,1,0.0421611,11.0491,trans,trans_regulatory_or_intronic
rs13425999,2,1,1,0.0893255,13.2712,trans,trans_regulatory_or_intronic
rs1374999,2,1,1,0.0390161,11.7923,trans,trans_other_or_unknown
rs13798,2,1,1,0.0732004,29.2094,cis,cis_locus_linked
rs1382457,2,1,1,0.0426165,12.2058,trans,trans_other_or_unknown
rs1395338,2,1,1,0.0855181,42.6253,cis,cis_locus_linked
rs1398215,2,1,1,0.0350955,11.7646,trans,trans_other_or_unknown
rs140948699,2,1,1,1.78976,697.176,cis,cis_target_coding_or_splice
rs1420101,2,1,1,0.0571434,20.8226,trans,trans_regulatory_or_intronic
rs1427407,2,2,2,0.143252,84.5909,trans,trans_regulatory_or_intronic
rs1437883,2,1,1,0.0682856,22.8261,trans,trans_other_or_unknown
rs1448187,2,3,3,0.0598641,19.4746,trans,trans_regulatory_or_intronic
rs1448903,2,1,1,0.900129,1582.12,cis,cis_target_regulatory_or_linked
rs146096867,2,1,1,0.310273,195.299,cis,cis_target_regulatory_or_linked
rs146596903,2,1,1,0.285849,451.342,cis,cis_target_regulatory_or_linked
rs1466934,2,3,3,0.050721,14.0665,trans,trans_regulatory_or_intronic
rs147220352,2,1,1,0.251609,16.1065,trans,trans_regulatory_or_intronic
rs147616162,2,1,1,0.39639,215.701,cis,cis_locus_linked
rs148085735,2,1,1,1.68857,871.778,cis,cis_target_regulatory_or_linked
rs1482577,2,1,1,0.0447019,11.6123,trans,trans_regulatory_or_intronic
rs1486236,2,6,6,0.311598,545.39,trans,trans_other_or_unknown
rs149170955,2,1,1,0.97428,39.9386,cis,cis_target_coding_or_splice
rs149290349,2,1,1,0.0785454,11.6209,trans,trans_other_gene_coding_or_splice
rs149554038,2,1,1,0.0872178,18.8872,trans,trans_regulatory_or_intronic
rs150418472,2,1,1,0.296506,11.7404,trans,trans_regulatory_or_intronic
rs151088139,2,1,1,0.0849885,23.0655,trans,trans_regulatory_or_intronic
rs1515104,2,1,1,0.0485985,18.5818,trans,trans_regulatory_or_intronic
rs1524668,2,1,1,0.0625694,22.1153,trans,trans_regulatory_or_intronic
rs1530018,2,1,1,0.0710688,25.2492,trans,trans_other_or_unknown
rs155568,2,1,1,0.0429379,11.3411,trans,trans_regulatory_or_intronic
rs1561476,2,1,1,0.109885,30.1907,trans,trans_regulatory_or_intronic
rs1595824,2,1,1,0.0458805,14.6212,trans,trans_regulatory_or_intronic
rs160329,2,1,1,0.053662,11.7951,trans,trans_regulatory_or_intronic
rs1622980,2,1,1,0.0930139,31.0085,trans,trans_regulatory_or_intronic
rs1659701,2,1,1,0.27557,387.044,cis,cis_locus_linked
rs16862260,2,2,2,0.221951,244.685,trans,trans_regulatory_or_intronic
rs17030410,2,1,1,0.0458922,12.0664,trans,trans_regulatory_or_intronic
rs17031793,2,1,1,0.0625257,14.0363,trans,trans_regulatory_or_intronic
rs17032925,2,8,8,0.171875,57.9145,trans,trans_regulatory_or_intronic
rs17039525,2,1,1,0.0545368,14.441,trans,trans_regulatory_or_intronic
rs17041553,2,1,1,0.112541,11.981,trans,trans_regulatory_or_intronic
rs17045199,2,1,1,0.0442665,12.9212,trans,trans_regulatory_or_intronic
rs17050272,2,3,3,0.354843,735.026,cis;trans,cis_locus_linked;trans_regulatory_or_intronic
rs17199382,2,1,1,0.0553354,12.4441,trans,trans_regulatory_or_intronic
rs17355498,2,1,1,0.260536,404.813,cis,cis_target_regulatory_or_linked
rs17400325,2,1,1,0.151333,23.2324,trans,trans_other_gene_coding_or_splice
rs17513198,2,1,1,0.110598,35.1721,trans,trans_regulatory_or_intronic
rs17534670,2,1,1,0.0930502,58.867,trans,trans_regulatory_or_intronic
rs17551822,2,1,1,0.114139,79.956,cis,cis_locus_linked
rs17625552,2,1,1,0.147046,12.588,trans,trans_regulatory_or_intronic
rs17697743,2,1,1,0.045911,13.2625,trans,trans_regulatory_or_intronic
rs17718987,2,1,1,0.465194,1076.5,cis,cis_target_coding_or_splice
rs17764739,2,1,1,0.0948827,12.7637,trans,trans_regulatory_or_intronic
rs1799809,2,1,1,0.192655,243.664,cis,cis_target_regulatory_or_linked
rs1801699,2,1,1,0.164865,14.7981,trans,trans_other_gene_coding_or_splice
rs182755222,2,1,1,0.0982827,11.1126,trans,trans_other_gene_coding_or_splice
rs1861246,2,1,1,0.0568092,13.7759,trans,trans_regulatory_or_intronic
rs1861628,2,1,1,0.0705711,24.6582,trans,trans_regulatory_or_intronic
rs1862069,2,3,3,0.0552223,20.8158,trans,trans_regulatory_or_intronic
rs186535521,2,1,1,0.25894,25.6288,trans,trans_regulatory_or_intronic
rs1898707,2,1,1,0.0567581,16.2985,trans,trans_regulatory_or_intronic
rs1898846,2,1,1,0.0765188,18.7197,trans,trans_regulatory_or_intronic
rs191390916,2,1,1,0.0447481,10.9018,trans,trans_regulatory_or_intronic
rs1922795,2,1,1,0.0871582,15.4681,trans,trans_regulatory_or_intronic
rs193607,2,2,2,0.0515753,15.7067,trans,trans_regulatory_or_intronic
rs198478,2,1,1,0.0640347,39.2405,trans,trans_regulatory_or_intronic
rs2009581,2,16,16,0.162493,137.326,trans,trans_regulatory_or_intronic
rs2011425,2,1,1,0.0664193,20.6041,trans,trans_other_gene_coding_or_splice
rs201144364,2,1,1,0.0521539,12.2562,trans,trans_regulatory_or_intronic
rs2021378,2,1,1,0.0459224,14.0278,trans,trans_regulatory_or_intronic
rs2048240,2,1,1,0.0378373,12.6428,trans,trans_regulatory_or_intronic
rs2090032,2,1,1,0.0454164,14.1922,trans,trans_regulatory_or_intronic
rs2090034,2,1,1,0.0551266,20.0554,trans,trans_regulatory_or_intronic
rs2111485,2,2,2,0.0633567,24.9333,trans,trans_regulatory_or_intronic
rs2116546,2,1,1,0.386754,709.246,cis,cis_locus_linked
rs2124440,2,1,1,0.0565763,20.4387,trans,trans_regulatory_or_intronic
rs2138157,2,1,1,0.0441128,12.0805,trans,trans_other_or_unknown
rs2160327,2,1,1,0.0408337,11.2635,trans,trans_regulatory_or_intronic
rs2160348,2,1,1,0.0547794,16.9627,trans,trans_regulatory_or_intronic
rs2161037,2,1,1,0.0432879,12.6502,trans,trans_other_or_unknown
rs2162500,2,1,1,0.0882549,49.8923,trans,trans_regulatory_or_intronic
rs2165920,2,1,1,0.0402531,11.0571,trans,trans_regulatory_or_intronic
rs2171773,2,1,1,0.0456959,16.9835,trans,trans_regulatory_or_intronic
rs2241764,2,1,1,0.120768,93.978,trans,trans_other_gene_coding_or_splice
rs2241883,2,1,1,0.228234,270.246,cis,cis_target_coding_or_splice
rs2244492,2,1,1,0.0498909,14.2044,trans,trans_other_gene_coding_or_splice
rs2255991,2,1,1,1.63908,570.47,cis,cis_target_coding_or_splice
rs2287047,2,1,1,0.185418,172.359,cis,cis_target_regulatory_or_linked
rs2289235,2,3,3,0.142623,134.946,trans,trans_other_gene_coding_or_splice
rs2290130,2,1,1,0.731028,2345.35,cis,cis_target_coding_or_splice
rs2290261,2,1,1,0.0504922,15.2648,cis,cis_locus_linked
rs2304681,2,1,1,0.433494,1009.74,cis,cis_target_coding_or_splice
rs2310170,2,1,1,0.517554,1561.2,cis,cis_target_regulatory_or_linked
rs232220,2,1,1,0.142407,16.329,trans,trans_regulatory_or_intronic
rs2351772,2,1,1,0.0436321,13.9245,trans,trans_regulatory_or_intronic
rs2358016,2,1,1,0.0474624,13.8914,cis,cis_locus_linked
rs2384572,2,1,1,0.547683,1693.45,cis,cis_locus_linked
rs2419903,2,1,1,0.045842,14.1698,trans,trans_other_or_unknown
rs2441378,2,1,1,0.0510848,16.9651,trans,trans_regulatory_or_intronic
rs2457390,2,1,1,0.0445914,11.3213,trans,trans_regulatory_or_intronic
rs2460382,2,1,1,0.0513023,13.2771,trans,trans_regulatory_or_intronic
rs2460383,2,5,5,0.0646044,28.1142,trans,trans_regulatory_or_intronic
rs2509902,2,1,1,0.0755509,21.9437,trans,trans_other_or_unknown
rs2556106,2,1,1,0.378822,439.581,cis,cis_target_regulatory_or_linked
rs2593704,2,2,2,0.0543149,13.4431,trans,trans_regulatory_or_intronic
rs2594950,2,1,1,0.0766465,34.1379,trans,trans_regulatory_or_intronic
rs262493,2,1,1,0.0915977,41.3101,cis,cis_locus_linked
rs2661794,2,1,1,0.040706,11.419,trans,trans_regulatory_or_intronic
rs2661797,2,1,1,0.0384456,11.2742,trans,trans_regulatory_or_intronic
rs2678379,2,1,1,0.0609591,16.1457,trans,trans_regulatory_or_intronic
rs2680880,2,1,1,0.0421926,11.1186,trans,trans_regulatory_or_intronic
rs2694616,2,1,1,0.185021,218.586,trans,trans_regulatory_or_intronic
rs2706762,2,1,1,0.0904744,26.8729,trans,trans_other_gene_coding_or_splice
rs283477,2,1,1,0.076544,32.6415,trans,trans_regulatory_or_intronic
rs28364738,2,1,1,0.0473059,11.168,trans,trans_regulatory_or_intronic
rs28377357,2,1,1,0.0520829,14.5662,trans,trans_regulatory_or_intronic
rs28409139,2,1,1,0.0383539,11.6429,trans,trans_other_or_unknown
rs28425684,2,1,1,0.0973945,18.3106,trans,trans_regulatory_or_intronic
rs28498283,2,6,6,0.0994807,47.9149,trans,trans_regulatory_or_intronic
rs28612880,2,1,1,0.0524353,14.3444,trans,trans_regulatory_or_intronic
rs28630677,2,1,1,0.127843,17.8077,cis,cis_target_regulatory_or_linked
rs28665899,2,2,2,0.0468056,15.6411,trans,trans_regulatory_or_intronic
rs2881930,2,1,1,0.179192,180.509,cis,cis_locus_linked
rs2901002,2,2,2,0.193389,237.634,trans,trans_regulatory_or_intronic
rs3018026,2,1,1,0.086065,41.2455,trans,trans_other_or_unknown
rs3020726,2,1,1,0.344802,383.456,cis,cis_target_coding_or_splice
rs3087243,2,4,4,0.0559808,18.2132,trans,trans_regulatory_or_intronic
rs3111414,2,1,1,0.118616,69.1968,trans,trans_regulatory_or_intronic
rs3116222,2,1,1,0.0466159,16.5163,cis,cis_locus_linked
rs328634,2,1,1,0.0549268,17.2382,trans,trans_regulatory_or_intronic
rs33985460,2,1,1,0.0934922,13.4865,trans,trans_other_gene_coding_or_splice
rs34008398,2,2,2,2.03542,1273.65,cis;trans,cis_target_coding_or_splice;trans_other_gene_coding_or_splice
rs34153848,2,1,1,0.0576726,19.4122,trans,trans_regulatory_or_intronic
rs34171180,2,1,1,0.269463,292.01,cis,cis_target_regulatory_or_linked
rs34255800,2,1,1,0.214925,158.105,trans,trans_regulatory_or_intronic
rs34543905,2,1,1,0.057423,15.2525,trans,trans_regulatory_or_intronic
rs34552760,2,1,1,0.0916123,62.3103,trans,trans_regulatory_or_intronic
rs34570682,2,1,1,0.711417,2433.69,cis,cis_locus_linked
rs34659852,2,3,3,0.0572277,18.9056,trans,trans_regulatory_or_intronic
rs34809504,2,1,1,0.0568965,20.2548,trans,trans_regulatory_or_intronic
rs34852807,2,1,1,0.0471453,20.7781,trans,trans_regulatory_or_intronic
rs35202091,2,1,1,0.0443947,10.933,trans,trans_regulatory_or_intronic
rs35275076,2,1,1,0.0515051,27.1406,trans,trans_regulatory_or_intronic
rs35288880,2,1,1,0.324458,367.51,cis,cis_target_regulatory_or_linked
rs35332487,2,1,1,0.0512925,14.6813,trans,trans_other_or_unknown
rs355897,2,1,1,0.0381255,12.1636,trans,trans_regulatory_or_intronic
rs35667974,2,1,1,0.340327,53.0572,trans,trans_other_gene_coding_or_splice
rs35668054,2,5,5,0.124362,25.8056,trans,trans_regulatory_or_intronic
rs35771982,2,1,1,0.13538,122.929,trans,trans_other_gene_coding_or_splice
rs35802832,2,1,1,0.114803,16.0225,trans,trans_regulatory_or_intronic
rs35808670,2,3,3,0.104928,70.5281,trans,trans_regulatory_or_intronic
rs3731828,2,1,1,0.168263,130.731,cis,cis_target_coding_or_splice
rs3731860,2,1,1,0.0431567,13.5812,trans,trans_regulatory_or_intronic
rs3739038,2,1,1,0.0738863,25.2053,cis,cis_target_regulatory_or_linked
rs3748916,2,2,2,0.0682557,41.6264,trans,trans_regulatory_or_intronic
rs3749171,2,1,1,0.0559624,11.7515,trans,trans_other_gene_coding_or_splice
rs375285744,2,1,1,0.21306,136.998,cis,cis_target_regulatory_or_linked
rs3754861,2,1,1,0.136212,33.5319,cis,cis_target_regulatory_or_linked
rs3755115,2,1,1,0.125225,10.8892,trans,trans_regulatory_or_intronic
rs3755322,2,1,1,0.0744038,11.4928,trans,trans_other_gene_coding_or_splice
rs376812565,2,1,1,0.0547952,13.7931,trans,trans_other_or_unknown
rs377083946,2,1,1,0.0957532,29.0587,trans,trans_regulatory_or_intronic
rs3771529,2,1,1,0.0590596,13.3841,trans,trans_regulatory_or_intronic
rs3789112,2,1,1,0.0542421,16.236,trans,trans_regulatory_or_intronic
rs3789129,2,1,1,0.0590633,13.4898,trans,trans_regulatory_or_intronic
rs3791679,2,1,1,0.205498,208.093,cis,cis_target_regulatory_or_linked
rs3796008,2,1,1,0.0401919,11.5017,trans,trans_regulatory_or_intronic
rs3820897,2,2,2,0.154609,98.1251,trans,trans_regulatory_or_intronic
rs3820924,2,1,1,0.0444017,13.0319,trans,trans_regulatory_or_intronic
rs3827760,2,1,1,0.283762,11.927,trans,trans_other_gene_coding_or_splice
rs385076,2,2,2,0.218101,278.666,trans,trans_regulatory_or_intronic
rs3910516,2,2,2,0.0674885,21.3145,trans,trans_regulatory_or_intronic
rs3917265,2,1,1,0.419897,1090.72,cis,cis_locus_linked
rs4012553,2,1,1,0.145728,142.948,trans,trans_other_or_unknown
rs41382444,2,1,1,0.0788284,11.1414,trans,trans_regulatory_or_intronic
rs4234090,2,1,1,0.116414,73.4042,cis,cis_locus_linked
rs4241192,2,1,1,0.0912526,30.9428,trans,trans_regulatory_or_intronic
rs4247303,2,1,1,0.688213,2870.86,cis,cis_target_coding_or_splice
rs4263162,2,2,2,0.0838509,41.1788,trans,trans_regulatory_or_intronic
rs4381790,2,1,1,0.0482702,25.5669,trans,trans_regulatory_or_intronic
rs4452166,2,1,1,0.0266209,11.6243,trans,trans_regulatory_or_intronic
rs4458205,2,1,1,0.0718172,28.9787,trans,trans_regulatory_or_intronic
rs4482455,2,1,1,0.0608259,28.4923,trans,trans_regulatory_or_intronic
rs4561605,2,1,1,0.0673275,28.8636,trans,trans_regulatory_or_intronic
rs4597510,2,2,2,0.0697607,16.2007,trans,trans_regulatory_or_intronic
rs4627572,2,1,1,0.0921363,78.7731,trans,trans_regulatory_or_intronic
rs4664053,2,1,1,0.312513,24.7073,trans,trans_regulatory_or_intronic
rs4665136,2,1,1,0.0536563,10.8427,trans,trans_regulatory_or_intronic
rs4665710,2,1,1,0.0432002,12.3838,trans,trans_regulatory_or_intronic
rs4665972,2,23,23,0.0630082,23.125,trans,trans_regulatory_or_intronic
rs4668116,2,1,1,0.0401472,11.6758,trans,trans_other_or_unknown
rs4670662,2,1,1,0.0386958,11.759,trans,trans_regulatory_or_intronic
rs4671378,2,1,1,0.0545217,18.7636,trans,trans_other_or_unknown
rs4672486,2,1,1,0.0903162,48.557,trans,trans_regulatory_or_intronic
rs4672491,2,1,1,0.0548787,19.3013,trans,trans_other_or_unknown
rs4672497,2,5,5,0.208269,234.829,trans,trans_other_or_unknown
rs4672505,2,7,7,0.10262,65.5421,trans,trans_regulatory_or_intronic
rs4674100,2,2,2,0.067668,22.0621,cis;trans,cis_locus_linked;trans_regulatory_or_intronic
rs4832496,2,1,1,0.311384,557.528,cis,cis_target_regulatory_or_linked
rs4848370,2,4,4,0.0528261,16.3561,trans,trans_regulatory_or_intronic
rs4848933,2,1,1,0.0425757,16.0767,trans,trans_regulatory_or_intronic
rs4849150,2,1,1,0.043307,10.9233,trans,trans_regulatory_or_intronic
rs4852278,2,1,1,0.0567851,22.1656,trans,trans_regulatory_or_intronic
rs4854474,2,2,2,0.0518432,13.0299,trans,trans_other_or_unknown
rs4953913,2,1,1,0.2093,159.268,trans,trans_regulatory_or_intronic
rs4954060,2,1,1,0.0410636,11.7768,trans,trans_regulatory_or_intronic
rs4954572,2,1,1,0.076331,25.6851,trans,trans_regulatory_or_intronic
rs4954581,2,1,1,0.0709155,12.4074,trans,trans_regulatory_or_intronic
rs4972221,2,1,1,0.119599,73.8006,cis,cis_target_regulatory_or_linked
rs5022713,2,1,1,0.0522245,14.6103,trans,trans_regulatory_or_intronic
rs537392712,2,1,1,0.131458,12.3125,trans,trans_regulatory_or_intronic
rs547186,2,1,1,0.0677812,30.0051,trans,trans_regulatory_or_intronic
rs55641746,2,1,1,0.0551172,15.4501,trans,trans_regulatory_or_intronic
rs55649245,2,1,1,0.280817,400.745,cis,cis_locus_linked
rs55677935,2,1,1,0.686011,169.326,cis,cis_target_coding_or_splice
rs55709272,2,3,3,0.214121,263.8,cis;trans,cis_target_regulatory_or_linked;trans_regulatory_or_intronic
rs55729107,2,1,1,0.0564873,15.2405,trans,trans_regulatory_or_intronic
rs55877758,2,1,1,0.0680377,27.7603,trans,trans_regulatory_or_intronic
rs56044100,2,1,1,0.266289,173.812,cis,cis_locus_linked
rs56044389,2,1,1,0.0526414,11.2358,trans,trans_regulatory_or_intronic
rs56097005,2,1,1,0.0448641,12.8259,trans,trans_regulatory_or_intronic
rs56190103,2,1,1,0.0531812,14.279,trans,trans_other_or_unknown
rs562338,2,1,1,0.0530182,10.8582,trans,trans_other_or_unknown
rs563179960,2,1,1,0.145956,36.5008,trans,trans_regulatory_or_intronic
rs57008601,2,1,1,0.0445646,12.4791,trans,trans_regulatory_or_intronic
rs57324740,2,1,1,0.0838947,11.7529,trans,trans_regulatory_or_intronic
rs57372210,2,1,1,0.0423427,11.2374,trans,trans_regulatory_or_intronic
rs57467915,2,1,1,0.268764,23.8678,trans,trans_other_gene_coding_or_splice
rs57481522,2,1,1,0.0418363,11.1095,trans,trans_regulatory_or_intronic
rs58106596,2,1,1,0.0663688,27.0856,trans,trans_regulatory_or_intronic
rs58235267,2,2,2,0.0702582,30.7989,trans,trans_regulatory_or_intronic
rs58270357,2,1,1,0.0705695,11.9202,trans,trans_regulatory_or_intronic
rs58294090,2,2,2,0.0692997,16.6811,trans,trans_regulatory_or_intronic
rs59104589,2,2,2,0.0441035,12.4669,trans,trans_regulatory_or_intronic
rs59916403,2,1,1,0.0482437,14.6565,trans,trans_regulatory_or_intronic
rs60012532,2,1,1,0.0505658,14.3259,trans,trans_other_or_unknown
rs61303367,2,1,1,0.0488209,12.6002,trans,trans_other_or_unknown
rs61740288,2,1,1,0.22994,27.3395,trans,trans_other_gene_coding_or_splice
rs62114506,2,1,1,0.0435713,12.3694,trans,trans_regulatory_or_intronic
rs62123101,2,1,1,0.0886081,33.4444,trans,trans_regulatory_or_intronic
rs62133344,2,1,1,0.393485,207.776,trans,trans_other_gene_coding_or_splice
rs62137566,2,1,1,0.0470397,17.5124,trans,trans_regulatory_or_intronic
rs62139153,2,1,1,0.0444424,12.6929,trans,trans_regulatory_or_intronic
rs62142192,2,1,1,0.0771999,21.5207,trans,trans_other_gene_coding_or_splice
rs62142844,2,1,1,0.040609,11.2245,trans,trans_regulatory_or_intronic
rs62146110,2,1,1,0.0603331,15.1395,trans,trans_regulatory_or_intronic
rs62155324,2,1,1,0.128724,14.7258,trans,trans_other_or_unknown
rs62157782,2,1,1,0.0748057,23.5134,trans,trans_regulatory_or_intronic
rs62165726,2,7,7,0.659461,388.713,trans,trans_regulatory_or_intronic
rs62172799,2,1,1,0.0738397,16.6824,trans,trans_other_or_unknown
rs62174577,2,1,1,0.0510954,11.2928,trans,trans_regulatory_or_intronic
rs62178844,2,1,1,0.0722435,31.6411,trans,trans_regulatory_or_intronic
rs62180988,2,1,1,0.0482414,12.4802,trans,trans_regulatory_or_intronic
rs62183904,2,1,1,0.037181,12.9174,trans,trans_regulatory_or_intronic
rs62184283,2,1,1,0.0563757,12.0244,cis,cis_target_regulatory_or_linked
rs62185633,2,1,1,0.0421538,12.1454,trans,trans_regulatory_or_intronic
rs62191105,2,1,1,0.0492276,11.1232,trans,trans_other_or_unknown
rs62191297,2,1,1,0.0508134,18.7117,trans,trans_regulatory_or_intronic
rs62192000,2,1,1,0.0394073,12.5395,trans,trans_regulatory_or_intronic
rs62193072,2,1,1,0.251225,200.612,trans,trans_regulatory_or_intronic
rs62193248,2,1,1,0.275561,417.291,cis,cis_locus_linked
rs62196005,2,1,1,0.201323,205.46,cis,cis_locus_linked
rs6419615,2,2,2,0.145747,99.3382,cis;trans,cis_locus_linked;trans_regulatory_or_intronic
rs6430505,2,1,1,0.0523369,12.4113,trans,trans_regulatory_or_intronic
rs6431221,2,3,3,0.0592735,24.5417,trans,trans_other_or_unknown
rs6433469,2,1,1,0.0978127,63.5484,trans,trans_regulatory_or_intronic
rs6434350,2,1,1,0.0438523,11.3596,trans,trans_other_or_unknown
rs6436124,2,1,1,0.085416,45.1466,trans,trans_regulatory_or_intronic
rs6437112,2,1,1,0.0423506,12.2944,trans,trans_regulatory_or_intronic
rs6437257,2,1,1,0.0352611,11.5052,trans,trans_regulatory_or_intronic
rs6542472,2,2,2,0.040132,16.8649,trans,trans_regulatory_or_intronic
rs6542680,2,3,3,0.186825,127.931,trans,trans_regulatory_or_intronic
rs6544660,2,1,1,0.0434636,13.1947,trans,trans_regulatory_or_intronic
rs6546096,2,1,1,0.0469814,13.2077,trans,trans_regulatory_or_intronic
rs6547623,2,1,1,0.0857847,35.4967,cis,cis_locus_linked
rs6547692,2,1,1,0.0504572,17.3503,trans,trans_regulatory_or_intronic
rs655029,2,1,1,0.189629,159.551,cis,cis_target_regulatory_or_linked
rs6705147,2,1,1,0.0451052,12.0467,trans,trans_regulatory_or_intronic
rs6705658,2,3,3,0.104625,73.034,trans,trans_regulatory_or_intronic
rs6706968,2,1,1,0.0434281,16.1415,trans,trans_other_or_unknown
rs6708912,2,1,1,0.178181,77.6396,cis,cis_target_regulatory_or_linked
rs6716795,2,1,1,0.184332,189.764,cis,cis_locus_linked
rs6730558,2,1,1,0.0425748,11.9359,trans,trans_regulatory_or_intronic
rs6731582,2,1,1,0.0522799,25.9267,trans,trans_regulatory_or_intronic
rs6731836,2,1,1,0.0389385,13.4479,trans,trans_regulatory_or_intronic
rs6732162,2,1,1,0.163259,185.511,trans,trans_regulatory_or_intronic
rs6733162,2,1,1,0.0440648,11.5744,trans,trans_regulatory_or_intronic
rs6734238,2,3,3,0.0522304,17.1736,trans,trans_regulatory_or_intronic
rs6735267,2,1,1,0.206384,204.255,cis,cis_target_regulatory_or_linked
rs6736867,2,3,3,0.0755603,28.6957,trans,trans_regulatory_or_intronic
rs6737932,2,1,1,0.0545877,13.4248,cis,cis_target_regulatory_or_linked
rs6740700,2,1,1,0.0398257,15.1066,trans,trans_regulatory_or_intronic
rs6743141,2,1,1,0.0533148,15.5445,trans,trans_regulatory_or_intronic
rs6744146,2,1,1,0.0797431,14.8156,trans,trans_regulatory_or_intronic
rs6746891,2,1,1,0.0464002,11.1583,trans,trans_regulatory_or_intronic
rs6747755,2,1,1,0.0638006,20.5303,trans,trans_regulatory_or_intronic
rs6750020,2,1,1,0.899028,3360.93,cis,cis_target_regulatory_or_linked
rs6750065,2,1,1,0.045501,14.5186,trans,trans_regulatory_or_intronic
rs6753534,2,1,1,0.04185,13.6252,trans,trans_other_or_unknown
rs6753679,2,1,1,0.0482334,16.4227,trans,trans_other_or_unknown
rs6753929,2,1,1,0.987262,4717.09,cis,cis_target_coding_or_splice
rs6755895,2,1,1,0.063088,17.7477,trans,trans_regulatory_or_intronic
rs6759298,2,1,1,0.0653327,28.0734,trans,trans_regulatory_or_intronic
rs6759356,2,1,1,0.807068,406.876,cis,cis_target_coding_or_splice
rs6759927,2,1,1,0.110907,67.7539,trans,trans_regulatory_or_intronic
rs6760171,2,1,1,0.0711795,33.0418,trans,trans_regulatory_or_intronic
rs6761276,2,2,2,0.0452427,13.0986,trans,trans_other_gene_coding_or_splice
rs676210,2,1,1,0.0785302,30.1538,trans,trans_other_gene_coding_or_splice
rs67833823,2,1,1,0.0816828,22.6752,trans,trans_regulatory_or_intronic
rs67963154,2,1,1,0.103332,21.8303,trans,trans_regulatory_or_intronic
rs68066031,2,20,20,0.629764,1562.15,cis;trans,cis_target_regulatory_or_linked;trans_regulatory_or_intronic
rs6886,2,1,1,0.852877,3896.01,cis,cis_target_coding_or_splice
rs71414736,2,1,1,0.157379,13.9092,trans,trans_regulatory_or_intronic
rs715,2,1,1,0.0390319,10.8933,trans,trans_regulatory_or_intronic
rs72794684,2,1,1,0.131409,18.5166,cis,cis_locus_linked
rs72799293,2,1,1,0.249454,46.1379,trans,trans_regulatory_or_intronic
rs72813503,2,1,1,0.0590818,13.3212,trans,trans_regulatory_or_intronic
rs72819488,2,1,1,0.0535682,15.1608,trans,trans_other_gene_coding_or_splice
rs72836346,2,2,2,0.0926401,17.416,trans,trans_regulatory_or_intronic
rs72836348,2,1,1,0.0734474,13.5022,trans,trans_regulatory_or_intronic
rs72844412,2,1,1,0.0396547,11.05,trans,trans_other_or_unknown
rs72850698,2,1,1,0.0892535,16.7217,trans,trans_other_or_unknown
rs72851462,2,1,1,0.0787757,19.2193,trans,trans_regulatory_or_intronic
rs72852133,2,1,1,0.101075,28.7293,trans,trans_regulatory_or_intronic
rs72852162,2,1,1,0.0728423,15.3669,trans,trans_regulatory_or_intronic
rs72926957,2,1,1,0.0586107,19.0317,trans,trans_regulatory_or_intronic
rs72928925,2,1,1,0.0556439,13.392,trans,trans_regulatory_or_intronic
rs72930772,2,1,1,0.0738136,31.2468,trans,trans_regulatory_or_intronic
rs72934601,2,1,1,0.0998984,28.4717,trans,trans_regulatory_or_intronic
rs72938327,2,1,1,0.0941863,71.3103,trans,trans_regulatory_or_intronic
rs72947569,2,1,1,0.0482566,13.9724,trans,trans_regulatory_or_intronic
rs72957586,2,1,1,0.928344,4818.0,cis,cis_target_regulatory_or_linked
rs7419837,2,1,1,0.0464358,18.758,trans,trans_regulatory_or_intronic
rs744158,2,1,1,0.0409247,11.2133,trans,trans_regulatory_or_intronic
rs74523437,2,1,1,0.0485072,10.8562,trans,trans_regulatory_or_intronic
rs74608713,2,1,1,0.0718522,15.7118,trans,trans_regulatory_or_intronic
rs74637005,2,1,1,0.325908,78.4034,cis,cis_target_coding_or_splice
rs74697736,2,2,2,0.0497417,13.7712,trans,trans_regulatory_or_intronic
rs75004383,2,1,1,0.112884,12.9919,trans,trans_regulatory_or_intronic
rs75166367,2,20,20,0.131893,23.94,trans,trans_regulatory_or_intronic
rs75214378,2,1,1,0.222852,45.7078,cis,cis_target_regulatory_or_linked
rs75429449,2,1,1,0.401934,399.812,trans,trans_regulatory_or_intronic
rs7560701,2,2,2,0.0757635,44.8455,trans,trans_regulatory_or_intronic
rs7564892,2,1,1,0.0530654,18.2736,trans,trans_regulatory_or_intronic
rs7565213,2,3,3,0.0543289,17.253,trans,trans_regulatory_or_intronic
rs7567833,2,1,1,0.441884,174.684,trans,trans_other_gene_coding_or_splice
rs7570043,2,1,1,0.0669454,14.0847,trans,trans_regulatory_or_intronic
rs7570219,2,1,1,0.0779064,43.0841,trans,trans_other_or_unknown
rs7572209,2,1,1,0.079465,24.4154,trans,trans_regulatory_or_intronic
rs7572278,2,1,1,0.0518449,14.8614,trans,trans_regulatory_or_intronic
rs7573683,2,1,1,0.0408991,12.9294,trans,trans_regulatory_or_intronic
rs7574937,2,1,1,0.069781,11.2404,trans,trans_regulatory_or_intronic
rs7576066,2,1,1,0.350367,643.675,cis,cis_locus_linked
rs75773775,2,1,1,0.180143,192.578,trans,trans_regulatory_or_intronic
rs7578575,2,2,2,0.0545259,15.8523,trans,trans_regulatory_or_intronic
rs7582445,2,2,2,0.0648967,36.1262,trans,trans_regulatory_or_intronic
rs7583469,2,1,1,0.0633352,22.9324,cis,cis_target_regulatory_or_linked
rs7585265,2,1,1,0.0543386,16.2701,cis,cis_locus_linked
rs7587113,2,1,1,0.108266,26.2581,trans,trans_regulatory_or_intronic
rs7595282,2,1,1,0.0583065,19.0821,trans,trans_regulatory_or_intronic
rs7595770,2,1,1,0.116258,30.4867,trans,trans_regulatory_or_intronic
rs7597233,2,2,2,0.0723366,36.8647,trans,trans_regulatory_or_intronic
rs7603427,2,1,1,0.039254,11.4945,trans,trans_regulatory_or_intronic
rs7603438,2,1,1,0.702106,2087.01,cis,cis_locus_linked
rs76036957,2,5,5,0.378534,30.1589,trans,trans_other_gene_coding_or_splice
rs7605824,2,1,1,0.376199,736.776,cis,cis_target_regulatory_or_linked
rs7606173,2,5,5,0.135369,207.511,trans,trans_regulatory_or_intronic
rs76085521,2,1,1,0.227157,12.952,trans,trans_regulatory_or_intronic
rs76345052,2,1,1,0.084036,11.3612,trans,trans_regulatory_or_intronic
rs76529516,2,2,2,0.226872,36.8134,trans,trans_regulatory_or_intronic
rs76537919,2,1,1,0.0675403,18.6718,trans,trans_regulatory_or_intronic
rs768090,2,1,1,0.0437349,11.2585,trans,trans_regulatory_or_intronic
rs77019336,2,1,1,0.10847,13.1235,trans,trans_regulatory_or_intronic
rs77389971,2,1,1,0.0677718,12.6939,trans,trans_regulatory_or_intronic
rs77551133,2,1,1,0.895896,117.445,cis,cis_target_coding_or_splice
rs77560502,2,1,1,0.22495,11.825,trans,trans_regulatory_or_intronic
rs77577375,2,2,2,1.03637,282.028,cis;trans,cis_target_regulatory_or_linked;trans_regulatory_or_intronic
rs77623237,2,2,2,0.139171,74.8602,trans,trans_regulatory_or_intronic
rs77806605,2,1,1,0.0473618,14.2916,trans,trans_regulatory_or_intronic
rs780093,2,4,4,0.0448073,16.3129,trans,trans_regulatory_or_intronic
rs780094,2,5,5,0.061614,28.1278,trans,trans_regulatory_or_intronic
rs780096,2,1,1,0.0333045,12.7356,trans,trans_regulatory_or_intronic
rs78011579,2,1,1,0.153109,31.8959,trans,trans_regulatory_or_intronic
rs78028520,2,1,1,0.145832,22.9087,trans,trans_regulatory_or_intronic
rs78058190,2,5,5,0.19376,35.3575,trans,trans_regulatory_or_intronic
rs78189771,2,1,1,0.551589,355.971,cis,cis_target_regulatory_or_linked
rs782592,2,1,1,0.0451841,11.7282,trans,trans_regulatory_or_intronic
rs78446341,2,1,1,0.142532,11.963,trans,trans_other_gene_coding_or_splice
rs78475244,2,1,1,0.096761,16.1544,trans,trans_regulatory_or_intronic
rs78578499,2,1,1,0.0966131,26.7167,trans,trans_other_or_unknown
rs78694551,2,1,1,0.154781,105.842,cis,cis_locus_linked
rs78755346,2,1,1,0.120701,57.6178,trans,trans_regulatory_or_intronic
rs78909033,2,14,14,0.183527,88.5097,trans,trans_regulatory_or_intronic
rs79387404,2,1,1,0.0851378,29.206,trans,trans_regulatory_or_intronic
rs79431248,2,1,1,0.0411719,11.0219,trans,trans_regulatory_or_intronic
rs79748108,2,1,1,0.0468922,13.1278,trans,trans_regulatory_or_intronic
rs830020,2,1,1,0.0420028,11.2866,trans,trans_regulatory_or_intronic
rs848291,2,1,1,0.0610037,20.8404,trans,trans_regulatory_or_intronic
rs870527,2,1,1,0.0386337,10.7983,trans,trans_other_or_unknown
rs887829,2,1,1,0.0707709,32.2711,trans,trans_regulatory_or_intronic
rs891058,2,1,1,0.0376387,11.6813,trans,trans_regulatory_or_intronic
rs891499,2,1,1,0.0494737,14.6923,trans,trans_regulatory_or_intronic
rs894392,2,1,1,0.181634,56.8341,cis,cis_target_regulatory_or_linked
rs907573,2,1,1,0.0440339,12.7614,trans,trans_other_or_unknown
rs907866,2,3,3,0.131262,106.112,cis;trans,cis_locus_linked;trans_regulatory_or_intronic
rs907867,2,1,1,0.0429992,12.5935,trans,trans_regulatory_or_intronic
rs9247,2,2,2,0.207092,166.122,cis;trans,cis_target_coding_or_splice;trans_other_gene_coding_or_splice
rs9287979,2,1,1,0.0653968,47.8406,trans,trans_regulatory_or_intronic
rs9309646,2,1,1,0.0512222,13.1359,trans,trans_other_or_unknown
rs9333289,2,1,1,0.0535458,14.9077,trans,trans_regulatory_or_intronic
rs934197,2,1,1,0.0525354,16.2399,trans,trans_regulatory_or_intronic
rs954680,2,1,1,0.041518,11.7338,trans,trans_regulatory_or_intronic
rs955915,2,1,1,0.0531734,13.5097,trans,trans_regulatory_or_intronic
rs9677759,2,1,1,0.0485937,20.5165,trans,trans_regulatory_or_intronic
rs967968,2,1,1,0.0692696,31.453,trans,trans_regulatory_or_intronic
rs9751083,2,2,2,0.0527991,18.6969,trans,trans_regulatory_or_intronic
rs9789535,2,1,1,0.0459454,14.0388,trans,trans_regulatory_or_intronic
rs1002137,20,1,1,0.0599122,12.0325,trans,trans_regulatory_or_intronic
rs1018492,20,1,1,0.097011,57.6895,trans,trans_other_gene_coding_or_splice
rs1042579,20,1,1,0.198615,154.427,cis,cis_target_coding_or_splice
rs1104902,20,1,1,0.0970869,54.2394,cis,cis_target_regulatory_or_linked
rs1127354,20,1,1,1.20143,2278.09,cis,cis_target_coding_or_splice
rs113224915,20,1,1,0.0667546,10.7785,trans,trans_regulatory_or_intronic
rs1135192,20,1,1,0.140776,104.359,trans,trans_other_gene_coding_or_splice
rs113921126,20,1,1,0.0604929,11.6033,trans,trans_regulatory_or_intronic
rs1151623,20,2,2,0.050376,13.9113,trans,trans_regulatory_or_intronic
rs11555566,20,1,1,1.28967,2311.03,cis,cis_target_coding_or_splice
rs116905185,20,1,1,0.306546,23.1348,trans,trans_other_gene_coding_or_splice
rs11696570,20,1,1,0.0397667,11.1543,trans,trans_regulatory_or_intronic
rs117113213,20,1,1,0.162411,21.7483,trans,trans_regulatory_or_intronic
rs117280289,20,1,1,0.12122,17.7873,trans,trans_regulatory_or_intronic
rs11904888,20,1,1,0.0729144,11.2895,trans,trans_regulatory_or_intronic
rs11907011,20,1,1,0.713349,898.801,cis,cis_target_regulatory_or_linked
rs11908686,20,2,2,0.0725391,11.5884,trans,trans_regulatory_or_intronic
rs1203922,20,1,1,0.123827,64.7112,trans,trans_regulatory_or_intronic
rs1203944,20,1,1,0.066508,18.7287,trans,trans_other_or_unknown
rs1205340,20,1,1,0.070063,37.2217,trans,trans_regulatory_or_intronic
rs12481174,20,2,2,0.0845543,38.6723,trans,trans_regulatory_or_intronic
rs12624596,20,1,1,0.18563,163.217,cis,cis_locus_linked
rs12625329,20,1,1,0.0855999,46.5911,trans,trans_regulatory_or_intronic
rs12625565,20,1,1,0.0445512,12.7009,trans,trans_other_gene_coding_or_splice
rs12625762,20,1,1,0.129631,55.5255,trans,trans_regulatory_or_intronic
rs1291142,20,1,1,0.0522128,17.6982,trans,trans_regulatory_or_intronic
rs13036464,20,1,1,0.0530237,17.0867,trans,trans_regulatory_or_intronic
rs13042449,20,1,1,0.427087,1303.26,cis,cis_target_regulatory_or_linked
rs13043752,20,1,1,1.36144,669.945,cis,cis_target_coding_or_splice
rs1321339,20,1,1,0.0427456,13.6787,trans,trans_other_or_unknown
rs13734,20,1,1,0.0542825,12.3239,trans,trans_regulatory_or_intronic
rs140878349,20,1,1,0.058807,12.9131,trans,trans_regulatory_or_intronic
rs146490405,20,1,1,1.23358,8139.48,cis,cis_target_coding_or_splice
rs1471782,20,1,1,0.190357,118.121,trans,trans_regulatory_or_intronic
rs150622725,20,8,8,0.849748,224.072,trans,trans_regulatory_or_intronic
rs1572053,20,1,1,0.0433436,11.9039,trans,trans_regulatory_or_intronic
rs16989081,20,2,2,0.101004,21.585,trans,trans_regulatory_or_intronic
rs17196752,20,4,4,0.0621113,15.1678,trans,trans_regulatory_or_intronic
rs17216707,20,1,1,0.0525284,11.7423,trans,trans_other_or_unknown
rs17265513,20,1,1,0.0687204,22.2901,trans,trans_other_gene_coding_or_splice
rs17576,20,1,1,0.144128,116.235,cis,cis_target_coding_or_splice
rs1776977,20,1,1,0.0840212,14.0728,trans,trans_regulatory_or_intronic
rs1799841,20,1,1,0.712956,3074.14,cis,cis_target_coding_or_splice
rs1800961,20,16,16,0.25971,55.6309,trans,trans_other_gene_coding_or_splice
rs180821996,20,1,1,1.29486,1939.92,cis,cis_target_regulatory_or_linked
rs186366783,20,1,1,0.126209,12.0365,trans,trans_regulatory_or_intronic
rs1883711,20,5,5,0.275206,56.3097,trans,trans_regulatory_or_intronic
rs1883832,20,2,2,0.420751,754.856,cis;trans,cis_target_regulatory_or_linked;trans_regulatory_or_intronic
rs1883932,20,1,1,0.116841,93.8326,trans,trans_regulatory_or_intronic
rs1884865,20,1,1,0.0543689,12.1171,trans,trans_regulatory_or_intronic
rs1889235,20,1,1,0.0441429,11.6237,trans,trans_other_or_unknown
rs189448562,20,6,6,1.83799,878.074,cis;trans,cis_locus_linked;trans_other_or_unknown
rs1997814,20,1,1,0.0467878,13.333,trans,trans_regulatory_or_intronic
rs1998123,20,1,1,0.190985,188.981,cis,cis_locus_linked
rs199825459,20,1,1,1.965,809.375,cis,cis_target_coding_or_splice
rs201100376,20,1,1,0.0491868,11.7555,trans,trans_regulatory_or_intronic
rs2024067,20,1,1,0.0437861,11.3086,trans,trans_other_or_unknown
rs2104417,20,1,1,0.105392,38.0537,trans,trans_regulatory_or_intronic
rs215545,20,1,1,0.36502,573.588,cis,cis_target_regulatory_or_linked
rs218476,20,1,1,0.0553191,17.1986,cis,cis_target_regulatory_or_linked
rs2208150,20,1,1,0.0846644,54.8404,trans,trans_regulatory_or_intronic
rs2224539,20,3,3,0.0960106,57.9965,trans,trans_other_or_unknown
rs2232613,20,1,1,1.17392,2409.77,cis,cis_target_coding_or_splice
rs2236250,20,1,1,0.0517739,13.7262,trans,trans_regulatory_or_intronic
rs2284277,20,1,1,0.0573485,18.1939,trans,trans_regulatory_or_intronic
rs2284384,20,1,1,0.0415353,15.1176,trans,trans_regulatory_or_intronic
rs2296528,20,1,1,0.0754471,32.0234,cis,cis_locus_linked
rs2318043,20,1,1,0.174257,138.107,trans,trans_regulatory_or_intronic
rs236153,20,1,1,0.59736,2052.02,cis,cis_locus_linked
rs2377736,20,1,1,0.273512,443.499,cis,cis_locus_linked
rs2387362,20,1,1,0.81885,2706.08,cis,cis_locus_linked
rs2424881,20,1,1,0.0371282,11.4345,trans,trans_regulatory_or_intronic
rs2424957,20,1,1,0.418115,1058.08,cis,cis_locus_linked
rs2425105,20,1,1,0.0449531,14.8685,trans,trans_regulatory_or_intronic
rs2426777,20,1,1,0.0393032,11.698,trans,trans_regulatory_or_intronic
rs2618567,20,1,1,0.0411146,12.1657,trans,trans_regulatory_or_intronic
rs2741454,20,3,3,0.2259,302.406,cis;trans,cis_target_regulatory_or_linked;trans_regulatory_or_intronic
rs2743388,20,3,3,0.0824322,43.5397,trans,trans_regulatory_or_intronic
rs2745729,20,1,1,0.0484529,14.8111,trans,trans_regulatory_or_intronic
rs28398212,20,1,1,0.0433302,12.0031,trans,trans_regulatory_or_intronic
rs2868346,20,12,12,0.292773,391.181,trans,trans_regulatory_or_intronic
rs28823595,20,1,1,0.0752849,11.8135,trans,trans_other_or_unknown
rs34952318,20,3,3,0.128193,22.0275,trans,trans_regulatory_or_intronic
rs35194449,20,1,1,0.102905,40.7985,trans,trans_regulatory_or_intronic
rs35770435,20,1,1,0.345349,450.255,cis,cis_locus_linked
rs35915710,20,1,1,0.0618394,14.4426,trans,trans_regulatory_or_intronic
rs35927656,20,1,1,0.0386544,10.9419,trans,trans_regulatory_or_intronic
rs36029876,20,1,1,0.360608,288.104,cis,cis_locus_linked
rs362562,20,1,1,0.11109,73.1672,cis,cis_locus_linked
rs3746778,20,3,3,0.0679863,27.9516,trans,trans_regulatory_or_intronic
rs3790163,20,1,1,0.0630578,22.9024,trans,trans_regulatory_or_intronic
rs3790176,20,4,4,0.0668908,25.789,trans,trans_regulatory_or_intronic
rs3790315,20,1,1,0.0673465,28.0574,trans,trans_regulatory_or_intronic
rs3827978,20,2,2,0.0828964,38.4018,trans,trans_regulatory_or_intronic
rs403152,20,1,1,0.0363705,11.5431,trans,trans_regulatory_or_intronic
rs41305805,20,1,1,0.171071,18.0035,trans,trans_other_gene_coding_or_splice
rs4239651,20,1,1,0.0486682,12.7261,trans,trans_regulatory_or_intronic
rs4239702,20,2,2,0.0495978,12.9368,trans,trans_regulatory_or_intronic
rs4411786,20,1,1,0.0653383,20.9769,trans,trans_regulatory_or_intronic
rs44707,20,1,1,0.0506461,16.7078,trans,trans_regulatory_or_intronic
rs45437096,20,1,1,0.124973,40.7123,cis,cis_target_coding_or_splice
rs4549181,20,1,1,0.570915,1500.92,cis,cis_target_regulatory_or_linked
rs45521631,20,1,1,0.914682,473.369,cis,cis_target_coding_or_splice
rs4809906,20,1,1,0.0469755,19.6319,trans,trans_regulatory_or_intronic
rs4810479,20,1,1,0.0511718,16.4652,trans,trans_regulatory_or_intronic
rs4810485,20,1,1,0.0901204,39.736,trans,trans_regulatory_or_intronic
rs4813419,20,1,1,0.0437062,13.1065,trans,trans_regulatory_or_intronic
rs4813637,20,1,1,0.098671,55.2407,trans,trans_regulatory_or_intronic
rs4814837,20,1,1,0.0478337,14.1521,trans,trans_regulatory_or_intronic
rs554743,20,1,1,0.059654,19.9836,trans,trans_regulatory_or_intronic
rs55758310,20,1,1,0.048348,10.8048,trans,trans_regulatory_or_intronic
rs56084239,20,1,1,0.353294,410.906,trans,trans_regulatory_or_intronic
rs567189,20,3,3,0.0782743,40.9766,trans,trans_regulatory_or_intronic
rs573329980,20,1,1,0.0935725,28.1355,trans,trans_regulatory_or_intronic
rs57551721,20,1,1,0.0707065,14.6096,trans,trans_regulatory_or_intronic
rs58634535,20,1,1,0.0569981,19.8194,trans,trans_regulatory_or_intronic
rs59059917,20,1,1,0.0550146,12.1403,trans,trans_other_or_unknown
rs59821684,20,1,1,0.11275,12.2442,trans,trans_regulatory_or_intronic
rs6011040,20,1,1,0.300495,485.265,cis,cis_locus_linked
rs6011067,20,1,1,0.083404,14.8842,trans,trans_regulatory_or_intronic
rs6014993,20,3,3,0.0535649,22.8713,trans,trans_regulatory_or_intronic
rs6016380,20,1,1,0.0460643,13.4985,trans,trans_regulatory_or_intronic
rs6016381,20,1,1,0.0768239,33.976,trans,trans_other_or_unknown
rs6017250,20,1,1,0.0491036,16.2237,trans,trans_regulatory_or_intronic
rs6017444,20,2,2,0.0615173,19.0072,trans,trans_regulatory_or_intronic
rs6018652,20,1,1,0.0672533,22.4856,trans,trans_regulatory_or_intronic
rs6018653,20,1,1,0.0578545,14.5853,trans,trans_regulatory_or_intronic
rs6020369,20,4,4,0.0430709,13.888,trans,trans_other_or_unknown
rs6024978,20,1,1,0.0644065,21.0684,trans,trans_regulatory_or_intronic
rs6026468,20,1,1,0.0374176,11.7706,trans,trans_other_gene_coding_or_splice
rs6026576,20,1,1,0.0471024,13.0102,trans,trans_regulatory_or_intronic
rs6028907,20,1,1,0.0502653,10.81,trans,trans_other_or_unknown
rs6031963,20,1,1,0.0642003,15.4819,trans,trans_regulatory_or_intronic
rs6032259,20,1,1,0.0977248,142.825,cis,cis_target_coding_or_splice
rs6035276,20,1,1,0.0422362,10.8611,trans,trans_regulatory_or_intronic
rs6037651,20,3,3,0.0580293,19.8794,trans,trans_other_gene_coding_or_splice
rs6038521,20,1,1,0.0504331,12.3405,trans,trans_regulatory_or_intronic
rs6042675,20,1,1,0.0804199,38.3135,cis,cis_locus_linked
rs6043405,20,2,2,0.0462524,12.0702,trans,trans_regulatory_or_intronic
rs6045561,20,1,1,0.0579608,17.9756,trans,trans_regulatory_or_intronic
rs6045950,20,1,1,0.0416258,11.4976,trans,trans_regulatory_or_intronic
rs6045989,20,4,4,0.080768,36.7817,trans,trans_regulatory_or_intronic
rs6050446,20,1,1,1.90821,2422.86,cis,cis_target_coding_or_splice
rs6059134,20,1,1,0.431683,194.379,cis,cis_target_regulatory_or_linked
rs6060142,20,1,1,0.0558524,12.3026,trans,trans_other_or_unknown
rs6063502,20,2,2,0.071506,31.1491,cis;trans,cis_locus_linked;trans_other_or_unknown
rs6065746,20,1,1,0.189054,243.746,cis,cis_locus_linked
rs6065904,20,4,4,0.0575825,14.4357,trans,trans_regulatory_or_intronic
rs6065926,20,2,2,0.0578599,16.9347,trans,trans_regulatory_or_intronic
rs6068599,20,1,1,0.0478612,15.8878,trans,trans_other_or_unknown
rs6070696,20,1,1,0.106796,40.0109,trans,trans_regulatory_or_intronic
rs6070809,20,1,1,0.100887,68.8617,trans,trans_other_gene_coding_or_splice
rs6072084,20,1,1,0.0359112,11.8208,trans,trans_regulatory_or_intronic
rs6072249,20,1,1,0.0370579,12.5814,trans,trans_regulatory_or_intronic
rs6073431,20,2,2,0.0424642,13.6225,trans,trans_regulatory_or_intronic
rs6073958,20,6,6,0.501311,1006.52,cis;trans,cis_locus_linked;trans_regulatory_or_intronic
rs6074022,20,1,1,0.0728866,26.9608,trans,trans_regulatory_or_intronic
rs6075497,20,1,1,0.0523069,16.4638,trans,trans_regulatory_or_intronic
rs6075498,20,1,1,0.0433272,11.4751,trans,trans_regulatory_or_intronic
rs6076335,20,1,1,0.0458708,16.869,trans,trans_regulatory_or_intronic
rs6080761,20,1,1,0.0387302,10.9409,trans,trans_regulatory_or_intronic
rs6081562,20,2,2,0.0614347,20.6079,trans,trans_regulatory_or_intronic
rs6081565,20,24,24,0.0817911,36.6364,trans,trans_regulatory_or_intronic
rs6081568,20,2,2,0.045476,12.7271,trans,trans_regulatory_or_intronic
rs6081569,20,2,2,0.0487164,17.5793,trans,trans_regulatory_or_intronic
rs6082928,20,1,1,0.0492455,11.3769,trans,trans_other_or_unknown
rs6089050,20,1,1,0.0579397,16.0745,trans,trans_regulatory_or_intronic
rs6095829,20,1,1,0.0482849,15.0362,trans,trans_other_or_unknown
rs6102287,20,1,1,0.0293534,15.3119,trans,trans_regulatory_or_intronic
rs6102890,20,1,1,0.0717657,18.3346,trans,trans_regulatory_or_intronic
rs6103572,20,1,1,0.0578133,18.5547,trans,trans_regulatory_or_intronic
rs6103575,20,2,2,0.0476316,16.8112,trans,trans_regulatory_or_intronic
rs6112304,20,1,1,0.0485465,13.6005,trans,trans_regulatory_or_intronic
rs6112307,20,3,3,0.0862675,41.6155,trans,trans_regulatory_or_intronic
rs6112308,20,4,4,0.0706203,33.3581,trans,trans_regulatory_or_intronic
rs6112319,20,1,1,0.0518049,20.2658,trans,trans_regulatory_or_intronic
rs6112930,20,1,1,0.0745992,33.5529,trans,trans_regulatory_or_intronic
rs6115204,20,1,1,0.0368064,14.0275,trans,trans_regulatory_or_intronic
rs6116934,20,1,1,0.0844488,35.2458,trans,trans_regulatory_or_intronic
rs6119529,20,1,1,0.0412934,11.4358,trans,trans_regulatory_or_intronic
rs6119786,20,1,1,0.0525002,14.7172,trans,trans_regulatory_or_intronic
rs6121571,20,1,1,0.0429946,11.4687,trans,trans_regulatory_or_intronic
rs6122157,20,1,1,0.0446565,10.8926,trans,trans_regulatory_or_intronic
rs6124220,20,1,1,0.0695496,26.6316,trans,trans_regulatory_or_intronic
rs6125961,20,1,1,0.0546842,13.065,trans,trans_regulatory_or_intronic
rs6127099,20,2,2,0.0945461,42.3015,trans,trans_other_or_unknown
rs6136442,20,1,1,0.155608,131.0,cis,cis_target_regulatory_or_linked
rs6141314,20,1,1,0.046063,12.9376,trans,trans_regulatory_or_intronic
rs6142934,20,1,1,0.0660525,11.7304,trans,trans_regulatory_or_intronic
rs61734651,20,1,1,0.101752,16.517,trans,trans_other_gene_coding_or_splice
rs61739245,20,1,1,0.246308,29.3708,trans,trans_other_gene_coding_or_splice
rs625372,20,1,1,0.0445845,13.2912,trans,trans_other_gene_coding_or_splice
rs6513223,20,1,1,0.0580667,21.8544,trans,trans_regulatory_or_intronic
rs6513673,20,1,1,0.0409263,11.0752,trans,trans_other_or_unknown
rs709049,20,1,1,0.054139,16.0302,trans,trans_regulatory_or_intronic
rs71325463,20,1,1,0.0368549,12.3685,trans,trans_regulatory_or_intronic
rs71327835,20,1,1,0.0733106,16.8169,trans,trans_regulatory_or_intronic
rs7260893,20,1,1,0.054217,15.2079,trans,trans_other_or_unknown
rs737092,20,1,1,0.0404594,10.8831,trans,trans_regulatory_or_intronic
rs742413,20,1,1,0.167721,166.029,cis,cis_target_regulatory_or_linked
rs74752559,20,1,1,0.0507504,10.972,trans,trans_regulatory_or_intronic
rs76728310,20,1,1,0.142631,68.3622,cis,cis_locus_linked
rs79462675,20,1,1,0.943899,2400.37,cis,cis_target_regulatory_or_linked
rs8114049,20,1,1,0.0441532,11.7212,trans,trans_regulatory_or_intronic
rs8121940,20,2,2,0.0534633,12.5448,trans,trans_regulatory_or_intronic
rs8668,20,2,2,0.113745,71.9642,trans,trans_regulatory_or_intronic
rs867186,20,2,2,0.780606,1248.47,trans,trans_other_gene_coding_or_splice
rs877172,20,1,1,0.612939,1705.55,cis,cis_target_regulatory_or_linked
rs911119,20,1,1,0.306717,447.429,cis,cis_target_regulatory_or_linked
rs913672,20,1,1,0.0537776,18.2093,trans,trans_regulatory_or_intronic
rs913678,20,1,1,0.0594604,20.0198,trans,trans_regulatory_or_intronic
rs947437,20,1,1,0.037511,11.7219,trans,trans_regulatory_or_intronic
rs973446,20,1,1,0.127192,36.3287,cis,cis_target_regulatory_or_linked
rs11088458,21,1,1,0.0460687,12.1137,trans,trans_regulatory_or_intronic
rs111527738,21,4,4,0.232831,28.3622,trans,trans_other_gene_coding_or_splice
rs112153300,21,1,1,0.11268,26.966,trans,trans_regulatory_or_intronic
rs112467088,21,1,1,0.0451246,14.1907,trans,trans_regulatory_or_intronic
rs113156037,21,1,1,0.138045,18.3157,trans,trans_regulatory_or_intronic
rs11700551,21,3,3,0.0693576,15.7858,trans,trans_regulatory_or_intronic
rs11701433,21,1,1,0.0514479,16.6215,trans,trans_regulatory_or_intronic
rs117214,21,1,1,0.0464566,13.8702,trans,trans_regulatory_or_intronic
rs12329760,21,1,1,0.0481716,13.0679,trans,trans_other_gene_coding_or_splice
rs1236213,21,2,2,0.154356,138.843,trans,trans_regulatory_or_intronic
rs12483377,21,1,1,0.397151,297.483,trans,trans_other_gene_coding_or_splice
rs13049690,21,1,1,0.0551939,13.603,trans,trans_regulatory_or_intronic
rs13050238,21,1,1,0.368532,93.2101,cis,cis_target_coding_or_splice
rs1534081,21,1,1,0.0688722,20.6639,trans,trans_regulatory_or_intronic
rs16988472,21,1,1,0.064768,11.5151,trans,trans_regulatory_or_intronic
rs17274750,21,1,1,0.0720089,12.2414,trans,trans_regulatory_or_intronic
rs2065302,21,1,1,0.037661,10.9908,trans,trans_regulatory_or_intronic
rs2187313,21,2,2,0.135415,64.4707,cis;trans,cis_locus_linked;trans_other_gene_coding_or_splice
rs219769,21,1,1,0.0521317,13.4829,trans,trans_regulatory_or_intronic
rs219773,21,1,1,0.0420002,14.3036,trans,trans_regulatory_or_intronic
rs2211864,21,4,4,0.0494643,15.6127,trans,trans_regulatory_or_intronic
rs2212931,21,1,1,0.0508817,17.6675,trans,trans_regulatory_or_intronic
rs2229742,21,4,4,0.0908841,19.5627,trans,trans_other_gene_coding_or_splice
rs2230033,21,3,3,0.0501925,20.7279,trans,trans_other_gene_coding_or_splice
rs2230531,21,1,1,0.436178,33.2886,trans,trans_other_gene_coding_or_splice
rs2242886,21,1,1,0.104475,18.9989,trans,trans_regulatory_or_intronic
rs2248555,21,1,1,0.103095,71.7588,trans,trans_regulatory_or_intronic
rs2252175,21,1,1,0.0554804,15.2519,trans,trans_regulatory_or_intronic
rs2252576,21,1,1,0.0518096,21.3636,trans,trans_regulatory_or_intronic
rs225343,21,1,1,0.120325,76.029,cis,cis_target_regulatory_or_linked
rs2283638,21,1,1,0.0622795,32.1967,trans,trans_regulatory_or_intronic
rs2298333,21,2,2,0.0590467,22.3199,trans,trans_regulatory_or_intronic
rs2410176,21,1,1,0.0343868,14.5607,trans,trans_regulatory_or_intronic
rs243588,21,1,1,0.0545265,25.8521,trans,trans_regulatory_or_intronic
rs243590,21,2,2,0.0569585,21.0924,trans,trans_regulatory_or_intronic
rs243591,21,1,1,0.0614795,25.1568,trans,trans_regulatory_or_intronic
rs2515717,21,1,1,0.514873,1579.33,cis,cis_target_regulatory_or_linked
rs2739393,21,1,1,0.119593,78.8335,cis,cis_target_regulatory_or_linked
rs2823286,21,1,1,0.0375777,11.9814,trans,trans_regulatory_or_intronic
rs2824805,21,1,1,0.117783,48.4627,cis,cis_target_regulatory_or_linked
rs2826851,21,1,1,0.560986,1460.89,cis,cis_target_regulatory_or_linked
rs2829767,21,1,1,0.0658415,12.6202,trans,trans_other_or_unknown
rs2834234,21,1,1,0.1279,67.2557,cis,cis_locus_linked
rs2834712,21,1,1,0.0492359,16.2815,trans,trans_regulatory_or_intronic
rs2834720,21,1,1,0.0600786,17.8053,trans,trans_regulatory_or_intronic
rs2834730,21,1,1,0.058909,11.5042,trans,trans_regulatory_or_intronic
rs2836683,21,1,1,0.0509683,21.4986,trans,trans_regulatory_or_intronic
rs2837982,21,1,1,0.0374237,11.7413,trans,trans_regulatory_or_intronic
rs2837988,21,3,3,0.0840779,41.3355,trans,trans_regulatory_or_intronic
rs2838755,21,1,1,0.057559,14.2449,trans,trans_regulatory_or_intronic
rs2838952,21,1,1,0.246199,47.1915,trans,trans_regulatory_or_intronic
rs2854044,21,1,1,0.0492017,13.186,trans,trans_regulatory_or_intronic
rs35477491,21,3,3,0.0888966,29.3572,trans,trans_regulatory_or_intronic
rs35555604,21,1,1,0.119322,11.8973,trans,trans_regulatory_or_intronic
rs36182034,21,1,1,0.152795,140.741,cis,cis_target_regulatory_or_linked
rs368322,21,1,1,0.0461415,12.9414,cis,cis_target_regulatory_or_linked
rs3761376,21,1,1,0.286687,382.436,cis,cis_locus_linked
rs3827211,21,2,2,0.0454685,14.472,trans,trans_regulatory_or_intronic
rs383510,21,1,1,0.0779879,43.9927,trans,trans_regulatory_or_intronic
rs400852,21,1,1,0.0525499,12.4241,cis,cis_target_regulatory_or_linked
rs441810,21,1,1,0.102725,48.5064,trans,trans_regulatory_or_intronic
rs468094,21,1,1,0.0497276,11.523,trans,trans_regulatory_or_intronic
rs4817848,21,1,1,0.0337959,10.9692,trans,trans_regulatory_or_intronic
rs4817983,21,1,1,0.0417793,10.9219,trans,trans_other_or_unknown
rs4920078,21,1,1,0.073873,28.3086,trans,trans_regulatory_or_intronic
rs536255,21,2,2,0.0794022,25.9656,trans,trans_regulatory_or_intronic
rs55953905,21,2,2,0.117144,66.2879,trans,trans_regulatory_or_intronic
rs56045941,21,1,1,0.0698082,17.4511,trans,trans_regulatory_or_intronic
rs56117721,21,1,1,0.0998853,17.2882,trans,trans_regulatory_or_intronic
rs56358585,21,1,1,0.0803573,11.103,trans,trans_regulatory_or_intronic
rs565593580,21,1,1,0.297643,11.183,trans,trans_regulatory_or_intronic
rs57529409,21,1,1,1.08702,1516.9,cis,cis_target_regulatory_or_linked
rs58030288,21,1,1,0.210963,12.7244,trans,trans_regulatory_or_intronic
rs58556485,21,1,1,0.0783937,15.3915,trans,trans_regulatory_or_intronic
rs587935,21,1,1,0.054043,19.5929,trans,trans_other_or_unknown
rs62214725,21,1,1,0.043448,18.3398,trans,trans_regulatory_or_intronic
rs62217923,21,2,2,0.127473,87.7686,trans,trans_regulatory_or_intronic
rs62218375,21,1,1,0.0460176,17.8201,trans,trans_regulatory_or_intronic
rs6517655,21,1,1,0.0565759,18.0082,trans,trans_regulatory_or_intronic
rs66482320,21,1,1,0.0692026,21.5415,trans,trans_regulatory_or_intronic
rs66817580,21,1,1,0.156844,84.1697,trans,trans_regulatory_or_intronic
rs67525224,21,1,1,0.0737062,29.1014,trans,trans_regulatory_or_intronic
rs71329093,21,1,1,0.113852,16.8306,trans,trans_regulatory_or_intronic
rs717579,21,1,1,0.0716415,21.5407,trans,trans_regulatory_or_intronic
rs7275212,21,2,2,0.249573,18.1296,trans,trans_regulatory_or_intronic
rs7278058,21,1,1,0.0346772,11.4538,trans,trans_other_or_unknown
rs7279477,21,1,1,0.0475547,19.8825,trans,trans_other_or_unknown
rs7280064,21,1,1,0.0714485,22.3759,trans,trans_regulatory_or_intronic
rs7282650,21,1,1,0.0371477,11.3156,trans,trans_other_or_unknown
rs746064,21,4,4,0.429232,1076.63,trans,trans_regulatory_or_intronic
rs760459,21,1,1,0.0653111,16.6964,trans,trans_regulatory_or_intronic
rs760462,21,4,4,0.145924,79.2324,cis;trans,cis_target_regulatory_or_linked;trans_regulatory_or_intronic
rs77106233,21,2,2,0.488736,62.0934,trans,trans_regulatory_or_intronic
rs78111814,21,1,1,0.891717,666.154,cis,cis_target_regulatory_or_linked
rs78703352,21,1,1,0.0806834,15.2757,trans,trans_regulatory_or_intronic
rs8127156,21,1,1,0.0983881,52.2044,trans,trans_regulatory_or_intronic
rs8127300,21,1,1,0.0441978,14.7181,trans,trans_regulatory_or_intronic
rs8131895,21,1,1,0.0689126,26.133,cis,cis_target_regulatory_or_linked
rs8133137,21,1,1,0.0465118,12.6689,trans,trans_regulatory_or_intronic
rs8134160,21,1,1,0.0446932,10.8373,trans,trans_regulatory_or_intronic
rs8134848,21,1,1,0.0819951,17.8633,trans,trans_regulatory_or_intronic
rs914142,21,1,1,0.442276,878.022,cis,cis_target_regulatory_or_linked
rs914187,21,2,2,0.108229,71.4489,trans,trans_regulatory_or_intronic
rs9305635,21,1,1,0.0556464,20.9057,trans,trans_regulatory_or_intronic
rs9808651,21,1,1,0.0528311,14.0606,trans,trans_other_or_unknown
rs9808753,21,1,1,1.4118,5671.81,cis,cis_target_coding_or_splice
rs9978265,21,1,1,0.0751559,12.4717,trans,trans_regulatory_or_intronic
rs9982370,21,1,1,0.0459718,12.4905,trans,trans_regulatory_or_intronic
rs9985030,21,1,1,0.0673569,10.893,trans,trans_regulatory_or_intronic
rs1003538,22,1,1,0.0482083,14.696,trans,trans_other_or_unknown
rs1006771,22,1,1,0.198132,221.386,cis,cis_target_regulatory_or_linked
rs1018490,22,1,1,0.130405,91.4827,trans,trans_regulatory_or_intronic
rs1033415,22,1,1,0.058421,22.2825,trans,trans_regulatory_or_intronic
rs105161,22,1,1,0.0615895,13.1336,trans,trans_regulatory_or_intronic
rs1053593,22,1,1,0.0483425,14.0691,trans,trans_other_gene_coding_or_splice
rs1059196,22,1,1,0.0598888,17.1112,trans,trans_regulatory_or_intronic
rs1076540,22,1,1,0.0467693,13.2484,trans,trans_regulatory_or_intronic
rs1079981,22,2,2,0.0856493,12.9874,trans,trans_regulatory_or_intronic
rs11089210,22,1,1,0.0574682,18.1806,trans,trans_regulatory_or_intronic
rs111577133,22,1,1,1.98982,1892.11,cis,cis_target_regulatory_or_linked
rs111916071,22,1,1,0.0958886,11.7344,trans,trans_regulatory_or_intronic
rs112775985,22,1,1,0.0538196,14.5395,trans,trans_regulatory_or_intronic
rs113200473,22,3,3,0.0703104,25.1896,trans,trans_regulatory_or_intronic
rs11547731,22,1,1,0.704253,2792.12,cis,cis_target_coding_or_splice
rs11703897,22,1,1,0.0530818,13.4511,trans,trans_regulatory_or_intronic
rs11704359,22,2,2,0.158941,75.819,trans,trans_regulatory_or_intronic
rs11704551,22,1,1,0.0470419,12.2123,trans,trans_regulatory_or_intronic
rs117587385,22,1,1,1.19412,1206.33,cis,cis_locus_linked
rs117718692,22,1,1,0.122122,18.3832,cis,cis_locus_linked
rs12157484,22,1,1,0.0456176,11.2275,trans,trans_regulatory_or_intronic
rs12484700,22,1,1,0.0439287,13.3324,trans,trans_regulatory_or_intronic
rs12710562,22,1,1,0.280655,273.686,cis,cis_locus_linked
rs1312,22,1,1,0.242737,279.221,trans,trans_regulatory_or_intronic
rs131658,22,1,1,0.0649583,17.593,trans,trans_regulatory_or_intronic
rs131805,22,1,1,0.220018,185.424,cis,cis_locus_linked
rs132631,22,1,1,0.0545121,14.4161,trans,trans_regulatory_or_intronic
rs132642,22,1,1,0.0646152,15.5374,trans,trans_regulatory_or_intronic
rs134041,22,2,2,0.0635962,34.9736,trans,trans_other_or_unknown
rs136205,22,3,3,0.0557203,15.1733,trans,trans_regulatory_or_intronic
rs136213,22,1,1,0.0457204,11.9544,trans,trans_regulatory_or_intronic
rs137203,22,1,1,0.556308,189.463,cis,cis_target_coding_or_splice
rs139565,22,1,1,0.0590989,20.451,cis,cis_locus_linked
rs148328786,22,1,1,0.284863,23.1898,cis,cis_target_regulatory_or_linked
rs149161616,22,2,2,0.106755,14.9235,trans,trans_regulatory_or_intronic
rs16986565,22,1,1,0.217476,13.7766,cis,cis_target_regulatory_or_linked
rs1807711,22,1,1,0.0450196,11.3043,cis,cis_locus_linked
rs181363,22,1,1,0.0861352,33.2489,trans,trans_regulatory_or_intronic
rs183393610,22,1,1,0.37687,20.3305,cis,cis_target_regulatory_or_linked
rs1978060,22,1,1,0.0379063,16.4939,trans,trans_regulatory_or_intronic
rs1985791,22,1,1,0.0413208,11.7667,trans,trans_other_gene_coding_or_splice
rs2006987,22,2,2,0.0616982,18.9827,trans,trans_regulatory_or_intronic
rs2008174,22,2,2,0.0785985,35.7021,trans,trans_regulatory_or_intronic
rs2071747,22,1,1,0.161943,35.4584,cis,cis_target_coding_or_splice
rs2074735,22,1,1,0.138524,31.9611,trans,trans_other_gene_coding_or_splice
rs2179142,22,1,1,0.0479559,13.2471,trans,trans_regulatory_or_intronic
rs2186369,22,1,1,0.0857612,24.3087,trans,trans_regulatory_or_intronic
rs2189802,22,1,1,0.0617075,25.7556,trans,trans_regulatory_or_intronic
rs2234053,22,1,1,0.0754316,22.3557,cis,cis_locus_linked
rs2239749,22,1,1,1.11173,6801.76,cis,cis_target_regulatory_or_linked
rs2239785,22,1,1,0.306075,436.051,cis,cis_target_coding_or_splice
rs2240715,22,1,1,0.0567878,25.1475,trans,trans_regulatory_or_intronic
rs2267372,22,3,3,0.0496856,28.8074,trans,trans_regulatory_or_intronic
rs2267373,22,1,1,0.0335613,10.948,trans,trans_regulatory_or_intronic
rs2267375,22,2,2,0.0452422,13.5296,trans,trans_regulatory_or_intronic
rs228951,22,1,1,0.0644497,23.5845,trans,trans_regulatory_or_intronic
rs2294915,22,5,5,0.0575272,14.7872,trans,trans_regulatory_or_intronic
rs2298428,22,3,3,0.0561814,13.0712,trans,trans_other_gene_coding_or_splice
rs2330634,22,1,1,0.111756,71.081,cis,cis_locus_linked
rs2412959,22,1,1,0.0414952,13.8381,trans,trans_regulatory_or_intronic
rs2412973,22,9,9,0.0737365,33.898,trans,trans_regulatory_or_intronic
rs2412974,22,2,2,0.0421203,13.0507,trans,trans_regulatory_or_intronic
rs2413450,22,1,1,0.136616,134.117,trans,trans_regulatory_or_intronic
rs2413593,22,2,2,0.0562266,20.3638,trans,trans_regulatory_or_intronic
rs2739344,22,1,1,0.0450046,14.7438,trans,trans_regulatory_or_intronic
rs28434757,22,4,4,0.055596,13.9765,trans,trans_regulatory_or_intronic
rs2856876,22,1,1,0.223344,131.686,cis,cis_locus_linked
rs28854583,22,1,1,0.0450199,13.4311,trans,trans_regulatory_or_intronic
rs2899319,22,4,4,0.0504458,18.7026,trans,trans_regulatory_or_intronic
rs3177243,22,1,1,0.0847742,23.4405,trans,trans_other_gene_coding_or_splice
rs34007433,22,1,1,0.0903457,43.1325,trans,trans_regulatory_or_intronic
rs35496925,22,1,1,0.145081,26.1877,cis,cis_locus_linked
rs35598889,22,1,1,0.0482405,12.5787,trans,trans_regulatory_or_intronic
rs3747207,22,22,22,0.101911,44.4291,trans,trans_regulatory_or_intronic
rs3765612,22,1,1,0.062683,19.1647,trans,trans_regulatory_or_intronic
rs3788533,22,1,1,0.042957,11.5274,trans,trans_regulatory_or_intronic
rs3859862,22,3,3,0.250404,386.562,cis;trans,cis_target_regulatory_or_linked;trans_regulatory_or_intronic
rs3948,22,1,1,0.225528,253.118,trans,trans_regulatory_or_intronic
rs4134484,22,1,1,0.0490105,12.9312,trans,trans_other_gene_coding_or_splice
rs425576,22,1,1,0.12433,80.9332,cis,cis_locus_linked
rs4336042,22,1,1,0.0424782,11.7256,trans,trans_regulatory_or_intronic
rs4384,22,1,1,0.0403866,15.3653,trans,trans_regulatory_or_intronic
rs4429561,22,1,1,0.0478248,16.2119,trans,trans_regulatory_or_intronic
rs4446155,22,1,1,0.0444747,11.8257,trans,trans_other_gene_coding_or_splice
rs4611747,22,6,6,0.0662181,25.2295,trans,trans_regulatory_or_intronic
rs4680,22,1,1,0.450944,1153.29,cis,cis_target_coding_or_splice
rs4819959,22,1,1,0.836295,3902.27,cis,cis_target_regulatory_or_linked
rs4820294,22,1,1,0.27856,413.013,cis,cis_target_regulatory_or_linked
rs4820325,22,1,1,0.044252,12.8902,trans,trans_regulatory_or_intronic
rs4820378,22,1,1,0.0489746,18.6452,trans,trans_regulatory_or_intronic
rs4821544,22,2,2,0.81596,3259.42,cis,cis_locus_linked
rs4821764,22,1,1,0.0447366,14.9495,trans,trans_regulatory_or_intronic
rs4822305,22,1,1,0.046055,11.1774,trans,trans_regulatory_or_intronic
rs4822754,22,1,1,0.152485,138.17,cis,cis_target_regulatory_or_linked
rs5746837,22,1,1,0.0510374,11.4335,trans,trans_regulatory_or_intronic
rs5749246,22,1,1,0.330403,478.751,cis,cis_locus_linked
rs5750254,22,1,1,0.0460284,13.0381,trans,trans_regulatory_or_intronic
rs5750281,22,1,1,0.132063,18.3215,cis,cis_locus_linked
rs5750815,22,1,1,0.0560914,22.1929,trans,trans_regulatory_or_intronic
rs5751435,22,1,1,0.0825705,19.7029,trans,trans_regulatory_or_intronic
rs5751775,22,1,1,0.0427059,10.8303,trans,trans_regulatory_or_intronic
rs5751777,22,1,1,1.03507,5875.54,cis,cis_locus_linked
rs5752776,22,1,1,0.0494897,16.9082,trans,trans_regulatory_or_intronic
rs5753127,22,1,1,0.0649923,18.4777,trans,trans_regulatory_or_intronic
rs5753817,22,1,1,0.0430619,13.2253,trans,trans_other_or_unknown
rs5754387,22,1,1,0.0824695,29.3716,trans,trans_regulatory_or_intronic
rs5757664,22,1,1,0.0501916,16.4415,trans,trans_regulatory_or_intronic
rs5760275,22,1,1,0.32916,413.095,cis,cis_locus_linked
rs5763821,22,1,1,0.0421475,14.64,trans,trans_regulatory_or_intronic
rs5995963,22,1,1,0.0519596,17.1467,cis,cis_locus_linked
rs6000262,22,1,1,0.0431668,11.1114,trans,trans_regulatory_or_intronic
rs6000553,22,1,1,0.0603763,27.8116,trans,trans_regulatory_or_intronic
rs6005067,22,1,1,0.0469923,14.2398,trans,trans_regulatory_or_intronic
rs6005915,22,1,1,0.0490954,12.2908,trans,trans_regulatory_or_intronic
rs6007594,22,1,1,0.139036,105.978,trans,trans_other_gene_coding_or_splice
rs6010042,22,1,1,0.0583254,15.4033,trans,trans_other_or_unknown
rs6010224,22,1,1,0.0463314,13.7658,trans,trans_regulatory_or_intronic
rs60731384,22,1,1,0.0463819,13.3603,trans,trans_other_or_unknown
rs62232061,22,1,1,0.0414633,11.9304,trans,trans_regulatory_or_intronic
rs62240638,22,1,1,0.128078,30.4507,cis,cis_locus_linked
rs6519245,22,1,1,0.0573329,18.5755,trans,trans_regulatory_or_intronic
rs7285695,22,1,1,0.0554561,12.7714,trans,trans_regulatory_or_intronic
rs7286924,22,1,1,0.0676315,21.6986,trans,trans_regulatory_or_intronic
rs7287617,22,1,1,0.0468152,12.5953,trans,trans_regulatory_or_intronic
rs7288265,22,1,1,0.0769481,33.5016,trans,trans_regulatory_or_intronic
rs7288760,22,1,1,0.0449892,11.5405,trans,trans_regulatory_or_intronic
rs7289655,22,1,1,0.0488288,13.9716,trans,trans_regulatory_or_intronic
rs7292000,22,1,1,0.0970159,20.0473,trans,trans_other_gene_coding_or_splice
rs73165110,22,7,7,0.180696,58.1991,trans,trans_regulatory_or_intronic
rs73167342,22,1,1,0.0717723,27.6141,trans,trans_regulatory_or_intronic
rs737963,22,1,1,0.208994,248.818,cis,cis_target_regulatory_or_linked
rs738129,22,1,1,0.0504557,10.8733,trans,trans_regulatory_or_intronic
rs738408,22,31,31,0.126983,68.6463,trans,trans_other_gene_coding_or_splice
rs738409,22,56,56,0.0945369,45.4916,trans,trans_other_gene_coding_or_splice
rs740234,22,1,1,0.623241,1574.62,cis,cis_target_regulatory_or_linked
rs7410304,22,1,1,0.0883526,36.9044,trans,trans_regulatory_or_intronic
rs74510325,22,2,2,0.82748,515.722,cis;trans,cis_target_coding_or_splice;trans_other_gene_coding_or_splice
rs75107793,22,2,2,0.0849592,11.6119,trans,trans_regulatory_or_intronic
rs755470,22,3,3,0.0480981,14.346,trans,trans_regulatory_or_intronic
rs75743846,22,2,2,0.211119,19.2916,trans,trans_regulatory_or_intronic
rs75765,22,1,1,0.29096,391.737,cis,cis_locus_linked
rs760715,22,3,3,0.1029,50.6487,trans,trans_regulatory_or_intronic
rs762465,22,1,1,0.101203,53.1813,trans,trans_regulatory_or_intronic
rs7949,22,1,1,0.0634093,26.0948,trans,trans_regulatory_or_intronic
rs80184311,22,3,3,0.0790377,16.5945,trans,trans_regulatory_or_intronic
rs8138197,22,2,2,0.048081,20.0404,trans,trans_regulatory_or_intronic
rs855791,22,4,4,0.0764271,38.1802,trans,trans_other_gene_coding_or_splice
rs873697,22,1,1,1.4197,2164.74,cis,cis_target_regulatory_or_linked
rs9610329,22,1,1,0.0434884,13.6575,trans,trans_regulatory_or_intronic
rs9610447,22,1,1,0.323259,594.216,cis,cis_locus_linked
rs9611177,22,1,1,0.0443503,11.6931,trans,trans_other_or_unknown
rs9611451,22,1,1,0.0828967,10.8365,trans,trans_other_or_unknown
rs9612021,22,1,1,0.0785461,33.6499,trans,trans_regulatory_or_intronic
rs9619897,22,1,1,0.0356958,15.3815,trans,trans_regulatory_or_intronic
rs9624334,22,1,1,0.0583586,11.3125,trans,trans_regulatory_or_intronic
rs9626183,22,1,1,0.096121,43.874,cis,cis_locus_linked
rs974103,22,1,1,0.0500685,13.9879,trans,trans_regulatory_or_intronic
rs97762,22,1,1,0.177098,133.202,cis,cis_locus_linked
rs10049375,3,2,2,0.181152,127.649,trans,trans_regulatory_or_intronic
rs1010553,3,1,1,0.0440615,13.3351,trans,trans_other_gene_coding_or_splice
rs1010554,3,1,1,0.0344014,10.859,trans,trans_regulatory_or_intronic
rs1010959,3,2,2,0.0960522,45.1154,trans,trans_regulatory_or_intronic
rs1036053,3,1,1,0.0949705,63.3209,trans,trans_regulatory_or_intronic
rs1042445,3,2,2,0.492965,1421.51,trans,trans_other_gene_coding_or_splice
rs10461018,3,1,1,0.0799031,38.5412,trans,trans_regulatory_or_intronic
rs10494172,3,1,1,0.104733,60.7682,cis,cis_target_regulatory_or_linked
rs10510410,3,1,1,0.0452386,16.2699,trans,trans_regulatory_or_intronic
rs10510751,3,2,2,0.282664,146.838,trans,trans_other_or_unknown
rs1056522,3,2,2,0.215323,235.668,trans,trans_other_gene_coding_or_splice
rs1056523,3,1,1,0.202315,199.663,trans,trans_other_gene_coding_or_splice
rs1062196,3,1,1,0.0402689,12.0473,trans,trans_regulatory_or_intronic
rs10770,3,1,1,0.107646,36.9341,trans,trans_other_gene_coding_or_splice
rs1077181,3,1,1,0.0376702,11.3267,trans,trans_regulatory_or_intronic
rs10804683,3,3,3,0.0570319,23.3277,trans,trans_regulatory_or_intronic
rs10804823,3,1,1,0.0385894,11.5358,trans,trans_regulatory_or_intronic
rs10933668,3,2,2,0.0613593,22.8469,trans,trans_regulatory_or_intronic
rs10935473,3,21,21,0.707463,3545.41,trans,trans_other_or_unknown
rs11129965,3,1,1,0.0526953,25.9589,trans,trans_regulatory_or_intronic
rs11130112,3,1,1,0.0416308,11.084,trans,trans_regulatory_or_intronic
rs11130215,3,2,2,0.0899095,34.1175,trans,trans_regulatory_or_intronic
rs11130650,3,1,1,0.0468095,11.7015,trans,trans_other_or_unknown
rs1127233,3,1,1,0.239679,258.292,cis,cis_target_coding_or_splice
rs1129183,3,1,1,0.265058,115.902,cis,cis_target_coding_or_splice
rs113010081,3,1,1,0.0810639,16.98,trans,trans_regulatory_or_intronic
rs113177823,3,1,1,0.086328,11.351,trans,trans_regulatory_or_intronic
rs113341849,3,2,2,0.621273,945.403,trans,trans_other_or_unknown
rs113408797,3,1,1,0.0881765,17.1214,trans,trans_regulatory_or_intronic
rs114014780,3,1,1,0.527286,67.516,trans,trans_other_or_unknown
rs114124529,3,1,1,0.144598,14.3959,trans,trans_regulatory_or_intronic
rs1145346,3,2,2,0.0570175,19.2085,trans,trans_regulatory_or_intronic
rs1147707,3,1,1,0.146904,114.421,cis,cis_target_regulatory_or_linked
rs114780909,3,1,1,2.09748,899.828,cis,cis_locus_linked
rs1154988,3,6,6,0.0965542,46.2075,trans,trans_regulatory_or_intronic
rs116482870,3,1,1,0.542109,398.052,cis,cis_target_coding_or_splice
rs116642728,3,1,1,0.0953747,13.397,trans,trans_regulatory_or_intronic
rs11707109,3,1,1,0.0870245,25.0268,trans,trans_regulatory_or_intronic
rs11707641,3,2,2,0.0578228,18.6601,trans,trans_regulatory_or_intronic
rs11708895,3,2,2,0.0629092,22.7677,trans,trans_regulatory_or_intronic
rs11710456,3,2,2,0.136523,111.525,trans,trans_regulatory_or_intronic
rs11711157,3,3,3,0.0615207,24.0819,trans,trans_other_gene_coding_or_splice
rs11711261,3,1,1,0.0536073,11.5048,trans,trans_regulatory_or_intronic
rs11712164,3,1,1,0.0411934,10.9159,trans,trans_regulatory_or_intronic
rs11712248,3,1,1,0.0447137,10.7961,trans,trans_regulatory_or_intronic
rs11713101,3,1,1,0.0426059,11.8909,trans,trans_regulatory_or_intronic
rs11713634,3,2,2,0.131917,99.5262,trans,trans_regulatory_or_intronic
rs11715766,3,1,1,0.0831961,20.6841,trans,trans_regulatory_or_intronic
rs11717195,3,1,1,0.064903,18.2586,trans,trans_regulatory_or_intronic
rs11718350,3,1,1,0.462544,979.305,cis,cis_target_coding_or_splice
rs11718798,3,1,1,0.0393675,12.8916,trans,trans_other_or_unknown
rs11718898,3,1,1,0.0614971,25.8333,trans,trans_other_gene_coding_or_splice
rs11719450,3,1,1,0.0652009,24.735,trans,trans_other_or_unknown
rs11721064,3,1,1,0.0488402,15.4619,trans,trans_other_or_unknown
rs11721168,3,8,8,0.0531899,18.8795,trans,trans_regulatory_or_intronic
rs11914346,3,1,1,0.0654985,26.2147,trans,trans_other_or_unknown
rs11915920,3,1,1,0.217211,293.355,cis,cis_locus_linked
rs11916348,3,1,1,0.0498676,16.7363,trans,trans_regulatory_or_intronic
rs11918606,3,1,1,0.0458606,12.5638,trans,trans_regulatory_or_intronic
rs11921884,3,1,1,0.225228,298.484,cis,cis_locus_linked
rs11922478,3,1,1,0.0478255,13.5662,trans,trans_other_or_unknown
rs11923060,3,1,1,0.0843384,27.0552,trans,trans_regulatory_or_intronic
rs11923334,3,1,1,0.06013,10.7737,trans,trans_regulatory_or_intronic
rs11927405,3,8,8,0.309621,573.558,trans,trans_other_or_unknown
rs11928797,3,1,1,0.0697588,15.3649,trans,trans_regulatory_or_intronic
rs11929282,3,1,1,0.0480536,15.5327,trans,trans_regulatory_or_intronic
rs11929428,3,1,1,0.0417063,10.9674,trans,trans_other_or_unknown
rs12485659,3,1,1,0.0404888,15.0968,trans,trans_other_or_unknown
rs12486260,3,1,1,0.046583,13.772,trans,trans_other_or_unknown
rs12491473,3,2,2,0.0552589,23.3323,trans,trans_regulatory_or_intronic
rs12491835,3,1,1,0.0441699,12.081,trans,trans_regulatory_or_intronic
rs12493101,3,1,1,0.488624,718.881,cis,cis_target_regulatory_or_linked
rs12493688,3,1,1,0.0542021,13.3307,trans,trans_regulatory_or_intronic
rs12495408,3,1,1,0.498622,861.029,cis,cis_target_regulatory_or_linked
rs12496506,3,1,1,0.0571541,11.6036,trans,trans_regulatory_or_intronic
rs12497693,3,1,1,0.0430906,11.3127,trans,trans_other_or_unknown
rs12636891,3,1,1,0.0443196,13.5388,trans,trans_regulatory_or_intronic
rs12637184,3,1,1,0.0491957,11.7431,trans,trans_regulatory_or_intronic
rs12638970,3,1,1,0.0565941,14.8212,trans,trans_regulatory_or_intronic
rs1278719,3,1,1,0.0491901,13.3442,trans,trans_other_or_unknown
rs1286657,3,1,1,0.0488927,14.5161,trans,trans_regulatory_or_intronic
rs1290784,3,1,1,0.0335883,11.7259,trans,trans_regulatory_or_intronic
rs1297795,3,1,1,0.0556183,12.1041,trans,trans_regulatory_or_intronic
rs13058787,3,1,1,0.07282,33.4673,trans,trans_regulatory_or_intronic
rs13063578,3,19,19,0.163475,189.135,trans,trans_regulatory_or_intronic
rs13064814,3,2,2,0.122341,87.9276,trans,trans_regulatory_or_intronic
rs13065490,3,1,1,0.225631,228.848,cis,cis_locus_linked
rs13070475,3,1,1,0.0969185,49.6894,cis,cis_target_regulatory_or_linked
rs13078881,3,1,1,1.63555,2534.24,cis,cis_target_coding_or_splice
rs13080057,3,1,1,0.124364,28.5158,trans,trans_regulatory_or_intronic
rs13081028,3,1,1,0.0543548,19.9075,trans,trans_regulatory_or_intronic
rs13084580,3,2,2,0.145951,60.0808,trans,trans_regulatory_or_intronic
rs13085861,3,1,1,0.0434886,12.5219,trans,trans_regulatory_or_intronic
rs13088318,3,2,2,0.0504097,15.5898,trans,trans_regulatory_or_intronic
rs13088626,3,1,1,0.0473097,14.3584,trans,trans_other_or_unknown
rs13088856,3,2,2,0.0623757,21.2755,trans,trans_regulatory_or_intronic
rs13089722,3,4,4,0.238509,144.351,trans,trans_regulatory_or_intronic
rs13092376,3,1,1,0.0440251,13.5011,trans,trans_regulatory_or_intronic
rs13093235,3,1,1,0.047823,11.9999,trans,trans_regulatory_or_intronic
rs13098564,3,2,2,0.0844562,35.4613,trans,trans_regulatory_or_intronic
rs13098877,3,1,1,0.0464465,13.4345,trans,trans_regulatory_or_intronic
rs13100173,3,2,2,0.0811966,42.1126,trans,trans_other_gene_coding_or_splice
rs13303,3,2,2,0.0524219,21.9487,trans,trans_other_gene_coding_or_splice
rs13318932,3,1,1,0.0820094,15.3701,trans,trans_other_or_unknown
rs13322016,3,1,1,0.0996617,45.16,cis,cis_locus_linked
rs13322149,3,1,1,0.0849639,15.3638,trans,trans_regulatory_or_intronic
rs13322435,3,1,1,0.040819,12.1117,trans,trans_regulatory_or_intronic
rs13323418,3,1,1,0.0627249,15.5664,trans,trans_regulatory_or_intronic
rs1344674,3,1,1,0.0409181,12.7128,trans,trans_regulatory_or_intronic
rs1345417,3,1,1,0.075302,34.9796,trans,trans_regulatory_or_intronic
rs1353778,3,1,1,0.0525225,15.581,cis,cis_target_regulatory_or_linked
rs1354034,3,581,581,0.220256,352.634,cis;trans,cis_locus_linked;trans_regulatory_or_intronic
rs13874,3,1,1,0.0535174,18.0176,trans,trans_other_gene_coding_or_splice
rs139828053,3,1,1,0.523587,179.486,cis,cis_target_regulatory_or_linked
rs1420476,3,1,1,0.130738,19.6975,trans,trans_regulatory_or_intronic
rs142289859,3,1,1,0.5529,232.859,trans,trans_regulatory_or_intronic
rs142552223,3,1,1,0.132982,16.4129,trans,trans_regulatory_or_intronic
rs142647684,3,1,1,0.065481,12.8196,trans,trans_other_or_unknown
rs1436650,3,1,1,0.0501047,14.8368,trans,trans_other_or_unknown
rs1468906,3,1,1,0.04579,12.5309,trans,trans_regulatory_or_intronic
rs148701924,3,4,4,0.425619,15.0636,trans,trans_other_gene_coding_or_splice
rs1491961,3,1,1,0.0318229,13.7682,trans,trans_regulatory_or_intronic
rs1499899,3,1,1,0.0455942,13.7985,trans,trans_regulatory_or_intronic
rs150437674,3,1,1,1.20038,357.649,cis,cis_target_coding_or_splice
rs150475322,3,1,1,0.594143,919.237,cis,cis_locus_linked
rs151077447,3,1,1,0.241814,11.2748,trans,trans_regulatory_or_intronic
rs151284475,3,1,1,0.0461665,11.3024,trans,trans_regulatory_or_intronic
rs1515498,3,2,2,0.125619,90.557,trans,trans_regulatory_or_intronic
rs1516527,3,2,2,0.240807,71.2694,trans,trans_regulatory_or_intronic
rs1517248,3,1,1,0.0476671,19.0931,trans,trans_other_or_unknown
rs156265,3,1,1,0.133131,49.4475,cis,cis_target_coding_or_splice
rs1584063,3,1,1,0.0415545,11.6875,trans,trans_regulatory_or_intronic
rs1609481,3,1,1,0.152389,133.411,cis,cis_target_regulatory_or_linked
rs1619599,3,3,3,0.0795326,44.9449,trans,trans_regulatory_or_intronic
rs163352,3,1,1,0.314865,374.493,cis,cis_locus_linked
rs167408,3,1,1,0.434912,667.006,cis,cis_locus_linked
rs16851191,3,1,1,0.0505591,11.5093,trans,trans_regulatory_or_intronic
rs16854211,3,1,1,0.0693853,17.7101,trans,trans_regulatory_or_intronic
rs16855617,3,1,1,0.0592251,12.0647,trans,trans_regulatory_or_intronic
rs1699346,3,1,1,0.0481883,14.2892,trans,trans_regulatory_or_intronic
rs1719890,3,1,1,0.0360178,12.082,trans,trans_regulatory_or_intronic
rs17200557,3,1,1,0.176961,23.3018,trans,trans_regulatory_or_intronic
rs17236473,3,1,1,0.0562641,18.583,trans,trans_regulatory_or_intronic
rs17282078,3,2,2,0.101384,29.4289,trans,trans_regulatory_or_intronic
rs17282579,3,1,1,0.0430243,14.2074,trans,trans_regulatory_or_intronic
rs1729988,3,1,1,0.151462,61.989,cis,cis_locus_linked
rs17350445,3,1,1,0.111168,26.8345,trans,trans_other_or_unknown
rs17522953,3,1,1,0.219874,286.6,cis,cis_locus_linked
rs17718444,3,1,1,0.0513939,37.2671,trans,trans_regulatory_or_intronic
rs17753641,3,1,1,0.0649076,12.4154,trans,trans_regulatory_or_intronic
rs17809756,3,1,1,0.0899212,19.3074,trans,trans_regulatory_or_intronic
rs1801282,3,1,1,0.0719488,15.3736,trans,trans_regulatory_or_intronic
rs1803274,3,1,1,0.573252,1345.89,cis,cis_target_coding_or_splice
rs180715817,3,1,1,0.124786,14.1061,trans,trans_regulatory_or_intronic
rs1807403,3,1,1,0.756792,2656.07,cis,cis_target_regulatory_or_linked
rs1822534,3,1,1,0.0380034,11.1927,trans,trans_regulatory_or_intronic
rs183867743,3,1,1,0.070428,35.0514,trans,trans_other_or_unknown
rs1863622,3,1,1,0.075378,24.9522,trans,trans_regulatory_or_intronic
rs1879442,3,1,1,0.0601913,20.3236,trans,trans_regulatory_or_intronic
rs1879815,3,1,1,0.0395549,11.0072,trans,trans_regulatory_or_intronic
rs1900618,3,3,3,0.668328,2299.52,cis;trans,cis_locus_linked;trans_regulatory_or_intronic
rs192816246,3,1,1,0.424621,17.7403,trans,trans_regulatory_or_intronic
rs1994490,3,1,1,0.0461886,14.2263,trans,trans_regulatory_or_intronic
rs2001703,3,1,1,0.112667,82.1136,trans,trans_regulatory_or_intronic
rs201512291,3,1,1,0.712803,69.8908,cis,cis_target_coding_or_splice
rs2015971,3,1,1,0.0389101,12.1159,trans,trans_regulatory_or_intronic
rs201704865,3,1,1,0.0784445,22.1526,trans,trans_regulatory_or_intronic
rs2028392,3,1,1,0.0634026,25.1968,trans,trans_regulatory_or_intronic
rs2041965,3,1,1,0.0446988,12.9403,trans,trans_regulatory_or_intronic
rs2055026,3,1,1,0.454066,869.634,cis,cis_target_regulatory_or_linked
rs2070634,3,2,2,0.0508471,19.5275,trans,trans_regulatory_or_intronic
rs2071387,3,1,1,0.121375,51.1308,cis,cis_target_regulatory_or_linked
rs2079797,3,1,1,0.0504009,15.0324,trans,trans_regulatory_or_intronic
rs2083336,3,1,1,0.0689811,27.6635,cis,cis_locus_linked
rs2089979,3,1,1,0.0364818,10.9952,trans,trans_regulatory_or_intronic
rs2124737,3,1,1,0.0364495,11.386,trans,trans_regulatory_or_intronic
rs2140099,3,1,1,0.0421905,12.4542,trans,trans_regulatory_or_intronic
rs2160901,3,4,4,0.115972,73.2995,trans,trans_regulatory_or_intronic
rs2228243,3,2,2,0.213461,197.982,trans,trans_other_gene_coding_or_splice
rs2228467,3,5,5,0.431128,250.869,trans,trans_other_gene_coding_or_splice
rs2268535,3,1,1,0.0508224,13.795,trans,trans_regulatory_or_intronic
rs2270894,3,1,1,0.0755734,26.7236,trans,trans_regulatory_or_intronic
rs2276862,3,1,1,0.295394,372.634,cis,cis_target_regulatory_or_linked
rs2278668,3,3,3,0.0459258,12.8736,trans,trans_regulatory_or_intronic
rs2280524,3,1,1,0.059283,22.2159,trans,trans_regulatory_or_intronic
rs2291090,3,1,1,0.218803,39.3223,cis,cis_target_coding_or_splice
rs2293607,3,2,2,0.0537363,14.7315,trans,trans_regulatory_or_intronic
rs2304456,3,1,1,0.152186,64.8214,trans,trans_other_gene_coding_or_splice
rs2305051,3,1,1,0.0407257,13.5425,trans,trans_regulatory_or_intronic
rs2305637,3,7,7,0.115482,49.9115,trans,trans_other_gene_coding_or_splice
rs2306272,3,1,1,0.85385,3587.48,cis,cis_target_coding_or_splice
rs2316653,3,1,1,0.0529487,18.8429,trans,trans_other_or_unknown
rs231994,3,1,1,0.0570901,19.2764,trans,trans_regulatory_or_intronic
rs2331406,3,1,1,0.12698,72.863,cis,cis_target_regulatory_or_linked
rs2399420,3,1,1,0.267743,154.149,cis,cis_target_regulatory_or_linked
rs2400727,3,1,1,0.0783552,27.9856,trans,trans_regulatory_or_intronic
rs2449045,3,1,1,0.0479211,20.7342,trans,trans_regulatory_or_intronic
rs2454691,3,1,1,0.0459905,13.879,trans,trans_regulatory_or_intronic
rs2455848,3,1,1,0.0488883,15.6657,trans,trans_regulatory_or_intronic
rs2470750,3,2,2,0.205514,272.834,trans,trans_regulatory_or_intronic
rs2470870,3,1,1,0.0426752,15.1722,trans,trans_regulatory_or_intronic
rs2470872,3,3,3,0.0760302,38.2909,trans,trans_regulatory_or_intronic
rs2564923,3,1,1,0.041225,15.1883,trans,trans_regulatory_or_intronic
rs2590838,3,1,1,0.0435561,15.7595,trans,trans_regulatory_or_intronic
rs2596896,3,1,1,0.0571972,19.3328,trans,trans_regulatory_or_intronic
rs2616535,3,1,1,0.0550273,11.9749,trans,trans_regulatory_or_intronic
rs2715634,3,1,1,0.0492477,15.6574,trans,trans_regulatory_or_intronic
rs28362645,3,1,1,0.0744909,14.6386,trans,trans_regulatory_or_intronic
rs28366036,3,1,1,0.0421719,11.3064,trans,trans_regulatory_or_intronic
rs28460831,3,1,1,0.0863721,13.0186,trans,trans_regulatory_or_intronic
rs28587534,3,1,1,1.35046,619.189,cis,cis_target_coding_or_splice
rs2859868,3,1,1,0.0420394,12.2614,trans,trans_regulatory_or_intronic
rs28691822,3,1,1,0.044697,11.0077,trans,trans_regulatory_or_intronic
rs2871960,3,1,1,0.0511343,17.8497,trans,trans_regulatory_or_intronic
rs2888271,3,1,1,0.0489429,13.5019,trans,trans_regulatory_or_intronic
rs2948672,3,1,1,0.0470948,27.8064,trans,trans_regulatory_or_intronic
rs2971446,3,1,1,0.0666822,14.2726,trans,trans_regulatory_or_intronic
rs308958,3,1,1,0.0648688,13.6234,trans,trans_regulatory_or_intronic
rs310762,3,1,1,0.0442614,12.234,trans,trans_regulatory_or_intronic
rs3181077,3,1,1,0.0864225,40.2123,trans,trans_regulatory_or_intronic
rs34070949,3,1,1,0.050471,19.9247,trans,trans_other_or_unknown
rs34138562,3,1,1,0.0771004,15.9725,trans,trans_regulatory_or_intronic
rs34190794,3,1,1,0.0506389,16.5123,trans,trans_regulatory_or_intronic
rs34211178,3,5,5,0.101171,62.9101,trans,trans_regulatory_or_intronic
rs34244342,3,1,1,0.0510482,11.4357,trans,trans_regulatory_or_intronic
rs34330586,3,2,2,0.0713181,27.3189,trans,trans_regulatory_or_intronic
rs34390431,3,1,1,0.0479488,14.2867,trans,trans_regulatory_or_intronic
rs34406259,3,1,1,0.0934616,28.4703,trans,trans_regulatory_or_intronic
rs34508066,3,1,1,0.0538934,12.5908,trans,trans_regulatory_or_intronic
rs34572813,3,1,1,0.113974,12.4213,trans,trans_regulatory_or_intronic
rs34579268,3,1,1,0.0445686,15.6075,trans,trans_other_gene_coding_or_splice
rs34614995,3,1,1,0.0564224,12.4966,trans,trans_regulatory_or_intronic
rs34623301,3,1,1,0.0511708,11.5111,trans,trans_regulatory_or_intronic
rs34762068,3,1,1,0.0533483,15.5451,trans,trans_other_or_unknown
rs34890930,3,1,1,0.0479762,12.9684,trans,trans_other_or_unknown
rs34911341,3,1,1,1.38002,291.454,cis,cis_target_coding_or_splice
rs34926152,3,1,1,0.288336,105.358,cis,cis_target_coding_or_splice
rs34951301,3,1,1,0.0915053,13.8864,trans,trans_regulatory_or_intronic
rs35004449,3,1,1,0.0906924,82.4114,trans,trans_regulatory_or_intronic
rs35133002,3,1,1,0.0570742,17.8207,trans,trans_regulatory_or_intronic
rs35380043,3,1,1,0.403099,167.931,cis,cis_target_coding_or_splice
rs35457250,3,15,15,0.737872,119.349,trans,trans_other_gene_coding_or_splice
rs35677470,3,3,3,0.129444,33.942,trans,trans_other_gene_coding_or_splice
rs357504,3,1,1,0.0837525,23.1848,trans,trans_regulatory_or_intronic
rs35762167,3,1,1,0.11211,80.1478,trans,trans_regulatory_or_intronic
rs35852078,3,2,2,0.309742,663.787,trans,trans_regulatory_or_intronic
rs35894621,3,1,1,0.12604,35.8606,trans,trans_regulatory_or_intronic
rs370517451,3,1,1,0.310605,28.5665,cis,cis_target_regulatory_or_linked
rs3732356,3,1,1,0.112042,26.4587,trans,trans_regulatory_or_intronic
rs3732378,3,2,2,0.0817456,23.5946,trans,trans_other_gene_coding_or_splice
rs3732476,3,1,1,0.0465585,13.3331,trans,trans_other_gene_coding_or_splice
rs3732675,3,1,1,0.0420229,12.0712,trans,trans_other_gene_coding_or_splice
rs3755574,3,3,3,0.072384,36.5787,trans,trans_regulatory_or_intronic
rs3755636,3,1,1,0.0386985,14.2051,trans,trans_regulatory_or_intronic
rs3762654,3,1,1,0.0444105,12.2404,trans,trans_regulatory_or_intronic
rs3762795,3,1,1,0.0744187,17.1358,trans,trans_regulatory_or_intronic
rs3772570,3,1,1,0.0446552,11.7889,trans,trans_regulatory_or_intronic
rs3773244,3,1,1,0.237563,213.309,cis,cis_target_regulatory_or_linked
rs3773364,3,2,2,0.185753,127.861,trans,trans_regulatory_or_intronic
rs3773862,3,1,1,0.404328,938.35,cis,cis_target_regulatory_or_linked
rs3774025,3,2,2,0.0845823,53.8341,trans,trans_regulatory_or_intronic
rs3774298,3,2,2,0.0680344,24.8929,trans,trans_regulatory_or_intronic
rs3774299,3,1,1,0.0381214,11.3181,trans,trans_regulatory_or_intronic
rs3774315,3,1,1,0.076807,45.8595,trans,trans_regulatory_or_intronic
rs3792382,3,2,2,0.043904,11.8662,trans,trans_regulatory_or_intronic
rs3804749,3,17,17,0.246739,321.303,cis;trans,cis_target_regulatory_or_linked;trans_regulatory_or_intronic
rs3804753,3,1,1,0.0633807,24.9131,trans,trans_regulatory_or_intronic
rs3817581,3,1,1,0.0424132,12.1756,trans,trans_regulatory_or_intronic
rs3817672,3,1,1,0.50968,1571.9,cis,cis_target_coding_or_splice
rs3846167,3,1,1,0.210997,204.496,cis,cis_target_regulatory_or_linked
rs3856650,3,1,1,0.047062,14.3741,trans,trans_regulatory_or_intronic
rs3856718,3,1,1,0.200916,136.204,cis,cis_target_regulatory_or_linked
rs3864005,3,1,1,0.067361,41.69,trans,trans_regulatory_or_intronic
rs3864106,3,3,3,0.499421,1590.07,trans,trans_regulatory_or_intronic
rs3872721,3,1,1,0.0429621,12.0728,trans,trans_regulatory_or_intronic
rs3872724,3,2,2,0.0501573,18.9818,trans,trans_regulatory_or_intronic
rs3935555,3,1,1,0.233481,11.8104,trans,trans_regulatory_or_intronic
rs3936289,3,2,2,0.0509699,13.0602,trans,trans_regulatory_or_intronic
rs41485644,3,1,1,0.135451,18.585,cis,cis_target_regulatory_or_linked
rs419076,3,1,1,0.0539037,20.5992,trans,trans_regulatory_or_intronic
rs4228,3,1,1,0.040459,13.617,trans,trans_regulatory_or_intronic
rs4282054,3,1,1,0.078475,35.6997,trans,trans_regulatory_or_intronic
rs4328821,3,2,2,0.119284,38.8519,trans,trans_other_or_unknown
rs4340676,3,1,1,0.122205,53.9538,trans,trans_regulatory_or_intronic
rs4340677,3,1,1,0.183123,130.438,trans,trans_regulatory_or_intronic
rs4393849,3,1,1,0.0542505,17.3155,trans,trans_regulatory_or_intronic
rs4431046,3,2,2,0.0602437,15.9669,trans,trans_regulatory_or_intronic
rs454645,3,2,2,0.0791834,12.6223,trans,trans_regulatory_or_intronic
rs4619736,3,1,1,0.0459581,12.9875,trans,trans_regulatory_or_intronic
rs4634107,3,1,1,0.055611,32.1111,trans,trans_regulatory_or_intronic
rs4678322,3,1,1,0.0413234,12.9423,trans,trans_regulatory_or_intronic
rs4678361,3,1,1,0.0545738,14.0425,trans,trans_regulatory_or_intronic
rs4678938,3,1,1,0.0537289,18.2571,trans,trans_regulatory_or_intronic
rs4679317,3,1,1,0.0747249,30.6644,trans,trans_regulatory_or_intronic
rs4681533,3,1,1,0.0390891,10.9977,trans,trans_regulatory_or_intronic
rs4681682,3,1,1,0.048323,14.6584,trans,trans_regulatory_or_intronic
rs4682844,3,1,1,0.0494235,15.8157,trans,trans_regulatory_or_intronic
rs4682990,3,1,1,0.0421322,10.8815,trans,trans_regulatory_or_intronic
rs4683606,3,1,1,0.10118,60.2202,trans,trans_regulatory_or_intronic
rs4684847,3,1,1,0.0913477,24.9849,trans,trans_regulatory_or_intronic
rs4684848,3,1,1,0.0614613,11.8613,trans,trans_regulatory_or_intronic
rs4686658,3,1,1,0.0518066,16.5289,trans,trans_regulatory_or_intronic
rs4686739,3,1,1,0.045143,12.6184,trans,trans_regulatory_or_intronic
rs4686813,3,1,1,0.129195,95.9191,trans,trans_other_or_unknown
rs4686837,3,1,1,0.169751,152.609,cis,cis_target_regulatory_or_linked
rs4687552,3,1,1,0.259964,379.549,cis,cis_locus_linked
rs4687657,3,2,2,0.589517,1647.86,trans,trans_other_gene_coding_or_splice
rs4857858,3,1,1,0.0455674,12.4439,trans,trans_other_or_unknown
rs4894803,3,1,1,0.0388,11.681,trans,trans_regulatory_or_intronic
rs4917,3,1,1,0.0784027,36.83,trans,trans_other_gene_coding_or_splice
rs4955582,3,1,1,0.104417,69.3724,trans,trans_other_or_unknown
rs4955707,3,3,3,0.104701,61.4697,trans,trans_other_or_unknown
rs4955708,3,1,1,0.0700481,34.7681,trans,trans_regulatory_or_intronic
rs5001409,3,2,2,0.0704285,37.8573,trans,trans_regulatory_or_intronic
rs5009023,3,1,1,0.046946,10.8778,trans,trans_regulatory_or_intronic
rs5030044,3,1,1,0.141976,52.9535,trans,trans_regulatory_or_intronic
rs5030062,3,8,8,0.155226,140.075,trans,trans_regulatory_or_intronic
rs5030081,3,1,1,0.0580878,19.7788,trans,trans_regulatory_or_intronic
rs5030082,3,1,1,0.0517462,15.6844,trans,trans_regulatory_or_intronic
rs523118,3,1,1,0.0470491,12.267,trans,trans_regulatory_or_intronic
rs5398,3,1,1,0.0519281,15.3482,trans,trans_regulatory_or_intronic
rs5400,3,1,1,0.0901567,25.776,trans,trans_other_gene_coding_or_splice
rs5402,3,1,1,0.0543351,10.9329,trans,trans_regulatory_or_intronic
rs544985059,3,1,1,0.144621,85.5223,cis,cis_locus_linked
rs547373038,3,1,1,0.0352619,10.8212,trans,trans_other_or_unknown
rs55762812,3,1,1,0.0700179,13.2864,cis,cis_locus_linked
rs55783924,3,1,1,0.052632,16.5027,trans,trans_regulatory_or_intronic
rs55859364,3,1,1,0.0577248,18.4665,trans,trans_regulatory_or_intronic
rs55964615,3,1,1,0.0529637,20.9562,trans,trans_regulatory_or_intronic
rs56185965,3,1,1,0.0583751,11.3849,trans,trans_other_or_unknown
rs56210800,3,2,2,0.169159,76.3433,trans,trans_regulatory_or_intronic
rs56384862,3,1,1,0.060153,21.381,trans,trans_other_gene_coding_or_splice
rs56387622,3,11,11,0.0875342,19.4707,trans,trans_regulatory_or_intronic
rs57413756,3,1,1,0.0732353,14.3162,trans,trans_regulatory_or_intronic
rs575170401,3,1,1,0.0443727,13.0449,trans,trans_regulatory_or_intronic
rs575559,3,1,1,0.0829126,38.7276,trans,trans_regulatory_or_intronic
rs5952,3,1,1,1.31755,237.902,trans,trans_other_gene_coding_or_splice
rs60643519,3,1,1,0.117539,58.2758,trans,trans_regulatory_or_intronic
rs610060,3,1,1,0.0636652,24.7634,cis,cis_target_regulatory_or_linked
rs614004,3,1,1,0.0579178,22.086,trans,trans_regulatory_or_intronic
rs617119,3,2,2,0.0493507,15.1124,trans,trans_regulatory_or_intronic
rs61762319,3,3,3,0.218668,37.056,trans,trans_other_gene_coding_or_splice
rs61791721,3,2,2,0.0721972,44.1136,trans,trans_regulatory_or_intronic
rs61791757,3,2,2,0.0551647,14.5871,trans,trans_regulatory_or_intronic
rs62246445,3,1,1,0.0544558,17.1451,trans,trans_regulatory_or_intronic
rs62252239,3,1,1,0.0405305,14.1601,trans,trans_regulatory_or_intronic
rs62258127,3,1,1,0.04845,13.2057,trans,trans_regulatory_or_intronic
rs62260494,3,1,1,0.0539637,11.1979,trans,trans_regulatory_or_intronic
rs62262391,3,2,2,0.0750265,25.3521,trans,trans_regulatory_or_intronic
rs62262399,3,1,1,0.0698377,23.7329,trans,trans_regulatory_or_intronic
rs62262672,3,1,1,0.0543581,11.7605,trans,trans_regulatory_or_intronic
rs62264113,3,1,1,0.0675195,11.834,trans,trans_regulatory_or_intronic
rs62276455,3,3,3,0.0553658,19.6795,trans,trans_other_or_unknown
rs62292469,3,1,1,0.0616475,11.396,trans,trans_regulatory_or_intronic
rs62292590,3,1,1,0.0717944,19.145,trans,trans_regulatory_or_intronic
rs62292644,3,1,1,0.0601245,22.1935,trans,trans_regulatory_or_intronic
rs62292760,3,1,1,0.0476863,15.7267,trans,trans_regulatory_or_intronic
rs62293987,3,2,2,0.177805,77.2229,trans,trans_regulatory_or_intronic
rs6414374,3,1,1,0.0577137,15.5596,trans,trans_regulatory_or_intronic
rs6438087,3,1,1,0.0644059,28.1819,cis,cis_target_regulatory_or_linked
rs6438868,3,1,1,0.104211,71.0543,cis,cis_target_regulatory_or_linked
rs6440028,3,1,1,0.0357541,11.1736,trans,trans_regulatory_or_intronic
rs6440167,3,1,1,0.0574731,14.7443,trans,trans_regulatory_or_intronic
rs6441224,3,1,1,0.446737,1102.29,cis,cis_target_regulatory_or_linked
rs6441402,3,1,1,0.0398255,11.3504,trans,trans_regulatory_or_intronic
rs6444082,3,1,1,0.0542115,13.9493,trans,trans_regulatory_or_intronic
rs6444188,3,1,1,0.0682583,28.9156,trans,trans_regulatory_or_intronic
rs6444253,3,1,1,0.040745,12.7876,trans,trans_other_or_unknown
rs6444442,3,1,1,1.40487,5963.54,cis,cis_locus_linked
rs6445387,3,3,3,0.0852055,24.5468,trans,trans_regulatory_or_intronic
rs6445607,3,1,1,0.79784,3499.69,cis,cis_target_regulatory_or_linked
rs6446277,3,1,1,0.0635468,20.9826,cis,cis_locus_linked
rs645040,3,3,3,0.144425,109.953,trans,trans_regulatory_or_intronic
rs658011,3,1,1,0.0416681,10.9142,trans,trans_regulatory_or_intronic
rs6605317,3,1,1,0.0650167,21.6741,trans,trans_regulatory_or_intronic
rs664910,3,1,1,0.0466802,12.9185,trans,trans_regulatory_or_intronic
rs66782572,3,8,8,0.104305,72.1821,trans,trans_other_gene_coding_or_splice
rs66875251,3,1,1,0.0559338,13.6595,trans,trans_regulatory_or_intronic
rs66910450,3,1,1,0.0442745,12.4989,trans,trans_regulatory_or_intronic
rs67409736,3,5,5,0.0546537,21.9642,trans,trans_regulatory_or_intronic
rs6762552,3,2,2,0.0778313,35.9051,trans,trans_regulatory_or_intronic
rs6763543,3,1,1,0.0487622,15.9174,trans,trans_regulatory_or_intronic
rs6764279,3,1,1,0.0662255,21.2309,trans,trans_regulatory_or_intronic
rs6767899,3,1,1,0.0404121,10.8463,trans,trans_regulatory_or_intronic
rs6768977,3,2,2,0.0565331,18.7101,trans,trans_other_or_unknown
rs6775517,3,1,1,0.0449044,11.8935,trans,trans_regulatory_or_intronic
rs6775901,3,1,1,0.0448338,10.9173,trans,trans_other_or_unknown
rs6777887,3,1,1,0.119555,61.0263,trans,trans_regulatory_or_intronic
rs6778888,3,1,1,0.0466009,14.6834,trans,trans_other_or_unknown
rs6779146,3,1,1,0.0530565,12.6001,trans,trans_regulatory_or_intronic
rs678,3,2,2,0.135765,94.9556,cis;trans,cis_target_coding_or_splice;trans_other_gene_coding_or_splice
rs6780030,3,1,1,0.0771551,13.7608,trans,trans_regulatory_or_intronic
rs6782228,3,3,3,0.046401,12.3979,trans,trans_other_or_unknown
rs6782812,3,1,1,0.0926471,28.7423,trans,trans_other_or_unknown
rs6784601,3,1,1,0.0394107,11.3924,trans,trans_regulatory_or_intronic
rs6786207,3,1,1,0.0759725,33.5313,trans,trans_regulatory_or_intronic
rs6786689,3,1,1,0.0832839,14.4065,trans,trans_regulatory_or_intronic
rs6786821,3,1,1,0.0916945,55.9179,trans,trans_regulatory_or_intronic
rs6787229,3,2,2,0.065005,12.6003,trans,trans_regulatory_or_intronic
rs6791602,3,1,1,0.0493869,14.0096,trans,trans_regulatory_or_intronic
rs6792290,3,1,1,0.0938049,41.3571,cis,cis_target_regulatory_or_linked
rs6795463,3,1,1,0.0522271,18.3518,trans,trans_regulatory_or_intronic
rs6798507,3,1,1,0.0608178,27.0414,trans,trans_regulatory_or_intronic
rs6799024,3,1,1,0.199559,11.8463,trans,trans_regulatory_or_intronic
rs6800284,3,1,1,0.0633173,27.016,trans,trans_other_or_unknown
rs6800909,3,1,1,0.0534471,15.8448,trans,trans_regulatory_or_intronic
rs6800985,3,1,1,0.0373989,11.7647,trans,trans_regulatory_or_intronic
rs6802023,3,1,1,0.0472602,11.9011,trans,trans_other_or_unknown
rs6802898,3,1,1,0.079018,20.2589,trans,trans_regulatory_or_intronic
rs6808595,3,1,1,0.0726048,14.7592,trans,trans_regulatory_or_intronic
rs684773,3,1,1,0.0532074,16.7702,trans,trans_regulatory_or_intronic
rs687339,3,12,12,0.0928509,57.4506,trans,trans_other_or_unknown
rs698084,3,1,1,0.0689308,19.1826,trans,trans_regulatory_or_intronic
rs710446,3,11,11,0.463626,1377.77,trans,trans_other_gene_coding_or_splice
rs71309976,3,3,3,0.283947,21.3302,trans,trans_other_or_unknown
rs71313509,3,1,1,0.101166,21.6155,trans,trans_regulatory_or_intronic
rs71324996,3,1,1,0.0426589,11.0916,trans,trans_regulatory_or_intronic
rs71328478,3,1,1,0.0531882,12.0238,trans,trans_regulatory_or_intronic
rs72491121,3,1,1,1.80202,2908.66,cis,cis_target_coding_or_splice
rs72625027,3,1,1,0.0670303,15.4207,trans,trans_regulatory_or_intronic
rs726681,3,1,1,0.0473743,13.814,trans,trans_regulatory_or_intronic
rs73054085,3,1,1,0.0953342,33.4171,cis,cis_locus_linked
rs73079736,3,1,1,0.0661397,15.2008,trans,trans_regulatory_or_intronic
rs73133996,3,1,1,0.0761812,42.5659,trans,trans_regulatory_or_intronic
rs73136045,3,1,1,0.0616281,16.007,trans,trans_regulatory_or_intronic
rs73136057,3,1,1,0.116532,41.6425,trans,trans_regulatory_or_intronic
rs73158489,3,1,1,0.0707471,17.64,trans,trans_regulatory_or_intronic
rs73174306,3,2,2,0.411638,162.371,trans,trans_regulatory_or_intronic
rs73186030,3,2,2,0.119068,41.4684,trans,trans_regulatory_or_intronic
rs7355958,3,1,1,0.0458243,14.793,trans,trans_regulatory_or_intronic
rs73860747,3,2,2,0.110089,26.0823,trans,trans_regulatory_or_intronic
rs7427367,3,1,1,0.505516,475.925,cis,cis_target_regulatory_or_linked
rs7428376,3,1,1,0.0561026,21.4081,trans,trans_regulatory_or_intronic
rs7429191,3,1,1,0.05338,19.3283,trans,trans_other_or_unknown
rs7432658,3,1,1,0.0656377,22.4788,trans,trans_regulatory_or_intronic
rs74328526,3,1,1,0.0946767,15.0715,trans,trans_regulatory_or_intronic
rs7434077,3,1,1,0.23741,90.0785,cis,cis_target_regulatory_or_linked
rs744233,3,1,1,0.058902,18.0392,trans,trans_regulatory_or_intronic
rs74461473,3,1,1,0.201239,95.6116,cis,cis_locus_linked
rs75135487,3,1,1,0.0738687,19.0181,trans,trans_regulatory_or_intronic
rs75300766,3,1,1,0.0560564,16.1355,trans,trans_regulatory_or_intronic
rs7614709,3,1,1,0.246283,263.725,trans,trans_regulatory_or_intronic
rs7614981,3,2,2,0.0860354,48.1779,trans,trans_regulatory_or_intronic
rs7616006,3,1,1,0.0471681,16.3529,trans,trans_regulatory_or_intronic
rs7616330,3,1,1,0.0486681,15.5361,trans,trans_regulatory_or_intronic
rs7616842,3,1,1,0.0627664,27.3519,trans,trans_regulatory_or_intronic
rs7618405,3,29,29,0.170728,118.03,trans,trans_regulatory_or_intronic
rs7621911,3,1,1,0.0423823,12.14,trans,trans_regulatory_or_intronic
rs7625655,3,1,1,0.0539968,11.4335,trans,trans_regulatory_or_intronic
rs7627284,3,1,1,0.0826849,33.7391,trans,trans_regulatory_or_intronic
rs7629573,3,1,1,0.129813,85.2576,trans,trans_regulatory_or_intronic
rs7630698,3,1,1,0.0626506,24.6833,trans,trans_other_or_unknown
rs763342,3,1,1,0.0550071,20.481,trans,trans_other_or_unknown
rs7633553,3,1,1,0.0491966,13.9489,trans,trans_other_or_unknown
rs7634389,3,1,1,0.0661881,27.5497,trans,trans_regulatory_or_intronic
rs7634817,3,1,1,0.0670554,30.4593,trans,trans_regulatory_or_intronic
rs7635832,3,1,1,0.0410065,12.1033,trans,trans_regulatory_or_intronic
rs7635884,3,1,1,0.0515004,15.1951,trans,trans_regulatory_or_intronic
rs7636227,3,1,1,0.110637,75.1557,trans,trans_regulatory_or_intronic
rs7638232,3,4,4,0.0501132,17.5532,trans,trans_regulatory_or_intronic
rs7639097,3,1,1,0.0616804,22.429,trans,trans_other_or_unknown
rs7639267,3,1,1,0.0683151,29.1017,trans,trans_regulatory_or_intronic
rs7640533,3,1,1,0.0422864,11.3968,trans,trans_regulatory_or_intronic
rs7641175,3,7,7,0.0651536,21.3914,trans,trans_regulatory_or_intronic
rs76436027,3,1,1,0.318924,77.6229,trans,trans_regulatory_or_intronic
rs7644546,3,1,1,0.186335,11.2475,trans,trans_other_or_unknown
rs7644664,3,1,1,0.0483971,16.9378,trans,trans_regulatory_or_intronic
rs7646106,3,1,1,0.0609365,18.6529,trans,trans_regulatory_or_intronic
rs7648959,3,1,1,0.0884613,42.1624,trans,trans_regulatory_or_intronic
rs7650294,3,1,1,0.0391927,11.2623,trans,trans_regulatory_or_intronic
rs7650457,3,1,1,0.0897544,30.197,trans,trans_regulatory_or_intronic
rs76604555,3,1,1,0.144109,49.9246,cis,cis_target_regulatory_or_linked
rs76651220,3,1,1,0.0957698,11.5242,trans,trans_regulatory_or_intronic
rs76786086,3,1,1,0.613204,299.432,cis,cis_target_regulatory_or_linked
rs76830965,3,1,1,0.0712575,13.8422,trans,trans_regulatory_or_intronic
rs771327,3,1,1,0.0432219999999999,12.0841,trans,trans_regulatory_or_intronic
rs771797,3,1,1,0.0517661,14.41,trans,trans_regulatory_or_intronic
rs77347777,3,2,2,0.082288,17.3321,trans,trans_regulatory_or_intronic
rs774006,3,1,1,0.0738181,29.6237,trans,trans_regulatory_or_intronic
rs77400868,3,1,1,0.499727,695.954,cis,cis_target_regulatory_or_linked
rs775722,3,1,1,0.0985093,63.0701,cis,cis_target_regulatory_or_linked
rs77682405,3,1,1,0.0792625,10.9509,trans,trans_regulatory_or_intronic
rs78208917,3,1,1,0.0693924,11.1954,trans,trans_regulatory_or_intronic
rs784504,3,2,2,0.0607308,13.8335,trans,trans_regulatory_or_intronic
rs78565404,3,1,1,0.138442,23.5877,cis,cis_locus_linked
rs78654812,3,1,1,0.107179,34.2071,cis,cis_locus_linked
rs79287178,3,9,9,0.628237,246.574,cis;trans,cis_locus_linked;trans_regulatory_or_intronic
rs79328618,3,1,1,0.0718693,11.1425,trans,trans_regulatory_or_intronic
rs79385566,3,2,2,0.0747262,14.5088,trans,trans_other_or_unknown
rs79419884,3,1,1,0.0785456,15.7535,trans,trans_regulatory_or_intronic
rs796291,3,1,1,0.0858437,47.9918,trans,trans_regulatory_or_intronic
rs8177245,3,1,1,0.328632,570.515,cis,cis_target_regulatory_or_linked
rs8177253,3,1,1,0.0585143,19.5701,trans,trans_regulatory_or_intronic
rs828597,3,1,1,0.0640851,27.0411,trans,trans_regulatory_or_intronic
rs828613,3,1,1,0.0560549,20.7004,trans,trans_regulatory_or_intronic
rs833270,3,6,6,0.0667491,29.4015,trans,trans_regulatory_or_intronic
rs8455,3,1,1,0.165031,156.59,cis,cis_target_coding_or_splice
rs895893,3,1,1,0.047488,11.0404,trans,trans_regulatory_or_intronic
rs900173,3,1,1,0.0567789,19.4161,trans,trans_other_or_unknown
rs920570,3,1,1,0.0709921,35.2877,trans,trans_other_or_unknown
rs9310201,3,1,1,0.0464336,14.0285,trans,trans_other_or_unknown
rs9311469,3,1,1,0.097246,26.1144,cis,cis_locus_linked
rs931679,3,1,1,0.534743,530.174,cis,cis_target_regulatory_or_linked
rs939885,3,5,5,0.166487,162.12,trans,trans_other_gene_coding_or_splice
rs959376,3,1,1,0.0653374,15.6252,trans,trans_regulatory_or_intronic
rs9647379,3,1,1,0.0738487,33.7003,trans,trans_regulatory_or_intronic
rs967367,3,2,2,0.113485,81.8253,trans,trans_regulatory_or_intronic
rs9809116,3,2,2,0.045599,13.0839,trans,trans_regulatory_or_intronic
rs9810259,3,1,1,0.0436807,15.6765,trans,trans_regulatory_or_intronic
rs9811449,3,1,1,0.0527971,17.1798,trans,trans_regulatory_or_intronic
rs9814670,3,1,1,0.0559725,17.073,trans,trans_regulatory_or_intronic
rs9815073,3,3,3,0.300771,530.33,trans,trans_regulatory_or_intronic
rs9819371,3,2,2,0.10205,16.8751,trans,trans_regulatory_or_intronic
rs9821691,3,1,1,0.0569774,19.7953,trans,trans_other_or_unknown
rs9821965,3,3,3,0.12516,97.8233,trans,trans_regulatory_or_intronic
rs9822589,3,1,1,0.0586147,23.6579,trans,trans_other_or_unknown
rs9823546,3,1,1,1.04487,5024.79,cis,cis_locus_linked
rs9829502,3,1,1,0.0468731,14.6393,trans,trans_regulatory_or_intronic
rs9835659,3,2,2,0.160023,15.9102,trans,trans_other_gene_coding_or_splice
rs9839302,3,1,1,0.0874884,42.4356,trans,trans_regulatory_or_intronic
rs9839475,3,1,1,0.801408,3329.12,cis,cis_locus_linked
rs9842051,3,1,1,0.0775829,31.1524,trans,trans_regulatory_or_intronic
rs9842735,3,1,1,0.0364057,12.5312,trans,trans_regulatory_or_intronic
rs9844706,3,2,2,0.0812593,17.085,trans,trans_regulatory_or_intronic
rs9846315,3,1,1,0.0522373,12.4431,trans,trans_regulatory_or_intronic
rs9846396,3,1,1,0.0495668,16.9469,trans,trans_regulatory_or_intronic
rs9846767,3,1,1,0.0756117,11.2531,trans,trans_regulatory_or_intronic
rs9847221,3,1,1,0.0755793,33.4101,trans,trans_regulatory_or_intronic
rs9848864,3,1,1,0.0411531,11.6069,trans,trans_other_or_unknown
rs9853056,3,3,3,0.0895679,51.4265,trans,trans_regulatory_or_intronic
rs9854955,3,1,1,0.045917,17.5634,trans,trans_regulatory_or_intronic
rs9855175,3,1,1,0.0520826,26.4896,trans,trans_regulatory_or_intronic
rs9856702,3,1,1,0.070304,13.1296,trans,trans_regulatory_or_intronic
rs9857570,3,3,3,0.0871339,40.4449,trans,trans_regulatory_or_intronic
rs9857773,3,1,1,0.0521661,21.5368,trans,trans_regulatory_or_intronic
rs9857914,3,1,1,0.0478638,14.8138,trans,trans_regulatory_or_intronic
rs9859077,3,1,1,0.126863,96.912,trans,trans_regulatory_or_intronic
rs9859117,3,1,1,0.0739232,23.4848,trans,trans_regulatory_or_intronic
rs9859406,3,1,1,0.0493449,13.5933,trans,trans_regulatory_or_intronic
rs9860062,3,1,1,0.0645591,16.9064,trans,trans_regulatory_or_intronic
rs9860747,3,2,2,0.0802656,22.5577,trans,trans_regulatory_or_intronic
rs9862660,3,1,1,0.0924177,11.3607,trans,trans_regulatory_or_intronic
rs9865841,3,1,1,0.0283093,12.5023,trans,trans_regulatory_or_intronic
rs9866126,3,1,1,0.0934596,50.51,trans,trans_regulatory_or_intronic
rs9867582,3,1,1,0.0454538,15.2989,trans,trans_regulatory_or_intronic
rs9873618,3,1,1,0.0797303,35.5115,trans,trans_regulatory_or_intronic
rs9874911,3,1,1,0.292988,294.307,cis,cis_locus_linked
rs9878047,3,1,1,0.816216,2930.5,cis,cis_locus_linked
rs9880192,3,4,4,0.0482761,14.9405,trans,trans_regulatory_or_intronic
rs9880677,3,1,1,0.0523496,15.0443,trans,trans_other_or_unknown
rs9881468,3,1,1,0.30474,534.159,cis,cis_locus_linked
rs9883955,3,1,1,0.0547505,21.6146,trans,trans_regulatory_or_intronic
rs9898,3,2,2,0.462985,1109.22,cis;trans,cis_target_coding_or_splice;trans_other_gene_coding_or_splice
rs10001601,4,1,1,0.0545565,21.0731,trans,trans_regulatory_or_intronic
rs10002742,4,1,1,0.0392681,11.0538,trans,trans_regulatory_or_intronic
rs10003835,4,1,1,0.0471254,14.5746,trans,trans_regulatory_or_intronic
rs10004195,4,1,1,0.0640787,19.8831,trans,trans_regulatory_or_intronic
rs10004459,4,1,1,0.0729487,11.1394,trans,trans_other_or_unknown
rs10008637,4,1,1,0.0416891,11.7916,trans,trans_regulatory_or_intronic
rs10010281,4,1,1,0.0591537,17.4931,trans,trans_regulatory_or_intronic
rs10014102,4,2,2,0.0484011,15.2177,trans,trans_regulatory_or_intronic
rs10016018,4,6,6,0.0646161,25.0027,trans,trans_regulatory_or_intronic
rs10017466,4,2,2,0.050882,15.1849,trans,trans_regulatory_or_intronic
rs10022491,4,1,1,0.0382506,10.7981,trans,trans_other_gene_coding_or_splice
rs10025351,4,25,25,0.0595277,24.3442,trans,trans_regulatory_or_intronic
rs10027182,4,2,2,0.0624624,20.9739,trans,trans_regulatory_or_intronic
rs10028665,4,1,1,0.0562421,24.0217,trans,trans_regulatory_or_intronic
rs10033900,4,2,2,0.199403,244.905,cis;trans,cis_target_regulatory_or_linked;trans_regulatory_or_intronic
rs1012365,4,1,1,0.179751,123.887,cis,cis_target_regulatory_or_linked
rs10434448,4,1,1,0.037673,13.1128,trans,trans_regulatory_or_intronic
rs10440319,4,1,1,0.0344058,12.1385,trans,trans_other_or_unknown
rs10440365,4,1,1,0.0427905,10.9592,trans,trans_other_or_unknown
rs10470729,4,1,1,0.0632106,21.3516,trans,trans_other_or_unknown
rs10470911,4,2,2,0.0508754,15.5103,trans,trans_regulatory_or_intronic
rs10518305,4,2,2,0.0979492,35.8213,trans,trans_regulatory_or_intronic
rs1055582,4,1,1,0.0409635,10.8556,trans,trans_regulatory_or_intronic
rs10856963,4,1,1,0.0444159,12.787,trans,trans_regulatory_or_intronic
rs10857228,4,1,1,0.049946,18.8518,trans,trans_regulatory_or_intronic
rs10939692,4,1,1,0.0431595,12.3074,trans,trans_regulatory_or_intronic
rs11100399,4,1,1,0.0456991,15.1893,trans,trans_regulatory_or_intronic
rs11133477,4,1,1,0.0524725,12.9119,trans,trans_regulatory_or_intronic
rs111981122,4,1,1,0.664377,1832.86,cis,cis_target_regulatory_or_linked
rs112056018,4,1,1,0.269146,14.0088,trans,trans_regulatory_or_intronic
rs1126670,4,2,2,0.0485036,13.3404,trans,trans_other_gene_coding_or_splice
rs1126672,4,1,1,0.048237,15.2826,trans,trans_other_gene_coding_or_splice
rs1133483,4,1,1,0.038306,21.2625,trans,trans_regulatory_or_intronic
rs113881148,4,1,1,0.0388594,11.2437,trans,trans_regulatory_or_intronic
rs1139490,4,2,2,0.0616318,22.5093,trans,trans_regulatory_or_intronic
rs114082534,4,3,3,0.181275,44.834,trans,trans_regulatory_or_intronic
rs114838597,4,1,1,0.163758,16.2969,cis,cis_target_regulatory_or_linked
rs115007843,4,1,1,0.0630838,15.1765,trans,trans_regulatory_or_intronic
rs11541628,4,1,1,0.318006,55.6483,cis,cis_target_coding_or_splice
rs1154401,4,2,2,0.0495002,16.6833,trans,trans_regulatory_or_intronic
rs11548618,4,1,1,1.66885,439.528,cis,cis_target_coding_or_splice
rs11574452,4,1,1,0.186739,35.4066,cis,cis_target_regulatory_or_linked
rs115924581,4,1,1,0.145262,31.2195,trans,trans_regulatory_or_intronic
rs11722463,4,1,1,0.0520762,17.2674,trans,trans_regulatory_or_intronic
rs11722554,4,1,1,1.31708,1572.57,cis,cis_target_coding_or_splice
rs11722561,4,1,1,0.0408071,12.3044,trans,trans_regulatory_or_intronic
rs11723339,4,1,1,0.0497729,13.9311,cis,cis_target_regulatory_or_linked
rs11724862,4,3,3,0.0656523,20.0827,trans,trans_regulatory_or_intronic
rs11731274,4,1,1,0.0722067,19.5032,trans,trans_other_or_unknown
rs11734099,4,6,6,0.0731019,23.7854,trans,trans_other_or_unknown
rs11734132,4,4,4,0.0798158,24.2518,trans,trans_other_or_unknown
rs11735092,4,1,1,0.0445091,14.3076,trans,trans_regulatory_or_intronic
rs11735280,4,1,1,0.0465781,12.0724,trans,trans_regulatory_or_intronic
rs11736498,4,1,1,0.263929,450.973,trans,trans_regulatory_or_intronic
rs11935823,4,1,1,0.0468294,20.4266,trans,trans_regulatory_or_intronic
rs11944698,4,1,1,0.055954,13.8669,trans,trans_regulatory_or_intronic
rs1229984,4,1,1,0.219853,42.3689,trans,trans_other_gene_coding_or_splice
rs1230154,4,1,1,0.0437296,12.1943,trans,trans_regulatory_or_intronic
rs1230156,4,1,1,0.0436631,12.2483,trans,trans_regulatory_or_intronic
rs12331051,4,1,1,0.0456017,13.0482,trans,trans_other_or_unknown
rs12331618,4,4,4,0.0731095,33.5999,trans,trans_other_or_unknown
rs1246642,4,1,1,0.0485718,11.6447,trans,trans_regulatory_or_intronic
rs1247635,4,1,1,0.157199,37.6333,cis,cis_locus_linked
rs12500824,4,1,1,0.0409042,11.5794,trans,trans_regulatory_or_intronic
rs12505364,4,1,1,0.0475207,15.0239,trans,trans_other_or_unknown
rs12509595,4,1,1,0.664161,2316.94,cis,cis_locus_linked
rs12509636,4,1,1,0.0380672,15.4528,trans,trans_regulatory_or_intronic
rs12509937,4,1,1,0.131913,115.499,trans,trans_regulatory_or_intronic
rs12510382,4,1,1,0.0626007,24.1219,trans,trans_regulatory_or_intronic
rs12511831,4,1,1,0.0436314,13.8372,trans,trans_regulatory_or_intronic
rs12513342,4,1,1,0.383772,1385.56,trans,trans_regulatory_or_intronic
rs12640189,4,1,1,0.0569793,11.4453,trans,trans_other_or_unknown
rs12643257,4,1,1,0.0500647,15.7149,trans,trans_regulatory_or_intronic
rs12645070,4,1,1,0.0858462,28.9189,trans,trans_regulatory_or_intronic
rs12646270,4,1,1,0.179054,44.0096,trans,trans_other_gene_coding_or_splice
rs12650156,4,1,1,0.045306,17.6258,trans,trans_regulatory_or_intronic
rs12651188,4,1,1,0.437387,11.2963,trans,trans_regulatory_or_intronic
rs13101482,4,1,1,0.0648074,21.4698,trans,trans_regulatory_or_intronic
rs13103023,4,1,1,0.769375,3036.34,cis,cis_target_regulatory_or_linked
rs13104150,4,1,1,0.0475529,15.3337,trans,trans_regulatory_or_intronic
rs13104208,4,1,1,0.0759075,21.2394,trans,trans_other_or_unknown
rs13105103,4,1,1,0.0512347,17.0372,trans,trans_regulatory_or_intronic
rs13107174,4,2,2,0.0634808,17.2158,trans,trans_regulatory_or_intronic
rs13107325,4,110,110,0.319325,166.28,trans,trans_other_gene_coding_or_splice
rs13108218,4,21,21,0.0608521,41.0963,trans,trans_regulatory_or_intronic
rs13111751,4,1,1,0.0424074,17.3989,trans,trans_other_or_unknown
rs13118687,4,1,1,0.0406982,11.4828,trans,trans_regulatory_or_intronic
rs13119906,4,1,1,0.041731,11.1964,trans,trans_regulatory_or_intronic
rs13120371,4,1,1,0.0419964,11.0402,trans,trans_other_or_unknown
rs13122305,4,1,1,0.0457164,11.9888,trans,trans_regulatory_or_intronic
rs13127052,4,1,1,0.0673752,16.4593,trans,trans_regulatory_or_intronic
rs13128180,4,1,1,0.0436387,11.4103,trans,trans_regulatory_or_intronic
rs13133886,4,1,1,0.0703008,24.4418,trans,trans_regulatory_or_intronic
rs13135092,4,2,2,0.0906378,18.5358,trans,trans_regulatory_or_intronic
rs13138355,4,1,1,0.0597338,15.9524,trans,trans_regulatory_or_intronic
rs13146355,4,3,3,0.062112,27.779,trans,trans_regulatory_or_intronic
rs13147041,4,1,1,0.0411853,10.846,trans,trans_regulatory_or_intronic
rs13328049,4,1,1,0.0444026,11.1114,trans,trans_regulatory_or_intronic
rs1352846,4,1,1,1.21188,6833.4,cis,cis_target_regulatory_or_linked
rs1374657,4,1,1,0.118399,69.9673,cis,cis_target_regulatory_or_linked
rs138327568,4,1,1,0.364253,11.7827,trans,trans_regulatory_or_intronic
rs1386625,4,5,5,0.130675,34.4809,trans,trans_other_or_unknown
rs1398016,4,1,1,0.0421124,11.537,trans,trans_regulatory_or_intronic
rs1398018,4,7,7,0.0493824,17.4317,trans,trans_regulatory_or_intronic
rs142160737,4,1,1,0.078185,18.2114,trans,trans_regulatory_or_intronic
rs1425249,4,1,1,0.0419259,11.2557,trans,trans_regulatory_or_intronic
rs142708984,4,1,1,0.044453,11.2486,trans,trans_regulatory_or_intronic
rs143486729,4,1,1,0.55101,327.933,cis,cis_target_regulatory_or_linked
rs144317085,4,1,1,0.132076,14.1712,trans,trans_regulatory_or_intronic
rs1490589,4,1,1,0.120175,118.47,trans,trans_regulatory_or_intronic
rs1493025,4,1,1,0.0430531,14.5652,trans,trans_regulatory_or_intronic
rs151450,4,1,1,0.0410139,10.8317,trans,trans_regulatory_or_intronic
rs1532196,4,1,1,0.0438964,11.915,trans,trans_regulatory_or_intronic
rs1550270,4,1,1,0.243524,287.291,cis,cis_locus_linked
rs16849384,4,1,1,0.18758,229.296,cis,cis_target_regulatory_or_linked
rs16850073,4,1,1,0.559026,1650.69,cis,cis_target_regulatory_or_linked
rs1691273,4,1,1,0.163436,132.446,cis,cis_target_regulatory_or_linked
rs17005891,4,1,1,0.0538153,11.23,trans,trans_regulatory_or_intronic
rs17007484,4,1,1,0.0653351,12.6268,trans,trans_regulatory_or_intronic
rs17009129,4,1,1,0.209925,228.529,cis,cis_locus_linked
rs17013212,4,1,1,0.167718,92.2168,cis,cis_target_regulatory_or_linked
rs17016299,4,1,1,0.0865425,13.7648,cis,cis_locus_linked
rs17020903,4,1,1,0.0726622,23.8099,trans,trans_other_or_unknown
rs17030316,4,1,1,0.0499341,13.5557,trans,trans_regulatory_or_intronic
rs17039766,4,1,1,0.282597,111.243,trans,trans_regulatory_or_intronic
rs17087335,4,1,1,0.061865,15.9087,trans,trans_regulatory_or_intronic
rs17088693,4,1,1,0.33947,94.4237,cis,cis_locus_linked
rs1713987,4,2,2,0.0754374,30.6423,trans,trans_regulatory_or_intronic
rs17148851,4,1,1,0.0828892,15.2658,trans,trans_regulatory_or_intronic
rs17259257,4,2,2,0.108321,17.6104,trans,trans_regulatory_or_intronic
rs17266594,4,1,1,0.0987628,49.6966,trans,trans_regulatory_or_intronic
rs17361097,4,2,2,0.0671174,30.6933,trans,trans_regulatory_or_intronic
rs17556750,4,1,1,0.0457826,11.1904,trans,trans_other_or_unknown
rs17611784,4,1,1,0.17925,17.5216,trans,trans_regulatory_or_intronic
rs1799895,4,2,2,2.25382,1656.23,cis;trans,cis_target_coding_or_splice;trans_other_gene_coding_or_splice
rs1800759,4,6,6,0.130724,100.973,cis;trans,cis_target_regulatory_or_linked;trans_regulatory_or_intronic
rs1813006,4,1,1,0.0907359,12.2404,trans,trans_other_or_unknown
rs188708679,4,1,1,0.377921,13.2651,trans,trans_other_or_unknown
rs1946959,4,1,1,0.0472814,13.4516,trans,trans_regulatory_or_intronic
rs1961950,4,1,1,0.172667,64.7236,trans,trans_regulatory_or_intronic
rs2017857,4,2,2,0.0572282,15.8895,trans,trans_regulatory_or_intronic
rs2047500,4,1,1,0.0418521,10.8955,trans,trans_regulatory_or_intronic
rs2059489,4,1,1,0.0448388,13.232,trans,trans_regulatory_or_intronic
rs2120377,4,1,1,0.148638,107.822,trans,trans_other_or_unknown
rs2126526,4,1,1,0.0421317,10.8487,trans,trans_regulatory_or_intronic
rs218263,4,1,1,0.0648835,13.5935,cis,cis_locus_linked
rs218264,4,6,6,0.0721156,24.189,trans,trans_other_or_unknown
rs218265,4,2,2,0.082941,31.2345,trans,trans_other_or_unknown
rs223484,4,1,1,0.0491545,17.2089,trans,trans_regulatory_or_intronic
rs223494,4,1,1,0.0431051,11.4966,trans,trans_regulatory_or_intronic
rs2237041,4,1,1,0.0421086,11.8038,trans,trans_regulatory_or_intronic
rs2276890,4,1,1,0.103144,55.5362,trans,trans_regulatory_or_intronic
rs2292804,4,1,1,0.12238,90.9991,trans,trans_regulatory_or_intronic
rs2298992,4,2,2,0.0477191,14.2436,trans,trans_regulatory_or_intronic
rs2301791,4,1,1,0.818376,4259.0,cis,cis_target_regulatory_or_linked
rs2302465,4,1,1,1.51571,5744.86,cis,cis_target_coding_or_splice
rs230496,4,1,1,0.0526829,17.3351,trans,trans_regulatory_or_intronic
rs230509,4,1,1,0.119493,73.7691,cis,cis_target_regulatory_or_linked
rs2305506,4,1,1,0.0597971,11.5352,trans,trans_regulatory_or_intronic
rs2305669,4,1,1,0.0642577,25.078,trans,trans_regulatory_or_intronic
rs2319713,4,1,1,0.0456899,12.5929,cis,cis_target_regulatory_or_linked
rs2334114,4,1,1,0.219581,186.918,cis,cis_target_regulatory_or_linked
rs2341218,4,1,1,0.0858988,36.5824,cis,cis_locus_linked
rs2347136,4,1,1,0.0486373,13.9414,trans,trans_regulatory_or_intronic
rs2347137,4,1,1,0.0491199,15.3884,trans,trans_regulatory_or_intronic
rs2358183,4,1,1,0.048843,14.346,trans,trans_regulatory_or_intronic
rs2376253,4,1,1,0.0478384,12.5641,trans,trans_other_or_unknown
rs2446301,4,1,1,0.0834841,31.8439,trans,trans_regulatory_or_intronic
rs2498323,4,2,2,0.147078,48.9349,trans,trans_other_gene_coding_or_splice
rs2572363,4,1,1,0.0488504,24.8058,trans,trans_regulatory_or_intronic
rs2609261,4,1,1,0.0470526,11.7756,trans,trans_regulatory_or_intronic
rs2726520,4,1,1,0.0455556,14.3803,trans,trans_regulatory_or_intronic
rs2728104,4,2,2,0.141887,45.7469,cis;trans,cis_target_regulatory_or_linked;trans_regulatory_or_intronic
rs28367132,4,1,1,0.0698239,20.5346,trans,trans_regulatory_or_intronic
rs28394165,4,3,3,0.0519536,18.3156,trans,trans_regulatory_or_intronic
rs28396651,4,1,1,0.0458848,16.8521,trans,trans_regulatory_or_intronic
rs28422998,4,1,1,0.0922355,14.719,trans,trans_other_or_unknown
rs28507491,4,2,2,0.0601158,23.4896,trans,trans_regulatory_or_intronic
rs2851274,4,1,1,0.0740985,34.1645,trans,trans_regulatory_or_intronic
rs28549760,4,1,1,0.600832,990.15,cis,cis_target_coding_or_splice
rs28563976,4,1,1,0.309939,314.047,cis,cis_target_regulatory_or_linked
rs28573147,4,1,1,0.0408335,11.7462,trans,trans_regulatory_or_intronic
rs28583397,4,1,1,0.0414342,12.2083,trans,trans_regulatory_or_intronic
rs28625045,4,7,7,0.0632549,23.2543,trans,trans_regulatory_or_intronic
rs28660525,4,1,1,0.048662,11.7233,trans,trans_regulatory_or_intronic
rs2870237,4,1,1,0.0532846,18.564,trans,trans_regulatory_or_intronic
rs2870238,4,4,4,0.0459913,14.1579,trans,trans_regulatory_or_intronic
rs28705981,4,1,1,0.0563665,16.1968,trans,trans_other_or_unknown
rs2870749,4,1,1,0.309844,551.708,trans,trans_other_or_unknown
rs28716466,4,1,1,0.0688687,25.6085,trans,trans_regulatory_or_intronic
rs28817415,4,7,7,0.0541638,19.2414,trans,trans_regulatory_or_intronic
rs2884401,4,1,1,0.0474093,12.5563,trans,trans_regulatory_or_intronic
rs2903386,4,2,2,0.0465059,16.4911,trans,trans_regulatory_or_intronic
rs2903918,4,1,1,0.0897002,42.8389,trans,trans_regulatory_or_intronic
rs2922979,4,1,1,0.713267,2532.33,cis,cis_target_regulatory_or_linked
rs3097411,4,1,1,0.659098,1826.9,cis,cis_target_regulatory_or_linked
rs3113676,4,1,1,0.457074,71.4877,cis,cis_target_coding_or_splice
rs317900,4,1,1,0.142412,113.107,trans,trans_regulatory_or_intronic
rs3209152,4,1,1,0.0301539,11.3435,trans,trans_regulatory_or_intronic
rs33966350,4,1,1,0.320886,28.4658,cis,cis_target_coding_or_splice
rs34109652,4,3,3,0.0672671,26.0438,trans,trans_regulatory_or_intronic
rs34231037,4,1,1,1.32394,1401.64,cis,cis_target_coding_or_splice
rs34250475,4,1,1,0.0494809,16.9749,trans,trans_regulatory_or_intronic
rs34436963,4,1,1,0.0526029,17.6268,trans,trans_regulatory_or_intronic
rs34707604,4,3,3,0.0486158,16.1162,trans,trans_regulatory_or_intronic
rs34978105,4,1,1,0.0435305,11.4193,cis,cis_target_regulatory_or_linked
rs35077420,4,1,1,0.0505632,12.6389,trans,trans_other_or_unknown
rs35088884,4,1,1,0.0451546,11.8881,trans,trans_regulatory_or_intronic
rs35170645,4,1,1,0.243725,348.612,cis,cis_locus_linked
rs352045,4,1,1,0.575446,905.491,cis,cis_target_regulatory_or_linked
rs35597368,4,1,1,0.425154,449.747,cis,cis_target_coding_or_splice
rs35700679,4,1,1,0.705411,1749.29,cis,cis_target_regulatory_or_linked
rs35916067,4,1,1,0.17267,97.5564,cis,cis_target_regulatory_or_linked
rs3733402,4,8,8,0.374308,852.254,trans,trans_other_gene_coding_or_splice
rs3748034,4,1,1,0.0620741,13.433,trans,trans_other_gene_coding_or_splice
rs3749472,4,1,1,0.043955,11.3832,trans,trans_regulatory_or_intronic
rs3756011,4,1,1,0.385293,971.477,cis,cis_locus_linked
rs3756074,4,2,2,0.148915,24.8409,trans,trans_regulatory_or_intronic
rs3775291,4,2,2,1.15416,6353.33,cis;trans,cis_target_coding_or_splice;trans_other_gene_coding_or_splice
rs3775298,4,3,3,0.136396,112.559,trans,trans_regulatory_or_intronic
rs3796622,4,1,1,0.521978,1493.78,cis,cis_locus_linked
rs3796939,4,1,1,0.0973696,16.7966,cis,cis_target_regulatory_or_linked
rs3806755,4,1,1,0.151983,16.8045,trans,trans_regulatory_or_intronic
rs3822076,4,1,1,0.0392574,13.5769,trans,trans_regulatory_or_intronic
rs3846235,4,1,1,0.041365,11.012,trans,trans_regulatory_or_intronic
rs41264705,4,1,1,1.08271,5375.05,cis,cis_target_coding_or_splice
rs41280463,4,4,4,0.0708836,26.2512,trans,trans_regulatory_or_intronic
rs4234797,4,1,1,0.0994165,68.4354,trans,trans_regulatory_or_intronic
rs4234798,4,1,1,0.423658,1084.29,cis,cis_target_regulatory_or_linked
rs4240356,4,2,2,0.22021,378.893,trans,trans_regulatory_or_intronic
rs4241577,4,1,1,0.152284,117.564,cis,cis_locus_linked
rs4241819,4,1,1,0.0413995,12.0475,trans,trans_regulatory_or_intronic
rs4253281,4,3,3,0.0629059,35.1379,trans,trans_regulatory_or_intronic
rs4253306,4,1,1,0.560938,812.934,cis,cis_target_regulatory_or_linked
rs4253311,4,1,1,0.0703431,30.9193,trans,trans_regulatory_or_intronic
rs4280762,4,1,1,0.087721,16.2169,cis,cis_locus_linked
rs4282187,4,1,1,0.459153,1100.33,cis,cis_locus_linked
rs4362858,4,1,1,0.0661628,24.8015,trans,trans_regulatory_or_intronic
rs4399999,4,1,1,0.0473363,12.7543,trans,trans_other_or_unknown
rs4416505,4,1,1,0.0431458,12.985,trans,trans_other_or_unknown
rs4440168,4,1,1,0.0896256,32.1447,trans,trans_regulatory_or_intronic
rs4447862,4,1,1,0.0842199,44.7143,trans,trans_regulatory_or_intronic
rs4459961,4,1,1,0.0549226,11.6911,trans,trans_regulatory_or_intronic
rs4536908,4,1,1,0.0396272,16.8387,trans,trans_regulatory_or_intronic
rs4566648,4,1,1,0.0955609,46.9843,trans,trans_regulatory_or_intronic
rs4588,4,1,1,0.696806,2447.25,trans,trans_other_gene_coding_or_splice
rs4619875,4,2,2,0.154976,135.262,cis;trans,cis_locus_linked;trans_regulatory_or_intronic
rs4643790,4,1,1,0.215864,176.151,trans,trans_other_gene_coding_or_splice
rs4690097,4,1,1,0.490531,1192.82,cis,cis_locus_linked
rs4690221,4,1,1,0.0422364,12.5194,trans,trans_regulatory_or_intronic
rs4690229,4,1,1,0.0430645,12.6516,trans,trans_regulatory_or_intronic
rs4693802,4,1,1,0.0701979,29.5978,trans,trans_regulatory_or_intronic
rs4698161,4,1,1,0.0337222,12.2338,trans,trans_regulatory_or_intronic
rs4698857,4,1,1,0.0495853,15.3969,trans,trans_other_or_unknown
rs4835265,4,18,18,0.136264,57.5358,trans,trans_regulatory_or_intronic
rs4835639,4,1,1,0.0398996,17.258,trans,trans_other_or_unknown
rs4859682,4,1,1,0.0505285,17.3034,trans,trans_regulatory_or_intronic
rs4861708,4,9,9,0.179354,203.069,trans,trans_regulatory_or_intronic
rs4975198,4,1,1,0.0531532,13.2676,trans,trans_other_or_unknown
rs55797991,4,1,1,0.0590917,11.0825,cis,cis_locus_linked
rs56273319,4,1,1,0.700583,2645.3,cis,cis_target_regulatory_or_linked
rs56659624,4,1,1,0.0811361,13.9528,cis,cis_target_regulatory_or_linked
rs5743614,4,1,1,0.0627631,18.3664,trans,trans_other_gene_coding_or_splice
rs5743618,4,4,4,0.495475,941.931,cis;trans,cis_target_coding_or_splice;trans_other_gene_coding_or_splice
rs57734330,4,1,1,0.0528292,16.9344,trans,trans_other_or_unknown
rs58583086,4,1,1,0.158717,137.567,cis,cis_locus_linked
rs587668,4,1,1,0.0564705,15.5511,cis,cis_locus_linked
rs59950280,4,3,3,0.125463,86.0446,trans,trans_regulatory_or_intronic
rs59951351,4,1,1,0.0910372,14.1242,trans,trans_regulatory_or_intronic
rs60028714,4,3,3,0.0596075,29.6537,trans,trans_regulatory_or_intronic
rs60343619,4,1,1,0.0439749,14.3598,trans,trans_other_or_unknown
rs61000956,4,1,1,0.0462665,13.2203,trans,trans_regulatory_or_intronic
rs61318481,4,1,1,0.616582,1395.41,cis,cis_locus_linked
rs613749,4,1,1,0.0990832,11.8145,trans,trans_regulatory_or_intronic
rs61659583,4,1,1,0.10131,10.8039,trans,trans_regulatory_or_intronic
rs61751211,4,1,1,0.796557,124.645,cis,cis_target_regulatory_or_linked
rs62312545,4,1,1,0.0540588,11.9335,cis,cis_locus_linked
rs62322496,4,1,1,0.0979538,15.2521,trans,trans_regulatory_or_intronic
rs62323607,4,1,1,0.0464929,12.1543,trans,trans_regulatory_or_intronic
rs6446707,4,1,1,0.0416603,12.2103,trans,trans_regulatory_or_intronic
rs6532204,4,1,1,0.0409188,10.9836,trans,trans_regulatory_or_intronic
rs6532770,4,1,1,0.0574489,19.2447,trans,trans_other_or_unknown
rs6553029,4,1,1,0.0426273,11.7865,trans,trans_other_or_unknown
rs66790703,4,2,2,0.0633252,16.6025,trans,trans_regulatory_or_intronic
rs68119427,4,1,1,0.0492854,14.4473,trans,trans_other_or_unknown
rs6817882,4,1,1,0.0443998,10.9055,trans,trans_regulatory_or_intronic
rs6818519,4,1,1,0.0913289,14.2726,trans,trans_regulatory_or_intronic
rs6820553,4,1,1,1.33843,1301.05,cis,cis_target_regulatory_or_linked
rs6820615,4,1,1,0.0407576,11.127,trans,trans_regulatory_or_intronic
rs6822348,4,1,1,0.0592744,20.5152,trans,trans_regulatory_or_intronic
rs6825454,4,1,1,0.0736566,30.7963,trans,trans_regulatory_or_intronic
rs6827768,4,1,1,0.393344,684.698,cis,cis_target_regulatory_or_linked
rs6831352,4,3,3,0.0492415,16.8265,trans,trans_regulatory_or_intronic
rs6834001,4,1,1,0.0376889,11.9253,trans,trans_regulatory_or_intronic
rs6836335,4,1,1,0.293206,221.212,cis,cis_target_coding_or_splice
rs6837515,4,1,1,0.0462213,12.572,trans,trans_regulatory_or_intronic
rs6838058,4,1,1,0.0495372,14.3042,trans,trans_other_or_unknown
rs6842490,4,1,1,0.0571254,11.6431,trans,trans_regulatory_or_intronic
rs6848819,4,2,2,0.141538,18.3368,trans,trans_regulatory_or_intronic
rs6852182,4,1,1,0.119927,54.2795,trans,trans_regulatory_or_intronic
rs6852397,4,1,1,1.16858,2568.66,cis,cis_target_regulatory_or_linked
rs6852997,4,1,1,0.0503089,11.0866,trans,trans_regulatory_or_intronic
rs6853741,4,2,2,0.0450369,14.5783,trans,trans_regulatory_or_intronic
rs6857303,4,1,1,0.0453946,13.5251,trans,trans_regulatory_or_intronic
rs71610255,4,1,1,0.0581224,10.8438,trans,trans_regulatory_or_intronic
rs71633359,4,2,2,0.055259,16.4367,trans,trans_regulatory_or_intronic
rs71640035,4,3,3,0.0847838,47.6009,trans,trans_regulatory_or_intronic
rs71640036,4,1,1,0.0601985,23.2746,trans,trans_regulatory_or_intronic
rs718768,4,1,1,0.0485509,13.0729,trans,trans_other_or_unknown
rs72627508,4,1,1,0.103168,47.5611,trans,trans_regulatory_or_intronic
rs72704195,4,1,1,0.0524495,16.8933,trans,trans_regulatory_or_intronic
rs72729610,4,1,1,0.0834245,23.762,trans,trans_regulatory_or_intronic
rs72729623,4,1,1,0.0702852,18.7289,trans,trans_regulatory_or_intronic
rs72862779,4,1,1,0.0543161,13.2618,trans,trans_regulatory_or_intronic
rs73221104,4,1,1,0.048469,12.1518,trans,trans_regulatory_or_intronic
rs73842253,4,1,1,0.0876153,13.6577,trans,trans_regulatory_or_intronic
rs73844249,4,1,1,0.110117,55.5425,cis,cis_target_regulatory_or_linked
rs747369,4,1,1,0.0561669,17.7279,cis,cis_locus_linked
rs74817407,4,1,1,0.514387,16.3069,trans,trans_other_gene_coding_or_splice
rs75278193,4,1,1,0.0666696,24.2683,trans,trans_regulatory_or_intronic
rs75990859,4,1,1,0.0540459,19.5124,trans,trans_regulatory_or_intronic
rs76153614,4,1,1,0.58515,354.702,cis,cis_target_regulatory_or_linked
rs7654228,4,1,1,0.0941943,55.4258,trans,trans_other_or_unknown
rs7658518,4,1,1,0.07117,40.1181,trans,trans_regulatory_or_intronic
rs7658601,4,1,1,0.166899,103.336,trans,trans_regulatory_or_intronic
rs7663915,4,1,1,0.0784433,20.521,trans,trans_regulatory_or_intronic
rs7669911,4,1,1,0.0803076,21.1308,trans,trans_regulatory_or_intronic
rs7677733,4,3,3,0.0562132,20.9791,trans,trans_regulatory_or_intronic
rs7678352,4,1,1,0.0581444,12.936,trans,trans_regulatory_or_intronic
rs7679276,4,1,1,0.107448,12.9228,trans,trans_regulatory_or_intronic
rs7681718,4,1,1,0.409486,998.113,cis,cis_target_regulatory_or_linked
rs7682289,4,1,1,0.0552194,14.3905,trans,trans_regulatory_or_intronic
rs7684253,4,2,2,0.0540861,19.3306,trans,trans_other_or_unknown
rs7686702,4,4,4,0.0516083,16.1378,trans,trans_regulatory_or_intronic
rs7688308,4,1,1,0.0669547,12.4444,trans,trans_other_or_unknown
rs7689637,4,1,1,0.0545315,10.8044,trans,trans_other_or_unknown
rs7692344,4,1,1,0.0615371,24.945,trans,trans_regulatory_or_intronic
rs7695810,4,1,1,0.107904,46.3843,trans,trans_regulatory_or_intronic
rs7696983,4,1,1,0.057686,16.207,trans,trans_regulatory_or_intronic
rs7697204,4,2,2,0.0428469,10.8491,trans,trans_regulatory_or_intronic
rs77945361,4,4,4,0.0661648,15.5725,trans,trans_regulatory_or_intronic
rs781656,4,1,1,0.0581165,19.9872,trans,trans_regulatory_or_intronic
rs781657,4,1,1,0.108694,56.1782,trans,trans_regulatory_or_intronic
rs78293932,4,1,1,0.966602,552.686,cis,cis_target_regulatory_or_linked
rs78803121,4,1,1,0.193589,46.157,cis,cis_target_coding_or_splice
rs789350,4,1,1,0.0424661,13.8432,trans,trans_regulatory_or_intronic
rs78947501,4,1,1,0.155668,19.9427,trans,trans_regulatory_or_intronic
rs79336632,4,1,1,0.0623873,10.7774,trans,trans_regulatory_or_intronic
rs79994234,4,1,1,0.0842311,11.8215,trans,trans_regulatory_or_intronic
rs865020,4,1,1,0.043546,11.6799,trans,trans_other_or_unknown
rs93059,4,1,1,0.0569745,25.0874,trans,trans_regulatory_or_intronic
rs9307257,4,1,1,0.0588737,22.1364,trans,trans_regulatory_or_intronic
rs974801,4,1,1,0.0443074,13.4893,trans,trans_regulatory_or_intronic
rs9790601,4,1,1,0.0537538,16.6653,trans,trans_regulatory_or_intronic
rs9884482,4,1,1,0.0464307,13.0884,trans,trans_regulatory_or_intronic
rs988799,4,1,1,0.0504361,13.2967,trans,trans_regulatory_or_intronic
rs9968276,4,1,1,0.123251,62.2488,cis,cis_locus_linked
rs9991687,4,1,1,0.0862552,21.62,trans,trans_regulatory_or_intronic
rs9992651,4,1,1,0.0452891,11.7619,trans,trans_regulatory_or_intronic
rs9992667,4,1,1,0.0647697,33.6616,trans,trans_regulatory_or_intronic
rs9994426,4,1,1,0.0502062,15.0829,trans,trans_regulatory_or_intronic
rs10037254,5,1,1,0.136144,105.116,cis,cis_target_regulatory_or_linked
rs10051184,5,1,1,0.0446922,14.4538,trans,trans_other_or_unknown
rs10051765,5,3,3,0.0712283,27.9,trans,trans_regulatory_or_intronic
rs10053046,5,2,2,0.0422078,14.9318,trans,trans_regulatory_or_intronic
rs10055386,5,4,4,0.0739826,33.7747,trans,trans_regulatory_or_intronic
rs10058074,5,27,27,0.0560265,19.7265,trans,trans_regulatory_or_intronic
rs10060615,5,27,27,0.0639359,24.2476,trans,trans_regulatory_or_intronic
rs10065637,5,1,1,0.0605176,15.143,trans,trans_regulatory_or_intronic
rs10069690,5,2,2,0.045975,15.8731,trans,trans_regulatory_or_intronic
rs10071705,5,1,1,0.0516612,16.2381,trans,trans_regulatory_or_intronic
rs10075801,5,2,2,0.0529068,16.1691,trans,trans_regulatory_or_intronic
rs10075805,5,1,1,0.0520424,16.3778,trans,trans_regulatory_or_intronic
rs10079268,5,1,1,0.0417923,12.2031,trans,trans_regulatory_or_intronic
rs10214237,5,2,2,0.0697586,24.3788,trans,trans_regulatory_or_intronic
rs10214273,5,1,1,0.0605094,20.6561,trans,trans_regulatory_or_intronic
rs1035376,5,1,1,0.114785,31.2234,cis,cis_target_regulatory_or_linked
rs1042713,5,2,2,0.0462395,13.54,trans,trans_other_gene_coding_or_splice
rs1043381,5,1,1,0.0522634,13.3939,trans,trans_regulatory_or_intronic
rs10440717,5,1,1,0.183481,88.6746,cis,cis_target_regulatory_or_linked
rs10463391,5,1,1,0.24455,230.347,cis,cis_locus_linked
rs1047437,5,1,1,0.0672016,17.3276,trans,trans_other_gene_coding_or_splice
rs10477741,5,1,1,0.0635032,12.3384,trans,trans_regulatory_or_intronic
rs10479093,5,1,1,0.0409318,18.4441,trans,trans_regulatory_or_intronic
rs10514327,5,1,1,0.0520825,15.2334,cis,cis_locus_linked
rs10515520,5,1,1,0.053447,11.9019,trans,trans_regulatory_or_intronic
rs10900809,5,7,7,0.0493398,13.7276,trans,trans_regulatory_or_intronic
rs10940337,5,1,1,0.0719436,15.2101,trans,trans_regulatory_or_intronic
rs10941225,5,1,1,0.10388,61.5217,cis,cis_target_regulatory_or_linked
rs10941412,5,2,2,0.0525145,11.2053,trans,trans_other_gene_coding_or_splice
rs10941433,5,2,2,0.0751048,16.7204,trans,trans_regulatory_or_intronic
rs111063761,5,1,1,0.0504216,15.2831,trans,trans_other_or_unknown
rs111280764,5,1,1,0.0560551,14.3507,trans,trans_regulatory_or_intronic
rs11134475,5,1,1,0.0426585,13.2815,trans,trans_other_or_unknown
rs111536497,5,1,1,0.0887872,16.1935,trans,trans_regulatory_or_intronic
rs111606483,5,1,1,0.132354,11.8192,trans,trans_other_or_unknown
rs111672628,5,1,1,0.119029,26.7631,trans,trans_regulatory_or_intronic
rs112316267,5,1,1,0.0862265,12.02,trans,trans_other_or_unknown
rs1124066,5,1,1,0.0779119,36.9682,cis,cis_locus_linked
rs112688207,5,1,1,0.0525655,17.3398,trans,trans_regulatory_or_intronic
rs1130435,5,1,1,0.136077,98.9493,cis,cis_target_coding_or_splice
rs113400125,5,1,1,1.4738,1231.76,cis,cis_target_coding_or_splice
rs114694170,5,21,21,0.206659,57.9358,trans,trans_regulatory_or_intronic
rs114964313,5,1,1,0.0549414,16.4785,trans,trans_regulatory_or_intronic
rs115216147,5,12,12,0.161702,39.7432,trans,trans_regulatory_or_intronic
rs115320070,5,1,1,0.0825265,12.8274,trans,trans_regulatory_or_intronic
rs115912456,5,1,1,0.143048,22.5086,trans,trans_regulatory_or_intronic
rs116363290,5,1,1,1.65618,330.436,cis,cis_target_regulatory_or_linked
rs116734477,5,1,1,0.0967274,11.1968,trans,trans_regulatory_or_intronic
rs11738269,5,1,1,0.0828698,37.5984,trans,trans_regulatory_or_intronic
rs11738309,5,1,1,0.137932,73.2787,cis,cis_locus_linked
rs11738994,5,4,4,0.0768352,32.0561,trans,trans_regulatory_or_intronic
rs11739135,5,1,1,0.0487569,15.2945,trans,trans_regulatory_or_intronic
rs11742271,5,1,1,0.264902,182.537,cis,cis_target_regulatory_or_linked
rs11742878,5,1,1,0.0370538,12.1956,trans,trans_regulatory_or_intronic
rs11743941,5,1,1,0.05088,12.1698,trans,trans_regulatory_or_intronic
rs11746090,5,1,1,0.0562521,16.2281,cis,cis_target_regulatory_or_linked
rs11746443,5,2,2,0.0508026,14.5994,trans,trans_regulatory_or_intronic
rs11749927,5,1,1,0.061494,16.8618,trans,trans_regulatory_or_intronic
rs1177764,5,1,1,0.0464469,12.384,trans,trans_other_or_unknown
rs11950562,5,1,1,0.044076,12.5002,trans,trans_regulatory_or_intronic
rs11951091,5,2,2,0.0599358,22.4012,trans,trans_regulatory_or_intronic
rs11953411,5,1,1,0.0568694,23.2138,trans,trans_regulatory_or_intronic
rs11957633,5,1,1,0.0602913,18.7083,cis,cis_target_regulatory_or_linked
rs11960536,5,1,1,0.173892,49.5785,trans,trans_regulatory_or_intronic
rs12054818,5,1,1,0.0618747,11.4409,trans,trans_regulatory_or_intronic
rs12109613,5,1,1,0.0476735,15.0016,trans,trans_other_or_unknown
rs12188300,5,1,1,0.0799031,13.8878,trans,trans_regulatory_or_intronic
rs12189346,5,1,1,0.245594,191.554,trans,trans_regulatory_or_intronic
rs12517169,5,1,1,0.0929991,35.3233,trans,trans_regulatory_or_intronic
rs12517864,5,1,1,0.0504807,11.8204,trans,trans_regulatory_or_intronic
rs12518248,5,1,1,0.0525266,17.7648,trans,trans_regulatory_or_intronic
rs12518386,5,1,1,0.0478142,11.5641,cis,cis_target_regulatory_or_linked
rs12519115,5,1,1,0.0508077,12.0736,trans,trans_other_or_unknown
rs12521723,5,1,1,0.0508348,20.9,trans,trans_regulatory_or_intronic
rs12522289,5,1,1,0.0754558,13.944,trans,trans_regulatory_or_intronic
rs12652187,5,1,1,0.0471915,17.2388,trans,trans_regulatory_or_intronic
rs12652692,5,1,1,0.0445567,19.7697,trans,trans_regulatory_or_intronic
rs12654778,5,1,1,0.0413255,11.3747,trans,trans_regulatory_or_intronic
rs12659969,5,1,1,0.0735685,31.8733,trans,trans_regulatory_or_intronic
rs12717962,5,1,1,0.354789,777.01,cis,cis_locus_linked
rs12916,5,1,1,0.0466999,15.5972,trans,trans_regulatory_or_intronic
rs1298,5,1,1,0.0889859,24.4387,trans,trans_regulatory_or_intronic
rs13153019,5,1,1,0.0456223,11.7119,trans,trans_regulatory_or_intronic
rs13159365,5,4,4,0.547058,1803.92,cis;trans,cis_target_regulatory_or_linked;trans_regulatory_or_intronic
rs13159918,5,1,1,0.0479246,14.8677,trans,trans_regulatory_or_intronic
rs13163165,5,1,1,0.0468898,14.735,trans,trans_regulatory_or_intronic
rs13166214,5,1,1,0.0685953,25.387,trans,trans_regulatory_or_intronic
rs13167730,5,1,1,0.0824582,16.229,trans,trans_regulatory_or_intronic
rs13171140,5,1,1,0.0724792,25.3824,trans,trans_regulatory_or_intronic
rs13181561,5,1,1,0.057737,16.5868,trans,trans_regulatory_or_intronic
rs13188700,5,2,2,0.0516441,17.3896,trans,trans_regulatory_or_intronic
rs13188720,5,1,1,0.0448387,12.9754,trans,trans_regulatory_or_intronic
rs1421929,5,1,1,0.0436402,12.4481,trans,trans_regulatory_or_intronic
rs1421931,5,1,1,0.11153,75.4738,trans,trans_regulatory_or_intronic
rs1422313,5,1,1,0.40306,1006.03,cis,cis_target_regulatory_or_linked
rs1427933,5,1,1,0.0431483,12.0728,trans,trans_regulatory_or_intronic
rs143331722,5,1,1,0.31626,24.8073,trans,trans_regulatory_or_intronic
rs147799864,5,1,1,0.0444236,14.2378,trans,trans_regulatory_or_intronic
rs148567903,5,1,1,0.0892105,11.4375,trans,trans_other_or_unknown
rs149802978,5,1,1,1.10347,1360.36,cis,cis_target_regulatory_or_linked
rs151828,5,1,1,0.0473525,18.3005,trans,trans_regulatory_or_intronic
rs151829,5,2,2,0.154632,165.594,trans,trans_regulatory_or_intronic
rs151830,5,2,2,0.0588053,19.885,trans,trans_regulatory_or_intronic
rs152037,5,1,1,0.0805712,13.5465,trans,trans_regulatory_or_intronic
rs153478,5,1,1,0.664097,2471.56,cis,cis_target_coding_or_splice
rs155625,5,1,1,0.0481586,12.6325,trans,trans_regulatory_or_intronic
rs155942,5,3,3,0.0811962,35.551,trans,trans_regulatory_or_intronic
rs161651,5,1,1,0.614189,1829.84,cis,cis_target_regulatory_or_linked
rs164075,5,1,1,0.32452,600.377,cis,cis_target_coding_or_splice
rs165944,5,1,1,0.0491207,10.9735,trans,trans_regulatory_or_intronic
rs1700657,5,1,1,0.569263,1809.16,cis,cis_locus_linked
rs17138646,5,4,4,0.10625,34.3702,trans,trans_regulatory_or_intronic
rs17229943,5,1,1,0.163452,30.9515,trans,trans_regulatory_or_intronic
rs17329170,5,1,1,0.0698086,16.6466,trans,trans_regulatory_or_intronic
rs17482078,5,1,1,0.0512846,15.9124,trans,trans_other_gene_coding_or_splice
rs17622208,5,1,1,0.0495471,14.5941,trans,trans_regulatory_or_intronic
rs17622656,5,5,5,0.0491926,13.6659,trans,trans_regulatory_or_intronic
rs17671591,5,1,1,0.0494026,15.7626,trans,trans_regulatory_or_intronic
rs17688826,5,1,1,0.0536478,20.3053,trans,trans_regulatory_or_intronic
rs17689550,5,1,1,0.0642217,12.1104,trans,trans_regulatory_or_intronic
rs17839686,5,1,1,0.131323,12.8184,trans,trans_regulatory_or_intronic
rs1801020,5,13,13,1.16733,6066.9,cis;trans,cis_target_regulatory_or_linked;trans_regulatory_or_intronic
rs1805377,5,1,1,0.0972752,22.5325,cis,cis_target_regulatory_or_linked
rs180798958,5,1,1,0.199641,18.5314,trans,trans_regulatory_or_intronic
rs1835966,5,1,1,0.0440076,12.8736,trans,trans_regulatory_or_intronic
rs183711,5,1,1,0.420018,312.028,cis,cis_target_regulatory_or_linked
rs185174247,5,1,1,0.097342,24.4341,trans,trans_regulatory_or_intronic
rs193549,5,1,1,0.0411658,10.9835,trans,trans_regulatory_or_intronic
rs1963011,5,1,1,0.193187,246.289,trans,trans_regulatory_or_intronic
rs1974797,5,1,1,0.0620494,10.8245,trans,trans_other_or_unknown
rs2032890,5,1,1,0.0445985,12.2399,trans,trans_regulatory_or_intronic
rs2034347,5,1,1,0.0417235,17.5012,trans,trans_other_or_unknown
rs2046045,5,1,1,0.148788,124.278,trans,trans_regulatory_or_intronic
rs2052534,5,1,1,0.412999,987.116,cis,cis_locus_linked
rs2070722,5,1,1,0.0487824,14.7216,trans,trans_regulatory_or_intronic
rs2074612,5,1,1,0.0538226,21.4911,trans,trans_regulatory_or_intronic
rs2106854,5,2,2,0.0701212,19.8157,trans,trans_regulatory_or_intronic
rs2116715,5,1,1,0.0414893,12.0639,trans,trans_other_or_unknown
rs216145,5,1,1,0.0456956,11.0663,trans,trans_regulatory_or_intronic
rs2188962,5,1,1,0.0456196,13.3309,trans,trans_regulatory_or_intronic
rs2232195,5,1,1,0.0978435,41.8263,cis,cis_target_regulatory_or_linked
rs2248116,5,45,45,0.0525414,16.3023,trans,trans_regulatory_or_intronic
rs224916,5,1,1,0.0799906,32.1106,trans,trans_regulatory_or_intronic
rs2250995,5,1,1,0.0436579,11.6948,trans,trans_regulatory_or_intronic
rs2271708,5,1,1,0.358561,23.1227,trans,trans_other_gene_coding_or_splice
rs2277041,5,1,1,0.059569,14.7153,trans,trans_regulatory_or_intronic
rs2287888,5,1,1,0.0447993,11.8417,trans,trans_regulatory_or_intronic
rs2299012,5,1,1,0.0592257,15.5096,trans,trans_regulatory_or_intronic
rs2304058,5,1,1,1.1762,7866.37,cis,cis_target_regulatory_or_linked
rs230808,5,1,1,0.111318,56.3781,cis,cis_locus_linked
rs2338222,5,1,1,0.0410688,15.0499,trans,trans_other_or_unknown
rs2432141,5,1,1,0.0459759,13.7348,trans,trans_regulatory_or_intronic
rs2432162,5,1,1,0.159741,147.991,trans,trans_regulatory_or_intronic
rs2436396,5,1,1,0.0471127,21.9669,trans,trans_regulatory_or_intronic
rs2438150,5,1,1,0.140444,108.669,trans,trans_regulatory_or_intronic
rs2438632,5,1,1,0.224743,289.308,cis,cis_locus_linked
rs244761,5,1,1,0.069875,29.2658,trans,trans_regulatory_or_intronic
rs246414,5,2,2,0.58936,1859.1,cis;trans,cis_locus_linked;trans_regulatory_or_intronic
rs246455,5,1,1,0.0358309,10.8932,trans,trans_regulatory_or_intronic
rs249681,5,1,1,0.0451428,13.5644,trans,trans_regulatory_or_intronic
rs250736,5,1,1,0.139907,64.814,cis,cis_target_regulatory_or_linked
rs2522050,5,1,1,0.0717615,30.5103,trans,trans_regulatory_or_intronic
rs2522051,5,3,3,0.0560172,20.955,trans,trans_regulatory_or_intronic
rs2522052,5,2,2,0.0604233,22.243,trans,trans_regulatory_or_intronic
rs254415,5,1,1,0.140067,94.1307,cis,cis_target_regulatory_or_linked
rs2544809,5,1,1,0.0508892,15.817,cis,cis_target_coding_or_splice
rs2544920,5,2,2,0.0630932,25.933,trans,trans_regulatory_or_intronic
rs254562,5,1,1,0.0388242,14.3468,trans,trans_regulatory_or_intronic
rs2545801,5,2,2,0.106895,58.9713,trans,trans_regulatory_or_intronic
rs2546980,5,1,1,0.0549458,19.1183,trans,trans_other_or_unknown
rs2548332,5,2,2,0.0640353,25.6393,trans,trans_regulatory_or_intronic
rs2548993,5,2,2,0.0671919,30.1826,trans,trans_regulatory_or_intronic
rs2548997,5,2,2,0.05287,17.0295,trans,trans_regulatory_or_intronic
rs2548999,5,3,3,0.0456763,13.3417,trans,trans_regulatory_or_intronic
rs2549005,5,1,1,0.0638866,26.4327,trans,trans_regulatory_or_intronic
rs25640,5,1,1,0.165212,149.935,trans,trans_other_gene_coding_or_splice
rs2578377,5,1,1,0.0395148,11.1589,trans,trans_other_gene_coding_or_splice
rs25882,5,2,2,0.243184,224.25,cis;trans,cis_target_coding_or_splice;trans_other_gene_coding_or_splice
rs2631360,5,24,24,0.0604123,22.1205,trans,trans_regulatory_or_intronic
rs2631367,5,40,40,0.0596376,21.4108,trans,trans_regulatory_or_intronic
rs2706339,5,2,2,0.0553791,15.5033,trans,trans_regulatory_or_intronic
rs2706381,5,2,2,0.0833375,28.9542,trans,trans_regulatory_or_intronic
rs2706383,5,2,2,0.0531875,13.9414,trans,trans_regulatory_or_intronic
rs2706384,5,1,1,0.0456184,13.6618,trans,trans_regulatory_or_intronic
rs2706386,5,2,2,0.0504413,17.2584,trans,trans_regulatory_or_intronic
rs2706396,5,20,20,0.0491443,14.3244,trans,trans_regulatory_or_intronic
rs27289,5,1,1,0.0402132,10.9591,trans,trans_regulatory_or_intronic
rs27291,5,1,1,0.0735341,35.4035,trans,trans_regulatory_or_intronic
rs27295,5,2,2,0.0600774,23.4737,trans,trans_regulatory_or_intronic
rs27302,5,1,1,0.048228,14.4392,trans,trans_regulatory_or_intronic
rs2731672,5,3,3,0.0551044,17.6067,trans,trans_regulatory_or_intronic
rs2731673,5,6,6,0.081276,29.5874,trans,trans_regulatory_or_intronic
rs2731674,5,4,4,0.0918089,39.5246,trans,trans_regulatory_or_intronic
rs2736100,5,3,3,0.0488965,15.3015,trans,trans_regulatory_or_intronic
rs2740584,5,1,1,0.406133,685.918,cis,cis_locus_linked
rs274555,5,17,17,0.059923,20.8944,trans,trans_regulatory_or_intronic
rs274561,5,2,2,0.0451915,12.2215,trans,trans_regulatory_or_intronic
rs27619,5,1,1,0.0401925,11.7044,trans,trans_regulatory_or_intronic
rs27645,5,1,1,0.0387606,15.1482,trans,trans_regulatory_or_intronic
rs27660,5,1,1,0.049336,15.4393,trans,trans_regulatory_or_intronic
rs27712,5,2,2,0.067195,29.171,trans,trans_regulatory_or_intronic
rs27740,5,1,1,0.0964967,53.4164,cis,cis_locus_linked
rs28040,5,1,1,0.052594,12.1942,trans,trans_regulatory_or_intronic
rs2910580,5,1,1,0.0499743,16.163,trans,trans_other_or_unknown
rs2910686,5,1,1,0.182403,224.661,trans,trans_regulatory_or_intronic
rs2913909,5,1,1,0.100331,81.712,cis,cis_locus_linked
rs2927608,5,3,3,0.135669,146.792,trans,trans_regulatory_or_intronic
rs2961914,5,2,2,0.0543815,14.5425,trans,trans_regulatory_or_intronic
rs2963499,5,1,1,0.0401692,11.3274,trans,trans_regulatory_or_intronic
rs299282,5,1,1,0.155667,63.5466,trans,trans_regulatory_or_intronic
rs30187,5,1,1,0.0426484,11.6485,trans,trans_other_gene_coding_or_splice
rs30514,5,1,1,0.147097,59.3625,cis,cis_target_regulatory_or_linked
rs307802,5,1,1,0.122793,91.5101,cis,cis_target_regulatory_or_linked
rs309559,5,1,1,0.630326,2445.77,cis,cis_target_coding_or_splice
rs31226,5,1,1,0.128196,94.3313,cis,cis_locus_linked
rs3135911,5,1,1,0.177193,207.068,trans,trans_regulatory_or_intronic
rs31490,5,1,1,0.0579551,23.361,trans,trans_regulatory_or_intronic
rs31515,5,1,1,0.788645,4434.63,cis,cis_target_regulatory_or_linked
rs3212533,5,1,1,0.0437719,17.2323,trans,trans_regulatory_or_intronic
rs329118,5,1,1,0.0452241,16.2583,trans,trans_regulatory_or_intronic
rs331700,5,1,1,0.0474684,14.9387,trans,trans_regulatory_or_intronic
rs331759,5,1,1,0.0404851,12.5338,trans,trans_regulatory_or_intronic
rs338668,5,1,1,0.0793979,36.9713,trans,trans_regulatory_or_intronic
rs33923,5,1,1,0.0822075,43.6951,trans,trans_regulatory_or_intronic
rs34141450,5,1,1,0.0872471,46.1961,trans,trans_regulatory_or_intronic
rs34221241,5,1,1,0.451425,592.241,cis,cis_target_coding_or_splice
rs34576922,5,1,1,0.0881653,35.8677,trans,trans_regulatory_or_intronic
rs34781756,5,1,1,0.0464299,11.9027,trans,trans_regulatory_or_intronic
rs351855,5,1,1,0.995087,5218.6,cis,cis_target_coding_or_splice
rs35716097,5,1,1,0.0735606,33.2733,trans,trans_regulatory_or_intronic
rs35768025,5,1,1,0.0797847,32.5313,trans,trans_regulatory_or_intronic
rs367768,5,1,1,0.0456909,14.1143,trans,trans_regulatory_or_intronic
rs367805,5,1,1,0.0418881,11.8944,trans,trans_regulatory_or_intronic
rs3733897,5,1,1,1.15648,3669.76,cis,cis_target_coding_or_splice
rs3749751,5,1,1,0.049722,17.0989,trans,trans_regulatory_or_intronic
rs3762985,5,1,1,0.141679,67.0249,trans,trans_regulatory_or_intronic
rs3777182,5,1,1,0.103707,52.8633,trans,trans_regulatory_or_intronic
rs3777202,5,1,1,0.0408803,12.8144,trans,trans_other_gene_coding_or_splice
rs38029,5,1,1,0.0478776,20.3047,trans,trans_regulatory_or_intronic
rs38030,5,1,1,0.0409408,11.5277,trans,trans_regulatory_or_intronic
rs38043,5,1,1,0.0489702,17.0925,trans,trans_regulatory_or_intronic
rs3846730,5,2,2,0.0703911,24.0921,trans,trans_regulatory_or_intronic
rs40468,5,1,1,0.125441,95.7149,cis,cis_locus_linked
rs4074793,5,1,1,0.110836,24.0154,trans,trans_regulatory_or_intronic
rs4074995,5,1,1,0.048656,12.1983,trans,trans_regulatory_or_intronic
rs413214,5,1,1,0.0473551,13.8723,trans,trans_regulatory_or_intronic
rs4145748,5,1,1,0.143637,35.3705,trans,trans_other_gene_coding_or_splice
rs4242051,5,1,1,0.190846,166.824,cis,cis_locus_linked
rs4244437,5,2,2,0.541982,1612.95,cis,cis_locus_linked
rs4262138,5,1,1,0.062792,21.5525,trans,trans_regulatory_or_intronic
rs4266424,5,1,1,0.0428433,10.7999,trans,trans_regulatory_or_intronic
rs433920,5,1,1,0.04778,12.5444,trans,trans_other_or_unknown
rs4346752,5,1,1,0.0473577,14.7063,trans,trans_other_or_unknown
rs4383756,5,1,1,0.0672393,37.1235,trans,trans_regulatory_or_intronic
rs4388249,5,1,1,0.0582509,13.2517,trans,trans_regulatory_or_intronic
rs440225,5,1,1,0.0570497,16.0638,trans,trans_regulatory_or_intronic
rs444309,5,1,1,0.0834009,41.997,trans,trans_regulatory_or_intronic
rs4449583,5,2,2,0.0474076,13.4569,trans,trans_regulatory_or_intronic
rs445810,5,1,1,0.0459359,10.9132,trans,trans_other_or_unknown
rs446116,5,1,1,0.0639128,35.1926,trans,trans_regulatory_or_intronic
rs4541696,5,1,1,0.0629641,24.1127,trans,trans_other_or_unknown
rs455213,5,1,1,0.043503,13.305,trans,trans_regulatory_or_intronic
rs4604142,5,1,1,0.0519798,21.082,trans,trans_regulatory_or_intronic
rs4626350,5,1,1,0.498155,1432.68,cis,cis_locus_linked
rs4634356,5,1,1,0.0669737,19.9615,trans,trans_regulatory_or_intronic
rs465002,5,1,1,0.0454644,11.9757,trans,trans_regulatory_or_intronic
rs4703051,5,1,1,0.0461815,13.1038,trans,trans_other_or_unknown
rs4703589,5,1,1,0.0520049,17.4742,trans,trans_regulatory_or_intronic
rs4703636,5,1,1,0.0422035,12.3861,trans,trans_other_or_unknown
rs4703889,5,2,2,0.0633743,12.0837,trans,trans_regulatory_or_intronic
rs4704826,5,1,1,0.0526013,17.348,trans,trans_regulatory_or_intronic
rs4704834,5,2,2,0.0679634,26.2268,trans,trans_other_or_unknown
rs4704963,5,5,5,0.196055,69.7678,trans,trans_regulatory_or_intronic
rs4704966,5,1,1,0.104649,19.8835,trans,trans_regulatory_or_intronic
rs4705060,5,2,2,0.0519358,15.4273,trans,trans_other_or_unknown
rs4705938,5,4,4,0.0553992,19.8778,trans,trans_regulatory_or_intronic
rs471349,5,1,1,0.0505118,16.5085,trans,trans_other_or_unknown
rs4836300,5,1,1,0.0443795,13.9725,trans,trans_regulatory_or_intronic
rs4867943,5,1,1,0.0700557,28.259,trans,trans_other_or_unknown
rs4873,5,1,1,0.177234,144.449,cis,cis_target_coding_or_splice
rs4957972,5,3,3,0.0565372,17.0513,trans,trans_regulatory_or_intronic
rs4958272,5,1,1,0.0427622,11.5898,trans,trans_regulatory_or_intronic
rs4976271,5,3,3,0.0754556,36.9845,trans,trans_regulatory_or_intronic
rs5019420,5,1,1,0.0875426,28.2134,cis,cis_target_regulatory_or_linked
rs512956,5,1,1,0.0416944,11.8445,trans,trans_regulatory_or_intronic
rs55776147,5,4,4,0.226357,305.424,cis;trans,cis_locus_linked;trans_other_or_unknown
rs55796634,5,1,1,0.0872103,20.1226,cis,cis_target_regulatory_or_linked
rs55818129,5,3,3,0.0783605,16.6626,trans,trans_regulatory_or_intronic
rs56092644,5,4,4,0.158376,105.533,trans,trans_regulatory_or_intronic
rs56259296,5,1,1,0.0949557,46.1081,cis,cis_locus_linked
rs56870134,5,1,1,0.170754,173.846,cis,cis_locus_linked
rs5744441,5,1,1,0.312667,411.26,cis,cis_target_regulatory_or_linked
rs5745118,5,1,1,0.0580524,14.9454,trans,trans_regulatory_or_intronic
rs58159475,5,1,1,0.155969,16.4916,trans,trans_regulatory_or_intronic
rs58889466,5,1,1,0.118776,27.4481,trans,trans_regulatory_or_intronic
rs59739601,5,1,1,0.0898856,15.4171,trans,trans_regulatory_or_intronic
rs60444023,5,1,1,0.0568801,20.7287,trans,trans_regulatory_or_intronic
rs62331137,5,1,1,0.0507582,13.169,trans,trans_regulatory_or_intronic
rs62353655,5,1,1,0.360316,136.1,cis,cis_target_regulatory_or_linked
rs62360373,5,1,1,0.394843,309.417,cis,cis_target_regulatory_or_linked
rs62362211,5,1,1,0.0415352,13.7899,trans,trans_regulatory_or_intronic
rs634501,5,3,3,0.0613783,20.7666,trans,trans_other_gene_coding_or_splice
rs638333,5,1,1,0.0626028,20.9161,trans,trans_other_gene_coding_or_splice
rs639933,5,1,1,0.0572972,19.7857,trans,trans_regulatory_or_intronic
rs6450382,5,1,1,0.0423622,10.9178,trans,trans_regulatory_or_intronic
rs6451582,5,1,1,0.0529879,12.6802,cis,cis_locus_linked
rs6452461,5,1,1,0.0607159,21.3518,trans,trans_other_or_unknown
rs6556886,5,1,1,0.746705,1504.81,cis,cis_locus_linked
rs6596251,5,1,1,0.0632316,27.1145,cis,cis_locus_linked
rs66802107,5,1,1,0.0898858,35.801,cis,cis_target_regulatory_or_linked
rs67207043,5,1,1,0.0390506,11.4921,trans,trans_regulatory_or_intronic
rs67321846,5,1,1,0.0967624,32.5289,trans,trans_regulatory_or_intronic
rs682828,5,1,1,0.0523833,11.3429,trans,trans_regulatory_or_intronic
rs6859236,5,1,1,0.0957477,54.343,trans,trans_regulatory_or_intronic
rs6862984,5,1,1,0.0409778,10.9104,trans,trans_regulatory_or_intronic
rs6866210,5,1,1,0.0483398,11.4386,trans,trans_regulatory_or_intronic
rs6866614,5,23,23,0.0519142,15.5422,trans,trans_regulatory_or_intronic
rs6869910,5,1,1,0.0489091,15.2183,cis,cis_locus_linked
rs6872228,5,1,1,0.0584067,17.4765,trans,trans_regulatory_or_intronic
rs6873545,5,1,1,0.685115,2136.68,cis,cis_target_regulatory_or_linked
rs6874202,5,2,2,0.0781933,37.3094,trans,trans_regulatory_or_intronic
rs6878069,5,1,1,0.456088,1498.74,cis,cis_target_regulatory_or_linked
rs6878122,5,1,1,0.0474185,13.7094,trans,trans_regulatory_or_intronic
rs6878934,5,1,1,0.0422295,11.7198,trans,trans_regulatory_or_intronic
rs6879129,5,1,1,0.0578728,20.5666,trans,trans_regulatory_or_intronic
rs6879393,5,1,1,0.0477153,18.2828,trans,trans_regulatory_or_intronic
rs6880055,5,1,1,0.45467,1064.96,cis,cis_target_regulatory_or_linked
rs6880250,5,1,1,0.0415674,11.8654,trans,trans_regulatory_or_intronic
rs6880842,5,2,2,0.042159,12.736,trans,trans_other_or_unknown
rs6881706,5,1,1,0.0527134,17.6918,trans,trans_regulatory_or_intronic
rs6882345,5,1,1,0.0518575,16.3671,trans,trans_other_or_unknown
rs6888037,5,1,1,0.0804656,33.7913,trans,trans_regulatory_or_intronic
rs6888304,5,5,5,0.0538926,16.2103,trans,trans_other_or_unknown
rs6889029,5,1,1,0.0616155,23.9103,trans,trans_regulatory_or_intronic
rs6891329,5,1,1,0.0615234,26.0932,trans,trans_regulatory_or_intronic
rs6894249,5,2,2,0.0577409,20.3537,trans,trans_regulatory_or_intronic
rs6897932,5,2,2,0.889381,3931.46,cis;trans,cis_target_coding_or_splice;trans_other_gene_coding_or_splice
rs6898349,5,1,1,0.0723366,22.9745,cis,cis_locus_linked
rs700585,5,1,1,0.0530284,13.2036,trans,trans_regulatory_or_intronic
rs700587,5,1,1,0.0539608,17.2264,trans,trans_regulatory_or_intronic
rs700589,5,2,2,0.0629317,23.2993,trans,trans_regulatory_or_intronic
rs71624119,5,1,1,0.0549636,13.892,trans,trans_regulatory_or_intronic
rs71654350,5,1,1,0.0628986,27.8376,trans,trans_regulatory_or_intronic
rs717968,5,1,1,0.130772,97.6848,cis,cis_target_regulatory_or_linked
rs720985,5,1,1,0.0427374,11.2011,trans,trans_regulatory_or_intronic
rs72761790,5,1,1,0.0531936,14.3707,trans,trans_regulatory_or_intronic
rs72793280,5,1,1,0.0547082,18.7592,trans,trans_regulatory_or_intronic
rs72795121,5,2,2,0.0422845,11.5996,trans,trans_regulatory_or_intronic
rs72797303,5,1,1,0.0395764,13.7506,trans,trans_regulatory_or_intronic
rs73080552,5,4,4,0.0741266,14.5955,trans,trans_regulatory_or_intronic
rs733032,5,1,1,0.0407895,13.3789,trans,trans_regulatory_or_intronic
rs736801,5,1,1,0.0460511,11.8825,trans,trans_regulatory_or_intronic
rs7447927,5,1,1,0.19392,162.2,trans,trans_other_gene_coding_or_splice
rs74480769,5,1,1,1.45256,1316.4,cis,cis_target_regulatory_or_linked
rs74568270,5,1,1,0.118851,15.5079,trans,trans_regulatory_or_intronic
rs76405485,5,1,1,0.0591065,25.7231,trans,trans_other_or_unknown
rs76636990,5,1,1,0.234592,68.8555,trans,trans_regulatory_or_intronic
rs77018303,5,3,3,0.216398,21.955,trans,trans_regulatory_or_intronic
rs7703171,5,1,1,0.0466226,11.2372,trans,trans_other_or_unknown
rs7705189,5,1,1,0.0472189,15.3337,trans,trans_regulatory_or_intronic
rs7705526,5,6,6,0.12119,85.6552,trans,trans_regulatory_or_intronic
rs7708076,5,1,1,0.133933,17.4221,trans,trans_regulatory_or_intronic
rs7718236,5,1,1,0.0822379,26.0856,trans,trans_regulatory_or_intronic
rs7725017,5,1,1,0.386602,835.256,cis,cis_locus_linked
rs7726117,5,1,1,0.0548805,18.3249,trans,trans_regulatory_or_intronic
rs7726369,5,1,1,0.0707003,11.9359,trans,trans_regulatory_or_intronic
rs7734992,5,2,2,0.0500162,17.5439,trans,trans_regulatory_or_intronic
rs7735881,5,1,1,0.0586784,22.0468,trans,trans_regulatory_or_intronic
rs7736883,5,1,1,0.0466443,14.366,trans,trans_regulatory_or_intronic
rs77515410,5,1,1,0.142472,20.8722,trans,trans_regulatory_or_intronic
rs78334147,5,1,1,0.0834274,16.5802,trans,trans_other_or_unknown
rs78589552,5,1,1,0.117046,10.9707,trans,trans_other_or_unknown
rs78811453,5,1,1,0.442077,113.337,cis,cis_locus_linked
rs78821460,5,1,1,0.52264,443.043,cis,cis_target_regulatory_or_linked
rs791357,5,1,1,0.0587255,18.779,trans,trans_regulatory_or_intronic
rs791361,5,1,1,0.0501309,13.3983,trans,trans_other_or_unknown
rs845739,5,1,1,0.102694,63.4788,trans,trans_regulatory_or_intronic
rs853169,5,1,1,0.0369905,12.6765,trans,trans_regulatory_or_intronic
rs875741,5,1,1,0.0486022,15.9357,trans,trans_other_or_unknown
rs885122,5,2,2,0.0614763,22.6625,trans,trans_regulatory_or_intronic
rs890793,5,1,1,0.374248,792.939,cis,cis_target_regulatory_or_linked
rs891921,5,1,1,0.0682208,12.13,trans,trans_other_gene_coding_or_splice
rs918519,5,1,1,0.045969,11.0151,trans,trans_regulatory_or_intronic
rs9282761,5,1,1,0.0437943,12.3942,trans,trans_other_or_unknown
rs9292723,5,1,1,0.586855,1701.46,cis,cis_target_regulatory_or_linked
rs9326982,5,1,1,0.0556258,20.4092,trans,trans_regulatory_or_intronic
rs9327706,5,1,1,0.0463702,14.6044,trans,trans_regulatory_or_intronic
rs936712,5,1,1,0.0532216,11.5007,trans,trans_regulatory_or_intronic
rs958976,5,1,1,0.0752821,33.0986,trans,trans_regulatory_or_intronic
rs9654451,5,1,1,1.5063,5682.74,cis,cis_target_regulatory_or_linked
rs980510,5,1,1,0.0352826,11.1611,trans,trans_regulatory_or_intronic
rs1005598,6,1,1,0.0677842,29.9503,trans,trans_regulatory_or_intronic
rs10093,6,2,2,0.0541951,20.0033,trans,trans_other_gene_coding_or_splice
rs1018846,6,1,1,0.091154,14.0176,trans,trans_regulatory_or_intronic
rs10223666,6,1,1,0.0739818,27.829,trans,trans_regulatory_or_intronic
rs1022870,6,1,1,0.0759966,41.9068,trans,trans_regulatory_or_intronic
rs1025347,6,1,1,0.555847,1910.62,cis,cis_locus_linked
rs1037955,6,1,1,0.071771,13.7141,trans,trans_regulatory_or_intronic
rs1042133,6,1,1,0.0734167,20.2105,trans,trans_other_gene_coding_or_splice
rs1042391,6,1,1,0.251524,362.524,cis,cis_target_coding_or_splice
rs10455872,6,3,3,0.106551,20.0185,trans,trans_regulatory_or_intronic
rs10456852,6,3,3,0.1073,33.6853,trans,trans_regulatory_or_intronic
rs10457633,6,1,1,0.0411595,11.2357,trans,trans_regulatory_or_intronic
rs1048077,6,1,1,0.0422878,13.9643,trans,trans_regulatory_or_intronic
rs1049130,6,4,4,0.0787433,38.9957,trans,trans_regulatory_or_intronic
rs1049213,6,1,1,0.061846,16.5411,trans,trans_regulatory_or_intronic
rs1049709,6,1,1,0.0691696,18.0179,trans,trans_regulatory_or_intronic
rs10502,6,3,3,0.0585508,24.4465,trans,trans_other_gene_coding_or_splice
rs1050344,6,1,1,0.547768,1642.07,trans,trans_other_gene_coding_or_splice
rs1050420,6,2,2,0.0430707,12.3086,trans,trans_regulatory_or_intronic
rs1050486,6,1,1,0.0446278,12.1235,trans,trans_other_gene_coding_or_splice
rs1050518,6,1,1,0.22236,291.891,trans,trans_other_gene_coding_or_splice
rs1050538,6,1,1,0.0685345,12.8593,trans,trans_other_gene_coding_or_splice
rs1050564,6,1,1,0.114557,21.4752,trans,trans_regulatory_or_intronic
rs1051792,6,1,1,1.09633,5377.82,cis,cis_locus_linked
rs1058026,6,1,1,0.0622378,17.667,trans,trans_regulatory_or_intronic
rs1061537,6,1,1,0.0439923,12.6596,trans,trans_regulatory_or_intronic
rs10806172,6,1,1,0.0422383,11.4495,trans,trans_other_or_unknown
rs10806423,6,1,1,0.0587331,19.1441,trans,trans_regulatory_or_intronic
rs10806425,6,1,1,0.0495813,15.7098,trans,trans_regulatory_or_intronic
rs10945649,6,1,1,0.0685849,15.0094,trans,trans_other_or_unknown
rs10946252,6,1,1,0.0769768,21.9867,trans,trans_regulatory_or_intronic
rs111454051,6,1,1,0.219009,13.3875,trans,trans_other_or_unknown
rs11153171,6,1,1,0.0502765,14.5369,trans,trans_regulatory_or_intronic
rs11154902,6,1,1,0.0847138,54.0048,trans,trans_regulatory_or_intronic
rs11155297,6,5,5,1.29723,7785.79,trans,trans_other_gene_coding_or_splice
rs111631417,6,1,1,0.0478214,13.0294,trans,trans_other_or_unknown
rs111804875,6,1,1,0.196675,160.45,cis,cis_target_regulatory_or_linked
rs111841857,6,3,3,0.0537628,16.6147,trans,trans_other_or_unknown
rs112166936,6,1,1,0.0604606,23.9014,trans,trans_regulatory_or_intronic
rs112216801,6,1,1,0.0558873,12.6208,trans,trans_regulatory_or_intronic
rs112740757,6,1,1,0.0645356,22.3689,trans,trans_regulatory_or_intronic
rs112840324,6,1,1,0.0698484,21.7505,trans,trans_other_or_unknown
rs112968142,6,1,1,0.0840519,13.3604,trans,trans_regulatory_or_intronic
rs1130397,6,1,1,0.0519349,11.7733,trans,trans_regulatory_or_intronic
rs1130420,6,1,1,0.049201,16.7468,trans,trans_regulatory_or_intronic
rs1130538,6,1,1,0.0468667,12.6138,trans,trans_regulatory_or_intronic
rs1130580,6,1,1,0.0474311,13.3482,trans,trans_regulatory_or_intronic
rs113128948,6,2,2,0.0682456,25.0107,trans,trans_other_or_unknown
rs113308638,6,1,1,0.0950394,11.3048,trans,trans_regulatory_or_intronic
rs113534515,6,1,1,0.271915,354.271,trans,trans_other_or_unknown
rs1135809,6,1,1,0.0516515,16.7995,trans,trans_other_gene_coding_or_splice
rs1136689,6,1,1,0.0783832,21.3965,trans,trans_other_gene_coding_or_splice
rs113760175,6,3,3,0.129649,27.1995,trans,trans_regulatory_or_intronic
rs113787140,6,2,2,0.0815918,54.2829,trans,trans_regulatory_or_intronic
rs113993403,6,1,1,0.307271,23.0735,trans,trans_other_gene_coding_or_splice
rs114020256,6,2,2,0.0664779,18.8709,trans,trans_regulatory_or_intronic
rs114029309,6,2,2,0.0558752,12.9615,trans,trans_regulatory_or_intronic
rs1142345,6,1,1,1.1045,1266.09,cis,cis_target_coding_or_splice
rs1150697,6,1,1,0.0647856,11.5692,trans,trans_other_or_unknown
rs1150752,6,1,1,0.0668748,12.7291,trans,trans_other_gene_coding_or_splice
rs1150755,6,1,1,0.0551998,11.3084,trans,trans_regulatory_or_intronic
rs115217631,6,1,1,0.0876571,11.1168,trans,trans_regulatory_or_intronic
rs115881826,6,1,1,1.81514,2892.15,trans,trans_regulatory_or_intronic
rs116009877,6,1,1,0.0847393,13.8209,trans,trans_regulatory_or_intronic
rs116446171,6,2,2,0.216236,23.1584,trans,trans_regulatory_or_intronic
rs116522341,6,1,1,0.187869,26.079,trans,trans_regulatory_or_intronic
rs116827595,6,1,1,0.0648993,12.2542,trans,trans_regulatory_or_intronic
rs117030384,6,1,1,0.26841,44.1758,trans,trans_other_or_unknown
rs11751024,6,1,1,0.0722533,30.7868,trans,trans_other_or_unknown
rs11751347,6,1,1,0.0792323,14.3046,trans,trans_regulatory_or_intronic
rs11752186,6,1,1,0.0898288,12.884,trans,trans_other_or_unknown
rs11752965,6,2,2,0.0702983,36.9004,trans,trans_regulatory_or_intronic
rs11753362,6,1,1,0.0584201,13.4038,trans,trans_regulatory_or_intronic
rs11755689,6,2,2,0.0523905,17.8403,trans,trans_other_or_unknown
rs11757137,6,1,1,0.0576703,20.7209,trans,trans_regulatory_or_intronic
rs11757155,6,1,1,0.0281451,12.0074,trans,trans_regulatory_or_intronic
rs11759347,6,1,1,0.301221,392.583,cis,cis_target_regulatory_or_linked
rs11759500,6,1,1,0.383517,784.101,cis,cis_target_regulatory_or_linked
rs11759553,6,2,2,0.0530522,13.8071,trans,trans_regulatory_or_intronic
rs11759956,6,1,1,0.049698,17.5333,trans,trans_regulatory_or_intronic
rs117976221,6,1,1,0.0703696,12.1456,trans,trans_other_or_unknown
rs1188898,6,1,1,0.0570663,11.6657,trans,trans_regulatory_or_intronic
rs11963621,6,1,1,0.122861,34.8349,trans,trans_other_or_unknown
rs1196396,6,1,1,0.156209,168.803,trans,trans_regulatory_or_intronic
rs11967262,6,1,1,0.0418452,11.7582,trans,trans_regulatory_or_intronic
rs11967719,6,1,1,0.0478277,12.4662,trans,trans_other_or_unknown
rs11967891,6,1,1,0.0601821,13.3686,trans,trans_regulatory_or_intronic
rs11968875,6,1,1,0.130474,25.8409,trans,trans_regulatory_or_intronic
rs1200426,6,1,1,0.0519037,12.7366,trans,trans_regulatory_or_intronic
rs1200427,6,1,1,0.0772521,26.4978,trans,trans_regulatory_or_intronic
rs12055534,6,1,1,0.047364,14.7209,trans,trans_regulatory_or_intronic
rs1214759,6,1,1,0.0843876,46.099,trans,trans_regulatory_or_intronic
rs12189871,6,1,1,0.156943,81.7362,trans,trans_regulatory_or_intronic
rs12190479,6,1,1,0.0535012,14.2067,trans,trans_regulatory_or_intronic
rs12197114,6,1,1,0.148743,115.337,cis,cis_locus_linked
rs12198986,6,1,1,0.137951,111.529,cis,cis_locus_linked
rs12199168,6,1,1,0.0444372,12.3369,trans,trans_other_or_unknown
rs12201703,6,1,1,0.157655,47.1639,trans,trans_other_or_unknown
rs12202419,6,1,1,0.298231,178.187,cis,cis_locus_linked
rs12203057,6,1,1,0.0599758,27.1182,trans,trans_regulatory_or_intronic
rs12203592,6,7,7,0.100277,42.0769,trans,trans_regulatory_or_intronic
rs12204409,6,1,1,0.046974,12.8979,trans,trans_regulatory_or_intronic
rs12204494,6,1,1,0.228555,320.045,trans,trans_other_or_unknown
rs12206570,6,1,1,0.0526908,18.9104,trans,trans_regulatory_or_intronic
rs12208103,6,1,1,0.0479834,14.3049,trans,trans_other_or_unknown
rs12208357,6,1,1,0.0766691,11.7476,trans,trans_other_gene_coding_or_splice
rs12209125,6,1,1,0.0450523,13.0722,trans,trans_regulatory_or_intronic
rs12210904,6,1,1,0.058466,16.4726,cis,cis_target_regulatory_or_linked
rs12211087,6,1,1,0.458815,433.639,trans,trans_regulatory_or_intronic
rs12211940,6,1,1,0.0841235,44.4674,trans,trans_regulatory_or_intronic
rs12211977,6,1,1,0.117964,36.4749,trans,trans_regulatory_or_intronic
rs1226013,6,1,1,0.0380192,10.9639,trans,trans_regulatory_or_intronic
rs12525039,6,1,1,0.0466006,13.2687,trans,trans_other_or_unknown
rs12614,6,1,1,0.143901,41.4461,trans,trans_other_gene_coding_or_splice
rs1264347,6,1,1,0.0634659,13.4378,trans,trans_regulatory_or_intronic
rs1264457,6,2,2,0.0999411,60.476,trans,trans_other_gene_coding_or_splice
rs1265905,6,3,3,0.0670714,12.811,trans,trans_regulatory_or_intronic
rs12664131,6,1,1,0.0661426,14.4973,trans,trans_regulatory_or_intronic
rs12665537,6,1,1,0.0426236,11.5366,trans,trans_regulatory_or_intronic
rs12722013,6,1,1,0.315892,118.878,trans,trans_other_gene_coding_or_splice
rs1281944,6,1,1,0.0811053,17.3952,trans,trans_regulatory_or_intronic
rs1293953,6,1,1,0.0419894,10.9638,trans,trans_regulatory_or_intronic
rs1294438,6,1,1,0.0591632,26.6302,trans,trans_regulatory_or_intronic
rs130066,6,1,1,0.0518485,18.5278,trans,trans_other_gene_coding_or_splice
rs1318638,6,1,1,0.0986549,15.7774,trans,trans_regulatory_or_intronic
rs13191810,6,3,3,0.0491701,14.7224,trans,trans_other_or_unknown
rs13194791,6,1,1,0.049537,15.0292,trans,trans_regulatory_or_intronic
rs13204736,6,1,1,0.0529076,14.5889,trans,trans_other_or_unknown
rs13206446,6,1,1,0.0765093,12.2728,trans,trans_other_or_unknown
rs13208948,6,1,1,0.0540367,12.2879,trans,trans_other_or_unknown
rs13209376,6,1,1,0.0885167,18.3157,trans,trans_other_or_unknown
rs13213365,6,1,1,0.110928,14.0753,trans,trans_regulatory_or_intronic
rs13213821,6,2,2,0.0484471,11.83,trans,trans_other_or_unknown
rs13215052,6,2,2,0.126853,35.6481,trans,trans_regulatory_or_intronic
rs13216278,6,1,1,0.0656936,15.2449,trans,trans_regulatory_or_intronic
rs1328965,6,1,1,0.0498897,13.9378,trans,trans_regulatory_or_intronic
rs1331309,6,1,1,0.0504712,12.6533,trans,trans_regulatory_or_intronic
rs1337775,6,1,1,0.0468562,15.4331,trans,trans_regulatory_or_intronic
rs13437444,6,1,1,0.0545943,16.2152,trans,trans_regulatory_or_intronic
rs1361108,6,2,2,0.0735892,34.4366,trans,trans_regulatory_or_intronic
rs1391373,6,2,2,0.0474328,14.3412,trans,trans_regulatory_or_intronic
rs139463007,6,1,1,0.173926,15.9827,trans,trans_regulatory_or_intronic
rs1398320,6,1,1,0.365204,802.25,cis,cis_target_regulatory_or_linked
rs140028862,6,1,1,0.0479382,12.6131,trans,trans_regulatory_or_intronic
rs141484466,6,1,1,0.299243,89.3396,trans,trans_other_gene_coding_or_splice
rs142795234,6,1,1,0.0521116,12.9331,trans,trans_regulatory_or_intronic
rs143332484,6,1,1,1.45427,591.927,cis,cis_target_coding_or_splice
rs144016913,6,1,1,0.0809352,21.524,trans,trans_other_gene_coding_or_splice
rs145607970,6,1,1,0.120694,11.907,trans,trans_regulatory_or_intronic
rs14597,6,2,2,0.0665383,29.8623,trans,trans_regulatory_or_intronic
rs147023494,6,1,1,0.163425,24.5962,trans,trans_regulatory_or_intronic
rs147324178,6,1,1,0.326849,350.517,trans,trans_regulatory_or_intronic
rs147899431,6,2,2,0.272516,72.4955,cis;trans,cis_target_regulatory_or_linked;trans_regulatory_or_intronic
rs148274477,6,1,1,0.128029,11.714,trans,trans_other_or_unknown
rs148451580,6,2,2,0.107709,57.4379,trans,trans_regulatory_or_intronic
rs1490384,6,1,1,0.0390651,12.3629,trans,trans_regulatory_or_intronic
rs149110519,6,7,7,0.378125,120.181,trans,trans_regulatory_or_intronic
rs150115323,6,3,3,0.065466,33.4309,trans,trans_other_or_unknown
rs1504215,6,3,3,0.0957234,52.3842,trans,trans_regulatory_or_intronic
rs1538385,6,1,1,0.043189,11.5511,trans,trans_regulatory_or_intronic
rs1546723,6,1,1,0.0351836,12.3392,trans,trans_regulatory_or_intronic
rs1548306,6,2,2,0.0471895,15.4778,trans,trans_regulatory_or_intronic
rs1567252,6,1,1,0.0802518,14.858,trans,trans_other_or_unknown
rs1611185,6,1,1,0.0453625,14.3273,trans,trans_regulatory_or_intronic
rs1611713,6,1,1,0.0583506,19.3779,trans,trans_regulatory_or_intronic
rs1611719,6,1,1,0.112136,29.0703,trans,trans_regulatory_or_intronic
rs1612063,6,1,1,0.0592479,13.1985,trans,trans_regulatory_or_intronic
rs1622406,6,1,1,0.248498,58.534,trans,trans_other_or_unknown
rs1624072,6,1,1,0.121844,101.817,trans,trans_other_or_unknown
rs1634716,6,1,1,0.0971622,29.0844,trans,trans_other_or_unknown
rs1634721,6,1,1,0.0759261,18.3539,trans,trans_regulatory_or_intronic
rs1639109,6,1,1,0.0894258,24.8822,trans,trans_regulatory_or_intronic
rs1655901,6,1,1,0.0663695,24.7427,trans,trans_regulatory_or_intronic
rs16891264,6,1,1,0.0869303,20.2915,trans,trans_other_or_unknown
rs16894234,6,1,1,0.0728162,10.8297,trans,trans_regulatory_or_intronic
rs16896742,6,1,1,0.24138,404.662,trans,trans_regulatory_or_intronic
rs169504,6,3,3,0.0691957,17.8296,trans,trans_regulatory_or_intronic
rs17197630,6,1,1,0.0424377,12.0735,trans,trans_other_or_unknown
rs17200109,6,1,1,0.121641,16.6489,trans,trans_regulatory_or_intronic
rs17200242,6,1,1,0.0534978,12.2904,trans,trans_regulatory_or_intronic
rs17205170,6,1,1,0.0719877,20.2376,trans,trans_regulatory_or_intronic
rs17205191,6,1,1,0.0516858,13.194,trans,trans_regulatory_or_intronic
rs17209803,6,1,1,0.130331,18.7496,trans,trans_regulatory_or_intronic
rs17211105,6,1,1,0.0483043,14.408,trans,trans_regulatory_or_intronic
rs17412833,6,1,1,0.0581552,12.7242,trans,trans_other_gene_coding_or_splice
rs17612712,6,1,1,0.0664557,24.2669,trans,trans_regulatory_or_intronic
rs1772976,6,1,1,0.084174,52.7537,trans,trans_regulatory_or_intronic
rs1772980,6,1,1,0.103049,68.3421,trans,trans_regulatory_or_intronic
rs17843560,6,2,2,0.07669,12.9274,trans,trans_regulatory_or_intronic
rs17843608,6,1,1,0.0514555,16.3314,trans,trans_other_or_unknown
rs1794274,6,1,1,0.0880039,21.9019,trans,trans_regulatory_or_intronic
rs1800562,6,4,4,0.277359,148.177,trans,trans_other_gene_coding_or_splice
rs1800628,6,1,1,0.123107,52.6532,trans,trans_regulatory_or_intronic
rs1801270,6,1,1,0.266448,114.567,cis,cis_target_coding_or_splice
rs1815311,6,1,1,0.046739,11.6586,trans,trans_regulatory_or_intronic
rs1826962,6,1,1,0.0521598,11.3632,trans,trans_regulatory_or_intronic
rs183798784,6,1,1,0.0809307,12.5013,trans,trans_regulatory_or_intronic
rs185937162,6,1,1,0.296597,79.3198,trans,trans_regulatory_or_intronic
rs1871859,6,3,3,0.0701287,14.8083,trans,trans_regulatory_or_intronic
rs1885607,6,1,1,0.046786,13.7545,trans,trans_regulatory_or_intronic
rs1890597,6,1,1,0.0368035,10.7907,trans,trans_other_or_unknown
rs190594352,6,1,1,0.062599,15.5996,trans,trans_regulatory_or_intronic
rs1936801,6,1,1,0.152056,160.993,cis,cis_target_regulatory_or_linked
rs195075,6,3,3,0.0637285,21.2377,trans,trans_regulatory_or_intronic
rs1980496,6,1,1,0.0428483,13.3371,trans,trans_regulatory_or_intronic
rs1980532,6,1,1,0.286574,465.876,cis,cis_locus_linked
rs1991955,6,1,1,0.120613,24.9949,trans,trans_other_or_unknown
rs1999460,6,1,1,0.0441298,12.4324,trans,trans_regulatory_or_intronic
rs200501057,6,1,1,0.0744622,12.9012,trans,trans_regulatory_or_intronic
rs200564310,6,2,2,0.0536742,12.3685,trans,trans_other_or_unknown
rs200819822,6,1,1,0.0452397,14.7556,trans,trans_other_or_unknown
rs200889152,6,3,3,0.0609349,26.5826,trans,trans_regulatory_or_intronic
rs2021033,6,1,1,0.0508818,19.2362,trans,trans_regulatory_or_intronic
rs2021716,6,1,1,0.0430295,12.6255,trans,trans_regulatory_or_intronic
rs2022423,6,1,1,0.123898,79.1167,cis,cis_target_regulatory_or_linked
rs2023472,6,1,1,0.0415231,12.9153,trans,trans_regulatory_or_intronic
rs2031367,6,1,1,0.0403068,15.5601,cis,cis_target_regulatory_or_linked
rs2032444,6,1,1,0.0706467,26.7005,trans,trans_regulatory_or_intronic
rs2036257,6,1,1,0.0669711,29.1317,trans,trans_regulatory_or_intronic
rs2038741,6,1,1,0.0429519,11.7086,trans,trans_regulatory_or_intronic
rs204893,6,4,4,0.0465302,15.8717,trans,trans_regulatory_or_intronic
rs204993,6,1,1,0.160171,142.356,cis,cis_target_regulatory_or_linked
rs2054365,6,1,1,0.0957848,52.4792,cis,cis_target_regulatory_or_linked
rs2064126,6,1,1,0.0898018,38.4985,cis,cis_target_regulatory_or_linked
rs2064430,6,2,2,0.0405222,14.7799,trans,trans_regulatory_or_intronic
rs2071592,6,1,1,0.0540664,18.5518,trans,trans_regulatory_or_intronic
rs2076295,6,2,2,0.0436306,13.9889,trans,trans_regulatory_or_intronic
rs2097442,6,1,1,0.0734472,27.2183,trans,trans_other_or_unknown
rs210135,6,1,1,0.0651852,23.107,trans,trans_regulatory_or_intronic
rs210143,6,1,1,0.0540714,14.9864,trans,trans_regulatory_or_intronic
rs210962,6,1,1,0.10125,47.8086,trans,trans_regulatory_or_intronic
rs212775,6,2,2,0.0388049,11.378,trans,trans_regulatory_or_intronic
rs2151941,6,1,1,0.0425804,11.7764,trans,trans_regulatory_or_intronic
rs2153277,6,1,1,0.0412232,11.9011,trans,trans_regulatory_or_intronic
rs2157334,6,1,1,0.0731189,18.9171,trans,trans_regulatory_or_intronic
rs2184174,6,1,1,0.0727406,19.5614,trans,trans_other_or_unknown
rs2187668,6,1,1,0.12233,46.6223,trans,trans_regulatory_or_intronic
rs2207136,6,1,1,0.0559273,21.4133,trans,trans_regulatory_or_intronic
rs2207440,6,1,1,0.0466738,14.8049,trans,trans_other_or_unknown
rs2229092,6,1,1,1.50724,3124.2,cis,cis_target_coding_or_splice
rs2229523,6,1,1,0.589244,1726.59,cis,cis_target_coding_or_splice
rs2233956,6,1,1,0.0720132,21.5981,trans,trans_regulatory_or_intronic
rs2234026,6,1,1,0.594609,103.089,cis,cis_target_coding_or_splice
rs2236081,6,1,1,0.0504027,32.5611,trans,trans_regulatory_or_intronic
rs2239616,6,1,1,0.0451142,11.9158,trans,trans_regulatory_or_intronic
rs2239619,6,1,1,0.0452706,13.5234,trans,trans_regulatory_or_intronic
rs2239705,6,1,1,0.200452,119.061,cis,cis_locus_linked
rs2244020,6,1,1,0.0421278,11.4332,trans,trans_regulatory_or_intronic
rs2245731,6,1,1,0.0431438,13.5414,trans,trans_other_or_unknown
rs2249741,6,1,1,0.0611969,37.2311,trans,trans_regulatory_or_intronic
rs2249742,6,1,1,0.0423499,11.6117,trans,trans_regulatory_or_intronic
rs2253491,6,1,1,0.0917119,70.4725,trans,trans_regulatory_or_intronic
rs2256174,6,1,1,0.0481826,15.4147,trans,trans_regulatory_or_intronic
rs2256594,6,1,1,0.0605738,14.5074,trans,trans_regulatory_or_intronic
rs2256974,6,2,2,0.0654165,19.9823,trans,trans_regulatory_or_intronic
rs2261033,6,1,1,0.0995011,55.3654,cis,cis_locus_linked
rs2269426,6,1,1,0.0460605,17.4781,trans,trans_regulatory_or_intronic
rs2275606,6,1,1,0.0784303,11.3729,trans,trans_regulatory_or_intronic
rs2293772,6,1,1,0.088145,44.6769,cis,cis_target_regulatory_or_linked
rs2297363,6,1,1,0.556243,856.353,cis,cis_target_regulatory_or_linked
rs2301594,6,1,1,0.056392,12.4297,trans,trans_regulatory_or_intronic
rs2326451,6,1,1,0.0406401,19.0246,trans,trans_regulatory_or_intronic
rs2326842,6,1,1,0.0485054,12.6252,trans,trans_other_or_unknown
rs234915,6,1,1,0.0448083,13.3435,trans,trans_regulatory_or_intronic
rs2394976,6,1,1,0.213036,157.384,trans,trans_other_or_unknown
rs2395184,6,1,1,0.118603,48.7479,trans,trans_regulatory_or_intronic
rs2395192,6,1,1,0.0397654,11.0277,trans,trans_other_or_unknown
rs2395203,6,1,1,0.0561721,14.3126,trans,trans_other_or_unknown
rs2395204,6,3,3,0.0983158,35.5476,trans,trans_other_or_unknown
rs2395209,6,1,1,0.094581,29.2025,trans,trans_other_or_unknown
rs2395470,6,1,1,0.159663,132.02,cis,cis_locus_linked
rs2444797,6,1,1,0.0397627,11.0144,trans,trans_other_or_unknown
rs2479016,6,3,3,0.0765633,40.4303,trans,trans_regulatory_or_intronic
rs2492845,6,1,1,0.141004,50.4867,trans,trans_regulatory_or_intronic
rs2498587,6,1,1,0.0493185,10.8832,trans,trans_regulatory_or_intronic
rs2507997,6,1,1,0.0637642,23.7651,trans,trans_other_or_unknown
rs2516451,6,1,1,0.0736037,11.4616,trans,trans_other_or_unknown
rs2516471,6,1,1,0.113589,20.4629,trans,trans_other_or_unknown
rs2516501,6,2,2,0.0582073,17.8999,trans,trans_regulatory_or_intronic
rs2523454,6,1,1,0.0543989,21.9394,trans,trans_regulatory_or_intronic
rs2523461,6,1,1,0.0458671,13.7874,trans,trans_regulatory_or_intronic
rs2523567,6,4,4,0.0701847,25.208,trans,trans_regulatory_or_intronic
rs2523579,6,1,1,0.0638978,23.636,trans,trans_regulatory_or_intronic
rs2523583,6,1,1,0.117794,72.4339,trans,trans_regulatory_or_intronic
rs2523589,6,1,1,0.0514604,18.3296,trans,trans_regulatory_or_intronic
rs2523609,6,4,4,0.107291,71.6278,trans,trans_regulatory_or_intronic
rs2524049,6,1,1,0.0574921,13.365,trans,trans_other_or_unknown
rs2524066,6,1,1,0.060183,23.8025,trans,trans_regulatory_or_intronic
rs2524080,6,1,1,0.126681,86.2538,trans,trans_regulatory_or_intronic
rs2524086,6,1,1,0.188627,133.382,trans,trans_regulatory_or_intronic
rs2524096,6,2,2,0.175422,246.769,trans,trans_regulatory_or_intronic
rs2524097,6,1,1,0.110249,67.6153,trans,trans_regulatory_or_intronic
rs2524277,6,1,1,0.574108,449.498,trans,trans_regulatory_or_intronic
rs2571392,6,1,1,0.0431656,13.1125,trans,trans_regulatory_or_intronic
rs2596474,6,1,1,0.0434356,13.9793,trans,trans_regulatory_or_intronic
rs2596530,6,2,2,0.0553047,20.6145,trans,trans_regulatory_or_intronic
rs2596546,6,1,1,0.0465244,15.0103,trans,trans_regulatory_or_intronic
rs2596570,6,1,1,0.0460213,11.5422,trans,trans_regulatory_or_intronic
rs259943,6,1,1,0.0476634,12.7296,trans,trans_regulatory_or_intronic
rs260237,6,1,1,0.0932171,26.0381,trans,trans_regulatory_or_intronic
rs2637678,6,1,1,0.0806172,39.3385,trans,trans_regulatory_or_intronic
rs2637681,6,2,2,0.0752492,36.6179,trans,trans_regulatory_or_intronic
rs2647011,6,1,1,0.0450514,19.9695,trans,trans_other_or_unknown
rs2647027,6,1,1,0.0462084,12.2448,trans,trans_regulatory_or_intronic
rs2647074,6,3,3,0.0855583,44.2235,trans,trans_other_or_unknown
rs2735094,6,1,1,0.0616672,24.8135,trans,trans_regulatory_or_intronic
rs2736201,6,2,2,0.0815996,21.4465,trans,trans_regulatory_or_intronic
rs2744581,6,1,1,0.147127,122.873,cis,cis_target_regulatory_or_linked
rs2744965,6,1,1,0.0613935,14.5245,trans,trans_regulatory_or_intronic
rs2746429,6,1,1,0.0437928,12.3672,trans,trans_regulatory_or_intronic
rs2749005,6,1,1,0.0390432,11.7111,trans,trans_regulatory_or_intronic
rs2749029,6,1,1,0.0442418,15.0113,trans,trans_regulatory_or_intronic
rs2757578,6,2,2,0.0525111,15.6453,trans,trans_regulatory_or_intronic
rs2757581,6,3,3,0.0517879,15.5662,trans,trans_regulatory_or_intronic
rs2760995,6,1,1,0.0525682,11.6093,trans,trans_other_or_unknown
rs2766588,6,2,2,0.522485,1425.01,cis;trans,cis_locus_linked;trans_regulatory_or_intronic
rs2769345,6,1,1,0.0576748,19.2866,trans,trans_regulatory_or_intronic
rs2770,6,1,1,0.0488142,15.7643,trans,trans_regulatory_or_intronic
rs2781668,6,1,1,0.235855,188.181,cis,cis_target_regulatory_or_linked
rs2787927,6,1,1,0.0481023,14.4087,trans,trans_regulatory_or_intronic
rs2797675,6,1,1,0.0466225,12.0023,trans,trans_regulatory_or_intronic
rs2814819,6,1,1,0.0727059,13.6043,trans,trans_regulatory_or_intronic
rs281862352,6,1,1,0.0675367,26.4105,trans,trans_regulatory_or_intronic
rs28362855,6,1,1,0.528749,258.504,cis,cis_locus_linked
rs28366215,6,1,1,0.0592195,13.5773,trans,trans_regulatory_or_intronic
rs28383221,6,1,1,0.041768,11.1808,trans,trans_regulatory_or_intronic
rs28383314,6,3,3,0.0486686,14.3809,trans,trans_other_or_unknown
rs28383392,6,2,2,0.0806184,25.1636,trans,trans_regulatory_or_intronic
rs28383408,6,1,1,0.0441994,11.9785,trans,trans_regulatory_or_intronic
rs28385609,6,1,1,1.02943,3153.17,cis,cis_target_coding_or_splice
rs28414666,6,1,1,0.0531454,12.0973,trans,trans_regulatory_or_intronic
rs2842895,6,4,4,0.0599989,22.518,trans,trans_regulatory_or_intronic
rs2844530,6,1,1,0.286688,217.612,trans,trans_regulatory_or_intronic
rs2844562,6,1,1,0.028031,11.0184,trans,trans_regulatory_or_intronic
rs2844572,6,2,2,0.0570813,18.6668,trans,trans_regulatory_or_intronic
rs2844605,6,1,1,0.0873607,49.3212,trans,trans_regulatory_or_intronic
rs2844622,6,1,1,0.0706906,35.0484,trans,trans_regulatory_or_intronic
rs28453802,6,1,1,0.168807,136.277,trans,trans_regulatory_or_intronic
rs28464365,6,1,1,0.238133,56.5554,trans,trans_other_or_unknown
rs28533694,6,1,1,0.0482506,11.1863,trans,trans_other_or_unknown
rs2853948,6,1,1,0.0964351,27.8624,trans,trans_regulatory_or_intronic
rs2853950,6,1,1,0.0555588,27.411,trans,trans_regulatory_or_intronic
rs2853990,6,1,1,0.0516467,15.2645,trans,trans_regulatory_or_intronic
rs2853999,6,1,1,0.429709,547.295,cis,cis_locus_linked
rs2854009,6,1,1,0.0573931,14.8444,trans,trans_other_or_unknown
rs2854275,6,2,2,0.114193,55.7813,trans,trans_regulatory_or_intronic
rs2856687,6,1,1,0.0411066,11.126,trans,trans_regulatory_or_intronic
rs2856694,6,1,1,0.14523,86.4866,trans,trans_regulatory_or_intronic
rs2858331,6,2,2,0.0751577,36.2972,trans,trans_regulatory_or_intronic
rs28631719,6,1,1,0.048771,11.4508,trans,trans_regulatory_or_intronic
rs28746784,6,1,1,0.0990877,29.7253,trans,trans_regulatory_or_intronic
rs28749139,6,1,1,0.0827295,34.4665,trans,trans_regulatory_or_intronic
rs28749166,6,1,1,0.0437931,12.545,trans,trans_regulatory_or_intronic
rs28752514,6,1,1,0.0395863,11.2905,trans,trans_regulatory_or_intronic
rs28753039,6,1,1,0.0583213,11.3598,trans,trans_other_or_unknown
rs2876016,6,1,1,0.0516897,14.7194,trans,trans_regulatory_or_intronic
rs28835301,6,1,1,0.0595441,13.2745,trans,trans_regulatory_or_intronic
rs28891435,6,1,1,0.0525831,11.0331,trans,trans_other_or_unknown
rs28891437,6,1,1,0.0684713,16.9907,trans,trans_other_or_unknown
rs2894204,6,1,1,0.0636827,37.4584,trans,trans_regulatory_or_intronic
rs2894379,6,1,1,0.0771029,28.8642,trans,trans_other_or_unknown
rs2905722,6,1,1,0.0630603,12.4453,trans,trans_regulatory_or_intronic
rs2905757,6,1,1,0.400809,787.035,cis,cis_target_regulatory_or_linked
rs296418,6,1,1,0.0429796,11.5985,trans,trans_regulatory_or_intronic
rs2983511,6,1,1,0.108619,60.4787,trans,trans_regulatory_or_intronic
rs3012455,6,1,1,0.0830768,16.3091,trans,trans_regulatory_or_intronic
rs3093562,6,1,1,0.0466992,12.1311,trans,trans_regulatory_or_intronic
rs3093974,6,1,1,0.0820774,40.7285,trans,trans_regulatory_or_intronic
rs3094087,6,1,1,0.0955385,38.1605,trans,trans_regulatory_or_intronic
rs3094141,6,1,1,0.2738,254.629,trans,trans_regulatory_or_intronic
rs3094589,6,2,2,0.0704266,25.9095,trans,trans_regulatory_or_intronic
rs3094611,6,1,1,0.0725636,18.6478,trans,trans_regulatory_or_intronic
rs3094684,6,1,1,0.0401549,11.9448,trans,trans_other_or_unknown
rs3095306,6,1,1,0.626629,2246.8,cis,cis_locus_linked
rs3095353,6,1,1,0.332652,659.219,cis,cis_locus_linked
rs3096690,6,1,1,0.0899032,27.7587,trans,trans_regulatory_or_intronic
rs3096698,6,1,1,0.0448485,12.2412,trans,trans_other_or_unknown
rs3104369,6,1,1,0.0889967,33.9252,trans,trans_regulatory_or_intronic
rs3104394,6,1,1,0.0736252,25.126,trans,trans_other_or_unknown
rs3117240,6,1,1,0.048321,11.6983,trans,trans_regulatory_or_intronic
rs3128959,6,1,1,0.182395,83.8342,trans,trans_regulatory_or_intronic
rs3128981,6,3,3,0.10402,65.1426,trans,trans_regulatory_or_intronic
rs3129754,6,2,2,0.0526775,20.3885,trans,trans_regulatory_or_intronic
rs3129777,6,3,3,0.106788,47.369,trans,trans_other_or_unknown
rs3129780,6,1,1,0.0609728,18.505,trans,trans_other_or_unknown
rs3129781,6,1,1,0.0776205,18.6912,trans,trans_other_or_unknown
rs3129782,6,1,1,0.0323631,14.824,trans,trans_other_or_unknown
rs3129867,6,1,1,0.0469098,11.9094,trans,trans_regulatory_or_intronic
rs3129900,6,1,1,0.0754306,20.9843,trans,trans_regulatory_or_intronic
rs3129945,6,1,1,0.0451048,11.3037,trans,trans_regulatory_or_intronic
rs3130070,6,1,1,0.109227,55.919,trans,trans_regulatory_or_intronic
rs3130491,6,1,1,0.126283,44.5141,trans,trans_regulatory_or_intronic
rs3130556,6,1,1,0.057417,22.8191,trans,trans_regulatory_or_intronic
rs3131622,6,2,2,0.0625218,25.417,trans,trans_other_or_unknown
rs3131623,6,1,1,0.060669,12.7828,trans,trans_regulatory_or_intronic
rs3132451,6,1,1,0.0634816,18.063,trans,trans_regulatory_or_intronic
rs3132485,6,1,1,0.0698628,32.275,trans,trans_regulatory_or_intronic
rs3134745,6,1,1,0.118837,92.5106,trans,trans_regulatory_or_intronic
rs3134798,6,1,1,0.0374303,11.7634,trans,trans_regulatory_or_intronic
rs3134928,6,1,1,0.0494094,12.0866,trans,trans_regulatory_or_intronic
rs3134971,6,1,1,0.088417,24.9176,trans,trans_regulatory_or_intronic
rs3134974,6,1,1,0.0452142,11.7287,trans,trans_regulatory_or_intronic
rs3134984,6,3,3,0.0822276,25.7219,trans,trans_other_or_unknown
rs3135369,6,1,1,0.069475,23.8656,trans,trans_other_or_unknown
rs3181238,6,1,1,0.294315,467.893,cis,cis_locus_linked
rs3207555,6,1,1,0.0738884,46.7549,trans,trans_regulatory_or_intronic
rs335963,6,1,1,0.109815,73.7107,trans,trans_regulatory_or_intronic
rs34043628,6,1,1,0.128119,18.6696,trans,trans_regulatory_or_intronic
rs34087545,6,1,1,0.107275,24.383,trans,trans_regulatory_or_intronic
rs34109856,6,1,1,1.65859,3534.21,cis,cis_target_coding_or_splice
rs34164109,6,1,1,0.054195,16.5926,trans,trans_regulatory_or_intronic
rs34434863,6,4,4,0.0618834,23.9003,trans,trans_regulatory_or_intronic
rs34437781,6,3,3,0.095838,11.7862,trans,trans_regulatory_or_intronic
rs34452456,6,1,1,0.048483,12.6653,trans,trans_regulatory_or_intronic
rs34509409,6,1,1,0.074189,29.8605,trans,trans_other_or_unknown
rs34578923,6,1,1,0.0502992,17.7736,trans,trans_regulatory_or_intronic
rs34656207,6,1,1,0.0490046,13.8253,trans,trans_other_or_unknown
rs34794906,6,2,2,0.0510687,25.6746,trans,trans_other_gene_coding_or_splice
rs34872474,6,1,1,0.0874146,12.7853,trans,trans_other_or_unknown
rs35074855,6,1,1,0.126235,32.4919,trans,trans_regulatory_or_intronic
rs35117964,6,1,1,0.0847417,23.3929,trans,trans_other_or_unknown
rs35139284,6,1,1,0.0889086,46.5658,trans,trans_regulatory_or_intronic
rs35173808,6,2,2,0.0833061,22.2686,trans,trans_regulatory_or_intronic
rs35248896,6,1,1,0.0887849,30.8367,trans,trans_regulatory_or_intronic
rs35254656,6,1,1,0.0647854,17.2316,trans,trans_regulatory_or_intronic
rs35371668,6,1,1,0.0947726,33.7192,trans,trans_regulatory_or_intronic
rs35467127,6,1,1,0.0986101,43.1639,trans,trans_regulatory_or_intronic
rs35653258,6,1,1,0.176785,104.372,trans,trans_other_or_unknown
rs35734933,6,1,1,0.0731532,14.7256,trans,trans_regulatory_or_intronic
rs35735140,6,1,1,0.0915187,12.4486,trans,trans_regulatory_or_intronic
rs35772543,6,2,2,0.109364,27.305,trans,trans_other_gene_coding_or_splice
rs35786788,6,2,2,0.0593048,20.092,trans,trans_regulatory_or_intronic
rs36057735,6,1,1,0.067199,17.8612,trans,trans_regulatory_or_intronic
rs36096565,6,1,1,0.677846,1537.12,cis,cis_locus_linked
rs36216739,6,1,1,0.17746,75.4609,trans,trans_regulatory_or_intronic
rs36219699,6,1,1,0.103384,13.8349,trans,trans_other_gene_coding_or_splice
rs369580,6,1,1,0.068373,19.4446,trans,trans_regulatory_or_intronic
rs371225543,6,2,2,0.0604813,16.4908,trans,trans_regulatory_or_intronic
rs371337007,6,2,2,0.0743185,22.7656,trans,trans_regulatory_or_intronic
rs3734470,6,1,1,0.101156,52.0774,cis,cis_locus_linked
rs3734643,6,1,1,0.866471,2649.37,cis,cis_target_regulatory_or_linked
rs373801706,6,1,1,0.171376,33.0892,trans,trans_regulatory_or_intronic
rs374071816,6,1,1,0.0794475,13.0275,trans,trans_other_or_unknown
rs374074536,6,1,1,0.0468891,13.7347,trans,trans_other_or_unknown
rs3756838,6,1,1,0.449359,863.5,cis,cis_target_regulatory_or_linked
rs375848238,6,1,1,0.0461612,12.9674,trans,trans_other_or_unknown
rs3763288,6,1,1,0.0983998,14.2519,trans,trans_regulatory_or_intronic
rs3763348,6,1,1,0.0428462,13.7106,trans,trans_regulatory_or_intronic
rs3798969,6,1,1,0.916029,4537.93,cis,cis_target_regulatory_or_linked
rs3804333,6,1,1,0.0551391,12.5193,trans,trans_regulatory_or_intronic
rs3806157,6,1,1,0.0505664,14.9262,trans,trans_regulatory_or_intronic
rs3813356,6,1,1,0.582208,1960.44,cis,cis_target_regulatory_or_linked
rs3852215,6,1,1,0.0641568,18.3041,trans,trans_regulatory_or_intronic
rs3892446,6,1,1,0.0463006,15.9647,trans,trans_regulatory_or_intronic
rs389727,6,1,1,0.0547204,13.1368,trans,trans_regulatory_or_intronic
rs389884,6,1,1,0.218435,147.403,trans,trans_regulatory_or_intronic
rs3957147,6,1,1,0.0657693,15.0722,trans,trans_regulatory_or_intronic
rs3998176,6,1,1,0.0687801,18.2074,trans,trans_regulatory_or_intronic
rs4098923,6,3,3,0.0652166,24.8548,trans,trans_regulatory_or_intronic
rs41263828,6,1,1,0.054417,10.8007,trans,trans_regulatory_or_intronic
rs41285306,6,1,1,0.277484,12.3363,trans,trans_other_gene_coding_or_splice
rs41289902,6,1,1,0.485678,82.341,trans,trans_other_gene_coding_or_splice
rs4151667,6,1,1,0.400669,173.857,trans,trans_other_gene_coding_or_splice
rs4151669,6,1,1,0.102484,12.6088,trans,trans_regulatory_or_intronic
rs41559422,6,1,1,0.236764,55.0628,trans,trans_regulatory_or_intronic
rs41560824,6,2,2,0.181018,21.5888,trans,trans_other_gene_coding_or_splice
rs41563615,6,1,1,0.41731,213.453,trans,trans_regulatory_or_intronic
rs4236047,6,1,1,0.211254,208.088,cis,cis_target_regulatory_or_linked
rs4248814,6,1,1,0.0550859,15.303,trans,trans_regulatory_or_intronic
rs4249311,6,1,1,0.0648303,28.2084,trans,trans_regulatory_or_intronic
rs4252066,6,1,1,0.0609863,21.2735,trans,trans_regulatory_or_intronic
rs4252117,6,1,1,0.0819057,72.4199,trans,trans_regulatory_or_intronic
rs4252125,6,1,1,0.057593,30.3237,trans,trans_other_gene_coding_or_splice
rs4282400,6,1,1,0.0552095,21.0319,trans,trans_other_or_unknown
rs429853,6,1,1,0.0373042,11.7573,trans,trans_regulatory_or_intronic
rs431204,6,2,2,0.0761841,15.4893,trans,trans_regulatory_or_intronic
rs434841,6,1,1,0.0758761,38.0026,trans,trans_regulatory_or_intronic
rs4364486,6,7,7,0.21381,209.875,trans,trans_regulatory_or_intronic
rs4373379,6,1,1,0.0445198,11.882,trans,trans_regulatory_or_intronic
rs440454,6,1,1,0.055081,17.3842,trans,trans_regulatory_or_intronic
rs4406273,6,1,1,0.119263,29.808,trans,trans_regulatory_or_intronic
rs4425613,6,1,1,0.0375553,11.8658,trans,trans_regulatory_or_intronic
rs448277,6,1,1,0.0569725,16.5081,trans,trans_regulatory_or_intronic
rs451637,6,9,9,0.060992,19.4371,trans,trans_other_gene_coding_or_splice
rs454095,6,1,1,0.0494828,15.1084,trans,trans_regulatory_or_intronic
rs4541785,6,1,1,0.0502687,14.3035,trans,trans_regulatory_or_intronic
rs45448395,6,1,1,0.455126,458.892,cis,cis_target_regulatory_or_linked
rs4548048,6,1,1,0.0828008,14.3621,trans,trans_regulatory_or_intronic
rs4552690,6,1,1,0.0381236,10.91,trans,trans_other_or_unknown
rs45531831,6,2,2,1.11448,756.462,cis;trans,cis_locus_linked;trans_regulatory_or_intronic
rs4563703,6,1,1,0.0570418,11.0818,trans,trans_regulatory_or_intronic
rs457759,6,1,1,0.0453357,13.57,trans,trans_regulatory_or_intronic
rs4585607,6,1,1,0.0644505,25.3571,trans,trans_regulatory_or_intronic
rs4607429,6,1,1,0.158407,78.8756,trans,trans_regulatory_or_intronic
rs4637681,6,1,1,0.0536385,15.5471,trans,trans_regulatory_or_intronic
rs4711301,6,1,1,0.0499049,11.2997,trans,trans_regulatory_or_intronic
rs4713505,6,2,2,0.0605389,19.1998,trans,trans_other_or_unknown
rs4713535,6,1,1,0.694212,309.338,trans,trans_regulatory_or_intronic
rs4713555,6,1,1,0.0525946,13.7685,trans,trans_other_or_unknown
rs4713570,6,4,4,0.0866115,33.9623,trans,trans_regulatory_or_intronic
rs4713572,6,1,1,0.0742065,37.2549,trans,trans_regulatory_or_intronic
rs4714801,6,1,1,0.0477432,14.0612,trans,trans_other_or_unknown
rs4746,6,1,1,0.325834,616.914,cis,cis_target_coding_or_splice
rs4895440,6,3,3,0.0552732,15.9488,trans,trans_regulatory_or_intronic
rs4895864,6,1,1,0.0497369,28.9798,trans,trans_regulatory_or_intronic
rs4959030,6,1,1,0.113402,46.4787,trans,trans_regulatory_or_intronic
rs4959106,6,2,2,0.0740063,32.7393,trans,trans_regulatory_or_intronic
rs4959112,6,1,1,0.146264,15.5701,trans,trans_regulatory_or_intronic
rs4959788,6,2,2,0.182425,121.058,cis;trans,cis_locus_linked;trans_regulatory_or_intronic
rs497309,6,1,1,0.0888642,25.4703,trans,trans_regulatory_or_intronic
rs5000803,6,1,1,0.0597461,15.6059,trans,trans_regulatory_or_intronic
rs509227,6,9,9,0.293574,565.688,trans,trans_regulatory_or_intronic
rs511515,6,2,2,0.0697036,24.9747,trans,trans_regulatory_or_intronic
rs519118,6,1,1,0.0440633,13.6495,trans,trans_regulatory_or_intronic
rs520028,6,1,1,0.0405343,11.2875,trans,trans_regulatory_or_intronic
rs521977,6,1,1,0.0619041,21.741,trans,trans_regulatory_or_intronic
rs533015777,6,1,1,0.0546935,11.9179,trans,trans_regulatory_or_intronic
rs535777,6,13,13,0.120329,44.227,trans,trans_other_or_unknown
rs5370,6,1,1,0.261816,284.799,cis,cis_target_coding_or_splice
rs539981616,6,1,1,0.143647,98.411,trans,trans_regulatory_or_intronic
rs547211157,6,1,1,0.202903,12.918,trans,trans_regulatory_or_intronic
rs550053442,6,1,1,0.0995272,39.0297,trans,trans_regulatory_or_intronic
rs555247,6,1,1,0.486541,1855.17,cis,cis_locus_linked
rs556679,6,1,1,0.0999268,24.4468,trans,trans_regulatory_or_intronic
rs55712380,6,1,1,0.0462502,12.3961,trans,trans_regulatory_or_intronic
rs55730499,6,2,2,0.102824,24.6937,trans,trans_regulatory_or_intronic
rs55792059,6,1,1,0.0760615,25.5425,trans,trans_other_or_unknown
rs55866704,6,1,1,0.0733922,12.787,trans,trans_regulatory_or_intronic
rs558702,6,2,2,0.0671545,13.8234,trans,trans_regulatory_or_intronic
rs55925606,6,1,1,0.0742831,11.6887,trans,trans_regulatory_or_intronic
rs55934950,6,1,1,0.0358879,11.8931,trans,trans_regulatory_or_intronic
rs559469172,6,1,1,0.0675449,13.0135,trans,trans_other_or_unknown
rs55986091,6,1,1,0.139639,47.1232,trans,trans_regulatory_or_intronic
rs560622990,6,1,1,0.0827846,22.2774,trans,trans_regulatory_or_intronic
rs562289,6,1,1,0.0705003,22.1632,trans,trans_other_or_unknown
rs56293029,6,1,1,0.0731347,25.373,trans,trans_regulatory_or_intronic
rs56353819,6,1,1,0.0457714,17.2811,trans,trans_regulatory_or_intronic
rs56393506,6,4,4,0.722247,1600.46,cis;trans,cis_target_regulatory_or_linked;trans_regulatory_or_intronic
rs565736525,6,1,1,0.114999,13.4336,trans,trans_other_or_unknown
rs56705452,6,1,1,0.0453542,11.2803,trans,trans_other_or_unknown
rs572123865,6,1,1,0.0677597,26.6602,trans,trans_regulatory_or_intronic
rs577721086,6,1,1,0.0933359,11.3888,trans,trans_regulatory_or_intronic
rs579477,6,1,1,0.0467472,13.0432,trans,trans_regulatory_or_intronic
rs58217236,6,1,1,0.0586843,22.1771,trans,trans_regulatory_or_intronic
rs58544878,6,1,1,0.0671348,13.4315,trans,trans_regulatory_or_intronic
rs585669,6,1,1,0.0480119,14.7471,trans,trans_other_or_unknown
rs59084494,6,1,1,0.0496866,18.3587,trans,trans_regulatory_or_intronic
rs590856,6,1,1,0.0492036,15.3645,trans,trans_regulatory_or_intronic
rs59142330,6,2,2,0.0716271,20.364,trans,trans_regulatory_or_intronic
rs592377,6,1,1,0.0430221,11.9962,trans,trans_regulatory_or_intronic
rs592423,6,5,5,0.116106,104.752,trans,trans_regulatory_or_intronic
rs59321237,6,1,1,0.723556,343.03,cis,cis_locus_linked
rs597697,6,1,1,0.046171,13.9518,trans,trans_regulatory_or_intronic
rs5985,6,1,1,0.0772578,26.6028,trans,trans_other_gene_coding_or_splice
rs60045856,6,1,1,0.0769358,16.3988,trans,trans_regulatory_or_intronic
rs60255287,6,1,1,0.0568726,11.4541,trans,trans_other_or_unknown
rs60378094,6,1,1,0.0594774,13.7201,trans,trans_regulatory_or_intronic
rs605203,6,1,1,0.0458479,11.7492,trans,trans_regulatory_or_intronic
rs60600164,6,1,1,0.0874517,22.5138,trans,trans_other_or_unknown
rs607929,6,2,2,0.045537,12.3174,trans,trans_other_or_unknown
rs60816814,6,1,1,0.16646,42.4536,trans,trans_regulatory_or_intronic
rs610081,6,1,1,0.0579525,13.68,trans,trans_regulatory_or_intronic
rs610913,6,1,1,0.0794835,35.0505,trans,trans_other_gene_coding_or_splice
rs61177759,6,1,1,0.0574075,13.5539,trans,trans_regulatory_or_intronic
rs61257964,6,1,1,0.0746024,16.3513,trans,trans_regulatory_or_intronic
rs61431557,6,1,1,0.0684773,15.6833,trans,trans_other_or_unknown
rs61612642,6,1,1,0.05755,12.6753,trans,trans_regulatory_or_intronic
rs61746508,6,1,1,0.426725,63.6738,cis,cis_target_coding_or_splice
rs617578,6,1,1,0.103585,21.3263,trans,trans_other_or_unknown
rs622871,6,3,3,0.0526932,16.8543,trans,trans_regulatory_or_intronic
rs62395441,6,1,1,0.684273,895.155,trans,trans_regulatory_or_intronic
rs62396356,6,1,1,0.0872273,22.1699,trans,trans_regulatory_or_intronic
rs62396735,6,1,1,0.0449344,11.3175,trans,trans_regulatory_or_intronic
rs62404124,6,1,1,0.0945962,13.1786,trans,trans_regulatory_or_intronic
rs62405419,6,1,1,0.0718554,14.1591,trans,trans_regulatory_or_intronic
rs62405538,6,1,1,0.0631128,17.756,trans,trans_other_or_unknown
rs62406524,6,2,2,0.421931,350.458,cis;trans,cis_target_regulatory_or_linked;trans_regulatory_or_intronic
rs62408218,6,1,1,0.100774,65.6044,trans,trans_regulatory_or_intronic
rs62408225,6,1,1,0.0601478,19.3459,trans,trans_regulatory_or_intronic
rs62408227,6,1,1,0.0772323,37.3649,trans,trans_regulatory_or_intronic
rs62418808,6,2,2,0.172918,164.547,trans,trans_regulatory_or_intronic
rs62427982,6,1,1,0.0556517,22.351,trans,trans_regulatory_or_intronic
rs62437973,6,1,1,0.0543907,15.6873,trans,trans_regulatory_or_intronic
rs62440901,6,1,1,0.04613,11.3671,trans,trans_regulatory_or_intronic
rs625899,6,2,2,0.0512314,14.588,trans,trans_regulatory_or_intronic
rs630379,6,2,2,0.0931537,44.7065,trans,trans_regulatory_or_intronic
rs641153,6,1,1,0.621564,825.868,cis,cis_target_coding_or_splice
rs6415128,6,1,1,0.0509559,15.9514,trans,trans_regulatory_or_intronic
rs6457592,6,1,1,0.0479748,16.3601,trans,trans_regulatory_or_intronic
rs6457621,6,2,2,0.0698312,15.8677,trans,trans_other_or_unknown
rs6458844,6,1,1,0.043262,11.2072,trans,trans_regulatory_or_intronic
rs6458867,6,1,1,0.0465927,14.6436,trans,trans_regulatory_or_intronic
rs6458871,6,2,2,0.318199,595.44,cis,cis_locus_linked
rs6467,6,1,1,0.0446876,14.7766,trans,trans_regulatory_or_intronic
rs648396,6,1,1,0.0392389,11.4943,trans,trans_other_gene_coding_or_splice
rs648802,6,1,1,0.135233,119.56,trans,trans_other_gene_coding_or_splice
rs6568571,6,1,1,0.0611189,22.0656,trans,trans_regulatory_or_intronic
rs6571015,6,1,1,0.12982,67.5484,trans,trans_regulatory_or_intronic
rs658228,6,1,1,0.0460245,11.9592,trans,trans_regulatory_or_intronic
rs665401,6,1,1,0.0739892,36.3496,trans,trans_regulatory_or_intronic
rs66629131,6,1,1,0.0448724,11.1137,trans,trans_regulatory_or_intronic
rs66760320,6,1,1,0.0724985,25.2169,trans,trans_regulatory_or_intronic
rs668438,6,1,1,0.0522211,14.0705,trans,trans_other_or_unknown
rs66859861,6,1,1,0.0500075,14.5434,trans,trans_other_or_unknown
rs66867810,6,1,1,0.0582373,23.4405,trans,trans_regulatory_or_intronic
rs67131976,6,1,1,0.164483,110.039,trans,trans_regulatory_or_intronic
rs67322126,6,1,1,0.0743715,21.7361,trans,trans_other_or_unknown
rs673265,6,1,1,0.0488619,14.8108,trans,trans_regulatory_or_intronic
rs67370636,6,1,1,0.0742746,28.2975,trans,trans_regulatory_or_intronic
rs67597621,6,1,1,0.0617619,19.8851,trans,trans_regulatory_or_intronic
rs67612510,6,1,1,0.0542888,14.0232,trans,trans_regulatory_or_intronic
rs676199,6,1,1,0.0402519,11.3631,trans,trans_regulatory_or_intronic
rs67773077,6,1,1,0.0471906,13.7674,trans,trans_regulatory_or_intronic
rs67792106,6,1,1,0.0612781,19.915,trans,trans_regulatory_or_intronic
rs67961283,6,1,1,0.125486,65.4391,trans,trans_regulatory_or_intronic
rs68027833,6,1,1,0.0710283,21.0578,trans,trans_regulatory_or_intronic
rs688181,6,1,1,0.0841432,34.9902,cis,cis_locus_linked
rs6901488,6,1,1,0.0551467,12.3189,trans,trans_regulatory_or_intronic
rs6904946,6,1,1,0.073672,31.8757,cis,cis_target_regulatory_or_linked
rs6905736,6,1,1,0.0899764,25.6912,trans,trans_regulatory_or_intronic
rs6906295,6,1,1,0.0723593,13.321,trans,trans_regulatory_or_intronic
rs6907508,6,1,1,0.0633967,11.2164,trans,trans_regulatory_or_intronic
rs6908032,6,2,2,0.0848877,22.5814,trans,trans_other_or_unknown
rs6908045,6,1,1,0.0484766,16.4515,trans,trans_regulatory_or_intronic
rs6908943,6,2,2,0.0921909,32.5937,trans,trans_regulatory_or_intronic
rs6911310,6,1,1,0.110502,58.3373,trans,trans_other_or_unknown
rs6911448,6,2,2,0.0920552,56.1018,trans,trans_regulatory_or_intronic
rs6911665,6,1,1,0.062162,14.2498,trans,trans_regulatory_or_intronic
rs6913664,6,3,3,0.0676691,33.7255,trans,trans_regulatory_or_intronic
rs6914950,6,1,1,0.149709,72.3343,trans,trans_regulatory_or_intronic
rs6919603,6,1,1,0.0521856,14.3047,trans,trans_regulatory_or_intronic
rs6921438,6,2,2,0.674741,2751.7,cis;trans,cis_locus_linked;trans_regulatory_or_intronic
rs6922541,6,1,1,0.0429338,12.3283,trans,trans_regulatory_or_intronic
rs6923313,6,1,1,0.0485799,14.6782,trans,trans_regulatory_or_intronic
rs6923872,6,1,1,0.0578224,11.8776,trans,trans_other_or_unknown
rs6924387,6,4,4,0.0636401,29.0288,trans,trans_regulatory_or_intronic
rs6924776,6,1,1,0.0549605,19.012,trans,trans_regulatory_or_intronic
rs6924861,6,1,1,0.0536049,11.6467,trans,trans_regulatory_or_intronic
rs6924975,6,1,1,0.0727357,12.5002,trans,trans_other_or_unknown
rs6926219,6,3,3,0.0875529,49.8129,trans,trans_regulatory_or_intronic
rs6927022,6,1,1,0.0495885,16.7933,trans,trans_regulatory_or_intronic
rs6927324,6,1,1,0.0564822,13.7162,trans,trans_regulatory_or_intronic
rs6927418,6,1,1,0.0498228,16.0223,trans,trans_regulatory_or_intronic
rs6932623,6,1,1,0.0552003,12.2614,trans,trans_regulatory_or_intronic
rs6933289,6,1,1,0.0486589,12.6633,trans,trans_regulatory_or_intronic
rs693906,6,1,1,0.0529964,11.3559,trans,trans_regulatory_or_intronic
rs6939099,6,1,1,0.0694568,80.2907,trans,trans_regulatory_or_intronic
rs6939340,6,2,2,0.0443256,13.3539,trans,trans_regulatory_or_intronic
rs6941112,6,1,1,0.0461398,11.1516,trans,trans_regulatory_or_intronic
rs707911,6,2,2,0.0592783,24.1443,trans,trans_other_gene_coding_or_splice
rs71534539,6,15,15,0.128319,78.6944,trans,trans_regulatory_or_intronic
rs71565332,6,1,1,0.053668,14.9041,trans,trans_other_or_unknown
rs720465,6,1,1,0.063327,23.1216,trans,trans_regulatory_or_intronic
rs724745,6,1,1,0.049651,19.6188,trans,trans_other_or_unknown
rs72508413,6,1,1,0.105154,57.1848,trans,trans_other_or_unknown
rs72508417,6,1,1,0.04797,10.9856,trans,trans_regulatory_or_intronic
rs72558143,6,1,1,0.061902,12.6986,trans,trans_regulatory_or_intronic
rs72843784,6,1,1,0.453472,477.593,cis,cis_locus_linked
rs72848256,6,1,1,0.0685235,19.7313,trans,trans_regulatory_or_intronic
rs72851018,6,1,1,0.0438382,11.2938,trans,trans_regulatory_or_intronic
rs72851058,6,2,2,0.06177,12.8492,trans,trans_other_or_unknown
rs72868608,6,1,1,0.0736839,19.4994,trans,trans_regulatory_or_intronic
rs728831,6,1,1,0.0486181,12.9647,trans,trans_other_or_unknown
rs72959041,6,1,1,0.0842882,11.0833,trans,trans_regulatory_or_intronic
rs72980776,6,1,1,0.0606155,12.2059,trans,trans_regulatory_or_intronic
rs72988065,6,1,1,0.374495,458.373,cis,cis_locus_linked
rs72989401,6,1,1,0.0719745,31.0777,trans,trans_regulatory_or_intronic
rs73400361,6,1,1,0.0654549,16.3179,trans,trans_regulatory_or_intronic
rs73588036,6,1,1,0.109156,22.1641,trans,trans_regulatory_or_intronic
rs73588939,6,1,1,0.411811,794.388,cis,cis_locus_linked
rs73728618,6,1,1,0.114316,24.8906,trans,trans_regulatory_or_intronic
rs73728637,6,1,1,0.0575025,15.5468,trans,trans_regulatory_or_intronic
rs7383388,6,2,2,0.109259,29.1957,trans,trans_other_or_unknown;trans_regulatory_or_intronic
rs742493,6,1,1,0.116581,33.0208,trans,trans_other_gene_coding_or_splice
rs74360995,6,1,1,0.065556,13.8032,trans,trans_regulatory_or_intronic
rs7449585,6,1,1,0.0693166,21.5871,trans,trans_other_or_unknown
rs7451008,6,1,1,0.0676183,23.3636,trans,trans_regulatory_or_intronic
rs74617384,6,4,4,0.105772,19.0042,trans,trans_regulatory_or_intronic
rs74659633,6,1,1,0.081977,11.438,trans,trans_other_or_unknown
rs75029704,6,1,1,0.151945,59.3547,trans,trans_regulatory_or_intronic
rs75314265,6,1,1,0.492908,71.1578,trans,trans_regulatory_or_intronic
rs75474551,6,1,1,0.246982,123.395,trans,trans_regulatory_or_intronic
rs757262,6,1,1,0.270304,284.208,cis,cis_target_coding_or_splice
rs75773116,6,1,1,1.17575,422.267,trans,trans_regulatory_or_intronic
rs761711,6,1,1,0.0516724,19.9822,trans,trans_regulatory_or_intronic
rs76483802,6,1,1,0.0704198,26.1723,trans,trans_other_or_unknown
rs76778371,6,1,1,0.0461364,10.776,trans,trans_regulatory_or_intronic
rs76967117,6,1,1,0.078586,17.7678,trans,trans_regulatory_or_intronic
rs77318243,6,1,1,0.0731903,12.8346,trans,trans_regulatory_or_intronic
rs7740107,6,3,3,0.053653,15.3347,trans,trans_regulatory_or_intronic
rs77402376,6,1,1,0.0747071,16.3271,trans,trans_regulatory_or_intronic
rs7740797,6,1,1,0.0511046,16.6226,trans,trans_regulatory_or_intronic
rs7741476,6,1,1,0.0530018,16.2957,trans,trans_regulatory_or_intronic
rs7742789,6,1,1,0.0449945,13.8336,trans,trans_regulatory_or_intronic
rs7744284,6,1,1,0.0581845,21.7515,trans,trans_regulatory_or_intronic
rs77475227,6,1,1,0.0545116,12.9735,trans,trans_other_or_unknown
rs7748270,6,2,2,0.0472428,17.9462,trans,trans_other_or_unknown
rs7750356,6,1,1,0.0569026,12.0871,trans,trans_regulatory_or_intronic
rs7751676,6,1,1,0.187959,50.9986,cis,cis_locus_linked
rs7753585,6,1,1,0.0884197,10.8989,trans,trans_regulatory_or_intronic
rs7755970,6,1,1,0.0561877,27.381,trans,trans_regulatory_or_intronic
rs7757906,6,1,1,0.0434231,11.7851,trans,trans_regulatory_or_intronic
rs7758383,6,2,2,0.0734815,35.8895,trans,trans_regulatory_or_intronic
rs7763347,6,1,1,0.0416516,11.3344,trans,trans_regulatory_or_intronic
rs7764128,6,1,1,0.148309,53.7765,cis,cis_locus_linked
rs7764347,6,1,1,0.0967208,41.0125,trans,trans_other_gene_coding_or_splice
rs7765526,6,1,1,0.0445634,13.8538,trans,trans_regulatory_or_intronic
rs7765828,6,1,1,0.0949105,49.8169,trans,trans_regulatory_or_intronic
rs7766070,6,1,1,0.0560002,15.0765,trans,trans_regulatory_or_intronic
rs7766089,6,1,1,0.0424231,11.0552,trans,trans_regulatory_or_intronic
rs77668448,6,1,1,0.0710523,11.1763,trans,trans_regulatory_or_intronic
rs7767139,6,1,1,0.342748,471.239,cis,cis_locus_linked
rs7774377,6,1,1,0.0398491,10.9236,trans,trans_regulatory_or_intronic
rs78109196,6,1,1,0.638974,837.364,cis,cis_locus_linked
rs78470916,6,1,1,0.0923436,11.4084,trans,trans_regulatory_or_intronic
rs78541874,6,4,4,0.118468,31.4481,trans,trans_regulatory_or_intronic
rs78617560,6,1,1,0.0739134,11.2209,trans,trans_regulatory_or_intronic
rs79220007,6,3,3,0.434334,307.518,trans,trans_regulatory_or_intronic
rs79428469,6,1,1,0.0555189,13.8275,trans,trans_regulatory_or_intronic
rs79577746,6,1,1,0.0748188,13.359,trans,trans_regulatory_or_intronic
rs79761237,6,1,1,0.0945275,25.102,trans,trans_regulatory_or_intronic
rs7990,6,1,1,0.142744,49.2841,trans,trans_other_gene_coding_or_splice
rs80215559,6,1,1,0.129358,30.1421,trans,trans_regulatory_or_intronic
rs80268500,6,1,1,0.0852305,17.1301,trans,trans_other_or_unknown
rs805270,6,1,1,0.756061,470.918,cis,cis_locus_linked
rs805284,6,1,1,0.109318,17.8975,trans,trans_regulatory_or_intronic
rs806798,6,1,1,0.0506975,20.1207,trans,trans_regulatory_or_intronic
rs809479,6,1,1,0.0313918,10.8317,trans,trans_regulatory_or_intronic
rs8111,6,2,2,0.0566258,40.4308,trans,trans_regulatory_or_intronic
rs8192585,6,1,1,0.111593,15.1775,trans,trans_other_gene_coding_or_splice
rs8283,6,1,1,0.115257,53.6885,trans,trans_regulatory_or_intronic
rs833067,6,1,1,0.0416692,12.1437,trans,trans_regulatory_or_intronic
rs875421,6,1,1,0.0458334,15.2048,trans,trans_regulatory_or_intronic
rs883273,6,1,1,0.0859166,38.6882,cis,cis_target_regulatory_or_linked
rs884366,6,1,1,0.0496955,17.1587,trans,trans_regulatory_or_intronic
rs912057,6,1,1,0.0792665,53.196,trans,trans_regulatory_or_intronic
rs915125,6,2,2,0.084577,40.1426,trans,trans_regulatory_or_intronic
rs915651,6,1,1,0.0935102,23.736,trans,trans_regulatory_or_intronic
rs915652,6,1,1,0.105732,30.3039,trans,trans_regulatory_or_intronic
rs9258644,6,1,1,0.0792182,22.2006,trans,trans_regulatory_or_intronic
rs9258762,6,1,1,0.530781,469.478,trans,trans_regulatory_or_intronic
rs9259888,6,1,1,0.0790306,32.1722,trans,trans_regulatory_or_intronic
rs9262614,6,1,1,0.0671839,11.1192,trans,trans_regulatory_or_intronic
rs926309,6,1,1,0.0420082,11.15,trans,trans_regulatory_or_intronic
rs9263789,6,1,1,0.0821399,25.1016,trans,trans_regulatory_or_intronic
rs9264261,6,1,1,0.0531034,28.7352,trans,trans_other_or_unknown
rs9264275,6,1,1,0.0592418,14.0913,trans,trans_other_or_unknown
rs9264623,6,1,1,0.0600382,22.7663,trans,trans_regulatory_or_intronic
rs9264640,6,1,1,0.0714989,29.9268,trans,trans_regulatory_or_intronic
rs9264642,6,3,3,0.0429799,14.8142,trans,trans_regulatory_or_intronic
rs9264645,6,1,1,0.259353,369.742,trans,trans_regulatory_or_intronic
rs9264665,6,1,1,0.550852,1861.54,trans,trans_regulatory_or_intronic
rs9264666,6,1,1,0.0556306,21.2607,trans,trans_regulatory_or_intronic
rs9264682,6,1,1,0.0768496,30.0092,trans,trans_regulatory_or_intronic
rs9264862,6,1,1,0.0851458,14.5528,trans,trans_regulatory_or_intronic
rs9264893,6,1,1,0.0616544,11.7219,trans,trans_regulatory_or_intronic
rs9264941,6,1,1,0.0865591,26.8579,trans,trans_regulatory_or_intronic
rs9264942,6,5,5,0.0466383,13.914,trans,trans_regulatory_or_intronic
rs9264967,6,1,1,0.102038,26.9744,trans,trans_regulatory_or_intronic
rs9265540,6,1,1,0.0547787,15.6834,trans,trans_other_or_unknown
rs9265552,6,1,1,0.051067,12.423,trans,trans_other_or_unknown
rs9265747,6,1,1,0.052888,17.9301,trans,trans_other_or_unknown
rs9265830,6,1,1,0.0953063,46.7914,trans,trans_other_or_unknown
rs9265961,6,3,3,0.0792647,35.5121,trans,trans_other_or_unknown
rs9265968,6,1,1,0.0439731,10.8223,trans,trans_regulatory_or_intronic
rs9265986,6,1,1,0.0613894,21.0042,trans,trans_regulatory_or_intronic
rs9266043,6,1,1,0.108749,66.5513,trans,trans_regulatory_or_intronic
rs9266059,6,2,2,0.0614502,23.1164,trans,trans_regulatory_or_intronic
rs9266217,6,1,1,0.111577,69.4323,trans,trans_regulatory_or_intronic
rs9266219,6,1,1,0.0415051,14.7889,trans,trans_regulatory_or_intronic
rs9266271,6,1,1,0.19498,282.879,trans,trans_regulatory_or_intronic
rs9266524,6,1,1,0.0346056,11.1042,trans,trans_regulatory_or_intronic
rs9266627,6,1,1,0.051099,16.1774,trans,trans_regulatory_or_intronic
rs9266638,6,2,2,0.0690637,26.2509,trans,trans_regulatory_or_intronic
rs9266640,6,1,1,0.0515299,11.2934,trans,trans_regulatory_or_intronic
rs9266681,6,1,1,0.0823839,40.7116,trans,trans_regulatory_or_intronic
rs9266790,6,1,1,0.133134,52.7535,trans,trans_regulatory_or_intronic
rs9267123,6,2,2,0.133949,57.3176,trans,trans_regulatory_or_intronic
rs9267488,6,1,1,0.100269,30.3651,trans,trans_regulatory_or_intronic
rs9267797,6,1,1,1.57659,960.169,cis,cis_target_regulatory_or_linked
rs9267947,6,1,1,0.0593232,30.111,trans,trans_other_or_unknown
rs9267950,6,1,1,0.0496295,15.9048,trans,trans_regulatory_or_intronic
rs9268633,6,1,1,0.0586523,13.0908,trans,trans_regulatory_or_intronic
rs9268644,6,1,1,0.055104,18.2712,trans,trans_regulatory_or_intronic
rs9268833,6,1,1,0.0645121,21.6898,trans,trans_regulatory_or_intronic
rs9269075,6,1,1,0.0620823,13.1673,trans,trans_regulatory_or_intronic
rs9269213,6,1,1,0.0763539,25.6883,trans,trans_regulatory_or_intronic
rs9269234,6,1,1,0.0662006,16.4328,trans,trans_other_or_unknown
rs9269326,6,1,1,0.0504588,11.6618,trans,trans_other_or_unknown
rs9269502,6,1,1,0.0544098,13.4688,trans,trans_regulatory_or_intronic
rs9269543,6,1,1,0.059939,19.33,trans,trans_regulatory_or_intronic
rs9269693,6,1,1,0.0459266,13.2301,trans,trans_regulatory_or_intronic
rs9269891,6,1,1,0.0540641,15.4319,trans,trans_regulatory_or_intronic
rs9269965,6,1,1,0.0463341,15.5641,trans,trans_regulatory_or_intronic
rs9270003,6,1,1,0.0500046,11.8636,trans,trans_regulatory_or_intronic
rs9270270,6,1,1,0.696036,1569.97,trans,trans_regulatory_or_intronic
rs9270383,6,1,1,0.0666675,21.7856,trans,trans_regulatory_or_intronic
rs9270454,6,1,1,0.0690036,15.7549,trans,trans_regulatory_or_intronic
rs9270460,6,2,2,0.0394096,12.1527,trans,trans_regulatory_or_intronic
rs9270487,6,1,1,0.0463815,14.3605,trans,trans_regulatory_or_intronic
rs9270560,6,1,1,0.0655478,28.1512,trans,trans_regulatory_or_intronic
rs9270562,6,1,1,0.0491368,13.7175,trans,trans_regulatory_or_intronic
rs9270636,6,1,1,0.0480002,18.8096,trans,trans_other_or_unknown
rs9270703,6,1,1,0.109397,38.5433,trans,trans_other_or_unknown
rs9270747,6,3,3,0.122909,105.669,trans,trans_other_or_unknown
rs9271176,6,1,1,0.0571141,16.7964,trans,trans_other_or_unknown
rs9271222,6,1,1,0.239823,187.685,trans,trans_other_or_unknown
rs9271300,6,1,1,0.0452421,12.5302,trans,trans_other_or_unknown
rs9271325,6,1,1,0.0483743,16.8837,trans,trans_other_or_unknown
rs9271344,6,2,2,0.0612799,21.4136,trans,trans_regulatory_or_intronic
rs9271364,6,1,1,0.0439347,13.6176,trans,trans_other_or_unknown
rs9271374,6,1,1,0.0845251,45.8067,trans,trans_other_or_unknown
rs9271378,6,1,1,0.0682433,33.3854,trans,trans_other_or_unknown
rs9271459,6,1,1,0.0680447,24.6612,trans,trans_other_or_unknown
rs9271537,6,1,1,0.065482,24.3667,trans,trans_regulatory_or_intronic
rs9271591,6,1,1,0.0685666,38.5953,trans,trans_regulatory_or_intronic
rs9271593,6,1,1,0.0511912,16.9577,trans,trans_regulatory_or_intronic
rs9271642,6,1,1,0.0866814,49.4555,trans,trans_regulatory_or_intronic
rs9271657,6,1,1,0.072624,19.9899,trans,trans_regulatory_or_intronic
rs9271692,6,1,1,0.0431852,10.8064,trans,trans_regulatory_or_intronic
rs9271947,6,3,3,0.0846091,34.4633,trans,trans_regulatory_or_intronic
rs9272050,6,1,1,0.045534,13.9216,trans,trans_regulatory_or_intronic
rs9272079,6,2,2,0.0665091,29.7079,trans,trans_regulatory_or_intronic
rs9272148,6,1,1,0.0584512,19.3574,trans,trans_regulatory_or_intronic
rs9272154,6,2,2,0.0545979,17.284,trans,trans_regulatory_or_intronic
rs9272186,6,1,1,0.0512042,15.207,trans,trans_regulatory_or_intronic
rs9272231,6,1,1,0.0918871,47.2453,trans,trans_regulatory_or_intronic
rs9272278,6,3,3,0.0987662,37.9139,trans,trans_regulatory_or_intronic
rs9272300,6,1,1,0.0653375,18.9565,trans,trans_regulatory_or_intronic
rs9272302,6,2,2,0.0798281,27.6655,trans,trans_regulatory_or_intronic
rs9272364,6,1,1,0.0507534,15.9823,trans,trans_regulatory_or_intronic
rs9272383,6,1,1,0.0453948,14.3508,trans,trans_regulatory_or_intronic
rs9272400,6,1,1,0.0462811,11.5439,trans,trans_regulatory_or_intronic
rs9272445,6,1,1,0.12374,40.4204,trans,trans_regulatory_or_intronic
rs9272544,6,2,2,0.0494406,14.3218,trans,trans_regulatory_or_intronic
rs9272605,6,1,1,0.0654769,15.7288,trans,trans_regulatory_or_intronic
rs9272649,6,1,1,0.0484915,22.1223,trans,trans_regulatory_or_intronic
rs9273041,6,1,1,0.0552134,14.1491,trans,trans_regulatory_or_intronic
rs9273105,6,1,1,0.060284,23.2652,trans,trans_regulatory_or_intronic
rs9273123,6,2,2,0.0627447,18.6285,trans,trans_regulatory_or_intronic
rs9273206,6,1,1,0.0696923,20.6602,trans,trans_regulatory_or_intronic
rs9273265,6,1,1,0.103205,62.1817,trans,trans_regulatory_or_intronic
rs9273368,6,2,2,0.17435,166.609,trans,trans_regulatory_or_intronic
rs9273369,6,3,3,0.51294,1073.91,trans,trans_regulatory_or_intronic
rs9273379,6,1,1,0.0471022,13.7885,trans,trans_regulatory_or_intronic
rs9273453,6,2,2,0.0705256,12.7643,trans,trans_regulatory_or_intronic
rs9273537,6,1,1,0.0513602,19.6232,trans,trans_regulatory_or_intronic
rs9274278,6,1,1,0.0871547,37.6383,trans,trans_regulatory_or_intronic
rs9274326,6,1,1,0.0520877,13.3709,trans,trans_regulatory_or_intronic
rs9274442,6,2,2,0.0756839,25.8088,trans,trans_regulatory_or_intronic
rs9274454,6,1,1,0.098637,35.7082,trans,trans_regulatory_or_intronic
rs9274505,6,1,1,0.0627371,18.9267,trans,trans_regulatory_or_intronic
rs9274626,6,2,2,0.0767671,47.9534,trans,trans_regulatory_or_intronic
rs9274678,6,2,2,0.0871981,27.0662,trans,trans_regulatory_or_intronic
rs9274715,6,1,1,0.0437589,12.252,trans,trans_regulatory_or_intronic
rs9275109,6,1,1,0.0466279,13.5795,trans,trans_other_or_unknown
rs9275235,6,1,1,0.0498333,18.1358,trans,trans_other_or_unknown
rs9275237,6,1,1,0.0409904,11.3176,trans,trans_other_or_unknown
rs9275339,6,1,1,0.0919274,36.4279,trans,trans_other_or_unknown
rs9275354,6,1,1,0.0495275,11.5527,trans,trans_other_or_unknown
rs9275587,6,1,1,0.0451828,15.929,trans,trans_regulatory_or_intronic
rs9277518,6,1,1,0.0485235,12.7349,trans,trans_regulatory_or_intronic
rs9295121,6,1,1,0.101411,28.9861,trans,trans_regulatory_or_intronic
rs9295574,6,1,1,0.0641243,31.1345,trans,trans_regulatory_or_intronic
rs9295986,6,1,1,0.0476011,11.2773,trans,trans_regulatory_or_intronic
rs9320394,6,1,1,0.158404,145.887,cis,cis_target_regulatory_or_linked
rs9321402,6,1,1,0.0718878,32.6987,trans,trans_regulatory_or_intronic
rs932589,6,4,4,0.0541063,21.0179,trans,trans_regulatory_or_intronic
rs9328220,6,1,1,0.283305,386.209,cis,cis_locus_linked
rs9328454,6,1,1,0.0532436,14.6446,trans,trans_regulatory_or_intronic
rs9346805,6,5,5,0.102756,30.4037,trans,trans_regulatory_or_intronic
rs9348305,6,1,1,0.0525353,12.9024,trans,trans_regulatory_or_intronic
rs9349050,6,1,1,1.08179,6853.85,cis,cis_target_regulatory_or_linked
rs9349604,6,1,1,0.0431479,11.6863,trans,trans_regulatory_or_intronic
rs9350264,6,1,1,0.0434538,15.2977,trans,trans_other_or_unknown
rs9356631,6,1,1,0.153192,144.223,cis,cis_target_regulatory_or_linked
rs9357165,6,1,1,0.403833,1107.16,cis,cis_locus_linked
rs9361658,6,1,1,0.0413391,11.3838,trans,trans_other_or_unknown
rs9362387,6,1,1,0.0490045,24.6551,trans,trans_regulatory_or_intronic
rs9368661,6,1,1,0.116206,76.8687,trans,trans_other_or_unknown
rs9368728,6,1,1,0.0464659,14.3407,trans,trans_regulatory_or_intronic
rs9372538,6,1,1,0.0656076,31.9948,trans,trans_regulatory_or_intronic
rs9374804,6,1,1,0.0474234,11.7142,trans,trans_regulatory_or_intronic
rs9375694,6,1,1,0.0439198,14.2861,trans,trans_regulatory_or_intronic
rs9375697,6,1,1,0.0471219,15.7661,trans,trans_regulatory_or_intronic
rs9375701,6,1,1,0.0351685,11.2271,trans,trans_regulatory_or_intronic
rs9376090,6,1,1,0.0553057,13.6035,trans,trans_regulatory_or_intronic
rs9376091,6,3,3,0.0652549,20.0524,trans,trans_regulatory_or_intronic
rs9376267,6,1,1,0.193638,169.912,cis,cis_target_regulatory_or_linked
rs9377197,6,1,1,0.0439649,11.0105,trans,trans_other_or_unknown
rs9378249,6,6,6,0.117802,21.6034,trans,trans_regulatory_or_intronic
rs9379084,6,4,4,0.0725353,14.2815,trans,trans_other_gene_coding_or_splice
rs9380526,6,1,1,0.0448872,12.483,trans,trans_regulatory_or_intronic
rs9381428,6,1,1,0.0690995,26.3066,trans,trans_regulatory_or_intronic
rs9381785,6,1,1,0.0992385,51.7457,cis,cis_target_regulatory_or_linked
rs9382146,6,1,1,0.107654,80.6987,trans,trans_regulatory_or_intronic
rs9383023,6,2,2,0.0938097,40.5532,trans,trans_regulatory_or_intronic
rs9386298,6,1,1,0.045239,18.9801,trans,trans_regulatory_or_intronic
rs9388099,6,1,1,0.0379538,17.1753,trans,trans_regulatory_or_intronic
rs9388486,6,1,1,0.0621536,33.1063,trans,trans_regulatory_or_intronic
rs9388487,6,2,2,0.043272,16.9391,trans,trans_regulatory_or_intronic
rs9388489,6,1,1,0.0690275,30.6403,trans,trans_regulatory_or_intronic
rs9389268,6,1,1,0.0914162,51.5219,trans,trans_regulatory_or_intronic
rs9389634,6,1,1,0.0552336,11.0244,trans,trans_regulatory_or_intronic
rs9390461,6,3,3,0.0646995,26.8175,trans,trans_regulatory_or_intronic
rs9391786,6,1,1,0.0376162,10.993,trans,trans_other_or_unknown
rs9391855,6,1,1,0.093591,13.4024,trans,trans_regulatory_or_intronic
rs9392056,6,1,1,0.0417035,11.1183,trans,trans_regulatory_or_intronic
rs9392840,6,1,1,0.0647042,20.8435,trans,trans_other_or_unknown
rs9393711,6,1,1,0.950688,2370.73,cis,cis_target_coding_or_splice
rs9394070,6,1,1,0.149828,30.0477,trans,trans_regulatory_or_intronic
rs9394159,6,1,1,0.0394463,10.997,trans,trans_regulatory_or_intronic
rs9394314,6,1,1,0.046214,12.5591,trans,trans_regulatory_or_intronic
rs9398937,6,2,2,0.0497448,16.7106,trans,trans_regulatory_or_intronic
rs9399137,6,5,5,0.206172,180.722,trans,trans_regulatory_or_intronic
rs9399262,6,1,1,0.0564989,12.8403,trans,trans_regulatory_or_intronic
rs9400974,6,1,1,0.0598109,19.5881,trans,trans_other_or_unknown
rs9402211,6,2,2,0.0549612,17.4915,trans,trans_regulatory_or_intronic
rs9402685,6,2,2,0.0755744,27.9134,trans,trans_regulatory_or_intronic
rs9402686,6,3,3,0.0895331,37.8267,trans,trans_regulatory_or_intronic
rs9402690,6,1,1,0.0316258,12.1118,trans,trans_other_or_unknown
rs9405601,6,1,1,0.159221,147.262,cis,cis_target_regulatory_or_linked
rs9444504,6,1,1,0.0410722,15.3565,trans,trans_regulatory_or_intronic
rs9447027,6,1,1,0.844712,3909.59,cis,cis_target_regulatory_or_linked
rs9450704,6,1,1,0.042856,14.6964,trans,trans_regulatory_or_intronic
rs9456578,6,1,1,0.0772264,35.2162,trans,trans_regulatory_or_intronic
rs9457699,6,1,1,0.1569,130.221,cis,cis_locus_linked
rs9457799,6,1,1,0.0818121,20.5306,trans,trans_regulatory_or_intronic
rs9457800,6,1,1,0.0784782,19.1991,trans,trans_regulatory_or_intronic
rs9458017,6,1,1,0.346882,628.804,trans,trans_regulatory_or_intronic
rs9461780,6,1,1,0.112894,25.9692,trans,trans_regulatory_or_intronic
rs9463335,6,1,1,0.306247,452.913,cis,cis_target_regulatory_or_linked
rs9468900,6,1,1,0.0572792,14.6529,trans,trans_regulatory_or_intronic
rs9469004,6,1,1,0.0687005,17.3731,trans,trans_regulatory_or_intronic
rs9471708,6,1,1,0.0441133,11.0147,trans,trans_regulatory_or_intronic
rs9471972,6,1,1,0.0396508,11.6811,trans,trans_regulatory_or_intronic
rs9471974,6,1,1,0.0430223,12.0694,trans,trans_regulatory_or_intronic
rs9471975,6,1,1,0.0363938,13.1636,trans,trans_regulatory_or_intronic
rs9472040,6,2,2,0.0563136,18.7217,trans,trans_regulatory_or_intronic
rs9472860,6,1,1,0.186397,221.83,cis,cis_target_regulatory_or_linked
rs9478848,6,1,1,0.0597488,19.5487,cis,cis_locus_linked
rs9480534,6,2,2,0.118418,30.9535,trans,trans_regulatory_or_intronic
rs9482771,6,1,1,0.075246,36.0455,trans,trans_regulatory_or_intronic
rs9483788,6,3,3,0.0714371,25.684,trans,trans_regulatory_or_intronic
rs9484759,6,1,1,0.246128,228.549,cis,cis_target_regulatory_or_linked
rs9487051,6,1,1,0.067062,30.601,trans,trans_regulatory_or_intronic
rs9488914,6,1,1,0.0903925,49.3972,trans,trans_regulatory_or_intronic
rs9491696,6,2,2,0.072286,33.4607,trans,trans_regulatory_or_intronic
rs9497965,6,1,1,0.082465,40.8563,trans,trans_regulatory_or_intronic
rs9501258,6,1,1,0.2162,12.1959,trans,trans_regulatory_or_intronic
rs9501846,6,1,1,0.0424006,14.734,trans,trans_regulatory_or_intronic
rs9503159,6,1,1,0.0416536,11.3929,trans,trans_regulatory_or_intronic
rs9503212,6,1,1,0.0414625,11.6623,trans,trans_regulatory_or_intronic
rs9505086,6,1,1,0.0511721,16.0643,trans,trans_regulatory_or_intronic
rs998584,6,6,6,0.0928839,60.055,trans,trans_regulatory_or_intronic
rs10081281,7,1,1,0.161767,161.527,cis,cis_target_regulatory_or_linked
rs10085857,7,4,4,0.196546,205.475,trans,trans_other_or_unknown
rs1008897,7,1,1,0.0398093,11.3942,trans,trans_regulatory_or_intronic
rs1010366,7,1,1,0.0568095,28.2991,trans,trans_regulatory_or_intronic
rs10224210,7,14,14,0.0568448,20.8528,trans,trans_regulatory_or_intronic
rs10224737,7,1,1,0.056013,19.0671,trans,trans_regulatory_or_intronic
rs10224886,7,5,5,0.120064,64.1729,trans,trans_regulatory_or_intronic
rs10225292,7,1,1,0.055224,16.5734,cis,cis_locus_linked
rs10233479,7,1,1,0.103275,37.5153,trans,trans_regulatory_or_intronic
rs10242866,7,1,1,0.0456161,14.295,trans,trans_regulatory_or_intronic
rs10246303,7,1,1,0.0751091,34.3069,trans,trans_regulatory_or_intronic
rs10251492,7,2,2,0.117962,86.3779,trans,trans_regulatory_or_intronic
rs10253506,7,1,1,0.0537819,11.4765,trans,trans_regulatory_or_intronic
rs10253736,7,1,1,0.0414381,10.8378,trans,trans_regulatory_or_intronic
rs10254101,7,3,3,0.0507177,14.0652,trans,trans_regulatory_or_intronic
rs10257530,7,2,2,0.371035,697.881,cis;trans,cis_target_regulatory_or_linked;trans_regulatory_or_intronic
rs10261806,7,1,1,0.331235,617.805,cis,cis_target_regulatory_or_linked
rs10264306,7,2,2,0.0707535,25.19,trans,trans_regulatory_or_intronic
rs10264447,7,2,2,0.0440224,12.8967,trans,trans_regulatory_or_intronic
rs10265221,7,31,31,0.0617582,20.9935,trans,trans_regulatory_or_intronic
rs10267707,7,2,2,0.0521041,19.293,trans,trans_other_or_unknown
rs10268116,7,1,1,0.0736341,61.0642,trans,trans_regulatory_or_intronic
rs10269705,7,1,1,0.0654658,20.656,trans,trans_regulatory_or_intronic
rs10270657,7,1,1,0.0382049,11.6223,trans,trans_other_or_unknown
rs10277115,7,1,1,0.0473402,12.5954,trans,trans_regulatory_or_intronic
rs10278679,7,1,1,0.0446562,12.9287,trans,trans_regulatory_or_intronic
rs10279044,7,1,1,0.0465765,13.2529,trans,trans_other_or_unknown
rs10279432,7,1,1,0.0603929,22.2072,trans,trans_regulatory_or_intronic
rs10281089,7,1,1,1.11015,6723.96,cis,cis_locus_linked
rs10429164,7,1,1,0.0771553,12.3544,trans,trans_regulatory_or_intronic
rs1049742,7,1,1,0.50754,415.154,cis,cis_target_coding_or_splice
rs1051764,7,1,1,0.071172,65.4191,trans,trans_regulatory_or_intronic
rs1077481,7,3,3,0.0759315,37.2155,trans,trans_regulatory_or_intronic
rs10808297,7,2,2,0.204104,103.422,trans,trans_regulatory_or_intronic
rs10863,7,2,2,0.058206,17.1735,trans,trans_regulatory_or_intronic
rs10950209,7,1,1,0.0364593,10.9308,trans,trans_regulatory_or_intronic
rs10950856,7,1,1,0.0344925,12.4185,trans,trans_regulatory_or_intronic
rs10951192,7,2,2,0.0591195,16.9237,trans,trans_regulatory_or_intronic
rs10953006,7,1,1,0.049735,14.9856,trans,trans_regulatory_or_intronic
rs10953260,7,1,1,0.0649399,19.756,trans,trans_regulatory_or_intronic
rs111632177,7,6,6,0.0943588,28.2271,trans,trans_regulatory_or_intronic
rs11185602,7,3,3,0.0560117,18.5487,trans,trans_regulatory_or_intronic
rs112139215,7,1,1,0.0820091,12.5023,trans,trans_regulatory_or_intronic
rs112305062,7,1,1,0.0584005,10.942,trans,trans_other_gene_coding_or_splice
rs112348182,7,1,1,0.0574707,11.7345,trans,trans_regulatory_or_intronic
rs11238349,7,1,1,0.084627,37.124,trans,trans_regulatory_or_intronic
rs113920358,7,1,1,0.266427,168.691,cis,cis_target_regulatory_or_linked
rs114373434,7,1,1,0.0564413,16.5562,trans,trans_regulatory_or_intronic
rs114949263,7,1,1,0.0672666,15.4941,trans,trans_regulatory_or_intronic
rs116968179,7,4,4,0.14772,18.1047,trans,trans_regulatory_or_intronic
rs117282715,7,1,1,0.0785637,15.1898,trans,trans_regulatory_or_intronic
rs11760352,7,2,2,0.336709,745.003,cis;trans,cis_locus_linked;trans_other_or_unknown
rs11761540,7,1,1,0.153752,127.855,cis,cis_target_regulatory_or_linked
rs11764510,7,1,1,0.0416788,11.1023,trans,trans_regulatory_or_intronic
rs11768309,7,2,2,0.0564612,20.0762,trans,trans_regulatory_or_intronic
rs11768817,7,1,1,0.0792203,10.9687,trans,trans_regulatory_or_intronic
rs11769630,7,1,1,0.116976,23.5206,trans,trans_regulatory_or_intronic
rs11771167,7,2,2,0.0836012,45.7387,trans,trans_regulatory_or_intronic
rs11772036,7,3,3,0.112009,19.1271,trans,trans_regulatory_or_intronic
rs11773763,7,3,3,0.053148,16.1769,trans,trans_regulatory_or_intronic
rs1178947,7,2,2,0.0530092,13.2639,trans,trans_regulatory_or_intronic
rs117905808,7,1,1,0.712079,230.998,trans,trans_regulatory_or_intronic
rs1194182,7,1,1,0.0457691,13.7756,trans,trans_other_or_unknown
rs11972310,7,1,1,0.0398807,12.2356,trans,trans_regulatory_or_intronic
rs11974627,7,1,1,0.107661,44.1232,cis,cis_locus_linked
rs11982872,7,1,1,0.0420233,11.4573,trans,trans_other_or_unknown
rs1204375,7,1,1,0.0506162,11.3353,trans,trans_regulatory_or_intronic
rs12155039,7,1,1,0.0479272,14.349,trans,trans_regulatory_or_intronic
rs1229027,7,1,1,0.0858751,35.9502,trans,trans_regulatory_or_intronic
rs125124,7,1,1,0.0481752,15.2124,trans,trans_regulatory_or_intronic
rs12531020,7,1,1,0.050763,14.8355,trans,trans_regulatory_or_intronic
rs12531207,7,1,1,0.0383224,10.7778,trans,trans_regulatory_or_intronic
rs12534190,7,1,1,0.0516313,13.2139,trans,trans_other_or_unknown
rs12539299,7,1,1,0.0443453,12.8708,trans,trans_regulatory_or_intronic
rs12540573,7,1,1,0.701813,783.544,cis,cis_target_regulatory_or_linked
rs12540919,7,3,3,0.101799,22.5614,trans,trans_other_gene_coding_or_splice
rs12667978,7,10,10,0.144728,143.67,trans,trans_regulatory_or_intronic
rs12668458,7,3,3,0.190019,198.133,cis;trans,cis_target_regulatory_or_linked;trans_regulatory_or_intronic
rs12674095,7,1,1,0.060518,10.8955,trans,trans_regulatory_or_intronic
rs12702353,7,1,1,0.0448752,13.1213,trans,trans_regulatory_or_intronic
rs12702515,7,1,1,0.0406359,13.0973,trans,trans_regulatory_or_intronic
rs12718731,7,1,1,0.0418272,11.5446,trans,trans_regulatory_or_intronic
rs1294847,7,1,1,0.0448629,11.1702,trans,trans_other_or_unknown
rs13225660,7,1,1,0.0493637,12.7336,trans,trans_regulatory_or_intronic
rs13226219,7,2,2,0.252326,171.954,cis;trans,cis_target_regulatory_or_linked;trans_regulatory_or_intronic
rs13226546,7,1,1,0.07634,38.5349,trans,trans_regulatory_or_intronic
rs13226650,7,1,1,0.052389,10.9391,trans,trans_regulatory_or_intronic
rs13229619,7,2,2,0.156716,66.8094,trans,trans_regulatory_or_intronic
rs13230509,7,1,1,0.0550012,17.2279,trans,trans_regulatory_or_intronic
rs13231072,7,1,1,0.0500227,14.9774,trans,trans_regulatory_or_intronic
rs13232120,7,1,1,0.0751232,15.7009,trans,trans_regulatory_or_intronic
rs13234131,7,4,4,0.087039,21.1442,trans,trans_regulatory_or_intronic
rs13234378,7,4,4,0.0830088,25.9494,trans,trans_regulatory_or_intronic
rs13234805,7,1,1,0.0661344,14.0326,trans,trans_other_or_unknown
rs13235543,7,1,1,0.0666732,12.5155,trans,trans_other_gene_coding_or_splice
rs13236689,7,30,30,0.265993,413.766,cis;trans,cis_target_regulatory_or_linked;trans_regulatory_or_intronic
rs13240065,7,4,4,0.183118,91.134,trans,trans_regulatory_or_intronic
rs13240994,7,4,4,0.0877752,33.5188,trans,trans_regulatory_or_intronic
rs13242463,7,1,1,0.104598,55.0371,cis,cis_locus_linked
rs13244614,7,1,1,0.0523076,15.8361,trans,trans_regulatory_or_intronic
rs13246993,7,6,6,0.0777619,17.2175,trans,trans_regulatory_or_intronic
rs13247029,7,1,1,0.0518843,14.4267,trans,trans_regulatory_or_intronic
rs13247874,7,1,1,0.0541187,12.0127,trans,trans_regulatory_or_intronic
rs1404422,7,2,2,0.047782,14.2279,trans,trans_regulatory_or_intronic
rs1431092,7,1,1,0.142476,124.689,cis,cis_target_regulatory_or_linked
rs143110592,7,1,1,0.0555913,15.0054,trans,trans_regulatory_or_intronic
rs145003280,7,1,1,0.0565489,11.1963,trans,trans_regulatory_or_intronic
rs1476679,7,1,1,0.0406817,11.8306,trans,trans_regulatory_or_intronic
rs149007767,7,1,1,0.0613335,16.6887,trans,trans_regulatory_or_intronic
rs149867961,7,1,1,1.02172,638.383,cis,cis_target_regulatory_or_linked
rs150231592,7,1,1,0.160009,22.5734,trans,trans_other_gene_coding_or_splice
rs1544474,7,1,1,0.0540104,18.3837,trans,trans_regulatory_or_intronic
rs157934,7,2,2,0.0458354,13.2629,trans,trans_regulatory_or_intronic
rs1635893,7,1,1,0.517837,929.66,cis,cis_locus_linked
rs17138358,7,2,2,0.0553986,20.2583,trans,trans_regulatory_or_intronic
rs17145738,7,1,1,0.0731924,14.7508,trans,trans_regulatory_or_intronic
rs17145750,7,4,4,0.0905708,29.3539,trans,trans_regulatory_or_intronic
rs17151689,7,1,1,0.13757,23.8772,trans,trans_other_gene_coding_or_splice
rs17154155,7,15,15,0.0671482,28.2169,trans,trans_regulatory_or_intronic
rs17165120,7,1,1,0.531214,433.27,cis,cis_target_regulatory_or_linked
rs17256042,7,1,1,0.11343,17.321,trans,trans_other_gene_coding_or_splice
rs1726867,7,1,1,0.27901,422.733,cis,cis_locus_linked
rs17324153,7,1,1,0.247267,56.3017,cis,cis_target_coding_or_splice
rs1761667,7,1,1,0.0440049,12.1009,trans,trans_regulatory_or_intronic
rs17715183,7,2,2,0.148076,33.5385,trans,trans_other_or_unknown
rs17855988,7,1,1,0.135582,68.2256,cis,cis_target_coding_or_splice
rs1800783,7,1,1,0.0479463,13.5437,cis,cis_target_regulatory_or_linked
rs1800797,7,1,1,0.0428997,12.7601,trans,trans_regulatory_or_intronic
rs1814170,7,1,1,0.148785,64.4268,trans,trans_regulatory_or_intronic
rs1824872,7,1,1,0.0508093,16.9973,trans,trans_regulatory_or_intronic
rs184163936,7,1,1,0.332516,16.8242,trans,trans_regulatory_or_intronic
rs184780137,7,1,1,0.10069,13.2348,trans,trans_regulatory_or_intronic
rs185081604,7,1,1,0.0676628,13.0,trans,trans_regulatory_or_intronic
rs1858830,7,1,1,0.158687,143.177,cis,cis_target_regulatory_or_linked
rs1859788,7,2,2,1.13366,6463.73,cis,cis_locus_linked;cis_target_coding_or_splice
rs1860147,7,1,1,0.769842,2714.7,cis,cis_locus_linked
rs1870028,7,2,2,0.133502,29.4332,trans,trans_regulatory_or_intronic
rs1878808,7,2,2,0.0492337,14.5665,trans,trans_regulatory_or_intronic
rs1881117,7,1,1,0.0403149,11.5457,trans,trans_regulatory_or_intronic
rs1917368,7,2,2,0.040631,11.1363,trans,trans_regulatory_or_intronic
rs192487617,7,1,1,0.512105,12.5703,trans,trans_other_gene_coding_or_splice
rs1966269,7,1,1,0.0395472,10.8912,trans,trans_regulatory_or_intronic
rs1990786,7,1,1,0.056969,13.4938,trans,trans_regulatory_or_intronic
rs1990790,7,1,1,0.050248,18.2925,trans,trans_regulatory_or_intronic
rs201897458,7,1,1,0.334532,186.128,cis,cis_locus_linked
rs2057681,7,1,1,0.0636705,25.7303,trans,trans_regulatory_or_intronic
rs2069845,7,1,1,0.0380833,11.6061,trans,trans_regulatory_or_intronic
rs2071045,7,1,1,0.0446618,11.5213,cis,cis_target_regulatory_or_linked
rs2075079,7,1,1,0.0338925,10.9158,trans,trans_regulatory_or_intronic
rs2129904,7,1,1,0.0545726,10.8925,trans,trans_regulatory_or_intronic
rs2158799,7,5,5,0.0578144,20.2681,trans,trans_regulatory_or_intronic
rs2159503,7,1,1,0.0519502,11.3237,trans,trans_regulatory_or_intronic
rs2227674,7,1,1,0.10871,47.5012,cis,cis_target_regulatory_or_linked
rs2229542,7,1,1,0.599759,108.041,cis,cis_target_coding_or_splice
rs2244700,7,1,1,0.0680145,29.5802,trans,trans_regulatory_or_intronic
rs2269829,7,1,1,0.0543145,17.3625,trans,trans_regulatory_or_intronic
rs2279542,7,1,1,0.549271,1734.65,cis,cis_target_coding_or_splice
rs2301801,7,1,1,0.0489599,11.2815,trans,trans_regulatory_or_intronic
rs2303361,7,1,1,0.046976,11.1055,trans,trans_other_gene_coding_or_splice
rs2329370,7,1,1,1.36037,822.171,cis,cis_locus_linked
rs2329566,7,1,1,0.1088,15.2347,trans,trans_regulatory_or_intronic
rs2347784,7,5,5,0.0699399,36.9404,trans,trans_regulatory_or_intronic
rs2389858,7,4,4,0.0725126,34.1757,trans,trans_regulatory_or_intronic
rs2528508,7,1,1,0.080066,27.4689,trans,trans_regulatory_or_intronic
rs2529269,7,1,1,0.0506353,14.865,trans,trans_regulatory_or_intronic
rs2529440,7,2,2,0.0509238,18.5059,trans,trans_regulatory_or_intronic
rs2709865,7,1,1,0.269874,102.753,cis,cis_target_regulatory_or_linked
rs2714875,7,1,1,0.0447442,16.4136,trans,trans_regulatory_or_intronic
rs2723552,7,1,1,0.0618843,27.6165,trans,trans_regulatory_or_intronic
rs28538349,7,1,1,0.0501962,17.4868,trans,trans_regulatory_or_intronic
rs2854746,7,1,1,0.450744,1220.66,cis,cis_target_coding_or_splice
rs2855972,7,1,1,0.0523066,19.5399,trans,trans_regulatory_or_intronic
rs28603325,7,1,1,0.0441635,11.0795,trans,trans_regulatory_or_intronic
rs2868169,7,1,1,1.37335,4075.58,cis,cis_locus_linked
rs2906773,7,1,1,0.0400683,14.2364,trans,trans_regulatory_or_intronic
rs2908203,7,1,1,0.554043,1291.26,cis,cis_locus_linked
rs2960834,7,1,1,0.0454324,15.6595,trans,trans_regulatory_or_intronic
rs2969028,7,1,1,0.0387428,10.9729,trans,trans_regulatory_or_intronic
rs2969036,7,1,1,0.066147,25.585,trans,trans_regulatory_or_intronic
rs2970470,7,1,1,0.0604256,15.8678,trans,trans_regulatory_or_intronic
rs3095473,7,1,1,0.103311,68.0489,trans,trans_regulatory_or_intronic
rs314364,7,1,1,0.150654,142.186,cis,cis_locus_linked
rs3211842,7,1,1,0.0434431,11.9203,trans,trans_regulatory_or_intronic
rs3212298,7,1,1,0.555479,325.314,cis,cis_target_coding_or_splice
rs329238,7,1,1,0.118659,89.1374,trans,trans_regulatory_or_intronic
rs339060,7,2,2,0.0492338,17.622,trans,trans_regulatory_or_intronic
rs339061,7,1,1,0.0514799,17.1818,trans,trans_regulatory_or_intronic
rs33951980,7,2,2,0.135998,52.3284,trans,trans_regulatory_or_intronic
rs340399,7,1,1,0.0529682,14.3828,trans,trans_regulatory_or_intronic
rs34060476,7,1,1,0.0590528,11.0427,trans,trans_regulatory_or_intronic
rs34064273,7,1,1,0.0514192,14.8242,trans,trans_regulatory_or_intronic
rs34219043,7,1,1,0.841561,2728.25,cis,cis_target_coding_or_splice
rs342290,7,67,67,0.084491,42.4546,trans,trans_regulatory_or_intronic
rs342292,7,2,2,0.0457198,12.5859,trans,trans_regulatory_or_intronic
rs342293,7,194,194,0.188306,224.339,trans,trans_regulatory_or_intronic
rs342294,7,15,15,0.0808068,39.3292,trans,trans_regulatory_or_intronic
rs342296,7,2,2,0.0479363,13.9516,trans,trans_regulatory_or_intronic
rs342298,7,6,6,0.0547756,17.7714,trans,trans_regulatory_or_intronic
rs342299,7,10,10,0.0556796,20.2485,trans,trans_regulatory_or_intronic
rs34320230,7,1,1,0.0658561,50.2003,trans,trans_regulatory_or_intronic
rs34346326,7,3,3,0.0745562,25.7203,trans,trans_regulatory_or_intronic
rs34372369,7,1,1,0.0928788,11.6179,trans,trans_other_gene_coding_or_splice
rs34421596,7,1,1,0.0510847,11.9154,trans,trans_regulatory_or_intronic
rs34587586,7,1,1,0.535276,1543.55,cis,cis_target_coding_or_splice
rs34594435,7,1,1,0.0702002,22.3297,trans,trans_regulatory_or_intronic
rs34958196,7,2,2,0.0708195,15.5034,trans,trans_regulatory_or_intronic
rs34985488,7,1,1,0.115348,24.4739,cis,cis_locus_linked
rs35042434,7,1,1,0.0556564,22.8544,trans,trans_regulatory_or_intronic
rs35107030,7,1,1,0.163119,27.0531,trans,trans_regulatory_or_intronic
rs35173225,7,2,2,0.0984048,28.1667,trans,trans_other_or_unknown
rs35332062,7,3,3,0.0792588,20.0167,trans,trans_other_gene_coding_or_splice
rs35368205,7,4,4,0.100888,48.7587,trans,trans_regulatory_or_intronic
rs35384521,7,1,1,1.5156,996.184,cis,cis_target_coding_or_splice
rs35428152,7,1,1,0.0543352,13.8469,trans,trans_regulatory_or_intronic
rs35493868,7,1,1,0.0603413,15.2568,trans,trans_regulatory_or_intronic
rs35624969,7,1,1,0.045663,11.4639,trans,trans_regulatory_or_intronic
rs3734960,7,1,1,0.263434,350.148,cis,cis_target_coding_or_splice
rs3735080,7,2,2,0.600187,1473.21,cis;trans,cis_target_coding_or_splice;trans_other_gene_coding_or_splice
rs3735169,7,1,1,0.217323,217.872,cis,cis_locus_linked
rs3735586,7,1,1,0.902049,3349.76,cis,cis_target_regulatory_or_linked
rs373608249,7,1,1,0.0502844,11.0841,trans,trans_regulatory_or_intronic
rs374456447,7,1,1,0.111442,14.0596,trans,trans_regulatory_or_intronic
rs3752404,7,1,1,0.137314,110.031,cis,cis_locus_linked
rs3752617,7,1,1,0.150523,37.4378,trans,trans_regulatory_or_intronic
rs3757724,7,1,1,0.148463,33.6901,trans,trans_regulatory_or_intronic
rs3793300,7,1,1,0.0452652,11.474,trans,trans_regulatory_or_intronic
rs3800560,7,1,1,0.0787386,14.9731,trans,trans_regulatory_or_intronic
rs3801877,7,1,1,0.278836,12.0331,trans,trans_regulatory_or_intronic
rs3807307,7,1,1,0.0741561,39.5285,trans,trans_regulatory_or_intronic
rs3807505,7,1,1,0.0835655,33.241,cis,cis_locus_linked
rs3812316,7,10,10,0.13421,53.2479,trans,trans_other_gene_coding_or_splice
rs3823581,7,1,1,0.0691929,15.1198,trans,trans_regulatory_or_intronic
rs3823764,7,1,1,0.0677264,21.7138,trans,trans_regulatory_or_intronic
rs386805,7,1,1,0.0442363,14.0567,trans,trans_regulatory_or_intronic
rs403731,7,1,1,0.625009,2217.94,cis,cis_locus_linked
rs4142995,7,1,1,0.0557099,20.3441,trans,trans_regulatory_or_intronic
rs41463245,7,1,1,0.974693,199.871,cis,cis_target_coding_or_splice
rs42041,7,1,1,0.0551804,15.6547,trans,trans_regulatory_or_intronic
rs4259,7,1,1,0.117125,65.9825,cis,cis_target_regulatory_or_linked
rs4316067,7,1,1,0.115747,66.0259,cis,cis_locus_linked
rs4385425,7,6,6,0.0614263,24.2212,trans,trans_regulatory_or_intronic
rs445,7,7,7,0.104445,30.1207,trans,trans_regulatory_or_intronic
rs450269,7,1,1,0.0438058,11.8943,trans,trans_regulatory_or_intronic
rs45446698,7,2,2,0.122022,16.6207,trans,trans_regulatory_or_intronic
rs4548095,7,1,1,0.169415,63.6772,cis,cis_locus_linked
rs4556017,7,9,9,0.116987,53.7742,trans,trans_regulatory_or_intronic
rs4718278,7,1,1,0.064883,27.7793,trans,trans_regulatory_or_intronic
rs4719946,7,1,1,0.0396613,10.8916,trans,trans_regulatory_or_intronic
rs4722337,7,1,1,0.156684,152.72,cis,cis_locus_linked
rs4724802,7,1,1,0.0431901,11.8559,trans,trans_regulatory_or_intronic
rs4731009,7,1,1,0.0437683,12.3098,trans,trans_regulatory_or_intronic
rs4731532,7,1,1,0.0396916,11.4467,trans,trans_regulatory_or_intronic
rs5010183,7,2,2,0.103917,69.6499,trans,trans_regulatory_or_intronic
rs5011432,7,1,1,0.0456197,12.8352,trans,trans_regulatory_or_intronic
rs513973,7,2,2,0.0576556,15.4433,trans,trans_regulatory_or_intronic
rs55690213,7,3,3,0.167842,43.3358,trans,trans_regulatory_or_intronic
rs55700285,7,2,2,0.0551434,13.9945,trans,trans_regulatory_or_intronic
rs55747707,7,5,5,0.0860414,30.3282,trans,trans_regulatory_or_intronic
rs55896322,7,1,1,0.088049,21.8008,trans,trans_other_or_unknown
rs55935382,7,2,2,0.0691844,24.9622,trans,trans_regulatory_or_intronic
rs56012466,7,1,1,0.0699379,38.561,trans,trans_regulatory_or_intronic
rs56225909,7,1,1,0.0405747,11.222,trans,trans_regulatory_or_intronic
rs56287412,7,3,3,0.056314,20.9604,trans,trans_regulatory_or_intronic
rs56388170,7,4,4,0.0534086,14.7984,trans,trans_regulatory_or_intronic
rs5745687,7,1,1,0.183077,51.1096,cis,cis_target_coding_or_splice
rs57585717,7,1,1,0.058277,10.8111,trans,trans_regulatory_or_intronic
rs60160896,7,4,4,0.0607989,25.0672,trans,trans_regulatory_or_intronic
rs60191236,7,1,1,0.20237,11.7714,trans,trans_regulatory_or_intronic
rs602616,7,2,2,0.08321,14.0716,trans,trans_other_or_unknown
rs60772526,7,1,1,0.0803492,13.1037,trans,trans_other_or_unknown
rs60786703,7,1,1,0.0583903,11.7173,trans,trans_regulatory_or_intronic
rs60882446,7,1,1,0.0382569,14.3392,trans,trans_regulatory_or_intronic
rs61198215,7,1,1,0.0502563,18.1732,trans,trans_other_or_unknown
rs61738649,7,1,1,0.131163,28.2036,trans,trans_other_gene_coding_or_splice
rs61739531,7,1,1,0.0496296,10.7984,trans,trans_other_gene_coding_or_splice
rs62435145,7,1,1,0.0431592,10.858,trans,trans_regulatory_or_intronic
rs62445869,7,1,1,0.0550093,14.6652,trans,trans_regulatory_or_intronic
rs62454712,7,2,2,0.0459754,14.6984,trans,trans_regulatory_or_intronic
rs62466318,7,3,3,0.0539143,14.2798,trans,trans_regulatory_or_intronic
rs62466699,7,1,1,0.234884,77.3132,cis,cis_locus_linked
rs62466836,7,1,1,0.0914751,12.1506,trans,trans_regulatory_or_intronic
rs62482223,7,1,1,0.0736419,22.2525,cis,cis_locus_linked
rs62482493,7,1,1,0.0557315,13.9442,trans,trans_regulatory_or_intronic
rs62621812,7,5,5,0.252232,33.3338,trans,trans_other_gene_coding_or_splice
rs6459924,7,1,1,0.0515803,15.6237,trans,trans_regulatory_or_intronic
rs6460105,7,1,1,0.133972,175.03,trans,trans_regulatory_or_intronic
rs6460902,7,2,2,0.062868,26.7943,trans,trans_regulatory_or_intronic
rs6461354,7,1,1,0.0438115,13.8882,trans,trans_regulatory_or_intronic
rs6464165,7,1,1,0.0385652,11.5954,trans,trans_regulatory_or_intronic
rs6465510,7,1,1,0.0447977,12.2038,trans,trans_regulatory_or_intronic
rs6465657,7,1,1,0.0738921,35.3604,trans,trans_regulatory_or_intronic
rs6467228,7,1,1,0.104625,73.2655,trans,trans_regulatory_or_intronic
rs6467443,7,1,1,0.101672,39.8221,cis,cis_target_regulatory_or_linked
rs6592965,7,14,14,0.135807,144.36,trans,trans_regulatory_or_intronic
rs67036916,7,25,25,0.0683228,28.408,trans,trans_regulatory_or_intronic
rs67531258,7,1,1,0.0536585,18.0468,trans,trans_regulatory_or_intronic
rs6796,7,22,22,0.159354,128.702,trans,trans_regulatory_or_intronic
rs6946037,7,1,1,0.0576455,20.2741,trans,trans_regulatory_or_intronic
rs6946266,7,1,1,0.044244,13.5147,trans,trans_regulatory_or_intronic
rs6952056,7,1,1,0.0393512,11.0195,trans,trans_regulatory_or_intronic
rs6952865,7,1,1,0.0878166,44.0609,trans,trans_other_or_unknown
rs6954290,7,1,1,0.0539825,18.1168,trans,trans_regulatory_or_intronic
rs6955857,7,1,1,0.0617424,13.5428,trans,trans_regulatory_or_intronic
rs6957484,7,1,1,0.0553004,11.2079,trans,trans_regulatory_or_intronic
rs6957745,7,1,1,0.0584574,14.2898,trans,trans_other_or_unknown
rs6961069,7,1,1,0.0513145,16.6971,trans,trans_regulatory_or_intronic
rs6965332,7,1,1,0.0674201,11.4688,trans,trans_other_gene_coding_or_splice
rs6966838,7,3,3,0.0576809,20.6787,trans,trans_regulatory_or_intronic
rs6967348,7,1,1,0.0862492,17.992,trans,trans_regulatory_or_intronic
rs6968170,7,1,1,0.0672472,22.6302,trans,trans_regulatory_or_intronic
rs6972282,7,1,1,0.0515974,14.4251,trans,trans_regulatory_or_intronic
rs6973520,7,1,1,0.0462959,16.0712,trans,trans_regulatory_or_intronic
rs6976053,7,1,1,0.305918,579.901,cis,cis_locus_linked
rs700753,7,1,1,0.048219,14.5683,trans,trans_regulatory_or_intronic
rs705379,7,9,9,0.739277,3107.25,cis;trans,cis_target_regulatory_or_linked;trans_regulatory_or_intronic
rs709061,7,1,1,0.0512063,11.2498,trans,trans_regulatory_or_intronic
rs712831,7,1,1,0.0600611,15.692,trans,trans_regulatory_or_intronic
rs714052,7,1,1,0.0681454,12.5347,trans,trans_regulatory_or_intronic
rs71556736,7,1,1,0.0901343,31.8928,trans,trans_regulatory_or_intronic
rs72597447,7,1,1,0.0630072,13.5011,trans,trans_regulatory_or_intronic
rs73112996,7,1,1,0.0517707,15.8106,trans,trans_regulatory_or_intronic
rs73131317,7,1,1,0.230783,76.7085,cis,cis_target_regulatory_or_linked
rs73144827,7,1,1,0.0735424,16.119,trans,trans_regulatory_or_intronic
rs73158188,7,2,2,0.0512644,13.332,trans,trans_regulatory_or_intronic
rs73169662,7,1,1,0.0968193,22.9339,trans,trans_regulatory_or_intronic
rs73169668,7,1,1,0.0719278,12.3242,trans,trans_regulatory_or_intronic
rs73169671,7,1,1,0.0822285,19.2009,trans,trans_regulatory_or_intronic
rs73169678,7,1,1,0.102289,27.0949,trans,trans_regulatory_or_intronic
rs732402,7,1,1,0.0789153,12.53,trans,trans_regulatory_or_intronic
rs73287817,7,1,1,0.0509229,12.0295,trans,trans_other_or_unknown
rs73348118,7,2,2,0.160582,12.2461,trans,trans_regulatory_or_intronic
rs73725601,7,1,1,0.0800654,11.7494,trans,trans_regulatory_or_intronic
rs73727606,7,1,1,0.0631703,12.8898,trans,trans_regulatory_or_intronic
rs73728279,7,4,4,0.0492049,13.2464,trans,trans_regulatory_or_intronic
rs7385804,7,1,1,0.0639903,28.7067,trans,trans_regulatory_or_intronic
rs7457787,7,1,1,0.262996,162.358,cis,cis_locus_linked
rs74662330,7,1,1,0.352706,155.224,cis,cis_locus_linked
rs75045569,7,1,1,0.243096,231.115,cis,cis_target_regulatory_or_linked
rs75207237,7,1,1,0.279662,200.96,cis,cis_locus_linked
rs757980,7,1,1,0.0622271,19.7933,trans,trans_regulatory_or_intronic
rs75801644,7,1,1,1.07442,565.915,cis,cis_target_coding_or_splice
rs76438067,7,1,1,0.0967993,39.583,trans,trans_regulatory_or_intronic
rs76641566,7,3,3,0.150378,39.8907,trans,trans_regulatory_or_intronic
rs767298,7,2,2,0.156687,133.786,trans,trans_regulatory_or_intronic
rs769604,7,1,1,0.44407,1222.65,cis,cis_target_coding_or_splice
rs77100396,7,1,1,0.22436,18.4442,trans,trans_regulatory_or_intronic
rs773412,7,1,1,0.0436805,12.8615,trans,trans_regulatory_or_intronic
rs7777647,7,1,1,0.0466213,13.9441,trans,trans_regulatory_or_intronic
rs7779671,7,1,1,0.070283,35.6567,trans,trans_regulatory_or_intronic
rs7779782,7,1,1,0.0438144,13.0382,trans,trans_regulatory_or_intronic
rs7784156,7,3,3,0.0570651,19.334,trans,trans_regulatory_or_intronic
rs7785014,7,1,1,0.0405495,12.0638,trans,trans_regulatory_or_intronic
rs7789303,7,1,1,0.306329,417.686,cis,cis_target_regulatory_or_linked
rs7790120,7,1,1,0.0520798,16.905,trans,trans_other_or_unknown
rs7790800,7,2,2,0.130302,21.4251,trans,trans_regulatory_or_intronic
rs7791957,7,1,1,0.0903792,51.3842,trans,trans_regulatory_or_intronic
rs7797255,7,3,3,0.0649638,33.3499,trans,trans_regulatory_or_intronic
rs7799945,7,1,1,0.0679369,24.8505,cis,cis_locus_linked
rs7799991,7,1,1,0.0342809,12.1307,trans,trans_regulatory_or_intronic
rs7800611,7,4,4,0.120238,17.2101,trans,trans_regulatory_or_intronic
rs7803374,7,1,1,0.0426422,12.5388,trans,trans_other_or_unknown
rs7803805,7,1,1,0.0470745,14.4185,trans,trans_other_or_unknown
rs7806596,7,1,1,0.091017,48.6957,trans,trans_regulatory_or_intronic
rs7807123,7,1,1,0.100779,56.9817,cis,cis_target_regulatory_or_linked
rs7808353,7,1,1,0.0729157,19.2313,trans,trans_regulatory_or_intronic
rs7808877,7,1,1,0.0472163,12.3827,trans,trans_regulatory_or_intronic
rs7810134,7,1,1,0.871103,3065.68,cis,cis_target_regulatory_or_linked
rs7812088,7,2,2,0.0840112,18.7855,trans,trans_regulatory_or_intronic
rs78484938,7,2,2,0.123378,13.0187,trans,trans_regulatory_or_intronic
rs78542815,7,1,1,0.112963,72.1927,trans,trans_regulatory_or_intronic
rs78740585,7,2,2,0.195029,113.197,trans,trans_regulatory_or_intronic
rs78815801,7,1,1,0.0659812,12.0941,trans,trans_other_or_unknown
rs79397108,7,2,2,0.185743,51.4688,trans,trans_regulatory_or_intronic
rs79578725,7,1,1,0.139327,24.082,trans,trans_regulatory_or_intronic
rs79862839,7,1,1,0.0759876,15.6012,trans,trans_regulatory_or_intronic
rs799158,7,1,1,0.100921,12.6319,trans,trans_regulatory_or_intronic
rs799165,7,1,1,0.0496811,15.327,trans,trans_other_or_unknown
rs809439,7,1,1,0.0388244,13.6139,trans,trans_regulatory_or_intronic
rs8176058,7,1,1,0.652589,454.26,cis,cis_target_coding_or_splice
rs836487,7,2,2,0.06559,32.2748,trans,trans_regulatory_or_intronic
rs850460,7,1,1,0.543808,1461.59,cis,cis_locus_linked
rs854572,7,2,2,0.0630544,23.3713,trans,trans_regulatory_or_intronic
rs876036,7,2,2,0.0500825,16.2006,trans,trans_other_or_unknown
rs876037,7,1,1,0.0486633,14.6722,trans,trans_other_or_unknown
rs876038,7,2,2,0.20575,333.567,trans,trans_other_or_unknown
rs886663,7,1,1,0.0778626,13.0286,trans,trans_regulatory_or_intronic
rs887048,7,1,1,0.0427824,12.1947,trans,trans_regulatory_or_intronic
rs917031,7,1,1,0.0387517,10.789,trans,trans_regulatory_or_intronic
rs917115,7,1,1,0.0442364,12.6382,trans,trans_regulatory_or_intronic
rs940430,7,1,1,0.050672,16.2391,trans,trans_other_or_unknown
rs9638882,7,1,1,0.0491713,11.1534,trans,trans_regulatory_or_intronic
rs9656395,7,2,2,0.0654941,11.7024,trans,trans_regulatory_or_intronic
rs9692418,7,1,1,0.0542466,18.7652,trans,trans_regulatory_or_intronic
rs9792084,7,1,1,0.125593,36.8476,trans,trans_other_or_unknown
rs989437,7,1,1,0.0726759,36.658,trans,trans_regulatory_or_intronic
rs1000394,8,1,1,0.0466805,10.9818,trans,trans_regulatory_or_intronic
rs10081610,8,1,1,0.0437858,12.0282,trans,trans_regulatory_or_intronic
rs10089487,8,1,1,0.0383679,11.8017,trans,trans_regulatory_or_intronic
rs10095629,8,1,1,0.0500612,11.0947,trans,trans_other_or_unknown
rs10095930,8,1,1,0.0408463,11.5748,trans,trans_regulatory_or_intronic
rs10098310,8,1,1,0.0413381,12.5216,trans,trans_regulatory_or_intronic
rs10103048,8,1,1,0.0511175,15.5648,trans,trans_regulatory_or_intronic
rs10103202,8,1,1,0.0981965,26.4863,trans,trans_regulatory_or_intronic
rs10104003,8,3,3,0.164726,118.631,trans,trans_regulatory_or_intronic
rs10107182,8,2,2,0.0583727,18.2381,trans,trans_other_or_unknown
rs10107388,8,1,1,0.0294866,11.3972,trans,trans_regulatory_or_intronic
rs10107630,8,2,2,0.0754932,38.6854,trans,trans_regulatory_or_intronic
rs10109241,8,1,1,0.0433122,12.6615,trans,trans_regulatory_or_intronic
rs10112388,8,1,1,0.0596173,18.4749,trans,trans_regulatory_or_intronic
rs10481112,8,1,1,0.0960201,62.1148,trans,trans_regulatory_or_intronic
rs10503929,8,1,1,0.0567603,12.5247,trans,trans_other_gene_coding_or_splice
rs10504255,8,3,3,0.0526651,14.6801,trans,trans_regulatory_or_intronic
rs10808546,8,5,5,0.0539675,21.0997,trans,trans_regulatory_or_intronic
rs10808671,8,1,1,0.0413633,11.672,trans,trans_regulatory_or_intronic
rs10875467,8,2,2,0.0447992,13.8287,trans,trans_regulatory_or_intronic
rs10956485,8,1,1,0.0569179,17.1286,trans,trans_regulatory_or_intronic
rs10956755,8,2,2,0.102312,65.0816,trans,trans_regulatory_or_intronic
rs10956764,8,1,1,0.0652614,29.675,trans,trans_regulatory_or_intronic
rs10957978,8,3,3,0.0643941,22.9444,trans,trans_regulatory_or_intronic
rs10957979,8,1,1,0.052094,15.0719,trans,trans_regulatory_or_intronic
rs1115784,8,1,1,0.0460287,11.4814,trans,trans_regulatory_or_intronic
rs1115867,8,1,1,0.0683001,35.2891,trans,trans_regulatory_or_intronic
rs11250144,8,1,1,0.0469613,10.9976,trans,trans_regulatory_or_intronic
rs11250169,8,1,1,0.0419106,25.0531,trans,trans_regulatory_or_intronic
rs112875651,8,32,32,0.0759832,38.6651,trans,trans_regulatory_or_intronic
rs1156545,8,1,1,0.221774,284.874,trans,trans_regulatory_or_intronic
rs117291678,8,1,1,0.596922,146.005,cis,cis_locus_linked
rs117343599,8,1,1,0.173667,19.9661,trans,trans_regulatory_or_intronic
rs11774267,8,1,1,0.0457621,11.4028,trans,trans_regulatory_or_intronic
rs11775818,8,1,1,0.0396797,12.0179,trans,trans_regulatory_or_intronic
rs11776987,8,1,1,0.0420217,13.1285,trans,trans_regulatory_or_intronic
rs11777402,8,1,1,0.0440335,12.2296,trans,trans_other_gene_coding_or_splice
rs11777835,8,2,2,0.0453682,12.9304,trans,trans_regulatory_or_intronic
rs11778934,8,1,1,0.0651529,29.6357,trans,trans_regulatory_or_intronic
rs11783078,8,1,1,0.0755146,42.1623,trans,trans_regulatory_or_intronic
rs11783670,8,1,1,0.0800163,37.8551,trans,trans_regulatory_or_intronic
rs11784251,8,1,1,0.0445471,13.1408,trans,trans_regulatory_or_intronic
rs11784985,8,1,1,0.0726585,33.6356,trans,trans_regulatory_or_intronic
rs11785060,8,1,1,0.0408685,10.9932,trans,trans_regulatory_or_intronic
rs11786049,8,1,1,0.266905,524.738,cis,cis_target_regulatory_or_linked
rs11786721,8,1,1,0.0653803,27.4244,trans,trans_regulatory_or_intronic
rs118019635,8,1,1,0.208963,66.6518,cis,cis_locus_linked
rs118062058,8,1,1,0.142227,38.7062,trans,trans_regulatory_or_intronic
rs118162691,8,2,2,0.135874,18.6304,trans,trans_regulatory_or_intronic
rs11990515,8,1,1,0.0844093,14.854,cis,cis_target_regulatory_or_linked
rs11991469,8,1,1,0.0519278,17.133,trans,trans_regulatory_or_intronic
rs11993233,8,2,2,0.147623,148.252,trans,trans_regulatory_or_intronic
rs11995824,8,4,4,0.0996555,68.4132,trans,trans_regulatory_or_intronic
rs12056768,8,1,1,0.0613536,29.0232,trans,trans_regulatory_or_intronic
rs12156037,8,1,1,0.440484,1037.54,cis,cis_target_regulatory_or_linked
rs12546887,8,1,1,0.0558805,18.3319,cis,cis_locus_linked
rs12549737,8,1,1,0.0569305,12.7272,trans,trans_regulatory_or_intronic
rs12549956,8,1,1,0.0402268,12.1655,trans,trans_regulatory_or_intronic
rs12676683,8,1,1,0.207241,111.823,trans,trans_regulatory_or_intronic
rs12679834,8,1,1,0.0768689,15.2664,trans,trans_regulatory_or_intronic
rs12680211,8,1,1,0.0462398,13.1081,trans,trans_regulatory_or_intronic
rs1293303,8,5,5,0.113323,74.6532,trans,trans_regulatory_or_intronic
rs1293308,8,1,1,0.0978038,11.0005,trans,trans_regulatory_or_intronic
rs13249889,8,1,1,0.0797417,28.0337,trans,trans_regulatory_or_intronic
rs13257521,8,1,1,0.0827086,26.1617,trans,trans_regulatory_or_intronic
rs13262861,8,1,1,0.0729813,18.5835,trans,trans_regulatory_or_intronic
rs13264172,8,1,1,0.0614526,24.5274,trans,trans_regulatory_or_intronic
rs13265018,8,1,1,0.525153,740.046,cis,cis_target_coding_or_splice
rs13267597,8,1,1,0.250327,468.906,cis,cis_target_regulatory_or_linked
rs13269243,8,1,1,0.0471481,12.556,trans,trans_regulatory_or_intronic
rs13273990,8,1,1,0.0418208,13.5092,trans,trans_regulatory_or_intronic
rs13274028,8,1,1,0.0438618,12.2839,trans,trans_regulatory_or_intronic
rs13274491,8,1,1,0.0466698,13.9137,trans,trans_regulatory_or_intronic
rs13275219,8,2,2,0.0487464,12.9892,trans,trans_regulatory_or_intronic
rs13276026,8,1,1,0.0437207,12.6134,trans,trans_regulatory_or_intronic
rs13276309,8,1,1,0.0408592,12.9871,trans,trans_regulatory_or_intronic
rs13277237,8,2,2,0.0551994,18.5645,trans,trans_regulatory_or_intronic
rs13278062,8,1,1,0.462556,1302.19,cis,cis_target_regulatory_or_linked
rs13280084,8,1,1,0.0388559,11.8905,trans,trans_regulatory_or_intronic
rs13281104,8,1,1,0.310055,413.356,cis,cis_target_regulatory_or_linked
rs13281363,8,1,1,0.0397292,11.1358,trans,trans_regulatory_or_intronic
rs13281991,8,1,1,0.0447732,14.1843,trans,trans_regulatory_or_intronic
rs1368700,8,1,1,0.083091,37.4288,trans,trans_regulatory_or_intronic
rs13702,8,5,5,0.0931506,54.1389,trans,trans_regulatory_or_intronic
rs1372344,8,1,1,0.0775921,34.9965,trans,trans_other_or_unknown
rs1372450,8,1,1,0.0434087,11.3577,trans,trans_regulatory_or_intronic
rs1372993,8,2,2,0.0731748,14.6199,trans,trans_regulatory_or_intronic
rs1378901,8,1,1,0.0516526,16.9321,trans,trans_regulatory_or_intronic
rs142323734,8,1,1,0.431213,166.676,cis,cis_target_regulatory_or_linked
rs144072245,8,1,1,0.832066,177.67,cis,cis_locus_linked
rs1461729,8,15,15,0.105091,26.1364,trans,trans_regulatory_or_intronic
rs1462977,8,1,1,0.23455,268.88,trans,trans_regulatory_or_intronic
rs1480999,8,1,1,0.293541,474.144,cis,cis_locus_linked
rs1481849,8,1,1,0.0455904,11.8023,trans,trans_regulatory_or_intronic
rs1483572,8,1,1,0.0488949,13.7093,trans,trans_regulatory_or_intronic
rs1483573,8,1,1,0.0495941,12.9403,trans,trans_regulatory_or_intronic
rs148684432,8,1,1,1.88492,772.113,cis,cis_target_coding_or_splice
rs1492286,8,1,1,0.0533007,19.1057,trans,trans_regulatory_or_intronic
rs1495741,8,2,2,0.0544615,15.8232,trans,trans_regulatory_or_intronic
rs1495743,8,3,3,0.0455766,12.6802,trans,trans_other_or_unknown
rs15285,8,5,5,0.0780515,36.8534,trans,trans_regulatory_or_intronic
rs1532424,8,1,1,0.0814351,41.7169,cis,cis_target_regulatory_or_linked
rs1561928,8,2,2,0.0673656,14.4975,trans,trans_regulatory_or_intronic
rs1561929,8,3,3,0.153197,59.7371,trans,trans_regulatory_or_intronic
rs1569209,8,1,1,0.106959,22.9927,trans,trans_other_or_unknown
rs1583969,8,1,1,0.0403798,14.0345,trans,trans_regulatory_or_intronic
rs16888292,8,1,1,0.0551805,16.9389,trans,trans_regulatory_or_intronic
rs16888589,8,1,1,0.166863,53.0464,trans,trans_other_or_unknown
rs1692821,8,1,1,0.045896,10.9066,trans,trans_regulatory_or_intronic
rs17091113,8,1,1,0.0479816,13.9656,trans,trans_regulatory_or_intronic
rs17092104,8,1,1,0.13109,47.8292,trans,trans_other_gene_coding_or_splice
rs1736084,8,2,2,0.093879,42.9443,trans,trans_regulatory_or_intronic
rs1736089,8,1,1,0.0552932,13.7058,trans,trans_regulatory_or_intronic
rs17489891,8,1,1,0.160619,60.9832,trans,trans_regulatory_or_intronic
rs17578845,8,1,1,0.0715932,27.4639,cis,cis_locus_linked
rs17676443,8,1,1,0.0456484,13.4861,trans,trans_regulatory_or_intronic
rs17742080,8,1,1,0.0623997,11.8582,trans,trans_regulatory_or_intronic
rs17786744,8,1,1,0.0373844,10.861,trans,trans_regulatory_or_intronic
rs17810889,8,1,1,0.0512773,13.6962,trans,trans_regulatory_or_intronic
rs1788184,8,1,1,0.0463431,13.5485,trans,trans_regulatory_or_intronic
rs1825146,8,1,1,0.046748,25.8955,trans,trans_regulatory_or_intronic
rs183332045,8,1,1,0.288534,17.799,trans,trans_regulatory_or_intronic
rs1865223,8,5,5,0.0826813,45.4408,trans,trans_regulatory_or_intronic
rs1869609,8,1,1,0.404703,898.494,cis,cis_target_coding_or_splice
rs1916275,8,1,1,0.0756003,18.0747,trans,trans_regulatory_or_intronic
rs1968586,8,1,1,0.148882,117.322,cis,cis_locus_linked
rs1991866,8,1,1,0.0506919,17.7548,trans,trans_regulatory_or_intronic
rs2001846,8,3,3,0.0618192,24.0068,trans,trans_regulatory_or_intronic
rs2020921,8,1,1,0.296956,54.56,cis,cis_target_coding_or_splice
rs2022934,8,1,1,0.0654035,24.378,cis,cis_target_regulatory_or_linked
rs2037214,8,1,1,0.0692201,29.8251,trans,trans_regulatory_or_intronic
rs2049865,8,2,2,0.0439144,18.4526,trans,trans_regulatory_or_intronic
rs2061831,8,1,1,0.0420356,11.1482,trans,trans_regulatory_or_intronic
rs2072696,8,1,1,0.170325,137.943,cis,cis_locus_linked
rs2073562,8,1,1,0.653381,2388.34,cis,cis_target_regulatory_or_linked
rs2073564,8,1,1,0.0862338,46.356,trans,trans_regulatory_or_intronic
rs2081687,8,1,1,0.0434444,11.6829,trans,trans_other_or_unknown
rs2119690,8,2,2,0.0514709,14.8506,trans,trans_other_or_unknown
rs2126259,8,4,4,0.0930153,22.3662,trans,trans_regulatory_or_intronic
rs2142306,8,9,9,0.124128,107.496,trans,trans_regulatory_or_intronic
rs2163952,8,1,1,0.0686985,29.1836,trans,trans_regulatory_or_intronic
rs2169387,8,2,2,0.0794156,18.0113,trans,trans_regulatory_or_intronic
rs2175192,8,1,1,0.0555067,14.887,trans,trans_other_gene_coding_or_splice
rs2205263,8,2,2,0.0509135,16.0983,trans,trans_regulatory_or_intronic
rs2223053,8,1,1,0.0625547,23.0379,trans,trans_regulatory_or_intronic
rs2272662,8,3,3,0.0600424,23.5338,trans,trans_other_gene_coding_or_splice
rs2278467,8,1,1,0.213001,157.768,trans,trans_regulatory_or_intronic
rs2279112,8,1,1,0.26405,370.282,cis,cis_target_coding_or_splice
rs2290414,8,1,1,0.0760937,38.6571,trans,trans_regulatory_or_intronic
rs2293889,8,2,2,0.083612,49.2086,trans,trans_regulatory_or_intronic
rs2343592,8,1,1,0.0423929,11.204,trans,trans_regulatory_or_intronic
rs2400589,8,1,1,0.209613,212.643,cis,cis_target_regulatory_or_linked
rs2404005,8,1,1,0.0493953,11.8816,trans,trans_regulatory_or_intronic
rs2409721,8,1,1,0.0374249,12.5335,trans,trans_regulatory_or_intronic
rs2436887,8,1,1,0.0887546,39.025,trans,trans_regulatory_or_intronic
rs2438197,8,1,1,0.0712572,11.1056,trans,trans_regulatory_or_intronic
rs2439300,8,1,1,0.0588772,16.8323,trans,trans_regulatory_or_intronic
rs2439457,8,1,1,0.709851,2779.24,cis,cis_target_regulatory_or_linked
rs2448074,8,1,1,0.0437605,15.0626,trans,trans_other_or_unknown
rs2472205,8,1,1,1.11127,1117.13,cis,cis_target_coding_or_splice
rs2472240,8,1,1,0.0539769,15.4939,trans,trans_regulatory_or_intronic
rs2511713,8,2,2,0.0792677,32.1639,trans,trans_regulatory_or_intronic
rs2572925,8,1,1,0.43352,1085.78,cis,cis_target_coding_or_splice
rs2581260,8,1,1,0.0448513,12.054,trans,trans_regulatory_or_intronic
rs2609983,8,1,1,0.289438,501.672,cis,cis_locus_linked
rs2625445,8,1,1,0.0718584,27.0604,trans,trans_regulatory_or_intronic
rs2639919,8,1,1,0.0396839,14.6846,trans,trans_other_or_unknown
rs2653414,8,2,2,0.298877,32.3318,trans,trans_other_gene_coding_or_splice
rs2685412,8,3,3,0.371454,679.385,trans,trans_regulatory_or_intronic
rs2685417,8,1,1,0.326901,553.456,cis,cis_target_regulatory_or_linked
rs2702877,8,1,1,0.0466091,12.991,trans,trans_regulatory_or_intronic
rs2726953,8,1,1,0.0507794,13.8792,trans,trans_regulatory_or_intronic
rs2736332,8,1,1,0.0502554,13.6493,trans,trans_regulatory_or_intronic
rs2737217,8,1,1,0.0414214,12.483,trans,trans_regulatory_or_intronic
rs2737229,8,1,1,0.0505341,13.7939,trans,trans_regulatory_or_intronic
rs2737245,8,4,4,0.0728489,27.3483,trans,trans_regulatory_or_intronic
rs2737246,8,2,2,0.102321,53.8254,trans,trans_regulatory_or_intronic
rs2737265,8,2,2,0.0478713,13.618,trans,trans_regulatory_or_intronic
rs2738058,8,2,2,0.0572894,20.699,trans,trans_regulatory_or_intronic
rs2738144,8,1,1,0.0599786,20.1403,trans,trans_regulatory_or_intronic
rs28497692,8,1,1,0.20784,42.9615,cis,cis_locus_linked
rs28503706,8,1,1,0.104108,47.4872,trans,trans_regulatory_or_intronic
rs28550378,8,1,1,0.0517285,18.8486,trans,trans_regulatory_or_intronic
rs28571765,8,1,1,0.0879647,32.9014,trans,trans_regulatory_or_intronic
rs28588745,8,2,2,0.105698,51.3631,trans,trans_regulatory_or_intronic
rs28601761,8,35,35,0.118654,95.2737,trans,trans_regulatory_or_intronic
rs28615248,8,1,1,0.091273,35.9085,trans,trans_regulatory_or_intronic
rs28635038,8,1,1,0.0501335,11.4974,trans,trans_other_or_unknown
rs28714450,8,1,1,0.0388302,12.0957,trans,trans_regulatory_or_intronic
rs2887502,8,1,1,0.0403755,11.6584,trans,trans_regulatory_or_intronic
rs2898245,8,1,1,0.0568297,11.1264,trans,trans_regulatory_or_intronic
rs2919917,8,2,2,0.0547527,14.987,trans,trans_regulatory_or_intronic
rs2920282,8,1,1,0.0532066,16.7657,trans,trans_regulatory_or_intronic
rs2921053,8,1,1,0.0452885,14.0587,trans,trans_regulatory_or_intronic
rs2954017,8,1,1,0.0496674,14.4962,trans,trans_regulatory_or_intronic
rs2954021,8,15,15,0.0760339,39.5281,trans,trans_regulatory_or_intronic
rs2954038,8,2,2,0.0607053,20.5542,trans,trans_regulatory_or_intronic
rs2976388,8,3,3,1.16316,7487.81,cis;trans,cis_target_regulatory_or_linked;trans_regulatory_or_intronic
rs2976397,8,1,1,0.0517285,17.5132,trans,trans_regulatory_or_intronic
rs2978022,8,1,1,0.0493862,17.1192,trans,trans_regulatory_or_intronic
rs2978444,8,1,1,0.0485013,12.6084,trans,trans_regulatory_or_intronic
rs2980370,8,1,1,0.0970206,58.7585,cis,cis_locus_linked
rs2980886,8,1,1,0.0440174,14.676,trans,trans_regulatory_or_intronic
rs2980888,8,1,1,0.0583223,20.9232,trans,trans_regulatory_or_intronic
rs3018449,8,1,1,0.0515865,12.6636,trans,trans_regulatory_or_intronic
rs3110291,8,1,1,0.058775,17.615,trans,trans_regulatory_or_intronic
rs3136791,8,1,1,0.564358,330.88,cis,cis_locus_linked
rs3208305,8,1,1,0.0420208,11.3266,trans,trans_regulatory_or_intronic
rs322,8,1,1,0.0430787,10.8818,trans,trans_regulatory_or_intronic
rs327,8,1,1,0.0498255,14.2668,trans,trans_regulatory_or_intronic
rs328,8,1,1,0.232106,150.265,trans,trans_other_gene_coding_or_splice
rs34007487,8,1,1,0.0496478,11.5526,trans,trans_regulatory_or_intronic
rs34087092,8,1,1,0.0525232,14.602,trans,trans_regulatory_or_intronic
rs34173062,8,1,1,0.0757277,11.1628,trans,trans_other_gene_coding_or_splice
rs34421088,8,1,1,0.0370425,11.4243,trans,trans_regulatory_or_intronic
rs34826779,8,1,1,0.0472753,11.966,trans,trans_regulatory_or_intronic
rs34861762,8,1,1,0.0396949,11.6763,trans,trans_regulatory_or_intronic
rs34906420,8,1,1,0.0716624,14.1301,trans,trans_regulatory_or_intronic
rs34955534,8,1,1,0.0659502,11.2468,trans,trans_regulatory_or_intronic
rs35228013,8,1,1,0.0833968,46.2309,trans,trans_regulatory_or_intronic
rs35309034,8,1,1,0.0503233,16.1929,trans,trans_regulatory_or_intronic
rs35486529,8,1,1,0.102946,45.9109,cis,cis_target_regulatory_or_linked
rs35570672,8,1,1,0.0283557,12.6202,trans,trans_regulatory_or_intronic
rs35719208,8,1,1,0.090007,32.9474,trans,trans_regulatory_or_intronic
rs35916068,8,1,1,0.0670116,27.5076,trans,trans_other_gene_coding_or_splice
rs36071802,8,7,7,0.0445202,13.0995,trans,trans_regulatory_or_intronic
rs3748136,8,4,4,0.308384,361.128,trans,trans_regulatory_or_intronic
rs3750228,8,1,1,0.0959748,29.3265,trans,trans_other_gene_coding_or_splice
rs3808438,8,1,1,0.0482222,14.3241,trans,trans_regulatory_or_intronic
rs3808477,8,2,2,0.165384,160.287,trans,trans_regulatory_or_intronic
rs3812474,8,1,1,0.0209054,11.3126,trans,trans_regulatory_or_intronic
rs3853,8,1,1,0.0548705,18.6354,trans,trans_regulatory_or_intronic
rs3916027,8,2,2,0.0558649,17.5985,trans,trans_regulatory_or_intronic
rs41341748,8,14,14,1.74943,723.925,cis;trans,cis_target_coding_or_splice;trans_other_gene_coding_or_splice
rs4236707,8,1,1,0.036022,11.3173,trans,trans_regulatory_or_intronic
rs4236709,8,3,3,0.0668526,21.2857,trans,trans_regulatory_or_intronic
rs4240624,8,3,3,0.107642,27.2274,trans,trans_regulatory_or_intronic
rs4242394,8,1,1,0.049228,13.6606,trans,trans_other_or_unknown
rs4263799,8,4,4,0.167439,165.196,trans,trans_regulatory_or_intronic
rs4276696,8,1,1,0.0680489,16.6631,trans,trans_regulatory_or_intronic
rs4292651,8,1,1,0.031483,14.8042,trans,trans_regulatory_or_intronic
rs4357289,8,1,1,0.0543412,17.8127,cis,cis_locus_linked
rs4360322,8,2,2,0.0658179,28.3148,trans,trans_regulatory_or_intronic
rs4407843,8,2,2,0.0599283,28.6778,trans,trans_regulatory_or_intronic
rs4480083,8,3,3,0.0570077,21.0172,trans,trans_regulatory_or_intronic
rs4541868,8,5,5,0.0632671,20.2298,trans,trans_regulatory_or_intronic
rs4552882,8,1,1,0.0839434,30.1824,trans,trans_regulatory_or_intronic
rs45577137,8,1,1,0.132209,21.7559,trans,trans_regulatory_or_intronic
rs4602861,8,1,1,0.0505189,14.7849,trans,trans_regulatory_or_intronic
rs4732620,8,1,1,0.0422199,13.3315,trans,trans_other_gene_coding_or_splice
rs4733612,8,2,2,0.0615138,21.5217,trans,trans_regulatory_or_intronic
rs4733817,8,1,1,0.0480765,14.3173,trans,trans_regulatory_or_intronic
rs4734879,8,2,2,0.0625812,20.1241,trans,trans_regulatory_or_intronic
rs4736690,8,1,1,0.038345,11.0353,trans,trans_regulatory_or_intronic
rs4737010,8,1,1,0.0463528,11.9426,trans,trans_regulatory_or_intronic
rs4738028,8,1,1,0.0492319,15.3662,trans,trans_regulatory_or_intronic
rs4738105,8,1,1,0.0498447,15.6245,trans,trans_other_or_unknown
rs4738679,8,2,2,0.0509701,14.9874,trans,trans_other_or_unknown
rs4738684,8,2,2,0.0976605,50.1519,trans,trans_regulatory_or_intronic
rs4739134,8,1,1,0.0451874,14.6463,trans,trans_regulatory_or_intronic
rs4739737,8,1,1,0.0574041,17.8505,trans,trans_regulatory_or_intronic
rs4841014,8,1,1,0.0856789,44.3822,trans,trans_regulatory_or_intronic
rs4841132,8,37,37,0.164679,59.8115,trans,trans_other_or_unknown
rs4841133,8,4,4,0.13581,41.853,trans,trans_other_or_unknown
rs4841575,8,1,1,0.0421396,12.1096,trans,trans_regulatory_or_intronic
rs4871013,8,1,1,0.0432681,14.7616,trans,trans_regulatory_or_intronic
rs4871880,8,1,1,0.0413844,11.4741,trans,trans_regulatory_or_intronic
rs4876611,8,2,2,0.0712817,28.4096,trans,trans_regulatory_or_intronic
rs4921914,8,3,3,0.0690008,26.144,trans,trans_other_or_unknown
rs4921915,8,2,2,0.0571325,16.532,trans,trans_other_or_unknown
rs4961256,8,2,2,0.0426618,11.7393,trans,trans_regulatory_or_intronic
rs4961258,8,1,1,0.0278444,12.3697,trans,trans_regulatory_or_intronic
rs55646585,8,2,2,0.0424452,10.9384,trans,trans_other_gene_coding_or_splice
rs55780214,8,1,1,0.0454949,11.485,trans,trans_regulatory_or_intronic
rs55839409,8,1,1,0.0612532,20.1936,trans,trans_regulatory_or_intronic
rs55895668,8,2,2,0.181251,184.19,cis;trans,cis_locus_linked;trans_other_gene_coding_or_splice
rs55964818,8,1,1,0.0630098,33.227,trans,trans_regulatory_or_intronic
rs56408342,8,1,1,0.110766,19.8943,trans,trans_regulatory_or_intronic
rs569205,8,1,1,0.0395949,11.7173,trans,trans_regulatory_or_intronic
rs575561437,8,1,1,0.431735,186.197,trans,trans_regulatory_or_intronic
rs576943137,8,1,1,0.0596085,15.3651,trans,trans_regulatory_or_intronic
rs59104426,8,1,1,0.657053,347.987,cis,cis_locus_linked
rs59265584,8,1,1,0.528646,744.55,cis,cis_target_regulatory_or_linked
rs59697075,8,1,1,0.0557689,19.3597,trans,trans_regulatory_or_intronic
rs60087251,8,1,1,0.515256,371.241,cis,cis_locus_linked
rs60223219,8,1,1,0.0625526,15.1932,trans,trans_other_or_unknown
rs608337,8,2,2,0.147183,41.3568,trans,trans_regulatory_or_intronic
rs62486442,8,1,1,0.0412538,13.2145,trans,trans_other_or_unknown
rs62501135,8,1,1,0.0553581,14.3428,trans,trans_regulatory_or_intronic
rs62505960,8,1,1,0.0786576,13.2639,trans,trans_other_or_unknown
rs62510270,8,1,1,0.0628248,14.7755,trans,trans_other_or_unknown
rs62525615,8,1,1,0.0447881,14.3015,trans,trans_regulatory_or_intronic
rs62532062,8,1,1,0.0438279,11.4584,trans,trans_regulatory_or_intronic
rs6420185,8,2,2,0.259551,364.077,cis;trans,cis_target_regulatory_or_linked;trans_regulatory_or_intronic
rs6471132,8,1,1,0.102368,45.2635,trans,trans_regulatory_or_intronic
rs6471249,8,1,1,0.0524734,19.77,trans,trans_regulatory_or_intronic
rs6471883,8,1,1,0.0588646,17.9221,trans,trans_regulatory_or_intronic
rs6471920,8,1,1,0.0496481,16.025,trans,trans_regulatory_or_intronic
rs6472539,8,6,6,0.213991,259.356,trans,trans_regulatory_or_intronic
rs6472812,8,2,2,0.195594,39.2943,cis;trans,cis_target_coding_or_splice;trans_other_gene_coding_or_splice
rs6473600,8,1,1,0.344539,301.491,cis,cis_target_coding_or_splice
rs6474527,8,1,1,0.104725,61.8888,trans,trans_regulatory_or_intronic
rs650896,8,1,1,0.118123,66.3735,trans,trans_regulatory_or_intronic
rs6557841,8,2,2,0.0467621,17.1192,trans,trans_regulatory_or_intronic
rs6601299,8,1,1,0.0865341,19.5505,trans,trans_regulatory_or_intronic
rs6605578,8,1,1,0.0543771,18.8194,trans,trans_regulatory_or_intronic
rs660865,8,1,1,0.0343599,13.7001,trans,trans_regulatory_or_intronic
rs67210953,8,1,1,0.054411,21.7235,trans,trans_regulatory_or_intronic
rs67745124,8,1,1,0.046858,14.3476,trans,trans_regulatory_or_intronic
rs6982502,8,2,2,0.0540882,20.1945,trans,trans_regulatory_or_intronic
rs6983780,8,1,1,0.0423345,12.3257,trans,trans_regulatory_or_intronic
rs6984305,8,3,3,0.0807938,17.5017,trans,trans_regulatory_or_intronic
rs6988146,8,1,1,0.178245,141.501,trans,trans_regulatory_or_intronic
rs6989110,8,1,1,0.0389132,14.1171,trans,trans_regulatory_or_intronic
rs6991677,8,1,1,0.0691212,23.0571,trans,trans_regulatory_or_intronic
rs6993770,8,319,319,0.234,303.116,cis;trans,cis_locus_linked;trans_regulatory_or_intronic
rs6993810,8,1,1,0.085609,36.4838,trans,trans_regulatory_or_intronic
rs6993841,8,1,1,0.0650808,27.1401,trans,trans_regulatory_or_intronic
rs6997191,8,1,1,0.0451401,14.4187,trans,trans_regulatory_or_intronic
rs6999206,8,1,1,0.07594,11.9233,trans,trans_regulatory_or_intronic
rs7003060,8,5,5,0.082147,36.5135,trans,trans_other_gene_coding_or_splice
rs7008811,8,2,2,0.0837766,37.6356,trans,trans_regulatory_or_intronic
rs7008914,8,1,1,0.0451586,14.5598,trans,trans_regulatory_or_intronic
rs7009973,8,1,1,0.0551117,18.8293,trans,trans_other_or_unknown
rs7010461,8,1,1,0.274569,384.771,cis,cis_target_regulatory_or_linked
rs7010805,8,1,1,0.0484827,14.0955,trans,trans_regulatory_or_intronic
rs7012814,8,2,2,0.047094,17.4998,trans,trans_regulatory_or_intronic
rs7014426,8,1,1,0.0373529,10.7959,trans,trans_regulatory_or_intronic
rs7014582,8,1,1,0.0855477,43.2996,trans,trans_other_gene_coding_or_splice
rs7016219,8,1,1,0.0734682,28.5253,trans,trans_other_gene_coding_or_splice
rs7018334,8,1,1,0.0573534,22.9829,trans,trans_regulatory_or_intronic
rs709821,8,1,1,0.591046,1581.45,cis,cis_target_regulatory_or_linked
rs71514503,8,1,1,0.0563634,12.2756,trans,trans_regulatory_or_intronic
rs722740,8,1,1,0.0379745,12.5676,trans,trans_regulatory_or_intronic
rs72643819,8,1,1,0.188144,206.097,cis,cis_target_regulatory_or_linked
rs72671655,8,2,2,0.149197,23.8832,trans,trans_regulatory_or_intronic
rs72684286,8,1,1,0.0611161,34.7815,trans,trans_regulatory_or_intronic
rs72684474,8,1,1,0.114888,50.0234,cis,cis_target_regulatory_or_linked
rs72716950,8,1,1,0.12631,15.2579,cis,cis_locus_linked
rs73184376,8,1,1,0.0831355,26.8511,cis,cis_locus_linked
rs73202153,8,1,1,0.0496531,14.745,trans,trans_regulatory_or_intronic
rs73205715,8,1,1,0.0550718,11.2777,trans,trans_regulatory_or_intronic
rs73225848,8,1,1,0.105474,14.4518,trans,trans_regulatory_or_intronic
rs73225855,8,1,1,0.131669,21.0974,trans,trans_regulatory_or_intronic
rs73363023,8,1,1,0.180816,158.117,trans,trans_other_or_unknown
rs73545546,8,1,1,0.0530564,12.1983,trans,trans_regulatory_or_intronic
rs74403458,8,1,1,0.142062,13.3184,trans,trans_other_gene_coding_or_splice
rs7461753,8,1,1,0.0506537,15.9174,trans,trans_other_or_unknown
rs74744251,8,1,1,0.268624,317.25,cis,cis_locus_linked
rs748208,8,1,1,0.0643866,20.9301,trans,trans_regulatory_or_intronic
rs74855321,8,1,1,0.124463,34.6158,trans,trans_other_or_unknown
rs74983646,8,1,1,0.101391,25.3255,trans,trans_other_or_unknown
rs75143612,8,1,1,0.232923,34.1205,cis,cis_locus_linked
rs75910605,8,1,1,0.143001,14.0149,trans,trans_regulatory_or_intronic
rs7592,8,1,1,0.0692495,33.0162,trans,trans_regulatory_or_intronic
rs77521330,8,1,1,0.0737439,18.5795,trans,trans_other_or_unknown
rs77642645,8,1,1,0.720656,780.177,cis,cis_target_regulatory_or_linked
rs77753174,8,2,2,0.0665732,14.5623,trans,trans_other_or_unknown
rs77870264,8,1,1,0.148871,24.1982,trans,trans_regulatory_or_intronic
rs7813501,8,1,1,0.0588918,11.3292,trans,trans_regulatory_or_intronic
rs7814328,8,1,1,0.0702393,28.9411,cis,cis_target_regulatory_or_linked
rs7814795,8,1,1,0.0580995,22.0627,trans,trans_regulatory_or_intronic
rs7815687,8,1,1,0.0755904,25.9401,trans,trans_regulatory_or_intronic
rs7818941,8,1,1,0.0438441,14.6559,trans,trans_regulatory_or_intronic
rs7821812,8,2,2,0.11678,56.8189,trans,trans_regulatory_or_intronic
rs7823366,8,1,1,0.0449758,14.2576,trans,trans_regulatory_or_intronic
rs7824054,8,1,1,0.0486006,12.2268,cis,cis_locus_linked
rs7824993,8,1,1,0.0410254,12.653,trans,trans_regulatory_or_intronic
rs7826351,8,1,1,0.0510115,12.3627,trans,trans_other_or_unknown
rs7826493,8,1,1,0.0488709,11.6624,trans,trans_regulatory_or_intronic
rs7826603,8,1,1,0.0457404,13.3166,trans,trans_regulatory_or_intronic
rs7827659,8,1,1,0.0508331,16.4023,trans,trans_regulatory_or_intronic
rs7828742,8,1,1,0.0452807,13.5846,trans,trans_regulatory_or_intronic
rs7831859,8,1,1,0.0495042,17.0895,trans,trans_regulatory_or_intronic
rs7832219,8,5,5,0.0735526,26.9609,trans,trans_regulatory_or_intronic
rs7833924,8,3,3,0.0775899,38.4076,trans,trans_other_gene_coding_or_splice
rs78347499,8,1,1,0.0473463,12.4791,trans,trans_other_or_unknown
rs7835670,8,1,1,0.0635425,15.3817,trans,trans_regulatory_or_intronic
rs7837153,8,1,1,0.0526309,14.9379,trans,trans_regulatory_or_intronic
rs7837219,8,1,1,0.0483086,12.8108,trans,trans_regulatory_or_intronic
rs7837796,8,1,1,0.0596846,22.1064,trans,trans_regulatory_or_intronic
rs7840212,8,2,2,0.0840481,42.5656,trans,trans_other_or_unknown
rs7840395,8,2,2,0.0489765,14.9659,trans,trans_regulatory_or_intronic
rs7846314,8,8,8,0.138618,74.5736,trans,trans_regulatory_or_intronic
rs78565598,8,1,1,0.0633004,15.2046,trans,trans_other_or_unknown
rs79220982,8,1,1,0.0688829,13.9131,trans,trans_regulatory_or_intronic
rs800548,8,1,1,0.0457066,11.3269,trans,trans_regulatory_or_intronic
rs804267,8,1,1,0.044573,14.2857,trans,trans_regulatory_or_intronic
rs826732,8,2,2,0.0469064,14.6126,trans,trans_regulatory_or_intronic
rs827592,8,1,1,0.157248,177.809,cis,cis_locus_linked
rs894211,8,1,1,0.0578288,16.397,trans,trans_other_or_unknown
rs9297994,8,1,1,0.0562838,18.9974,trans,trans_other_or_unknown
rs9298192,8,1,1,0.0556131,15.6997,trans,trans_regulatory_or_intronic
rs9298506,8,1,1,0.109673,62.3458,trans,trans_regulatory_or_intronic
rs952559,8,1,1,0.0628962,21.6454,trans,trans_regulatory_or_intronic
rs9643300,8,1,1,0.227268,312.806,cis,cis_target_regulatory_or_linked
rs9657360,8,1,1,0.390149,598.891,cis,cis_locus_linked
rs9657541,8,1,1,0.0493234,11.3402,trans,trans_regulatory_or_intronic
rs9693404,8,1,1,0.051387,10.7967,trans,trans_regulatory_or_intronic
rs9693693,8,1,1,0.0413395,10.863,trans,trans_regulatory_or_intronic
rs983309,8,2,2,0.099172,28.9587,trans,trans_regulatory_or_intronic
rs9886386,8,1,1,0.0513656,16.8694,trans,trans_regulatory_or_intronic
rs9987289,8,9,9,0.172881,62.3142,trans,trans_regulatory_or_intronic
rs10081728,9,1,1,0.226227,294.997,cis,cis_target_regulatory_or_linked
rs1008250,9,1,1,0.106931,52.9594,cis,cis_target_regulatory_or_linked
rs10114882,9,1,1,0.0551231,18.679,trans,trans_regulatory_or_intronic
rs10118445,9,1,1,0.0512026,11.5372,trans,trans_regulatory_or_intronic
rs1014651,9,1,1,0.0394538,11.2434,trans,trans_regulatory_or_intronic
rs10441775,9,1,1,0.0448377,13.4751,trans,trans_regulatory_or_intronic
rs1054879,9,1,1,0.109525,87.95,cis,cis_target_regulatory_or_linked
rs10733608,9,14,14,0.145801,139.26,trans,trans_regulatory_or_intronic
rs10738466,9,2,2,0.053865,20.6578,trans,trans_other_or_unknown
rs10738905,9,1,1,0.0843105,41.412,trans,trans_regulatory_or_intronic
rs10739227,9,1,1,0.0987733,44.3787,trans,trans_regulatory_or_intronic
rs10758361,9,1,1,0.0586402,23.582,trans,trans_regulatory_or_intronic
rs10758659,9,1,1,0.0480493,14.0738,trans,trans_regulatory_or_intronic
rs10760021,9,2,2,0.0735947,30.3552,trans,trans_regulatory_or_intronic
rs10760822,9,1,1,0.0357446,14.1829,trans,trans_other_or_unknown
rs10776883,9,1,1,0.279293,373.449,trans,trans_regulatory_or_intronic
rs10793962,9,4,4,0.142906,45.5199,trans,trans_regulatory_or_intronic
rs10813948,9,1,1,0.0364054,11.8745,trans,trans_regulatory_or_intronic
rs10813949,9,1,1,0.0631097,25.5542,trans,trans_regulatory_or_intronic
rs10813955,9,1,1,0.0618402,23.6548,trans,trans_regulatory_or_intronic
rs10814129,9,1,1,0.0722106,24.3939,trans,trans_regulatory_or_intronic
rs10814130,9,1,1,0.051823,12.5338,trans,trans_regulatory_or_intronic
rs10814915,9,1,1,0.0554504,19.1438,trans,trans_regulatory_or_intronic
rs10815254,9,1,1,0.0446078,11.8877,trans,trans_regulatory_or_intronic
rs10817200,9,1,1,0.0463102,12.824,trans,trans_regulatory_or_intronic
rs10817342,9,1,1,0.588142,1878.17,cis,cis_locus_linked
rs10817470,9,1,1,0.0464741,12.5422,trans,trans_regulatory_or_intronic
rs10817555,9,1,1,0.0546312,16.2575,trans,trans_regulatory_or_intronic
rs10817685,9,1,1,0.107979,70.2303,trans,trans_regulatory_or_intronic
rs10817718,9,1,1,0.0529676,13.9007,trans,trans_regulatory_or_intronic
rs10818050,9,1,1,0.053678,15.8222,trans,trans_regulatory_or_intronic
rs10818090,9,1,1,0.0351346,12.3893,trans,trans_regulatory_or_intronic
rs10819317,9,1,1,0.0929022,34.3521,trans,trans_regulatory_or_intronic
rs10819566,9,1,1,0.178284,182.135,cis,cis_target_regulatory_or_linked
rs10820606,9,19,19,0.171731,139.279,trans,trans_other_or_unknown
rs10821066,9,1,1,0.0478752,13.5275,trans,trans_regulatory_or_intronic
rs10821548,9,1,1,0.105316,64.0877,trans,trans_regulatory_or_intronic
rs10868235,9,1,1,0.0811118,39.0907,trans,trans_regulatory_or_intronic
rs10901252,9,4,4,0.176279,88.1494,trans,trans_regulatory_or_intronic
rs10901328,9,1,1,0.0384831,12.8428,trans,trans_regulatory_or_intronic
rs10960751,9,1,1,0.0766804,31.667,cis,cis_locus_linked
rs10963680,9,2,2,0.0498218,12.5756,trans,trans_regulatory_or_intronic
rs10964983,9,1,1,0.0421691,14.6565,trans,trans_regulatory_or_intronic
rs10968008,9,1,1,0.0476753,11.5092,trans,trans_regulatory_or_intronic
rs10968020,9,3,3,0.0790117,29.2198,trans,trans_regulatory_or_intronic
rs10970392,9,1,1,0.0643388,22.6498,trans,trans_regulatory_or_intronic
rs10971412,9,1,1,0.107099,19.0729,trans,trans_regulatory_or_intronic
rs10971417,9,1,1,0.0594329,26.6095,trans,trans_regulatory_or_intronic
rs10974444,9,1,1,0.0409047,15.3377,trans,trans_regulatory_or_intronic
rs10974817,9,1,1,0.0463645,12.938,trans,trans_regulatory_or_intronic
rs10980802,9,1,1,0.0660082,29.4464,trans,trans_regulatory_or_intronic
rs10981699,9,1,1,0.0912059,22.0575,trans,trans_regulatory_or_intronic
rs10982154,9,2,2,0.283963,164.227,trans,trans_regulatory_or_intronic
rs10982156,9,8,8,0.721262,706.339,cis;trans,cis_locus_linked;trans_regulatory_or_intronic
rs10982164,9,1,1,0.16614,48.4476,trans,trans_regulatory_or_intronic
rs10984466,9,4,4,0.0539419,16.3226,trans,trans_regulatory_or_intronic
rs10984499,9,4,4,0.0577683,20.9713,trans,trans_other_or_unknown
rs10984506,9,2,2,0.0563231,19.7939,trans,trans_other_or_unknown
rs10990624,9,1,1,0.0442159,11.9735,trans,trans_regulatory_or_intronic
rs10990651,9,3,3,0.0472643,13.8417,trans,trans_regulatory_or_intronic
rs10991460,9,1,1,0.0420062,12.0602,trans,trans_other_or_unknown
rs10992062,9,1,1,0.0454486,17.4217,trans,trans_regulatory_or_intronic
rs10993170,9,1,1,0.214123,71.878,trans,trans_regulatory_or_intronic
rs1105797,9,1,1,0.608491,2122.43,cis,cis_target_regulatory_or_linked
rs1110236,9,2,2,0.0802005,20.6405,trans,trans_other_or_unknown
rs11103381,9,1,1,0.0418257,10.8226,trans,trans_regulatory_or_intronic
rs11103387,9,1,1,0.0433472,12.773,trans,trans_regulatory_or_intronic
rs11103604,9,1,1,0.437541,904.384,cis,cis_locus_linked
rs1111796,9,2,2,0.136721,115.728,trans,trans_other_or_unknown;trans_regulatory_or_intronic
rs11139063,9,1,1,0.0439276,13.5084,trans,trans_regulatory_or_intronic
rs11142461,9,1,1,0.115997,11.3443,trans,trans_regulatory_or_intronic
rs11142926,9,1,1,0.0536713,14.9445,trans,trans_regulatory_or_intronic
rs11145351,9,1,1,0.056016,11.7258,trans,trans_regulatory_or_intronic
rs11145904,9,1,1,0.29314,285.195,cis,cis_locus_linked
rs111696803,9,4,4,0.0740227,31.71,trans,trans_regulatory_or_intronic
rs11243421,9,1,1,0.128715,105.939,trans,trans_regulatory_or_intronic
rs11244049,9,1,1,0.0948885,16.544,trans,trans_regulatory_or_intronic
rs1131773,9,3,3,0.0682713,19.4086,trans,trans_other_gene_coding_or_splice
rs113258444,9,1,1,0.207829,119.873,cis,cis_target_regulatory_or_linked
rs1137827,9,1,1,0.384799,260.077,trans,trans_regulatory_or_intronic
rs114266868,9,1,1,0.0539568,17.8283,trans,trans_other_or_unknown
rs115478735,9,8,8,0.254243,250.009,trans,trans_regulatory_or_intronic
rs11574915,9,1,1,0.106145,30.9151,cis,cis_locus_linked
rs1164893,9,1,1,0.03325,15.131,trans,trans_regulatory_or_intronic
rs116842520,9,1,1,0.146472,17.3462,trans,trans_regulatory_or_intronic
rs116977475,9,1,1,0.114196,12.9964,cis,cis_locus_linked
rs116994374,9,4,4,0.205625,65.3884,trans,trans_regulatory_or_intronic
rs117343502,9,1,1,0.138498,30.7748,trans,trans_regulatory_or_intronic
rs117448041,9,1,1,0.209037,21.4542,cis,cis_locus_linked
rs117724680,9,1,1,0.388696,250.466,cis,cis_target_regulatory_or_linked
rs117815264,9,1,1,0.571574,506.667,cis,cis_target_regulatory_or_linked
rs11788059,9,1,1,0.06476,27.9783,trans,trans_regulatory_or_intronic
rs11789392,9,1,1,0.188714,267.869,trans,trans_other_or_unknown
rs1179038,9,1,1,0.0723233,51.6527,trans,trans_regulatory_or_intronic
rs11794565,9,1,1,0.251007,347.913,cis,cis_locus_linked
rs11794772,9,15,15,0.0770317,27.6388,trans,trans_regulatory_or_intronic
rs11795343,9,1,1,0.0405108,10.8372,trans,trans_regulatory_or_intronic
rs118119317,9,1,1,0.150409,19.1132,trans,trans_regulatory_or_intronic
rs11999525,9,1,1,0.0640875,21.0359,trans,trans_other_gene_coding_or_splice
rs11999609,9,1,1,0.0699738,27.9414,trans,trans_regulatory_or_intronic
rs12002649,9,1,1,0.0693964,27.2311,trans,trans_regulatory_or_intronic
rs12002679,9,1,1,0.221088,223.205,cis,cis_target_regulatory_or_linked
rs12004054,9,1,1,0.048357,11.1209,trans,trans_regulatory_or_intronic
rs12337458,9,1,1,0.15694,11.7319,trans,trans_other_or_unknown
rs12342201,9,19,19,0.0695632,34.9919,trans,trans_regulatory_or_intronic
rs12342831,9,1,1,0.0465357,13.707,trans,trans_regulatory_or_intronic
rs12345684,9,1,1,0.0581523,25.4034,trans,trans_other_or_unknown
rs12350739,9,2,2,0.129482,102.112,trans,trans_regulatory_or_intronic
rs12376511,9,1,1,0.0555553,11.1517,trans,trans_regulatory_or_intronic
rs12377604,9,1,1,0.0603554,21.3765,trans,trans_regulatory_or_intronic
rs12552752,9,1,1,0.0424097,12.4236,trans,trans_regulatory_or_intronic
rs12554596,9,3,3,0.0657715,22.2991,trans,trans_regulatory_or_intronic
rs12683555,9,1,1,0.213018,221.96,cis,cis_locus_linked
rs12683780,9,1,1,0.0505933,15.9973,trans,trans_regulatory_or_intronic
rs12684083,9,1,1,0.0958855,44.6175,trans,trans_regulatory_or_intronic
rs12684650,9,3,3,0.0545411,16.6429,trans,trans_other_gene_coding_or_splice
rs13283282,9,1,1,0.206744,119.936,cis,cis_target_regulatory_or_linked
rs13284054,9,1,1,0.0722179,15.9324,trans,trans_regulatory_or_intronic
rs13291742,9,1,1,0.0456308,13.5544,trans,trans_regulatory_or_intronic
rs13292932,9,3,3,0.050725,14.6745,trans,trans_regulatory_or_intronic
rs13294683,9,2,2,0.19613,95.2042,trans,trans_regulatory_or_intronic
rs13295248,9,1,1,0.0821366,35.6146,trans,trans_regulatory_or_intronic
rs13300680,9,1,1,0.0671912,19.2688,trans,trans_other_or_unknown
rs1397575,9,1,1,0.0626496,17.5124,trans,trans_regulatory_or_intronic
rs1410385,9,1,1,0.0517741,17.3392,trans,trans_other_or_unknown
rs1411609,9,2,2,0.0696682,36.2516,trans,trans_regulatory_or_intronic
rs143138242,9,1,1,0.0982872,11.4297,trans,trans_regulatory_or_intronic
rs147707926,9,1,1,0.190235,14.9881,trans,trans_regulatory_or_intronic
rs1491122,9,1,1,0.0537302,18.1167,trans,trans_regulatory_or_intronic
rs150611042,9,3,3,0.459252,286.285,trans,trans_regulatory_or_intronic
rs150813342,9,8,8,0.282071,16.9673,trans,trans_other_gene_coding_or_splice
rs1576065,9,2,2,0.0559991,20.4851,trans,trans_regulatory_or_intronic
rs1611115,9,1,1,1.1618,5140.0,cis,cis_target_regulatory_or_linked
rs1630171,9,1,1,1.05497,3639.65,cis,cis_target_regulatory_or_linked
rs1687391,9,1,1,0.114868,19.946,trans,trans_regulatory_or_intronic
rs16919949,9,1,1,0.279461,11.0123,trans,trans_regulatory_or_intronic
rs17431934,9,2,2,0.0738035,36.5535,trans,trans_regulatory_or_intronic
rs17455517,9,1,1,0.266082,421.161,cis,cis_target_regulatory_or_linked
rs17784779,9,1,1,0.0740486,13.3736,trans,trans_regulatory_or_intronic
rs1805335,9,1,1,0.0567731,19.1347,cis,cis_target_regulatory_or_linked
rs1831382,9,1,1,0.0421008,13.1051,trans,trans_other_or_unknown
rs1833035,9,1,1,0.0533527,18.1951,trans,trans_other_or_unknown
rs1867254,9,1,1,0.326157,540.327,cis,cis_target_regulatory_or_linked
rs1883025,9,2,2,0.0542313,14.9696,trans,trans_regulatory_or_intronic
rs1888909,9,3,3,0.0702202,25.8775,trans,trans_regulatory_or_intronic
rs190804153,9,1,1,0.0559165,21.3737,trans,trans_regulatory_or_intronic
rs191912523,9,1,1,0.238308,96.4658,cis,cis_target_regulatory_or_linked
rs1925471,9,1,1,0.394626,11.4129,trans,trans_other_or_unknown
rs1927635,9,1,1,0.040207,10.8618,trans,trans_regulatory_or_intronic
rs1928243,9,1,1,0.0811172,31.5793,trans,trans_regulatory_or_intronic
rs1955143,9,1,1,0.0399438,10.7734,trans,trans_other_or_unknown
rs1969976,9,2,2,0.069887,29.2325,trans,trans_regulatory_or_intronic
rs2031902,9,6,6,0.0721729,35.0692,trans,trans_regulatory_or_intronic
rs2031906,9,1,1,0.0757827,34.7722,trans,trans_regulatory_or_intronic
rs2065500,9,1,1,0.0611457,13.1458,trans,trans_other_or_unknown
rs2070074,9,1,1,0.311544,219.639,cis,cis_locus_linked
rs2151597,9,1,1,0.043302,15.5682,trans,trans_regulatory_or_intronic
rs2229067,9,1,1,0.171464,11.6366,cis,cis_target_coding_or_splice
rs2236291,9,1,1,0.27557,464.905,trans,trans_regulatory_or_intronic
rs2251106,9,1,1,0.0569905,17.826,cis,cis_locus_linked
rs2282078,9,1,1,0.0552967,16.203,trans,trans_regulatory_or_intronic
rs2282240,9,1,1,0.0921013,40.8258,trans,trans_regulatory_or_intronic
rs2282683,9,1,1,0.498231,1058.57,cis,cis_target_coding_or_splice
rs2293968,9,1,1,0.141105,96.2474,cis,cis_locus_linked
rs2381282,9,1,1,0.580251,2119.53,cis,cis_target_regulatory_or_linked
rs2381416,9,1,1,0.0597146,18.2141,trans,trans_regulatory_or_intronic
rs2451951,9,1,1,0.10413,114.172,trans,trans_regulatory_or_intronic
rs2519093,9,86,86,0.973964,3439.29,trans,trans_regulatory_or_intronic
rs2520096,9,1,1,0.0996755,54.7746,trans,trans_regulatory_or_intronic
rs2740488,9,9,9,0.101947,51.8937,trans,trans_regulatory_or_intronic
rs2761681,9,1,1,0.149794,135.827,trans,trans_regulatory_or_intronic
rs2770808,9,2,2,0.0475834,14.2585,trans,trans_regulatory_or_intronic
rs2789512,9,1,1,0.0607776,19.3581,cis,cis_target_regulatory_or_linked
rs2795054,9,1,1,0.220081,219.785,cis,cis_target_regulatory_or_linked
rs2795108,9,1,1,0.0627552,12.3045,cis,cis_target_regulatory_or_linked
rs2800283,9,1,1,0.0328292,10.974,trans,trans_regulatory_or_intronic
rs2812378,9,1,1,0.100692,57.2873,cis,cis_target_regulatory_or_linked
rs296847,9,1,1,0.0580743,18.8986,trans,trans_regulatory_or_intronic
rs296888,9,1,1,0.0465711,11.0224,trans,trans_regulatory_or_intronic
rs296889,9,1,1,0.0430808,11.4963,trans,trans_regulatory_or_intronic
rs3003599,9,1,1,0.31284,355.168,cis,cis_target_regulatory_or_linked
rs3004309,9,1,1,0.0457373,14.357,trans,trans_other_or_unknown
rs3124776,9,1,1,0.0466246,14.9621,trans,trans_regulatory_or_intronic
rs34544762,9,1,1,0.0922917,37.514,cis,cis_target_regulatory_or_linked
rs348463,9,1,1,0.0891548,41.4352,cis,cis_target_regulatory_or_linked
rs34881325,9,1,1,0.0527633,15.84,trans,trans_other_or_unknown
rs35288226,9,1,1,0.0412063,10.9738,trans,trans_regulatory_or_intronic
rs36116821,9,1,1,0.0406656,10.9744,trans,trans_other_or_unknown
rs369654038,9,1,1,0.094732,57.179,trans,trans_regulatory_or_intronic
rs3731211,9,2,2,0.0827574,38.4521,trans,trans_regulatory_or_intronic
rs3750549,9,1,1,0.0769487,33.6217,cis,cis_locus_linked
rs375524395,9,1,1,0.0440862,14.2445,trans,trans_regulatory_or_intronic
rs3758294,9,3,3,0.0865608,39.5641,trans,trans_regulatory_or_intronic
rs3762056,9,1,1,0.0888202,12.4475,trans,trans_regulatory_or_intronic
rs3780420,9,1,1,0.0715368,30.7961,trans,trans_regulatory_or_intronic
rs3780480,9,1,1,0.052734,16.8248,trans,trans_regulatory_or_intronic
rs3812594,9,1,1,0.0375284,10.964,trans,trans_other_gene_coding_or_splice
rs3824458,9,2,2,0.0794475,35.2553,trans,trans_regulatory_or_intronic
rs385893,9,12,12,0.0971585,56.9422,trans,trans_regulatory_or_intronic
rs3892354,9,1,1,0.0496265,14.9975,trans,trans_regulatory_or_intronic
rs409801,9,1,1,0.0464394,13.0996,trans,trans_regulatory_or_intronic
rs41274017,9,1,1,0.0920522,14.1011,trans,trans_regulatory_or_intronic
rs41276777,9,1,1,0.176065,12.6675,trans,trans_regulatory_or_intronic
rs41313766,9,1,1,0.65694,174.232,cis,cis_target_regulatory_or_linked
rs4149310,9,1,1,0.0881278,25.7829,trans,trans_regulatory_or_intronic
rs4242701,9,1,1,0.0474912,15.1801,trans,trans_regulatory_or_intronic
rs4471106,9,4,4,0.0504966,17.1127,trans,trans_regulatory_or_intronic
rs45461899,9,1,1,0.562526,164.728,cis,cis_target_coding_or_splice
rs459571,9,1,1,0.046366,11.0139,trans,trans_regulatory_or_intronic
rs4631576,9,2,2,0.062061,24.9929,trans,trans_regulatory_or_intronic
rs465724,9,2,2,0.0760433,34.27,trans,trans_regulatory_or_intronic
rs467369,9,2,2,0.0545671,18.9206,trans,trans_regulatory_or_intronic
rs4740823,9,1,1,0.0370722,11.8457,trans,trans_regulatory_or_intronic
rs4742081,9,1,1,0.158992,105.342,cis,cis_locus_linked
rs4837917,9,1,1,0.0922455,44.0906,trans,trans_regulatory_or_intronic
rs4878130,9,1,1,0.0439388,10.9725,trans,trans_regulatory_or_intronic
rs487820,9,1,1,0.0506603,21.5275,trans,trans_regulatory_or_intronic
rs4878525,9,1,1,0.0473179,14.427,trans,trans_regulatory_or_intronic
rs4878690,9,1,1,0.263919,355.079,cis,cis_target_regulatory_or_linked
rs4879665,9,1,1,0.0482588,16.2491,trans,trans_regulatory_or_intronic
rs4879666,9,1,1,0.0670682,29.5891,trans,trans_regulatory_or_intronic
rs4880140,9,1,1,0.652134,1764.94,cis,cis_target_regulatory_or_linked
rs489922,9,1,1,0.0516873,13.897,trans,trans_regulatory_or_intronic
rs494242,9,2,2,0.0564608,22.5562,trans,trans_regulatory_or_intronic
rs495828,9,1,1,0.0619007,17.0731,trans,trans_regulatory_or_intronic
rs4962104,9,1,1,0.696605,2732.1,cis,cis_target_regulatory_or_linked
rs4979500,9,1,1,0.172465,170.861,trans,trans_regulatory_or_intronic
rs4986791,9,1,1,0.330605,139.154,cis,cis_target_coding_or_splice
rs4994332,9,1,1,0.0410952,13.3031,trans,trans_regulatory_or_intronic
rs502417,9,1,1,0.0580562,15.9952,trans,trans_regulatory_or_intronic
rs503222,9,1,1,0.0980887,56.2059,trans,trans_regulatory_or_intronic
rs505922,9,32,32,1.16889,6832.83,cis;trans,cis_target_regulatory_or_linked;trans_regulatory_or_intronic
rs507666,9,30,30,0.378685,472.464,trans,trans_regulatory_or_intronic
rs508227,9,1,1,0.0467514,14.4561,trans,trans_regulatory_or_intronic
rs529565,9,9,9,0.109633,60.1429,trans,trans_regulatory_or_intronic
rs532436,9,6,6,0.231066,289.454,trans,trans_regulatory_or_intronic
rs536644,9,1,1,0.0863518,51.9728,trans,trans_regulatory_or_intronic
rs542243688,9,1,1,0.214553,29.4116,cis,cis_locus_linked
rs544873,9,1,1,0.0430347,13.5615,trans,trans_regulatory_or_intronic
rs545971,9,1,1,0.0507918,17.0249,trans,trans_regulatory_or_intronic
rs550057,9,7,7,0.265679,319.618,trans,trans_regulatory_or_intronic
rs550478926,9,1,1,0.162429,48.5827,trans,trans_regulatory_or_intronic
rs554833,9,2,2,0.0603093,21.4661,trans,trans_regulatory_or_intronic
rs55737216,9,1,1,0.0432993,10.9579,trans,trans_regulatory_or_intronic
rs55851518,9,1,1,0.142256,27.1654,trans,trans_regulatory_or_intronic
rs55931012,9,1,1,0.0592117,12.87,trans,trans_other_or_unknown
rs55965570,9,1,1,0.0942691,33.0402,cis,cis_locus_linked
rs55984238,9,1,1,0.0728697,16.2088,trans,trans_regulatory_or_intronic
rs562813,9,1,1,0.0431273,11.6619,trans,trans_regulatory_or_intronic
rs57815349,9,1,1,0.0509484,11.9851,trans,trans_regulatory_or_intronic
rs58088508,9,1,1,0.0683478,20.7257,trans,trans_regulatory_or_intronic
rs58160054,9,1,1,0.256606,367.446,cis,cis_locus_linked
rs587611953,9,4,4,0.107123,56.0464,trans,trans_regulatory_or_intronic
rs587707823,9,3,3,0.0712382,21.6829,trans,trans_regulatory_or_intronic
rs600038,9,1,1,0.0634885,16.6082,trans,trans_regulatory_or_intronic
rs60757417,9,35,35,0.146052,42.0746,trans,trans_regulatory_or_intronic
rs60988380,9,1,1,0.104375,27.6221,trans,trans_regulatory_or_intronic
rs612169,9,1,1,0.0444878,11.399,trans,trans_regulatory_or_intronic
rs61237993,9,1,1,0.0981593,25.5151,trans,trans_regulatory_or_intronic
rs61750929,9,3,3,0.103514,14.3151,trans,trans_regulatory_or_intronic
rs61751937,9,11,11,0.160503,17.5783,trans,trans_other_gene_coding_or_splice
rs62542743,9,1,1,0.0903317,13.746,trans,trans_other_gene_coding_or_splice
rs62550969,9,1,1,0.090619,12.3838,trans,trans_regulatory_or_intronic
rs62571868,9,1,1,0.0444673,13.1188,trans,trans_regulatory_or_intronic
rs62574061,9,1,1,0.0629446,25.9777,trans,trans_regulatory_or_intronic
rs62576492,9,1,1,0.131778,44.7447,trans,trans_regulatory_or_intronic
rs635634,9,17,17,0.161026,98.9463,trans,trans_regulatory_or_intronic
rs643434,9,3,3,0.0580779,20.7995,trans,trans_regulatory_or_intronic
rs6475611,9,1,1,0.0751504,22.363,trans,trans_other_or_unknown
rs6477873,9,1,1,0.0480265,17.7794,trans,trans_regulatory_or_intronic
rs6478117,9,1,1,0.0421306,11.9391,trans,trans_regulatory_or_intronic
rs6478993,9,1,1,0.0463777,13.426,trans,trans_regulatory_or_intronic
rs6479416,9,1,1,0.578632,2084.43,cis,cis_locus_linked
rs6479446,9,1,1,0.0428992,11.0588,trans,trans_regulatory_or_intronic
rs651007,9,1,1,0.0567814,13.2271,trans,trans_regulatory_or_intronic
rs6559744,9,1,1,0.0462941,13.1328,trans,trans_regulatory_or_intronic
rs657152,9,3,3,0.0576806,21.8806,trans,trans_regulatory_or_intronic
rs674302,9,2,2,0.112735,70.8512,trans,trans_regulatory_or_intronic
rs677355,9,1,1,0.0713659,28.4137,trans,trans_regulatory_or_intronic
rs682632,9,1,1,1.03771,952.866,cis,cis_target_coding_or_splice
rs686030,9,3,3,0.070354,15.9598,trans,trans_regulatory_or_intronic
rs692503,9,3,3,0.0477516,15.0198,trans,trans_regulatory_or_intronic
rs7019909,9,5,5,0.314188,240.142,cis;trans,cis_target_regulatory_or_linked;trans_regulatory_or_intronic
rs7024300,9,1,1,0.142679,17.4509,trans,trans_regulatory_or_intronic
rs7028191,9,3,3,0.0862902,46.4622,trans,trans_regulatory_or_intronic
rs7029757,9,1,1,0.0632288,10.8837,trans,trans_regulatory_or_intronic
rs7030405,9,1,1,0.05277,16.1948,trans,trans_regulatory_or_intronic
rs7030849,9,1,1,0.14421,115.404,cis,cis_locus_linked
rs7030907,9,1,1,0.0455994,11.7887,trans,trans_regulatory_or_intronic
rs7032525,9,3,3,0.124615,65.8684,trans,trans_regulatory_or_intronic
rs7036656,9,1,1,0.0533307,15.1729,trans,trans_regulatory_or_intronic
rs7039458,9,1,1,0.0407985,11.5486,trans,trans_other_or_unknown
rs7039820,9,1,1,0.0561873,13.6135,trans,trans_regulatory_or_intronic
rs7040029,9,1,1,0.0440199,11.5835,trans,trans_regulatory_or_intronic
rs7041363,9,3,3,0.0604101,22.8615,trans,trans_regulatory_or_intronic
rs7041446,9,3,3,0.614653,2254.7,cis;trans,cis_target_regulatory_or_linked;trans_regulatory_or_intronic
rs7042335,9,1,1,0.0497487,13.4699,trans,trans_regulatory_or_intronic
rs7043265,9,1,1,0.0475612,11.2766,trans,trans_regulatory_or_intronic
rs7044478,9,1,1,0.0458542,14.1957,trans,trans_regulatory_or_intronic
rs7045087,9,1,1,0.276143,363.054,cis,cis_locus_linked
rs7045138,9,1,1,0.0413663,10.9724,trans,trans_regulatory_or_intronic
rs72618113,9,1,1,0.0415074,11.4755,trans,trans_regulatory_or_intronic
rs72759285,9,1,1,0.0516754,12.1073,trans,trans_other_or_unknown
rs72767003,9,1,1,0.0584585,15.2608,trans,trans_other_or_unknown
rs73499092,9,2,2,0.0644032,17.1723,trans,trans_regulatory_or_intronic
rs73554552,9,2,2,0.0983812,14.5047,trans,trans_regulatory_or_intronic
rs74557797,9,1,1,0.27829,135.489,cis,cis_locus_linked
rs7467847,9,1,1,0.0970103,16.2194,trans,trans_regulatory_or_intronic
rs74715985,9,1,1,1.47068,840.431,cis,cis_target_regulatory_or_linked
rs75179845,9,1,1,0.0770409,11.3025,trans,trans_regulatory_or_intronic
rs77328788,9,1,1,0.0777179,17.5839,trans,trans_regulatory_or_intronic
rs77562929,9,1,1,0.500325,36.9143,cis,cis_target_regulatory_or_linked
rs77643237,9,1,1,0.237749,64.1477,trans,trans_other_or_unknown
rs783200,9,1,1,0.0571837,14.3657,trans,trans_regulatory_or_intronic
rs7847041,9,1,1,0.0452719,14.1676,trans,trans_regulatory_or_intronic
rs7847540,9,1,1,0.04121,11.4178,trans,trans_regulatory_or_intronic
rs7848667,9,1,1,0.332545,347.033,cis,cis_target_regulatory_or_linked
rs7854248,9,1,1,0.0435555,11.2444,trans,trans_regulatory_or_intronic
rs7856189,9,1,1,0.0459502,14.4749,trans,trans_regulatory_or_intronic
rs7857243,9,1,1,0.470732,905.685,cis,cis_target_regulatory_or_linked
rs7865362,9,12,12,0.125431,89.3344,trans,trans_regulatory_or_intronic
rs7867909,9,1,1,0.176907,185.284,trans,trans_regulatory_or_intronic
rs7868663,9,1,1,0.0445219,12.5245,trans,trans_regulatory_or_intronic
rs7871464,9,1,1,0.129846,10.8648,trans,trans_regulatory_or_intronic
rs7871740,9,1,1,0.754913,692.679,cis,cis_target_regulatory_or_linked
rs7873862,9,1,1,0.0807019,39.551,trans,trans_regulatory_or_intronic
rs7874405,9,2,2,0.0506957,14.1518,trans,trans_regulatory_or_intronic
rs7875571,9,1,1,0.0404656,16.3704,trans,trans_other_or_unknown
rs79137699,9,1,1,0.12686,20.7564,trans,trans_regulatory_or_intronic
rs79270230,9,1,1,0.144317,44.0152,trans,trans_regulatory_or_intronic
rs8067,9,2,2,0.0474856,14.1676,trans,trans_regulatory_or_intronic
rs8176644,9,1,1,0.112436,22.244,trans,trans_regulatory_or_intronic
rs8176671,9,1,1,0.125863,26.5023,trans,trans_regulatory_or_intronic
rs8176672,9,15,15,1.10817,2170.26,trans,trans_regulatory_or_intronic
rs8176693,9,19,19,0.73402,862.106,trans,trans_regulatory_or_intronic
rs8176722,9,1,1,0.0733441,13.0794,trans,trans_regulatory_or_intronic
rs8176741,9,11,11,0.421899,293.504,trans,trans_other_gene_coding_or_splice
rs8176743,9,8,8,1.1734,2136.38,trans,trans_other_gene_coding_or_splice
rs8176746,9,8,8,0.295545,159.938,trans,trans_other_gene_coding_or_splice
rs8176747,9,5,5,0.645774,711.934,trans,trans_other_gene_coding_or_splice
rs8176749,9,5,5,0.515511,578.161,trans,trans_other_gene_coding_or_splice
rs8176759,9,3,3,0.808743,1021.88,trans,trans_regulatory_or_intronic
rs8193003,9,4,4,0.0838946,39.9026,trans,trans_regulatory_or_intronic
rs8193004,9,1,1,0.048385,14.6233,trans,trans_regulatory_or_intronic
rs822341,9,1,1,0.339916,516.827,cis,cis_target_regulatory_or_linked
rs868561,9,1,1,0.145354,133.034,cis,cis_target_regulatory_or_linked
rs869487,9,1,1,0.161179,105.5,cis,cis_target_regulatory_or_linked
rs9409964,9,1,1,0.869309,3299.72,cis,cis_locus_linked
rs9411378,9,3,3,0.0538066,15.7798,trans,trans_regulatory_or_intronic
rs9411463,9,1,1,0.0808036,12.0195,trans,trans_regulatory_or_intronic
rs9697210,9,1,1,0.0946826,25.3666,trans,trans_regulatory_or_intronic
rs976575,9,1,1,0.0828847,39.2688,trans,trans_regulatory_or_intronic
rs9775680,9,1,1,0.0394226,11.5676,trans,trans_regulatory_or_intronic
rs992969,9,1,1,0.04595,11.4227,trans,trans_other_or_unknown
