protein_id,assay_target,protein_panel,gene_symbol,uniprot,n_edges,n_snps,n_cis,n_trans,max_log10p,sum_abs_beta,n_regulatory_modes,regulatory_modes
ACAN:P16112:OID20159:v1,ACAN,Cardiometabolic,ACAN,P16112,19,19,1,18,224.889,1.4397719,4,cis_locus_linked;trans_other_gene_coding_or_splice;trans_other_or_unknown;trans_regulatory_or_intronic
ACE2:Q9BYF1:OID20105:v1,ACE2,Cardiometabolic,ACE2,Q9BYF1,13,13,0,13,118.374,1.013639,2,trans_other_gene_coding_or_splice;trans_regulatory_or_intronic
ACOX1:Q15067:OID20124:v1,ACOX1,Cardiometabolic,ACOX1,Q15067,1,1,1,0,30.8231,0.0770189,1,cis_target_regulatory_or_linked
ACP5:P13686:OID20314:v1,ACP5,Cardiometabolic,ACP5,P13686,15,15,1,14,679.889,1.6120803000000001,4,cis_target_coding_or_splice;trans_other_gene_coding_or_splice;trans_other_or_unknown;trans_regulatory_or_intronic
ACY1:Q03154:OID20137:v1,ACY1,Cardiometabolic,ACY1,Q03154,3,3,0,3,25.6984,0.1846083,2,trans_other_gene_coding_or_splice;trans_regulatory_or_intronic
ADA2:Q9NZK5:OID20394:v1,ADA2,Cardiometabolic,ADA2,Q9NZK5,19,19,1,18,248.818,1.9090515000000001,4,cis_target_regulatory_or_linked;trans_other_gene_coding_or_splice;trans_other_or_unknown;trans_regulatory_or_intronic
ADAM15:Q13444:OID20109:v1,ADAM15,Cardiometabolic,ADAM15,Q13444,9,9,1,8,3176.38,1.8922942999999999,3,cis_locus_linked;trans_other_gene_coding_or_splice;trans_regulatory_or_intronic
ADAMTS13:Q76LX8:OID20249:v1,ADAMTS13,Cardiometabolic,ADAMTS13,Q76LX8,15,15,1,14,840.431,2.468308,3,cis_target_regulatory_or_linked;trans_other_gene_coding_or_splice;trans_regulatory_or_intronic
ADAMTS16:Q8TE57:OID20089:v1,ADAMTS16,Cardiometabolic,ADAMTS16,Q8TE57,1,1,1,0,95.7149,0.125441,1,cis_locus_linked
ADGRE5:P48960:OID20260:v1,ADGRE5,Cardiometabolic,ADGRE5,P48960,13,13,1,12,213.004,1.4642704,3,cis_target_coding_or_splice;trans_other_gene_coding_or_splice;trans_regulatory_or_intronic
ADGRG2:Q8IZP9:OID20189:v1,ADGRG2,Cardiometabolic,ADGRG2,Q8IZP9,6,6,0,6,23.8915,0.4562904,3,trans_other_gene_coding_or_splice;trans_other_or_unknown;trans_regulatory_or_intronic
ADH4:P08319:OID20117:v1,ADH4,Cardiometabolic,ADH4,P08319,8,8,1,7,100.973,0.5759399,4,cis_target_regulatory_or_linked;trans_other_gene_coding_or_splice;trans_other_or_unknown;trans_regulatory_or_intronic
AGXT:P21549:OID20139:v1,AGXT,Cardiometabolic,AGXT,P21549,17,17,1,16,400.745,1.6064219,4,cis_locus_linked;trans_other_gene_coding_or_splice;trans_other_or_unknown;trans_regulatory_or_intronic
AHCY:P23526:OID20199:v1,AHCY,Cardiometabolic,AHCY,P23526,2,2,1,1,669.945,1.4128304999999999,2,cis_target_coding_or_splice;trans_regulatory_or_intronic
AK1:P00568:OID20122:v1,AK1,Cardiometabolic,AK1,P00568,1,1,1,0,12.9964,0.114196,1,cis_locus_linked
ALCAM:Q13740:OID20273:v1,ALCAM,Cardiometabolic,ALCAM,Q13740,12,12,1,11,105.358,1.3032342,4,cis_target_coding_or_splice;trans_other_gene_coding_or_splice;trans_other_or_unknown;trans_regulatory_or_intronic
AMY2A:P04746:OID20333:v1,AMY2A,Cardiometabolic,AMY2A,P04746,13,13,1,12,671.017,1.4251799,3,cis_locus_linked;trans_other_or_unknown;trans_regulatory_or_intronic
AMY2B:P19961:OID20340:v1,AMY2B,Cardiometabolic,AMY2B,P19961,12,12,1,11,780.238,1.4540653,3,cis_locus_linked;trans_other_or_unknown;trans_regulatory_or_intronic
ANG:P03950:OID20403:v1,ANG,Cardiometabolic,ANG,P03950,11,11,1,10,1100.47,1.1677661,3,cis_locus_linked;trans_other_gene_coding_or_splice;trans_regulatory_or_intronic
ANGPTL1:O95841:OID20211:v1,ANGPTL1,Cardiometabolic,ANGPTL1,O95841,8,8,1,7,459.235,1.0129199,3,cis_locus_linked;trans_other_gene_coding_or_splice;trans_regulatory_or_intronic
ANGPTL3:Q9Y5C1:OID20407:v1,ANGPTL3,Cardiometabolic,ANGPTL3,Q9Y5C1,7,7,0,7,39.4612,0.6915818,2,trans_other_gene_coding_or_splice;trans_regulatory_or_intronic
ANPEP:P15144:OID20350:v1,ANPEP,Cardiometabolic,ANPEP,P15144,6,6,1,5,857.487,1.1333157,4,cis_target_regulatory_or_linked;trans_other_gene_coding_or_splice;trans_other_or_unknown;trans_regulatory_or_intronic
ANXA4:P09525:OID20123:v1,ANXA4,Cardiometabolic,ANXA4,P09525,3,3,0,3,27.834,0.1617887,1,trans_regulatory_or_intronic
AOC3:Q16853:OID20389:v1,AOC3,Cardiometabolic,AOC3,Q16853,13,13,1,12,1743.24,1.7019957,4,cis_target_coding_or_splice;trans_other_gene_coding_or_splice;trans_other_or_unknown;trans_regulatory_or_intronic
APLP1:P51693:OID20164:v1,APLP1,Cardiometabolic,APLP1,P51693,7,7,0,7,39.7218,0.4967547,2,trans_other_gene_coding_or_splice;trans_regulatory_or_intronic
APOM:O95445:OID20374:v1,APOM,Cardiometabolic,APOM,O95445,11,11,1,10,470.918,1.7812875,4,cis_locus_linked;trans_other_gene_coding_or_splice;trans_other_or_unknown;trans_regulatory_or_intronic
ART3:Q13508:OID20346:v1,ART3,Cardiometabolic,ART3,Q13508,9,9,0,9,25.0659,0.5517026,2,trans_other_gene_coding_or_splice;trans_regulatory_or_intronic
AXL:P30530:OID20363:v1,AXL,Cardiometabolic,AXL,P30530,14,14,1,13,159.362,1.1127108,4,cis_target_regulatory_or_linked;trans_other_gene_coding_or_splice;trans_other_or_unknown;trans_regulatory_or_intronic
AZU1:P20160:OID20309:v1,AZU1,Cardiometabolic,AZU1,P20160,8,8,0,8,16.8694,0.4169179,2,trans_other_gene_coding_or_splice;trans_regulatory_or_intronic
BAG6:P46379:OID20114:v1,BAG6,Cardiometabolic,BAG6,P46379,1,1,0,1,12.9955,0.0463205,1,trans_regulatory_or_intronic
BLMH:Q13867:OID20336:v1,BLMH,Cardiometabolic,BLMH,Q13867,4,4,1,3,1819.15,0.8218647,2,cis_target_coding_or_splice;trans_regulatory_or_intronic
BMP6:P22004:OID20111:v1,BMP6,Cardiometabolic,BMP6,P22004,17,17,1,16,248.371,1.4765308,4,cis_locus_linked;trans_other_gene_coding_or_splice;trans_other_or_unknown;trans_regulatory_or_intronic
BOC:Q9BWV1:OID20116:v1,BOC,Cardiometabolic,BOC,Q9BWV1,11,11,1,10,136.204,1.1129668,4,cis_target_regulatory_or_linked;trans_other_gene_coding_or_splice;trans_other_or_unknown;trans_regulatory_or_intronic
BPIFB1:Q8TDL5:OID20308:v1,BPIFB1,Cardiometabolic,BPIFB1,Q8TDL5,23,23,1,22,1058.08,1.9243341,4,cis_locus_linked;trans_other_gene_coding_or_splice;trans_other_or_unknown;trans_regulatory_or_intronic
C1QTNF1:Q9BXJ1:OID20367:v1,C1QTNF1,Cardiometabolic,C1QTNF1,Q9BXJ1,4,4,1,3,297.834,0.8517445,3,cis_target_regulatory_or_linked;trans_other_gene_coding_or_splice;trans_regulatory_or_intronic
C2:P06681:OID20410:v1,C2,Cardiometabolic,C2,P06681,4,4,0,4,50.2686,0.3130601,3,trans_other_gene_coding_or_splice;trans_other_or_unknown;trans_regulatory_or_intronic
CA1:P00915:OID20409:v1,CA1,Cardiometabolic,CA1,P00915,3,3,1,2,41.7169,0.2291475,3,cis_target_regulatory_or_linked;trans_other_gene_coding_or_splice;trans_regulatory_or_intronic
CA13:Q8N1Q1:OID20225:v1,CA13,Cardiometabolic,CA13,Q8N1Q1,5,5,1,4,371.241,0.7110857,2,cis_locus_linked;trans_regulatory_or_intronic
CA3:P07451:OID20271:v1,CA3,Cardiometabolic,CA3,P07451,10,10,1,9,137.943,0.9715021,4,cis_locus_linked;trans_other_gene_coding_or_splice;trans_other_or_unknown;trans_regulatory_or_intronic
CA4:P22748:OID20241:v1,CA4,Cardiometabolic,CA4,P22748,16,16,1,15,546.677,2.0107657,4,cis_target_regulatory_or_linked;trans_other_gene_coding_or_splice;trans_other_or_unknown;trans_regulatory_or_intronic
CA5A:P35218:OID20075:v1,CA5A,Cardiometabolic,CA5A,P35218,7,7,1,6,2460.99,1.1885204,4,cis_target_regulatory_or_linked;trans_other_gene_coding_or_splice;trans_other_or_unknown;trans_regulatory_or_intronic
CANT1:Q8WVQ1:OID20181:v1,CANT1,Cardiometabolic,CANT1,Q8WVQ1,11,11,1,10,108.811,0.8696623,3,cis_target_regulatory_or_linked;trans_other_gene_coding_or_splice;trans_regulatory_or_intronic
CASP3:P42574:OID20305:v1,CASP3,Cardiometabolic,CASP3,P42574,5,5,0,5,23.1634,0.2462496,1,trans_regulatory_or_intronic
CBLIF:P27352:OID20179:v1,CBLIF,Cardiometabolic,CBLIF,P27352,16,16,1,15,285.581,1.3751899,4,cis_locus_linked;trans_other_gene_coding_or_splice;trans_other_or_unknown;trans_regulatory_or_intronic
CCDC80:Q76M96:OID20226:v1,CCDC80,Cardiometabolic,CCDC80,Q76M96,8,8,1,7,107.496,0.7363526,3,cis_target_regulatory_or_linked;trans_other_gene_coding_or_splice;trans_regulatory_or_intronic
CCL14:Q16627:OID20401:v1,CCL14,Cardiometabolic,CCL14,Q16627,9,9,1,8,1253.09,1.5765548999999999,3,cis_locus_linked;trans_other_gene_coding_or_splice;trans_regulatory_or_intronic
CCL15:Q16663:OID20328:v1,CCL15,Cardiometabolic,CCL15,Q16663,5,5,0,5,247.381,0.7234271999999999,2,trans_other_gene_coding_or_splice;trans_regulatory_or_intronic
CCL16:O15467:OID20334:v1,CCL16,Cardiometabolic,CCL16,O15467,13,13,1,12,3249.41,3.0405336,4,cis_locus_linked;trans_other_gene_coding_or_splice;trans_other_or_unknown;trans_regulatory_or_intronic
CCL18:P55774:OID20395:v1,CCL18,Cardiometabolic,CCL18,P55774,8,8,1,7,1335.8,1.1778426,4,cis_target_regulatory_or_linked;trans_other_gene_coding_or_splice;trans_other_or_unknown;trans_regulatory_or_intronic
CCL27:Q9Y4X3:OID20121:v1,CCL27,Cardiometabolic,CCL27,Q9Y4X3,9,9,1,8,219.639,1.0006082,3,cis_locus_linked;trans_other_gene_coding_or_splice;trans_regulatory_or_intronic
CCL5:P13501:OID20412:v1,CCL5,Cardiometabolic,CCL5,P13501,21,21,1,20,196.717,1.5454444,4,cis_target_regulatory_or_linked;trans_other_gene_coding_or_splice;trans_other_or_unknown;trans_regulatory_or_intronic
CCN3:P48745:OID20299:v1,CCN3,Cardiometabolic,CCN3,P48745,5,5,1,4,370.282,0.5061822,3,cis_target_coding_or_splice;trans_other_gene_coding_or_splice;trans_regulatory_or_intronic
CD14:P08571:OID20378:v1,CD14,Cardiometabolic,CD14,P08571,7,7,1,6,411.26,0.8371797999999999,3,cis_target_regulatory_or_linked;trans_other_gene_coding_or_splice;trans_regulatory_or_intronic
CD163:Q86VB7:OID20360:v1,CD163,Cardiometabolic,CD163,Q86VB7,22,22,1,21,388.713,2.3281583,4,cis_locus_linked;trans_other_gene_coding_or_splice;trans_other_or_unknown;trans_regulatory_or_intronic
CD209:Q9NNX6:OID20262:v1,CD209,Cardiometabolic,CD209,Q9NNX6,14,14,1,13,3653.26,2.1478260000000002,4,cis_locus_linked;trans_other_gene_coding_or_splice;trans_other_or_unknown;trans_regulatory_or_intronic
CD2AP:Q9Y5K6:OID20177:v1,CD2AP,Cardiometabolic,CD2AP,Q9Y5K6,3,3,1,2,452.913,0.4196548,2,cis_target_regulatory_or_linked;trans_regulatory_or_intronic
CD46:P15529:OID20380:v1,CD46,Cardiometabolic,CD46,P15529,9,9,1,8,36.1604,0.6403625,3,cis_locus_linked;trans_other_gene_coding_or_splice;trans_regulatory_or_intronic
CD55:P08174:OID20377:v1,CD55,Cardiometabolic,CD55,P08174,13,13,1,12,863.148,1.2770266,4,cis_locus_linked;trans_other_gene_coding_or_splice;trans_other_or_unknown;trans_regulatory_or_intronic
CD59:P13987:OID20339:v1,CD59,Cardiometabolic,CD59,P13987,5,5,1,4,305.801,0.457415,2,cis_target_regulatory_or_linked;trans_regulatory_or_intronic
CD69:Q07108:OID20206:v1,CD69,Cardiometabolic,CD69,Q07108,7,7,1,6,66.7074,0.498011,3,cis_target_regulatory_or_linked;trans_other_gene_coding_or_splice;trans_regulatory_or_intronic
CD93:Q9NPY3:OID20397:v1,CD93,Cardiometabolic,CD93,Q9NPY3,9,9,0,9,26.3158,0.7141407,3,trans_other_gene_coding_or_splice;trans_other_or_unknown;trans_regulatory_or_intronic
CDH1:P12830:OID20353:v1,CDH1,Cardiometabolic,CDH1,P12830,10,10,1,9,1011.62,1.3853816,3,cis_target_regulatory_or_linked;trans_other_gene_coding_or_splice;trans_regulatory_or_intronic
CDH17:Q12864:OID20134:v1,CDH17,Cardiometabolic,CDH17,Q12864,17,17,1,16,1026.64,1.7047317,4,cis_target_regulatory_or_linked;trans_other_gene_coding_or_splice;trans_other_or_unknown;trans_regulatory_or_intronic
CDH2:P19022:OID20170:v1,CDH2,Cardiometabolic,CDH2,P19022,22,22,1,21,56.266,1.8543694,4,cis_target_regulatory_or_linked;trans_other_gene_coding_or_splice;trans_other_or_unknown;trans_regulatory_or_intronic
CDH5:P33151:OID20243:v1,CDH5,Cardiometabolic,CDH5,P33151,12,12,1,11,2136.38,2.2294596,4,cis_target_coding_or_splice;trans_other_gene_coding_or_splice;trans_other_or_unknown;trans_regulatory_or_intronic
CDH6:P55285:OID20157:v1,CDH6,Cardiometabolic,CDH6,P55285,8,8,1,7,1432.68,0.9319002,3,cis_locus_linked;trans_other_gene_coding_or_splice;trans_regulatory_or_intronic
CDHR5:Q9HBB8:OID20193:v1,CDHR5,Cardiometabolic,CDHR5,Q9HBB8,11,11,1,10,1392.97,2.0277082,4,cis_locus_linked;trans_other_gene_coding_or_splice;trans_other_or_unknown;trans_regulatory_or_intronic
CEACAM8:P31997:OID20102:v1,CEACAM8,Cardiometabolic,CEACAM8,P31997,19,19,1,18,123.728,1.6264762,4,cis_locus_linked;trans_other_gene_coding_or_splice;trans_other_or_unknown;trans_regulatory_or_intronic
CEBPB:P17676:OID20052:v1,CEBPB,Cardiometabolic,CEBPB,P17676,3,3,1,2,21.0433,0.16679159999999998,2,cis_locus_linked;trans_regulatory_or_intronic
CELA3A:P09093:OID20298:v1,CELA3A,Cardiometabolic,CELA3A,P09093,19,19,1,18,367.8,2.2997552,4,cis_locus_linked;trans_other_gene_coding_or_splice;trans_other_or_unknown;trans_regulatory_or_intronic
CEP43:O95684:OID20084:v1,CEP43,Cardiometabolic,CEP43,O95684,5,5,1,4,31.8757,0.2824354,3,cis_target_regulatory_or_linked;trans_other_gene_coding_or_splice;trans_regulatory_or_intronic
CES1:P23141:OID20244:v1,CES1,Cardiometabolic,CES1,P23141,20,20,1,19,1567.96,2.7828543999999997,3,cis_target_regulatory_or_linked;trans_other_gene_coding_or_splice;trans_regulatory_or_intronic
CGREF1:Q99674:OID20152:v1,CGREF1,Cardiometabolic,CGREF1,Q99674,5,5,1,4,1693.45,1.1139616,3,cis_locus_linked;trans_other_gene_coding_or_splice;trans_regulatory_or_intronic
CHI3L1:P36222:OID20399:v1,CHI3L1,Cardiometabolic,CHI3L1,P36222,10,10,1,9,1853.47,1.2937386,4,cis_target_regulatory_or_linked;trans_other_gene_coding_or_splice;trans_other_or_unknown;trans_regulatory_or_intronic
CHIT1:Q13231:OID20312:v1,CHIT1,Cardiometabolic,CHIT1,Q13231,7,7,1,6,4706.05,1.3608406,2,cis_locus_linked;trans_regulatory_or_intronic
CHL1:O00533:OID20366:v1,CHL1,Cardiometabolic,CHL1,O00533,7,7,1,6,530.174,1.0976782999999999,3,cis_target_regulatory_or_linked;trans_other_gene_coding_or_splice;trans_regulatory_or_intronic
CHRDL2:Q6WN34:OID20223:v1,CHRDL2,Cardiometabolic,CHRDL2,Q6WN34,5,5,0,5,25.3237,0.4138412,2,trans_other_or_unknown;trans_regulatory_or_intronic
CLC:Q05315:OID20126:v1,CLC,Cardiometabolic,CLC,Q05315,11,11,0,11,82.7926,1.032393,2,trans_other_gene_coding_or_splice;trans_regulatory_or_intronic
CLEC1A:Q8NC01:OID20099:v1,CLEC1A,Cardiometabolic,CLEC1A,Q8NC01,9,9,1,8,862.106,1.6939758,3,cis_target_regulatory_or_linked;trans_other_gene_coding_or_splice;trans_regulatory_or_intronic
CLEC5A:Q9NY25:OID20165:v1,CLEC5A,Cardiometabolic,CLEC5A,Q9NY25,13,13,1,12,422.733,1.4097652999999999,4,cis_locus_linked;trans_other_gene_coding_or_splice;trans_other_or_unknown;trans_regulatory_or_intronic
CLTA:P09496:OID20118:v1,CLTA,Cardiometabolic,CLTA,P09496,2,2,0,2,73.1156,0.1632765,2,trans_other_gene_coding_or_splice;trans_regulatory_or_intronic
CLUL1:Q15846:OID20198:v1,CLUL1,Cardiometabolic,CLUL1,Q15846,12,12,1,11,1810.95,1.2273166,4,cis_locus_linked;trans_other_gene_coding_or_splice;trans_other_or_unknown;trans_regulatory_or_intronic
CNDP1:Q96KN2:OID20347:v1,CNDP1,Cardiometabolic,CNDP1,Q96KN2,10,10,1,9,556.671,1.4231334,4,cis_target_regulatory_or_linked;trans_other_gene_coding_or_splice;trans_other_or_unknown;trans_regulatory_or_intronic
CNPY2:Q9Y2B0:OID20069:v1,CNPY2,Cardiometabolic,CNPY2,Q9Y2B0,1,1,0,1,115.377,0.521607,1,trans_other_gene_coding_or_splice
CNST:Q6PJW8:OID20127:v1,CNST,Cardiometabolic,CNST,Q6PJW8,3,3,0,3,16.781,0.15040520000000002,1,trans_regulatory_or_intronic
CNTN1:Q12860:OID20307:v1,CNTN1,Cardiometabolic,CNTN1,Q12860,11,11,1,10,644.04,1.4759972000000001,4,cis_locus_linked;trans_other_gene_coding_or_splice;trans_other_or_unknown;trans_regulatory_or_intronic
COL18A1:P39060:OID20332:v1,COL18A1,Cardiometabolic,COL18A1,P39060,8,8,1,7,140.741,0.6586182,3,cis_target_regulatory_or_linked;trans_other_gene_coding_or_splice;trans_regulatory_or_intronic
COL1A1:P02452:OID20335:v1,COL1A1,Cardiometabolic,COL1A1,P02452,13,13,0,13,98.4463,1.0012708,3,trans_other_gene_coding_or_splice;trans_other_or_unknown;trans_regulatory_or_intronic
COL4A1:P02462:OID20208:v1,COL4A1,Cardiometabolic,COL4A1,P02462,11,11,1,10,297.483,1.5286762,3,cis_target_coding_or_splice;trans_other_gene_coding_or_splice;trans_regulatory_or_intronic
COL6A3:P12111:OID20292:v1,COL6A3,Cardiometabolic,COL6A3,P12111,5,5,1,4,47.7294,0.3495565,2,cis_target_regulatory_or_linked;trans_regulatory_or_intronic
COMP:P49747:OID20405:v1,COMP,Cardiometabolic,COMP,P49747,11,11,1,10,215.709,1.2076590999999999,3,cis_target_regulatory_or_linked;trans_other_gene_coding_or_splice;trans_regulatory_or_intronic
COMT:P21964:OID20086:v1,COMT,Cardiometabolic,COMT,P21964,2,2,1,1,1153.29,0.5031314,2,cis_target_coding_or_splice;trans_regulatory_or_intronic
CORO1A:P31146:OID20286:v1,CORO1A,Cardiometabolic,CORO1A,P31146,4,4,0,4,21.0546,0.2407326,1,trans_regulatory_or_intronic
CPA1:P15085:OID20280:v1,CPA1,Cardiometabolic,CPA1,P15085,30,30,1,29,214.175,2.4068894,4,cis_target_regulatory_or_linked;trans_other_gene_coding_or_splice;trans_other_or_unknown;trans_regulatory_or_intronic
CPB1:P15086:OID20289:v1,CPB1,Cardiometabolic,CPB1,P15086,20,20,1,19,260.529,1.8016308,4,cis_target_regulatory_or_linked;trans_other_gene_coding_or_splice;trans_other_or_unknown;trans_regulatory_or_intronic
CR2:P20023:OID20393:v1,CR2,Cardiometabolic,CR2,P20023,35,35,1,34,192.678,2.7529011,4,cis_locus_linked;trans_other_gene_coding_or_splice;trans_other_or_unknown;trans_regulatory_or_intronic
CRTAC1:Q9NQ79:OID20279:v1,CRTAC1,Cardiometabolic,CRTAC1,Q9NQ79,4,4,1,3,2840.47,1.3662619,3,cis_target_coding_or_splice;trans_other_gene_coding_or_splice;trans_regulatory_or_intronic
CST3:P01034:OID20400:v1,CST3,Cardiometabolic,CST3,P01034,6,6,1,5,447.429,0.5728554,3,cis_target_regulatory_or_linked;trans_other_gene_coding_or_splice;trans_regulatory_or_intronic
CST6:Q15828:OID20293:v1,CST6,Cardiometabolic,CST6,Q15828,24,24,0,24,151.962,1.8941552,3,trans_other_gene_coding_or_splice;trans_other_or_unknown;trans_regulatory_or_intronic
CSTB:P04080:OID20294:v1,CSTB,Cardiometabolic,CSTB,P04080,1,1,0,1,17.1615,0.0457977,1,trans_regulatory_or_intronic
CTF1:Q16619:OID20061:v1,CTF1,Cardiometabolic,CTF1,Q16619,3,3,0,3,19.1221,0.1557454,1,trans_regulatory_or_intronic
CTSB:P07858:OID20276:v1,CTSB,Cardiometabolic,CTSB,P07858,6,6,1,5,1581.45,1.0196047,2,cis_target_regulatory_or_linked;trans_regulatory_or_intronic
CTSD:P07339:OID20358:v1,CTSD,Cardiometabolic,CTSD,P07339,9,9,1,8,540.264,1.0523401,3,cis_locus_linked;trans_other_gene_coding_or_splice;trans_regulatory_or_intronic
CTSH:P09668:OID20113:v1,CTSH,Cardiometabolic,CTSH,P09668,5,5,1,4,3936.01,1.3081612,2,cis_target_regulatory_or_linked;trans_regulatory_or_intronic
CTSL:P07711:OID20228:v1,CTSL,Cardiometabolic,CTSL,P07711,21,21,1,20,133.034,2.2542925,3,cis_target_regulatory_or_linked;trans_other_gene_coding_or_splice;trans_regulatory_or_intronic
CTSZ:Q9UBR2:OID20365:v1,CTSZ,Cardiometabolic,CTSZ,Q9UBR2,15,15,1,14,809.375,3.3171804000000003,4,cis_target_coding_or_splice;trans_other_gene_coding_or_splice;trans_other_or_unknown;trans_regulatory_or_intronic
CXCL16:Q9H2A7:OID20282:v1,CXCL16,Cardiometabolic,CXCL16,Q9H2A7,13,13,1,12,199.724,1.5724795,4,cis_locus_linked;trans_other_gene_coding_or_splice;trans_other_or_unknown;trans_regulatory_or_intronic
CXCL5:P42830:OID20207:v1,CXCL5,Cardiometabolic,CXCL5,P42830,17,17,1,16,905.491,1.8935959,4,cis_target_regulatory_or_linked;trans_other_gene_coding_or_splice;trans_other_or_unknown;trans_regulatory_or_intronic
DCN:P07585:OID20106:v1,DCN,Cardiometabolic,DCN,P07585,3,3,1,2,20.5337,0.2249833,3,cis_target_regulatory_or_linked;trans_other_gene_coding_or_splice;trans_regulatory_or_intronic
DCTPP1:Q9H773:OID20148:v1,DCTPP1,Cardiometabolic,DCTPP1,Q9H773,7,7,0,7,51.5489,0.5059641,1,trans_regulatory_or_intronic
DDC:P20711:OID20215:v1,DDC,Cardiometabolic,DDC,P20711,8,8,1,7,822.171,1.8951662,4,cis_locus_linked;trans_other_gene_coding_or_splice;trans_other_or_unknown;trans_regulatory_or_intronic
DEFA1_DEFA1B:P59665:OID20344:v1,DEFA1_DEFA1B,Cardiometabolic,DEFA1;DEFA1B,P59665;P59665,21,21,1,20,317.25,2.037276,4,cis_locus_linked;trans_other_gene_coding_or_splice;trans_other_or_unknown;trans_regulatory_or_intronic
DIABLO:Q9NR28:OID20184:v1,DIABLO,Cardiometabolic,DIABLO,Q9NR28,6,6,0,6,16.7865,0.28862699999999997,1,trans_regulatory_or_intronic
DKK3:Q9UBP4:OID20264:v1,DKK3,Cardiometabolic,DKK3,Q9UBP4,5,5,1,4,712.647,0.8851337,3,cis_locus_linked;trans_other_gene_coding_or_splice;trans_regulatory_or_intronic
DLK1:P80370:OID20295:v1,DLK1,Cardiometabolic,DLK1,P80370,11,11,1,10,1272.06,1.1288658,3,cis_locus_linked;trans_other_or_unknown;trans_regulatory_or_intronic
DNAJB8:Q8NHS0:OID20093:v1,DNAJB8,Cardiometabolic,DNAJB8,Q8NHS0,2,2,0,2,39.1011,0.1539008,1,trans_regulatory_or_intronic
DOK2:O60496:OID20138:v1,DOK2,Cardiometabolic,DOK2,O60496,6,6,1,5,33.3867,0.33947320000000003,3,cis_locus_linked;trans_other_gene_coding_or_splice;trans_regulatory_or_intronic
DPP4:P27487:OID20406:v1,DPP4,Cardiometabolic,DPP4,P27487,9,9,1,8,274.828,0.6494609,3,cis_locus_linked;trans_other_gene_coding_or_splice;trans_regulatory_or_intronic
DPP7:Q9UHL4:OID20142:v1,DPP7,Cardiometabolic,DPP7,Q9UHL4,12,12,0,12,282.247,1.5214454,2,trans_other_gene_coding_or_splice;trans_regulatory_or_intronic
DPT:Q07507:OID20278:v1,DPT,Cardiometabolic,DPT,Q07507,5,5,1,4,710.902,0.5108467,3,cis_target_regulatory_or_linked;trans_other_gene_coding_or_splice;trans_regulatory_or_intronic
EDIL3:O43854:OID20081:v1,EDIL3,Cardiometabolic,EDIL3,O43854,6,6,1,5,86.6359,0.7634317,4,cis_target_regulatory_or_linked;trans_other_gene_coding_or_splice;trans_other_or_unknown;trans_regulatory_or_intronic
EFEMP1:Q12805:OID20414:v1,EFEMP1,Cardiometabolic,EFEMP1,Q12805,5,5,1,4,208.093,0.48935609999999996,3,cis_target_regulatory_or_linked;trans_other_gene_coding_or_splice;trans_regulatory_or_intronic
EGFR:P00533:OID20319:v1,EGFR,Cardiometabolic,EGFR,P00533,12,12,1,11,161.527,1.0625878,3,cis_target_regulatory_or_linked;trans_other_gene_coding_or_splice;trans_regulatory_or_intronic
EIF4EBP1:Q13541:OID20162:v1,EIF4EBP1,Cardiometabolic,EIF4EBP1,Q13541,1,1,0,1,12.0952,0.0436545,1,trans_regulatory_or_intronic
ENG:P17813:OID20287:v1,ENG,Cardiometabolic,ENG,P17813,8,8,1,7,883.887,1.6749358,4,cis_locus_linked;trans_other_gene_coding_or_splice;trans_other_or_unknown;trans_regulatory_or_intronic
ENPP2:Q13822:OID20288:v1,ENPP2,Cardiometabolic,ENPP2,Q13822,12,12,1,11,468.906,1.0904864,4,cis_target_regulatory_or_linked;trans_other_gene_coding_or_splice;trans_other_or_unknown;trans_regulatory_or_intronic
ENTPD5:O75356:OID20104:v1,ENTPD5,Cardiometabolic,ENTPD5,O75356,11,11,1,10,1176.29,3.1835587,3,cis_target_regulatory_or_linked;trans_other_gene_coding_or_splice;trans_regulatory_or_intronic
ENTPD6:O75354:OID20100:v1,ENTPD6,Cardiometabolic,ENTPD6,O75354,7,7,1,6,2422.86,2.4006984,3,cis_target_coding_or_splice;trans_other_gene_coding_or_splice;trans_regulatory_or_intronic
EPHB4:P54760:OID20242:v1,EPHB4,Cardiometabolic,EPHB4,P54760,9,9,1,8,456.225,1.0901202,3,cis_locus_linked;trans_other_gene_coding_or_splice;trans_regulatory_or_intronic
ESAM:Q96AP7:OID20270:v1,ESAM,Cardiometabolic,ESAM,Q96AP7,14,14,0,14,63.142,1.0836868,2,trans_other_gene_coding_or_splice;trans_regulatory_or_intronic
F7:P08709:OID20372:v1,F7,Cardiometabolic,F7,P08709,10,10,1,9,1412.48,1.6650527,4,cis_target_regulatory_or_linked;trans_other_gene_coding_or_splice;trans_other_or_unknown;trans_regulatory_or_intronic
F9:P00740:OID20349:v1,F9,Cardiometabolic,F9,P00740,2,2,0,2,62.1479,0.1580089,1,trans_other_gene_coding_or_splice
FABP2:P12104:OID20200:v1,FABP2,Cardiometabolic,FABP2,P12104,8,8,1,7,228.529,0.6462585,3,cis_locus_linked;trans_other_gene_coding_or_splice;trans_regulatory_or_intronic
FABP4:P15090:OID20245:v1,FABP4,Cardiometabolic,FABP4,P15090,4,4,1,3,50.0234,0.3395682,2,cis_target_regulatory_or_linked;trans_regulatory_or_intronic
FABP6:P51161:OID20076:v1,FABP6,Cardiometabolic,FABP6,P51161,3,3,1,2,259.356,0.4111546,2,cis_target_coding_or_splice;trans_regulatory_or_intronic
FADD:Q13158:OID20151:v1,FADD,Cardiometabolic,FADD,Q13158,6,6,1,5,36.1789,0.3309527,2,cis_target_regulatory_or_linked;trans_regulatory_or_intronic
FAM3C:Q92520:OID20233:v1,FAM3C,Cardiometabolic,FAM3C,Q92520,5,5,1,4,55.0371,0.3034728,2,cis_locus_linked;trans_regulatory_or_intronic
FAP:Q12884:OID20330:v1,FAP,Cardiometabolic,FAP,Q12884,8,8,1,7,282.028,1.6759393,2,cis_target_regulatory_or_linked;trans_regulatory_or_intronic
FAS:P25445:OID20316:v1,FAS,Cardiometabolic,FAS,P25445,4,4,1,3,399.775,0.5119284,3,cis_target_regulatory_or_linked;trans_other_gene_coding_or_splice;trans_regulatory_or_intronic
FBP1:P09467:OID20227:v1,FBP1,Cardiometabolic,FBP1,P09467,6,6,1,5,506.667,0.9528904,4,cis_target_regulatory_or_linked;trans_other_gene_coding_or_splice;trans_other_or_unknown;trans_regulatory_or_intronic
FCGR2A:P12318:OID20391:v1,FCGR2A,Cardiometabolic,FCGR2A,P12318,7,7,1,6,4980.34,1.7927263999999998,3,cis_target_coding_or_splice;trans_other_or_unknown;trans_regulatory_or_intronic
FCGR3B:O75015:OID20387:v1,FCGR3B,Cardiometabolic,FCGR3B,O75015,17,17,1,16,4078.26,2.1599143,3,cis_target_coding_or_splice;trans_other_gene_coding_or_splice;trans_regulatory_or_intronic
FCN2:Q15485:OID20382:v1,FCN2,Cardiometabolic,FCN2,Q15485,10,10,1,9,2254.7,1.7123373,4,cis_target_regulatory_or_linked;trans_other_gene_coding_or_splice;trans_other_or_unknown;trans_regulatory_or_intronic
FCRL1:Q96LA6:OID20172:v1,FCRL1,Cardiometabolic,FCRL1,Q96LA6,26,26,1,25,708.292,2.8635765,4,cis_target_coding_or_splice;trans_other_gene_coding_or_splice;trans_other_or_unknown;trans_regulatory_or_intronic
FETUB:Q9UGM5:OID20404:v1,FETUB,Cardiometabolic,FETUB,Q9UGM5,6,6,1,5,899.828,2.4937295,3,cis_locus_linked;trans_other_or_unknown;trans_regulatory_or_intronic
FUCA1:P04066:OID20261:v1,FUCA1,Cardiometabolic,FUCA1,P04066,9,9,1,8,7785.79,1.9580037000000001,3,cis_target_coding_or_splice;trans_other_gene_coding_or_splice;trans_regulatory_or_intronic
GAS6:Q14393:OID20318:v1,GAS6,Cardiometabolic,GAS6,Q14393,18,18,1,17,606.944,1.6714887,4,cis_locus_linked;trans_other_gene_coding_or_splice;trans_other_or_unknown;trans_regulatory_or_intronic
GDF15:Q99988:OID20251:v1,GDF15,Cardiometabolic,GDF15,Q99988,1,1,1,0,584.194,0.376783,1,cis_locus_linked
GDF2:Q9UK05:OID20202:v1,GDF2,Cardiometabolic,GDF2,Q9UK05,14,14,0,14,185.284,1.6109057,2,trans_other_gene_coding_or_splice;trans_regulatory_or_intronic
GGH:Q92820:OID20416:v1,GGH,Cardiometabolic,GGH,Q92820,16,16,1,15,780.177,2.1652103,4,cis_target_regulatory_or_linked;trans_other_gene_coding_or_splice;trans_other_or_unknown;trans_regulatory_or_intronic
GHRL:Q9UBU3:OID20175:v1,GHRL,Cardiometabolic,GHRL,Q9UBU3,15,15,1,14,291.454,2.3413657,4,cis_target_coding_or_splice;trans_other_gene_coding_or_splice;trans_other_or_unknown;trans_regulatory_or_intronic
GLO1:Q04760:OID20107:v1,GLO1,Cardiometabolic,GLO1,Q04760,1,1,1,0,616.914,0.325834,1,cis_target_coding_or_splice
GLRX:P35754:OID20195:v1,GLRX,Cardiometabolic,GLRX,P35754,2,2,1,1,1504.81,0.7911678,2,cis_locus_linked;trans_other_gene_coding_or_splice
GP1BA:P07359:OID20381:v1,GP1BA,Cardiometabolic,GP1BA,P07359,22,22,1,21,98.7765,1.8895897,3,cis_locus_linked;trans_other_gene_coding_or_splice;trans_regulatory_or_intronic
GP2:P55259:OID20090:v1,GP2,Cardiometabolic,GP2,P55259,9,9,1,8,1586.57,1.3698899999999998,3,cis_target_regulatory_or_linked;trans_other_gene_coding_or_splice;trans_regulatory_or_intronic
GPNMB:Q14956:OID20173:v1,GPNMB,Cardiometabolic,GPNMB,Q14956,7,7,1,6,565.915,1.5065321999999999,4,cis_target_coding_or_splice;trans_other_gene_coding_or_splice;trans_other_or_unknown;trans_regulatory_or_intronic
GPR37:O15354:OID20095:v1,GPR37,Cardiometabolic,GPR37,O15354,9,9,1,8,2714.7,1.4544011000000001,4,cis_locus_linked;trans_other_gene_coding_or_splice;trans_other_or_unknown;trans_regulatory_or_intronic
GRAP2:O75791:OID20192:v1,GRAP2,Cardiometabolic,GRAP2,O75791,4,4,1,3,23.1898,0.4365439,2,cis_target_regulatory_or_linked;trans_regulatory_or_intronic
GRK5:P34947:OID20066:v1,GRK5,Cardiometabolic,GRK5,P34947,1,1,1,0,345.009,0.389423,1,cis_target_regulatory_or_linked
GSTA1:P08263:OID20166:v1,GSTA1,Cardiometabolic,GSTA1,P08263,9,9,1,8,595.44,0.9722678,4,cis_locus_linked;trans_other_gene_coding_or_splice;trans_other_or_unknown;trans_regulatory_or_intronic
GUSB:P08236:OID20296:v1,GUSB,Cardiometabolic,GUSB,P08236,19,19,0,19,351.086,1.8243125,3,trans_other_gene_coding_or_splice;trans_other_or_unknown;trans_regulatory_or_intronic
GYS1:P13807:OID20097:v1,GYS1,Cardiometabolic,GYS1,P13807,7,7,1,6,361.128,0.6958103,3,cis_locus_linked;trans_other_gene_coding_or_splice;trans_regulatory_or_intronic
GZMH:P20718:OID20096:v1,GZMH,Cardiometabolic,GZMH,P20718,10,10,0,10,86.2538,1.0407058,2,trans_other_gene_coding_or_splice;trans_regulatory_or_intronic
HEBP1:Q9NRV9:OID20063:v1,HEBP1,Cardiometabolic,HEBP1,Q9NRV9,1,1,1,0,66.9587,0.2935,1,cis_target_coding_or_splice
HMOX1:P09601:OID20217:v1,HMOX1,Cardiometabolic,HMOX1,P09601,21,21,1,20,164.779,2.5254968,4,cis_target_coding_or_splice;trans_other_gene_coding_or_splice;trans_other_or_unknown;trans_regulatory_or_intronic
HNRNPK:P61978:OID20051:v1,HNRNPK,Cardiometabolic,HNRNPK,P61978,3,3,0,3,14.8991,0.143238,1,trans_regulatory_or_intronic
HSPB1:P04792:OID20230:v1,HSPB1,Cardiometabolic,HSPB1,P04792,8,8,1,7,1291.26,1.0147329999999999,2,cis_locus_linked;trans_regulatory_or_intronic
HSPG2:P98160:OID20383:v1,HSPG2,Cardiometabolic,HSPG2,P98160,5,5,1,4,147.705,0.3716328,2,cis_target_regulatory_or_linked;trans_regulatory_or_intronic
HYAL1:Q12794:OID20357:v1,HYAL1,Cardiometabolic,HYAL1,Q12794,5,5,1,4,398.052,0.7662178999999999,3,cis_target_coding_or_splice;trans_other_gene_coding_or_splice;trans_regulatory_or_intronic
HYOU1:Q9Y4L1:OID20300:v1,HYOU1,Cardiometabolic,HYOU1,Q9Y4L1,22,22,1,21,175.699,2.2237321,4,cis_target_regulatory_or_linked;trans_other_gene_coding_or_splice;trans_other_or_unknown;trans_regulatory_or_intronic
ICAM1:P05362:OID20411:v1,ICAM1,Cardiometabolic,ICAM1,P05362,4,4,0,4,45.6304,0.4407385,2,trans_other_gene_coding_or_splice;trans_regulatory_or_intronic
ICAM2:P13598:OID20248:v1,ICAM2,Cardiometabolic,ICAM2,P13598,12,12,0,12,3545.41,2.1423721,3,trans_other_gene_coding_or_splice;trans_other_or_unknown;trans_regulatory_or_intronic
ICAM3:P32942:OID20277:v1,ICAM3,Cardiometabolic,ICAM3,P32942,23,23,1,22,509.986,2.6393939,4,cis_target_regulatory_or_linked;trans_other_gene_coding_or_splice;trans_other_or_unknown;trans_regulatory_or_intronic
ICAM5:Q9UMF0:OID20145:v1,ICAM5,Cardiometabolic,ICAM5,Q9UMF0,8,8,1,7,2858.92,1.9569546,3,cis_locus_linked;trans_other_gene_coding_or_splice;trans_regulatory_or_intronic
IGFBP1:P08833:OID20246:v1,IGFBP1,Cardiometabolic,IGFBP1,P08833,3,3,0,3,37.0233,0.2024655,2,trans_other_gene_coding_or_splice;trans_regulatory_or_intronic
IGFBP2:P18065:OID20325:v1,IGFBP2,Cardiometabolic,IGFBP2,P18065,11,11,1,10,26.7119,0.5784096,4,cis_locus_linked;trans_other_gene_coding_or_splice;trans_other_or_unknown;trans_regulatory_or_intronic
IGFBP3:P17936:OID20398:v1,IGFBP3,Cardiometabolic,IGFBP3,P17936,6,6,1,5,1220.66,0.9812349,2,cis_target_coding_or_splice;trans_regulatory_or_intronic
IGFBP6:P24592:OID20413:v1,IGFBP6,Cardiometabolic,IGFBP6,P24592,8,8,1,7,50.0271,0.4636065,3,cis_locus_linked;trans_other_gene_coding_or_splice;trans_regulatory_or_intronic
IGFBP7:Q16270:OID20236:v1,IGFBP7,Cardiometabolic,IGFBP7,Q16270,7,7,1,6,684.698,0.8860591,4,cis_target_regulatory_or_linked;trans_other_gene_coding_or_splice;trans_other_or_unknown;trans_regulatory_or_intronic
IGFBPL1:Q8WX77:OID20155:v1,IGFBPL1,Cardiometabolic,IGFBPL1,Q8WX77,4,4,1,3,905.685,0.7469311,3,cis_target_regulatory_or_linked;trans_other_gene_coding_or_splice;trans_regulatory_or_intronic
IGSF8:Q969P0:OID20167:v1,IGSF8,Cardiometabolic,IGSF8,Q969P0,7,7,1,6,91.264,0.6084641,3,cis_target_regulatory_or_linked;trans_other_or_unknown;trans_regulatory_or_intronic
IL18BP:O95998:OID20348:v1,IL18BP,Cardiometabolic,IL18BP,O95998,9,9,1,8,82.3367,1.2772056999999999,3,cis_locus_linked;trans_other_gene_coding_or_splice;trans_regulatory_or_intronic
IL19:Q9UHD0:OID20158:v1,IL19,Cardiometabolic,IL19,Q9UHD0,6,6,1,5,879.947,1.0355155,3,cis_target_coding_or_splice;trans_other_gene_coding_or_splice;trans_regulatory_or_intronic
IL1RL1:Q01638:OID20250:v1,IL1RL1,Cardiometabolic,IL1RL1,Q01638,15,15,1,14,2947.13,1.7994111,4,cis_target_regulatory_or_linked;trans_other_gene_coding_or_splice;trans_other_or_unknown;trans_regulatory_or_intronic
IL2RA:P01589:OID20267:v1,IL2RA,Cardiometabolic,IL2RA,P01589,10,10,1,9,1589.55,1.5833403,3,cis_target_regulatory_or_linked;trans_other_gene_coding_or_splice;trans_regulatory_or_intronic
IL6R:P08887:OID20385:v1,IL6R,Cardiometabolic,IL6R,P08887,6,6,1,5,6504.24,1.3690978999999999,2,cis_target_regulatory_or_linked;trans_regulatory_or_intronic
IL6ST:P40189:OID20147:v1,IL6ST,Cardiometabolic,IL6ST,P40189,10,10,1,9,182.537,1.19549,3,cis_target_regulatory_or_linked;trans_other_or_unknown;trans_regulatory_or_intronic
IRAG2:Q12912:OID20085:v1,IRAG2,Cardiometabolic,IRAG2,Q12912,3,3,0,3,21.0483,0.2379228,2,trans_other_gene_coding_or_splice;trans_regulatory_or_intronic
ITGB1:P05556:OID20376:v1,ITGB1,Cardiometabolic,ITGB1,P05556,4,4,0,4,54.7527,0.3501902,2,trans_other_or_unknown;trans_regulatory_or_intronic
ITGB1BP2:Q9UKP3:OID20112:v1,ITGB1BP2,Cardiometabolic,ITGB1BP2,Q9UKP3,6,6,0,6,52.4663,0.4364489,1,trans_regulatory_or_intronic
ITGB2:P05107:OID20315:v1,ITGB2,Cardiometabolic,ITGB2,P05107,18,18,1,17,88.216,1.2815228,4,cis_target_regulatory_or_linked;trans_other_gene_coding_or_splice;trans_other_or_unknown;trans_regulatory_or_intronic
ITIH3:Q06033:OID20352:v1,ITIH3,Cardiometabolic,ITIH3,Q06033,8,8,1,7,534.159,0.8358453,3,cis_locus_linked;trans_other_gene_coding_or_splice;trans_regulatory_or_intronic
KIT:P10721:OID20370:v1,KIT,Cardiometabolic,KIT,P10721,38,38,1,37,200.694,3.7685864000000002,4,cis_locus_linked;trans_other_gene_coding_or_splice;trans_other_or_unknown;trans_regulatory_or_intronic
KITLG:P21583:OID20196:v1,KITLG,Cardiometabolic,KITLG,P21583,16,16,1,15,391.181,1.5357347,3,cis_locus_linked;trans_other_or_unknown;trans_regulatory_or_intronic
KYAT1:Q16773:OID20232:v1,KYAT1,Cardiometabolic,KYAT1,Q16773,8,8,1,7,96.2474,1.1301449000000001,3,cis_locus_linked;trans_other_gene_coding_or_splice;trans_regulatory_or_intronic
LACTB2:Q53H82:OID20150:v1,LACTB2,Cardiometabolic,LACTB2,Q53H82,4,4,0,4,25.6018,0.2157288,2,trans_other_gene_coding_or_splice;trans_regulatory_or_intronic
LBP:P18428:OID20355:v1,LBP,Cardiometabolic,LBP,P18428,3,3,1,2,2409.77,1.3755275,3,cis_target_coding_or_splice;trans_other_or_unknown;trans_regulatory_or_intronic
LCN2:P80188:OID20392:v1,LCN2,Cardiometabolic,LCN2,P80188,25,25,1,24,81.197,2.1698291,4,cis_locus_linked;trans_other_gene_coding_or_splice;trans_other_or_unknown;trans_regulatory_or_intronic
LDLR:P01130:OID20240:v1,LDLR,Cardiometabolic,LDLR,P01130,17,17,1,16,424.426,2.1852659,3,cis_target_regulatory_or_linked;trans_other_gene_coding_or_splice;trans_regulatory_or_intronic
LEP:P41159:OID20187:v1,LEP,Cardiometabolic,LEP,P41159,3,3,1,2,15.8414,0.1270425,2,cis_target_regulatory_or_linked;trans_regulatory_or_intronic
LEPR:P48357:OID20128:v1,LEPR,Cardiometabolic,LEPR,P48357,10,10,1,9,250.587,1.3378661,4,cis_locus_linked;trans_other_gene_coding_or_splice;trans_other_or_unknown;trans_regulatory_or_intronic
LGALS1:P09382:OID20154:v1,LGALS1,Cardiometabolic,LGALS1,P09382,2,2,1,1,413.013,0.34024429999999994,2,cis_target_regulatory_or_linked;trans_regulatory_or_intronic
LGALS3:P17931:OID20284:v1,LGALS3,Cardiometabolic,LGALS3,P17931,11,11,0,11,72.1927,0.8469387,2,trans_other_gene_coding_or_splice;trans_regulatory_or_intronic
LILRA5:A6NI73:OID20209:v1,LILRA5,Cardiometabolic,LILRA5,A6NI73,14,14,0,14,177.283,1.0932498,2,trans_other_gene_coding_or_splice;trans_regulatory_or_intronic
LILRB1:Q8NHL6:OID20323:v1,LILRB1,Cardiometabolic,LILRB1,Q8NHL6,13,13,1,12,1881.5,1.7221737,3,cis_locus_linked;trans_other_gene_coding_or_splice;trans_regulatory_or_intronic
LILRB2:Q8N423:OID20301:v1,LILRB2,Cardiometabolic,LILRB2,Q8N423,13,13,1,12,5025.35,1.9225853,4,cis_target_coding_or_splice;trans_other_gene_coding_or_splice;trans_other_or_unknown;trans_regulatory_or_intronic
LILRB5:O75023:OID20324:v1,LILRB5,Cardiometabolic,LILRB5,O75023,3,3,1,2,7560.63,1.2542429000000002,3,cis_target_coding_or_splice;trans_other_or_unknown;trans_regulatory_or_intronic
LPL:P06858:OID20188:v1,LPL,Cardiometabolic,LPL,P06858,7,7,0,7,36.9406,0.5682715,2,trans_other_gene_coding_or_splice;trans_regulatory_or_intronic
LRP11:Q86VZ4:OID20185:v1,LRP11,Cardiometabolic,LRP11,Q86VZ4,10,10,0,10,32.6203,0.9279118,3,trans_other_gene_coding_or_splice;trans_other_or_unknown;trans_regulatory_or_intronic
LTBP2:Q14767:OID20254:v1,LTBP2,Cardiometabolic,LTBP2,Q14767,15,15,1,14,86.8626,0.9788089,2,cis_locus_linked;trans_regulatory_or_intronic
MARCO:Q9UEW3:OID20210:v1,MARCO,Cardiometabolic,MARCO,Q9UEW3,17,17,1,16,367.51,1.8797932,4,cis_target_regulatory_or_linked;trans_other_gene_coding_or_splice;trans_other_or_unknown;trans_regulatory_or_intronic
MB:P02144:OID20263:v1,MB,Cardiometabolic,MB,P02144,14,14,0,14,41.8139,0.7577455,3,trans_other_gene_coding_or_splice;trans_other_or_unknown;trans_regulatory_or_intronic
MCAM:P43121:OID20343:v1,MCAM,Cardiometabolic,MCAM,P43121,10,10,1,9,122.735,1.5581103,3,cis_target_coding_or_splice;trans_other_gene_coding_or_splice;trans_regulatory_or_intronic
MCFD2:Q8NI22:OID20171:v1,MCFD2,Cardiometabolic,MCFD2,Q8NI22,7,7,1,6,99.3382,0.8249993999999999,3,cis_locus_linked;trans_other_gene_coding_or_splice;trans_regulatory_or_intronic
MEGF9:Q9H1U4:OID20285:v1,MEGF9,Cardiometabolic,MEGF9,Q9H1U4,13,13,1,12,540.327,1.5015836,4,cis_target_regulatory_or_linked;trans_other_gene_coding_or_splice;trans_other_or_unknown;trans_regulatory_or_intronic
MEP1B:Q16820:OID20168:v1,MEP1B,Cardiometabolic,MEP1B,Q16820,20,20,1,19,6495.72,2.2399395,3,cis_target_regulatory_or_linked;trans_other_gene_coding_or_splice;trans_regulatory_or_intronic
MET:P08581:OID20269:v1,MET,Cardiometabolic,MET,P08581,23,23,1,22,402.148,2.8629795,3,cis_target_regulatory_or_linked;trans_other_gene_coding_or_splice;trans_regulatory_or_intronic
MFAP5:Q13361:OID20239:v1,MFAP5,Cardiometabolic,MFAP5,Q13361,3,3,0,3,33.7003,0.2106042,2,trans_other_gene_coding_or_splice;trans_regulatory_or_intronic
MMP7:P09237:OID20087:v1,MMP7,Cardiometabolic,MMP7,P09237,3,3,1,2,398.756,0.6964917,3,cis_target_regulatory_or_linked;trans_other_gene_coding_or_splice;trans_regulatory_or_intronic
MNDA:P41218:OID20156:v1,MNDA,Cardiometabolic,MNDA,P41218,2,2,1,1,15.9059,0.0934844,2,cis_locus_linked;trans_regulatory_or_intronic
MPHOSPH8:Q99549:OID20092:v1,MPHOSPH8,Cardiometabolic,MPHOSPH8,Q99549,6,6,1,5,24.6152,0.3578484,3,cis_target_regulatory_or_linked;trans_other_gene_coding_or_splice;trans_regulatory_or_intronic
MSMB:P08118:OID20275:v1,MSMB,Cardiometabolic,MSMB,P08118,7,7,1,6,5453.74,1.3516025,3,cis_target_regulatory_or_linked;trans_other_or_unknown;trans_regulatory_or_intronic
MSTN:O14793:OID20115:v1,MSTN,Cardiometabolic,MSTN,O14793,9,9,0,9,32.6987,0.46489919999999996,3,trans_other_gene_coding_or_splice;trans_other_or_unknown;trans_regulatory_or_intronic
NADK:O95544:OID20178:v1,NADK,Cardiometabolic,NADK,O95544,9,9,1,8,382.142,1.2245922,4,cis_target_regulatory_or_linked;trans_other_gene_coding_or_splice;trans_other_or_unknown;trans_regulatory_or_intronic
NCAM1:P13591:OID20354:v1,NCAM1,Cardiometabolic,NCAM1,P13591,10,10,1,9,432.749,1.0508744,3,cis_target_regulatory_or_linked;trans_other_gene_coding_or_splice;trans_regulatory_or_intronic
NECTIN2:Q92692:OID20222:v1,NECTIN2,Cardiometabolic,NECTIN2,Q92692,9,9,1,8,154.459,1.0753998,4,cis_target_regulatory_or_linked;trans_other_gene_coding_or_splice;trans_other_or_unknown;trans_regulatory_or_intronic
NID1:P14543:OID20362:v1,NID1,Cardiometabolic,NID1,P14543,18,18,1,17,172.862,2.0536241,4,cis_target_regulatory_or_linked;trans_other_gene_coding_or_splice;trans_other_or_unknown;trans_regulatory_or_intronic
NOTCH1:P46531:OID20311:v1,NOTCH1,Cardiometabolic,NOTCH1,P46531,8,8,0,8,412.923,1.1148174,3,trans_other_gene_coding_or_splice;trans_other_or_unknown;trans_regulatory_or_intronic
NOTCH3:Q9UM47:OID20253:v1,NOTCH3,Cardiometabolic,NOTCH3,Q9UM47,14,14,0,14,35.282,1.0895185,3,trans_other_gene_coding_or_splice;trans_other_or_unknown;trans_regulatory_or_intronic
NPDC1:Q9NQX5:OID20205:v1,NPDC1,Cardiometabolic,NPDC1,Q9NQX5,7,7,0,7,20.9935,0.5364673,1,trans_regulatory_or_intronic
NPPB:P16860:OID20049:v1,NPPB,Cardiometabolic,NPPB,P16860,3,3,1,2,186.617,0.3580165,2,cis_target_regulatory_or_linked;trans_regulatory_or_intronic
NPTXR:O95502:OID20191:v1,NPTXR,Cardiometabolic,NPTXR,O95502,8,8,1,7,1892.11,2.6051568,4,cis_target_regulatory_or_linked;trans_other_gene_coding_or_splice;trans_other_or_unknown;trans_regulatory_or_intronic
NRCAM:Q92823:OID20229:v1,NRCAM,Cardiometabolic,NRCAM,Q92823,5,5,0,5,101.339,0.4114369,3,trans_other_gene_coding_or_splice;trans_other_or_unknown;trans_regulatory_or_intronic
NRP1:O14786:OID20390:v1,NRP1,Cardiometabolic,NRP1,O14786,13,13,1,12,521.216,1.2072272,4,cis_target_regulatory_or_linked;trans_other_gene_coding_or_splice;trans_other_or_unknown;trans_regulatory_or_intronic
NTRK2:Q16620:OID20136:v1,NTRK2,Cardiometabolic,NTRK2,Q16620,8,8,1,7,36.9143,0.984283,3,cis_target_regulatory_or_linked;trans_other_gene_coding_or_splice;trans_regulatory_or_intronic
NTproBNP:NTproBNP:OID20125:v1,NTproBNP,Cardiometabolic,NPPB,P16860,7,7,1,6,420.493,0.7295547,3,cis_target_regulatory_or_linked;trans_other_or_unknown;trans_regulatory_or_intronic
OLR1:P78380:OID20183:v1,OLR1,Cardiometabolic,OLR1,P78380,9,9,1,8,64.1523,0.8573406,4,cis_locus_linked;trans_other_gene_coding_or_splice;trans_other_or_unknown;trans_regulatory_or_intronic
OSMR:Q99650:OID20356:v1,OSMR,Cardiometabolic,OSMR,Q99650,10,10,1,9,1701.46,1.0929406,4,cis_target_regulatory_or_linked;trans_other_gene_coding_or_splice;trans_other_or_unknown;trans_regulatory_or_intronic
PAG1:Q9NWQ8:OID20108:v1,PAG1,Cardiometabolic,PAG1,Q9NWQ8,7,7,1,6,36.0811,0.44701,4,cis_locus_linked;trans_other_gene_coding_or_splice;trans_other_or_unknown;trans_regulatory_or_intronic
PAM:P19021:OID20291:v1,PAM,Cardiometabolic,PAM,P19021,9,9,1,8,1360.36,1.7214692999999999,4,cis_target_regulatory_or_linked;trans_other_gene_coding_or_splice;trans_other_or_unknown;trans_regulatory_or_intronic
PCDH17:O14917:OID20132:v1,PCDH17,Cardiometabolic,PCDH17,O14917,12,12,1,11,711.934,1.7090189,4,cis_locus_linked;trans_other_gene_coding_or_splice;trans_other_or_unknown;trans_regulatory_or_intronic
PCOLCE:Q15113:OID20384:v1,PCOLCE,Cardiometabolic,PCOLCE,Q15113,1,1,1,0,63.6772,0.169415,1,cis_locus_linked
PCSK9:Q8NBP7:OID20235:v1,PCSK9,Cardiometabolic,PCSK9,Q8NBP7,9,9,1,8,502.268,1.7570378,3,cis_target_coding_or_splice;trans_other_gene_coding_or_splice;trans_regulatory_or_intronic
PDCD6:O75340:OID20163:v1,PDCD6,Cardiometabolic,PDCD6,O75340,5,5,1,4,5682.74,1.8654012,2,cis_target_regulatory_or_linked;trans_regulatory_or_intronic
PDGFA:P04085:OID20313:v1,PDGFA,Cardiometabolic,PDGFA,P04085,23,23,0,23,152.207,2.1275389,3,trans_other_gene_coding_or_splice;trans_other_or_unknown;trans_regulatory_or_intronic
PDGFRA:P16234:OID20133:v1,PDGFRA,Cardiometabolic,PDGFRA,P16234,10,10,1,9,449.747,0.9665903,3,cis_target_coding_or_splice;trans_other_gene_coding_or_splice;trans_regulatory_or_intronic
PDGFRB:P09619:OID20268:v1,PDGFRB,Cardiometabolic,PDGFRB,P09619,5,5,1,4,7866.37,1.7470622999999998,3,cis_target_regulatory_or_linked;trans_other_gene_coding_or_splice;trans_regulatory_or_intronic
PEAR1:Q5VY43:OID20257:v1,PEAR1,Cardiometabolic,PEAR1,Q5VY43,11,11,1,10,310.221,1.2981719,3,cis_locus_linked;trans_other_gene_coding_or_splice;trans_regulatory_or_intronic
PGLYRP1:O75594:OID20338:v1,PGLYRP1,Cardiometabolic,PGLYRP1,O75594,15,15,1,14,434.053,1.5434026,4,cis_locus_linked;trans_other_gene_coding_or_splice;trans_other_or_unknown;trans_regulatory_or_intronic
PI3:P19957:OID20326:v1,PI3,Cardiometabolic,PI3,P19957,6,6,1,5,450.255,0.6063639000000001,3,cis_locus_linked;trans_other_or_unknown;trans_regulatory_or_intronic
PILRB:Q9UKJ0:OID20197:v1,PILRB,Cardiometabolic,PILRB,Q9UKJ0,10,10,1,9,6463.73,1.7980638999999998,4,cis_locus_linked;trans_other_gene_coding_or_splice;trans_other_or_unknown;trans_regulatory_or_intronic
PLA2G1B:P04054:OID20252:v1,PLA2G1B,Cardiometabolic,PLA2G1B,P04054,23,23,1,22,105.03,1.8921581,4,cis_locus_linked;trans_other_gene_coding_or_splice;trans_other_or_unknown;trans_regulatory_or_intronic
PLA2G2A:P14555:OID20274:v1,PLA2G2A,Cardiometabolic,PLA2G2A,P14555,7,7,1,6,2153.34,1.3621638999999999,4,cis_target_regulatory_or_linked;trans_other_gene_coding_or_splice;trans_other_or_unknown;trans_regulatory_or_intronic
PLAT:P00750:OID20247:v1,PLAT,Cardiometabolic,PLAT,P00750,4,4,1,3,54.56,0.46809670000000003,3,cis_target_coding_or_splice;trans_other_gene_coding_or_splice;trans_regulatory_or_intronic
PLIN3:O60664:OID20143:v1,PLIN3,Cardiometabolic,PLIN3,O60664,2,2,1,1,31.7279,0.13764389999999999,2,cis_target_coding_or_splice;trans_regulatory_or_intronic
PLPBP:O94903:OID20144:v1,PLPBP,Cardiometabolic,PLPBP,O94903,3,3,0,3,21.3566,0.1601968,1,trans_regulatory_or_intronic
PLTP:P55058:OID20238:v1,PLTP,Cardiometabolic,PLTP,P55058,12,12,1,11,1006.52,1.4868114,4,cis_locus_linked;trans_other_gene_coding_or_splice;trans_other_or_unknown;trans_regulatory_or_intronic
PLXNB2:O15031:OID20317:v1,PLXNB2,Cardiometabolic,PLXNB2,O15031,13,13,1,12,2792.12,1.681934,3,cis_target_coding_or_splice;trans_other_gene_coding_or_splice;trans_regulatory_or_intronic
PLXNB3:Q9ULL4:OID20160:v1,PLXNB3,Cardiometabolic,PLXNB3,Q9ULL4,9,9,0,9,19.3661,0.6000133,2,trans_other_gene_coding_or_splice;trans_regulatory_or_intronic
PM20D1:Q6GTS8:OID20149:v1,PM20D1,Cardiometabolic,PM20D1,Q6GTS8,10,10,1,9,3425.49,1.4322848000000001,4,cis_target_regulatory_or_linked;trans_other_gene_coding_or_splice;trans_other_or_unknown;trans_regulatory_or_intronic
PON2:Q15165:OID20088:v1,PON2,Cardiometabolic,PON2,Q15165,5,5,1,4,3349.76,1.3670383,3,cis_target_regulatory_or_linked;trans_other_gene_coding_or_splice;trans_regulatory_or_intronic
PPIB:P23284:OID20331:v1,PPIB,Cardiometabolic,PPIB,P23284,7,7,0,7,21.0137,0.36442909999999995,2,trans_other_gene_coding_or_splice;trans_regulatory_or_intronic
PPP1R2:P41236:OID20176:v1,PPP1R2,Cardiometabolic,PPP1R2,P41236,6,6,0,6,36.0713,0.3508598,2,trans_other_gene_coding_or_splice;trans_regulatory_or_intronic
PRCP:P42785:OID20337:v1,PRCP,Cardiometabolic,PRCP,P42785,12,12,0,12,235.036,1.0487735,3,trans_other_gene_coding_or_splice;trans_other_or_unknown;trans_regulatory_or_intronic
PRKAR1A:P10644:OID20146:v1,PRKAR1A,Cardiometabolic,PRKAR1A,P10644,5,5,0,5,176.925,0.4691671,1,trans_regulatory_or_intronic
PROC:P04070:OID20402:v1,PROC,Cardiometabolic,PROC,P04070,9,9,1,8,1248.47,1.5533597000000001,4,cis_target_regulatory_or_linked;trans_other_gene_coding_or_splice;trans_other_or_unknown;trans_regulatory_or_intronic
PRSS2:P07478:OID20364:v1,PRSS2,Cardiometabolic,PRSS2,P07478,19,19,1,18,110.031,1.4852131,4,cis_locus_linked;trans_other_gene_coding_or_splice;trans_other_or_unknown;trans_regulatory_or_intronic
PRSS27:Q9BQR3:OID20212:v1,PRSS27,Cardiometabolic,PRSS27,Q9BQR3,19,19,1,18,1827.62,2.8366685,4,cis_target_regulatory_or_linked;trans_other_gene_coding_or_splice;trans_other_or_unknown;trans_regulatory_or_intronic
PRTN3:P24158:OID20329:v1,PRTN3,Cardiometabolic,PRTN3,P24158,23,23,1,22,1012.91,2.8346249,3,cis_target_regulatory_or_linked;trans_other_gene_coding_or_splice;trans_regulatory_or_intronic
PTGDS:P41222:OID20408:v1,PTGDS,Cardiometabolic,PTGDS,P41222,3,3,0,3,12.869,0.1440541,2,trans_other_gene_coding_or_splice;trans_regulatory_or_intronic
PTN:P21246:OID20083:v1,PTN,Cardiometabolic,PTN,P21246,3,3,1,2,124.689,0.2536618,2,cis_target_regulatory_or_linked;trans_other_gene_coding_or_splice
PTPRF:P10586:OID20310:v1,PTPRF,Cardiometabolic,PTPRF,P10586,23,23,1,22,111.243,2.1956214,4,cis_target_regulatory_or_linked;trans_other_gene_coding_or_splice;trans_other_or_unknown;trans_regulatory_or_intronic
PTPRS:Q13332:OID20306:v1,PTPRS,Cardiometabolic,PTPRS,Q13332,9,9,1,8,394.618,1.3942201,3,cis_target_regulatory_or_linked;trans_other_gene_coding_or_splice;trans_regulatory_or_intronic
QDPR:P09417:OID20174:v1,QDPR,Cardiometabolic,QDPR,P09417,2,2,0,2,15.694,0.0931424,1,trans_regulatory_or_intronic
QPCT:Q16769:OID20320:v1,QPCT,Cardiometabolic,QPCT,Q16769,15,15,1,14,570.47,2.7689214,3,cis_target_coding_or_splice;trans_other_gene_coding_or_splice;trans_regulatory_or_intronic
RARRES2:Q99969:OID20373:v1,RARRES2,Cardiometabolic,RARRES2,Q99969,3,3,1,2,217.872,0.3505506,3,cis_locus_linked;trans_other_gene_coding_or_splice;trans_other_or_unknown
RCOR1:Q9UKL0:OID20073:v1,RCOR1,Cardiometabolic,RCOR1,Q9UKL0,1,1,0,1,13.4038,0.0651311,1,trans_regulatory_or_intronic
REG1A:P05451:OID20415:v1,REG1A,Cardiometabolic,REG1A,P05451,8,8,1,7,351.893,1.0409518,4,cis_locus_linked;trans_other_gene_coding_or_splice;trans_other_or_unknown;trans_regulatory_or_intronic
REG1B:P48304:OID20266:v1,REG1B,Cardiometabolic,REG1B,P48304,8,8,1,7,669.404,1.1390753,4,cis_locus_linked;trans_other_gene_coding_or_splice;trans_other_or_unknown;trans_regulatory_or_intronic
REG3A:Q06141:OID20258:v1,REG3A,Cardiometabolic,REG3A,Q06141,16,16,1,15,234.423,1.7004664,4,cis_locus_linked;trans_other_gene_coding_or_splice;trans_other_or_unknown;trans_regulatory_or_intronic
REN:P00797:OID20201:v1,REN,Cardiometabolic,REN,P00797,8,8,1,7,127.037,1.2444166,3,cis_locus_linked;trans_other_or_unknown;trans_regulatory_or_intronic
RETN:Q9HD89:OID20327:v1,RETN,Cardiometabolic,RETN,Q9HD89,18,18,1,17,442.914,3.0685325,4,cis_locus_linked;trans_other_gene_coding_or_splice;trans_other_or_unknown;trans_regulatory_or_intronic
RNASE3:P12724:OID20203:v1,RNASE3,Cardiometabolic,RNASE3,P12724,6,6,1,5,340.545,0.8582476000000001,2,cis_locus_linked;trans_regulatory_or_intronic
RNASET2:O00584:OID20321:v1,RNASET2,Cardiometabolic,RNASET2,O00584,10,10,1,9,863.5,1.7409412999999998,3,cis_target_regulatory_or_linked;trans_other_gene_coding_or_splice;trans_regulatory_or_intronic
ROR1:Q01973:OID20224:v1,ROR1,Cardiometabolic,ROR1,Q01973,14,14,1,13,462.538,1.5172993,4,cis_locus_linked;trans_other_gene_coding_or_splice;trans_other_or_unknown;trans_regulatory_or_intronic
S100A11:P31949:OID20130:v1,S100A11,Cardiometabolic,S100A11,P31949,3,3,1,2,209.555,0.5816843,3,cis_target_regulatory_or_linked;trans_other_gene_coding_or_splice;trans_regulatory_or_intronic
S100P:P25815:OID20103:v1,S100P,Cardiometabolic,S100P,P25815,5,5,0,5,63.1522,0.4494038,2,trans_other_gene_coding_or_splice;trans_regulatory_or_intronic
SCARF1:Q14162:OID20297:v1,SCARF1,Cardiometabolic,SCARF1,Q14162,9,9,1,8,823.78,0.8938057,3,cis_target_coding_or_splice;trans_other_gene_coding_or_splice;trans_regulatory_or_intronic
SDC1:P18827:OID20169:v1,SDC1,Cardiometabolic,SDC1,P18827,15,15,1,14,166.28,1.4121801,4,cis_locus_linked;trans_other_gene_coding_or_splice;trans_other_or_unknown;trans_regulatory_or_intronic
SDC4:P31431:OID20216:v1,SDC4,Cardiometabolic,SDC4,P31431,26,26,1,25,302.406,2.0522584999999998,4,cis_target_regulatory_or_linked;trans_other_gene_coding_or_splice;trans_other_or_unknown;trans_regulatory_or_intronic
SELE:P16581:OID20290:v1,SELE,Cardiometabolic,SELE,P16581,12,12,1,11,3439.29,2.0892149,4,cis_target_regulatory_or_linked;trans_other_gene_coding_or_splice;trans_other_or_unknown;trans_regulatory_or_intronic
SELP:P16109:OID20379:v1,SELP,Cardiometabolic,SELP,P16109,10,10,1,9,388.344,1.1316167,3,cis_target_coding_or_splice;trans_other_gene_coding_or_splice;trans_regulatory_or_intronic
SEMA3F:Q13275:OID20186:v1,SEMA3F,Cardiometabolic,SEMA3F,Q13275,12,12,1,11,95.6116,0.9651815,3,cis_locus_linked;trans_other_gene_coding_or_splice;trans_regulatory_or_intronic
SEMA7A:O75326:OID20283:v1,SEMA7A,Cardiometabolic,SEMA7A,O75326,22,22,1,21,198.988,2.0879136,3,cis_locus_linked;trans_other_gene_coding_or_splice;trans_regulatory_or_intronic
SERPINA11:Q86U17:OID20281:v1,SERPINA11,Cardiometabolic,SERPINA11,Q86U17,12,12,1,11,2705.55,1.2057442,4,cis_target_coding_or_splice;trans_other_gene_coding_or_splice;trans_other_or_unknown;trans_regulatory_or_intronic
SERPINA12:Q8IW75:OID20219:v1,SERPINA12,Cardiometabolic,SERPINA12,Q8IW75,9,9,1,8,2282.88,1.2178975,4,cis_target_regulatory_or_linked;trans_other_gene_coding_or_splice;trans_other_or_unknown;trans_regulatory_or_intronic
SERPINB5:P36952:OID20064:v1,SERPINB5,Cardiometabolic,SERPINB5,P36952,1,1,1,0,19.3479,0.0598959,1,cis_target_regulatory_or_linked
SERPINE1:P05121:OID20342:v1,SERPINE1,Cardiometabolic,SERPINE1,P05121,26,26,1,25,116.172,2.2033704,4,cis_target_regulatory_or_linked;trans_other_gene_coding_or_splice;trans_other_or_unknown;trans_regulatory_or_intronic
SFTPD:P35247:OID20214:v1,SFTPD,Cardiometabolic,SFTPD,P35247,13,13,1,12,3560.67,2.2174051,3,cis_target_coding_or_splice;trans_other_gene_coding_or_splice;trans_regulatory_or_intronic
SIGLEC7:Q9Y286:OID20190:v1,SIGLEC7,Cardiometabolic,SIGLEC7,Q9Y286,9,9,1,8,531.438,1.0914489,4,cis_target_regulatory_or_linked;trans_other_gene_coding_or_splice;trans_other_or_unknown;trans_regulatory_or_intronic
SIRPA:P78324:OID20304:v1,SIRPA,Cardiometabolic,SIRPA,P78324,7,7,1,6,8139.48,1.5278816999999998,4,cis_target_coding_or_splice;trans_other_gene_coding_or_splice;trans_other_or_unknown;trans_regulatory_or_intronic
SLITRK6:Q9H5Y7:OID20094:v1,SLITRK6,Cardiometabolic,SLITRK6,Q9H5Y7,9,9,1,8,755.401,2.1140471,4,cis_target_coding_or_splice;trans_other_gene_coding_or_splice;trans_other_or_unknown;trans_regulatory_or_intronic
SNAP23:O00161:OID20218:v1,SNAP23,Cardiometabolic,SNAP23,O00161,5,5,0,5,71.3975,0.3285402,2,trans_other_gene_coding_or_splice;trans_regulatory_or_intronic
SNX9:Q9Y5X1:OID20135:v1,SNX9,Cardiometabolic,SNX9,Q9Y5X1,4,4,1,3,34.9902,0.24402859999999998,2,cis_locus_linked;trans_regulatory_or_intronic
SOD1:P00441:OID20386:v1,SOD1,Cardiometabolic,SOD1,P00441,1,1,0,1,40.7574,0.0895999,1,trans_regulatory_or_intronic
SORT1:Q99523:OID20213:v1,SORT1,Cardiometabolic,SORT1,Q99523,16,16,1,15,151.729,1.4352931,3,cis_target_regulatory_or_linked;trans_other_gene_coding_or_splice;trans_regulatory_or_intronic
SOST:Q9BQB4:OID20204:v1,SOST,Cardiometabolic,SOST,Q9BQB4,17,17,1,16,223.411,1.4269467,4,cis_locus_linked;trans_other_gene_coding_or_splice;trans_other_or_unknown;trans_regulatory_or_intronic
SPARCL1:Q14515:OID20361:v1,SPARCL1,Cardiometabolic,SPARCL1,Q14515,6,6,1,5,2645.3,1.3035467,3,cis_target_regulatory_or_linked;trans_other_gene_coding_or_splice;trans_regulatory_or_intronic
SPON2:Q9BUD6:OID20221:v1,SPON2,Cardiometabolic,SPON2,Q9BUD6,6,6,1,5,221.212,0.5886907,3,cis_target_coding_or_splice;trans_other_gene_coding_or_splice;trans_regulatory_or_intronic
SPP1:P10451:OID20322:v1,SPP1,Cardiometabolic,SPP1,P10451,6,6,0,6,28.752,0.36333360000000003,3,trans_other_gene_coding_or_splice;trans_other_or_unknown;trans_regulatory_or_intronic
SSC4D:Q8WTU2:OID20182:v1,SSC4D,Cardiometabolic,SSC4D,Q8WTU2,11,11,1,10,783.544,1.684788,4,cis_target_regulatory_or_linked;trans_other_gene_coding_or_splice;trans_other_or_unknown;trans_regulatory_or_intronic
SSC5D:A1L4H1:OID20351:v1,SSC5D,Cardiometabolic,SSC5D,A1L4H1,15,15,1,14,1347.2,2.2909993,4,cis_locus_linked;trans_other_gene_coding_or_splice;trans_other_or_unknown;trans_regulatory_or_intronic
ST6GAL1:P15907:OID20302:v1,ST6GAL1,Cardiometabolic,ST6GAL1,P15907,8,8,1,7,152.609,0.6997673,3,cis_target_regulatory_or_linked;trans_other_gene_coding_or_splice;trans_regulatory_or_intronic
STK11:Q15831:OID20077:v1,STK11,Cardiometabolic,STK11,Q15831,6,6,0,6,27.9039,0.3320939,2,trans_other_gene_coding_or_splice;trans_regulatory_or_intronic
STK4:Q13043:OID20140:v1,STK4,Cardiometabolic,STK4,Q13043,3,3,0,3,33.1615,0.1926533,1,trans_regulatory_or_intronic
SUSD1:Q6UWL2:OID20072:v1,SUSD1,Cardiometabolic,SUSD1,Q6UWL2,6,6,0,6,72.769,0.6635447999999999,2,trans_other_gene_coding_or_splice;trans_regulatory_or_intronic
TCN2:P20062:OID20341:v1,TCN2,Cardiometabolic,TCN2,P20062,5,5,1,4,1574.62,0.8769220000000001,3,cis_target_regulatory_or_linked;trans_other_gene_coding_or_splice;trans_regulatory_or_intronic
TFF3:Q07654:OID20371:v1,TFF3,Cardiometabolic,TFF3,Q07654,6,6,0,6,449.498,0.8306764,1,trans_regulatory_or_intronic
TFPI:P10646:OID20388:v1,TFPI,Cardiometabolic,TFPI,P10646,9,9,1,8,643.675,1.1194367,4,cis_locus_linked;trans_other_gene_coding_or_splice;trans_other_or_unknown;trans_regulatory_or_intronic
TFRC:P02786:OID20369:v1,TFRC,Cardiometabolic,TFRC,P02786,14,14,1,13,1571.9,1.6992832,3,cis_target_coding_or_splice;trans_other_gene_coding_or_splice;trans_regulatory_or_intronic
TGFBI:Q15582:OID20417:v1,TGFBI,Cardiometabolic,TGFBI,Q15582,13,13,1,12,1803.92,2.0290816,4,cis_target_regulatory_or_linked;trans_other_gene_coding_or_splice;trans_other_or_unknown;trans_regulatory_or_intronic
TGFBR3:Q03167:OID20255:v1,TGFBR3,Cardiometabolic,TGFBR3,Q03167,6,6,1,5,138.843,0.7669623,3,cis_target_coding_or_splice;trans_other_gene_coding_or_splice;trans_regulatory_or_intronic
TGM2:P21980:OID20141:v1,TGM2,Cardiometabolic,TGM2,P21980,3,3,1,2,166.029,0.3522607,2,cis_target_regulatory_or_linked;trans_regulatory_or_intronic
THBD:P07204:OID20231:v1,THBD,Cardiometabolic,THBD,P07204,15,15,1,14,164.002,1.6929413,3,cis_target_coding_or_splice;trans_other_gene_coding_or_splice;trans_regulatory_or_intronic
THBS4:P35443:OID20368:v1,THBS4,Cardiometabolic,THBS4,P35443,11,11,1,10,289.308,1.0470182000000001,3,cis_locus_linked;trans_other_gene_coding_or_splice;trans_regulatory_or_intronic
THOP1:P52888:OID20194:v1,THOP1,Cardiometabolic,THOP1,P52888,1,1,0,1,14.5017,0.0467145,1,trans_other_gene_coding_or_splice
THPO:P40225:OID20098:v1,THPO,Cardiometabolic,THPO,P40225,22,22,1,21,78.1968,2.0567713,4,cis_locus_linked;trans_other_gene_coding_or_splice;trans_other_or_unknown;trans_regulatory_or_intronic
TIA1:P31483:OID20068:v1,TIA1,Cardiometabolic,TIA1,P31483,6,6,0,6,41.0101,0.3413905,1,trans_regulatory_or_intronic
TIE1:P35590:OID20303:v1,TIE1,Cardiometabolic,TIE1,P35590,12,12,1,11,1213.44,1.9296458,4,cis_target_regulatory_or_linked;trans_other_gene_coding_or_splice;trans_other_or_unknown;trans_regulatory_or_intronic
TIMD4:Q96H15:OID20375:v1,TIMD4,Cardiometabolic,TIMD4,Q96H15,31,31,1,30,381.981,2.9877993,4,cis_locus_linked;trans_other_gene_coding_or_splice;trans_other_or_unknown;trans_regulatory_or_intronic
TIMP1:P01033:OID20418:v1,TIMP1,Cardiometabolic,TIMP1,P01033,12,12,0,12,60.7474,0.8695451,3,trans_other_gene_coding_or_splice;trans_other_or_unknown;trans_regulatory_or_intronic
TINAGL1:Q9GZM7:OID20180:v1,TINAGL1,Cardiometabolic,TINAGL1,Q9GZM7,10,10,1,9,105.029,1.1702183000000002,3,cis_target_regulatory_or_linked;trans_other_gene_coding_or_splice;trans_regulatory_or_intronic
TNC:P24821:OID20359:v1,TNC,Cardiometabolic,TNC,P24821,21,21,1,20,679.385,2.0364622,4,cis_locus_linked;trans_other_gene_coding_or_splice;trans_other_or_unknown;trans_regulatory_or_intronic
TNFRSF10C:O14798:OID20265:v1,TNFRSF10C,Cardiometabolic,TNFRSF10C,O14798,23,23,0,23,4341.67,2.527027,3,trans_other_gene_coding_or_splice;trans_other_or_unknown;trans_regulatory_or_intronic
TNFSF13B:Q9Y275:OID20272:v1,TNFSF13B,Cardiometabolic,TNFSF13B,Q9Y275,8,8,1,7,260.722,1.5138541,4,cis_target_regulatory_or_linked;trans_other_gene_coding_or_splice;trans_other_or_unknown;trans_regulatory_or_intronic
TP53INP1:Q96A56:OID20120:v1,TP53INP1,Cardiometabolic,TP53INP1,Q96A56,2,2,0,2,59.3527,0.2030332,2,trans_other_gene_coding_or_splice;trans_regulatory_or_intronic
TSHB:P01222:OID20129:v1,TSHB,Cardiometabolic,TSHB,P01222,27,27,0,27,124.278,2.1701322,2,trans_other_or_unknown;trans_regulatory_or_intronic
TSPAN1:O60635:OID20078:v1,TSPAN1,Cardiometabolic,TSPAN1,O60635,4,4,0,4,20.7935,0.19226369999999998,1,trans_regulatory_or_intronic
TYMP:P19971:OID20234:v1,TYMP,Cardiometabolic,TYMP,P19971,3,3,1,2,185.424,0.31936149999999996,2,cis_locus_linked;trans_regulatory_or_intronic
TYRO3:Q06418:OID20161:v1,TYRO3,Cardiometabolic,TYRO3,Q06418,11,11,1,10,2027.13,1.6486625,3,cis_target_regulatory_or_linked;trans_other_or_unknown;trans_regulatory_or_intronic
UMOD:P07911:OID20237:v1,UMOD,Cardiometabolic,UMOD,P07911,21,21,1,20,3313.3,2.0824841,4,cis_target_regulatory_or_linked;trans_other_gene_coding_or_splice;trans_other_or_unknown;trans_regulatory_or_intronic
USP8:P40818:OID20110:v1,USP8,Cardiometabolic,USP8,P40818,4,4,1,3,88.5097,0.3990108,2,cis_locus_linked;trans_regulatory_or_intronic
VAMP5:O95183:OID20071:v1,VAMP5,Cardiometabolic,VAMP5,O95183,2,2,1,1,35.4967,0.1443902,2,cis_locus_linked;trans_regulatory_or_intronic
VASN:Q6EMK4:OID20345:v1,VASN,Cardiometabolic,VASN,Q6EMK4,10,10,1,9,1004.46,1.6201828,4,cis_target_coding_or_splice;trans_other_gene_coding_or_splice;trans_other_or_unknown;trans_regulatory_or_intronic
VCAM1:P19320:OID20396:v1,VCAM1,Cardiometabolic,VCAM1,P19320,12,12,1,11,114.817,0.9661688,4,cis_target_regulatory_or_linked;trans_other_gene_coding_or_splice;trans_other_or_unknown;trans_regulatory_or_intronic
VSIR:Q9H7M9:OID20131:v1,VSIR,Cardiometabolic,VSIR,Q9H7M9,9,9,1,8,562.9,0.9528296,3,cis_target_regulatory_or_linked;trans_other_or_unknown;trans_regulatory_or_intronic
VSTM2L:Q96N03:OID20067:v1,VSTM2L,Cardiometabolic,VSTM2L,Q96N03,2,2,1,1,156.707,0.344008,2,cis_locus_linked;trans_regulatory_or_intronic
VWF:P04275:OID20256:v1,VWF,Cardiometabolic,VWF,P04275,6,6,1,5,514.247,0.6267455,2,cis_target_regulatory_or_linked;trans_regulatory_or_intronic
WASF1:Q92558:OID20091:v1,WASF1,Cardiometabolic,WASF1,Q92558,5,5,1,4,465.876,0.4738198,2,cis_locus_linked;trans_regulatory_or_intronic
XG:P55808:OID20259:v1,XG,Cardiometabolic,XG,P55808,4,4,0,4,27.5829,0.1832048,1,trans_regulatory_or_intronic
ZBTB17:Q13105:OID20082:v1,ZBTB17,Cardiometabolic,ZBTB17,Q13105,3,3,1,2,29.5063,0.25665839999999995,3,cis_target_coding_or_splice;trans_other_gene_coding_or_splice;trans_regulatory_or_intronic
AAMDC:Q9H7C9:OID30236:v1,AAMDC,Cardiometabolic_II,AAMDC,Q9H7C9,4,4,1,3,2541.69,1.2015266999999998,3,cis_target_coding_or_splice;trans_other_gene_coding_or_splice;trans_regulatory_or_intronic
ABRAXAS2:Q15018:OID30130:v1,ABRAXAS2,Cardiometabolic_II,ABRAXAS2,Q15018,3,3,0,3,13.9603,0.1398412,1,trans_regulatory_or_intronic
ACADSB:P45954:OID30356:v1,ACADSB,Cardiometabolic_II,ACADSB,P45954,7,7,1,6,245.696,0.7003922,3,cis_target_regulatory_or_linked;trans_other_gene_coding_or_splice;trans_regulatory_or_intronic
ACSL1:P33121:OID30080:v1,ACSL1,Cardiometabolic_II,ACSL1,P33121,1,1,0,1,20.4463,0.0825836,1,trans_regulatory_or_intronic
ACTN2:P35609:OID30192:v1,ACTN2,Cardiometabolic_II,ACTN2,P35609,3,3,0,3,37.5386,0.2627346,2,trans_other_gene_coding_or_splice;trans_regulatory_or_intronic
ACY3:Q96HD9:OID30086:v1,ACY3,Cardiometabolic_II,ACY3,Q96HD9,11,11,1,10,339.823,0.8047599999999999,4,cis_locus_linked;trans_other_gene_coding_or_splice;trans_other_or_unknown;trans_regulatory_or_intronic
ADAMTSL2:Q86TH1:OID30370:v1,ADAMTSL2,Cardiometabolic_II,ADAMTSL2,Q86TH1,10,10,1,9,52.9594,1.1509551,4,cis_target_regulatory_or_linked;trans_other_gene_coding_or_splice;trans_other_or_unknown;trans_regulatory_or_intronic
ADAMTSL4:Q6UY14:OID30275:v1,ADAMTSL4,Cardiometabolic_II,ADAMTSL4,Q6UY14,5,5,0,5,24.7073,0.5688149,2,trans_other_gene_coding_or_splice;trans_regulatory_or_intronic
ADAMTSL5:Q6ZMM2:OID30355:v1,ADAMTSL5,Cardiometabolic_II,ADAMTSL5,Q6ZMM2,2,2,1,1,784.821,0.4604328,2,cis_target_regulatory_or_linked;trans_regulatory_or_intronic
ADGRF5:Q8IZF2:OID30349:v1,ADGRF5,Cardiometabolic_II,ADGRF5,Q8IZF2,14,14,0,14,171.986,1.8657513,2,trans_other_gene_coding_or_splice;trans_regulatory_or_intronic
AHNAK:Q09666:OID30260:v1,AHNAK,Cardiometabolic_II,AHNAK,Q09666,3,3,0,3,14.9177,0.1967099,2,trans_other_gene_coding_or_splice;trans_regulatory_or_intronic
AHNAK2:Q8IVF2:OID30244:v1,AHNAK2,Cardiometabolic_II,AHNAK2,Q8IVF2,3,3,1,2,236.657,0.3068354,2,cis_target_regulatory_or_linked;trans_regulatory_or_intronic
AIF1L:Q9BQI0:OID30204:v1,AIF1L,Cardiometabolic_II,AIF1L,Q9BQI0,1,1,0,1,13.3709,0.0520877,1,trans_regulatory_or_intronic
ANK2:Q01484:OID30161:v1,ANK2,Cardiometabolic_II,ANK2,Q01484,2,2,0,2,20.8454,0.27147,1,trans_regulatory_or_intronic
ANXA2:P07355:OID30263:v1,ANXA2,Cardiometabolic_II,ANXA2,P07355,4,4,1,3,1133.47,0.6906008,2,cis_target_regulatory_or_linked;trans_regulatory_or_intronic
APOBR:Q0VD83:OID30246:v1,APOBR,Cardiometabolic_II,APOBR,Q0VD83,4,4,1,3,6743.33,1.2518402000000002,4,cis_locus_linked;trans_other_gene_coding_or_splice;trans_other_or_unknown;trans_regulatory_or_intronic
ARL13B:Q3SXY8:OID30166:v1,ARL13B,Cardiometabolic_II,ARL13B,Q3SXY8,2,2,0,2,20.1073,0.1239143,1,trans_regulatory_or_intronic
ARL2BP:Q9Y2Y0:OID30121:v1,ARL2BP,Cardiometabolic_II,ARL2BP,Q9Y2Y0,2,2,0,2,65.3412,0.18061270000000001,1,trans_regulatory_or_intronic
ASAH1:Q13510:OID30415:v1,ASAH1,Cardiometabolic_II,ASAH1,Q13510,9,9,1,8,1117.13,1.7435494999999999,2,cis_target_coding_or_splice;trans_regulatory_or_intronic
ASPN:Q9BXN1:OID30315:v1,ASPN,Cardiometabolic_II,ASPN,Q9BXN1,4,4,0,4,28.7506,0.47578869999999995,2,trans_other_gene_coding_or_splice;trans_regulatory_or_intronic
ASRGL1:Q7L266:OID30283:v1,ASRGL1,Cardiometabolic_II,ASRGL1,Q7L266,5,5,1,4,675.398,0.8151266,3,cis_target_regulatory_or_linked;trans_other_gene_coding_or_splice;trans_regulatory_or_intronic
ASS1:P00966:OID30170:v1,ASS1,Cardiometabolic_II,ASS1,P00966,12,12,0,12,68.6463,0.8544394,2,trans_other_gene_coding_or_splice;trans_regulatory_or_intronic
ATP1B1:P05026:OID30124:v1,ATP1B1,Cardiometabolic_II,ATP1B1,P05026,1,1,0,1,15.2918,0.190759,1,trans_other_gene_coding_or_splice
ATP2B4:P23634:OID30062:v1,ATP2B4,Cardiometabolic_II,ATP2B4,P23634,1,1,0,1,21.2481,0.0657234,1,trans_regulatory_or_intronic
ATP6V1G1:O75348:OID30242:v1,ATP6V1G1,Cardiometabolic_II,ATP6V1G1,O75348,6,6,0,6,15.7672,0.2776213,1,trans_regulatory_or_intronic
ATP6V1G2:O95670:OID30167:v1,ATP6V1G2,Cardiometabolic_II,ATP6V1G2,O95670,1,1,1,0,119.061,0.200452,1,cis_locus_linked
B3GNT7:Q8NFL0:OID30281:v1,B3GNT7,Cardiometabolic_II,B3GNT7,Q8NFL0,15,15,1,14,2345.35,1.7065976,3,cis_target_coding_or_splice;trans_other_gene_coding_or_splice;trans_regulatory_or_intronic
BCAT1:P54687:OID30312:v1,BCAT1,Cardiometabolic_II,BCAT1,P54687,3,3,1,2,394.222,0.39962400000000003,2,cis_locus_linked;trans_regulatory_or_intronic
BDNF:P23560:OID30373:v1,BDNF,Cardiometabolic_II,BDNF,P23560,26,26,1,25,78.5198,2.1777054,3,cis_locus_linked;trans_other_gene_coding_or_splice;trans_regulatory_or_intronic
BECN1:Q14457:OID30220:v1,BECN1,Cardiometabolic_II,BECN1,Q14457,5,5,0,5,42.0076,0.4905581,2,trans_other_gene_coding_or_splice;trans_regulatory_or_intronic
BGLAP:P02818:OID30389:v1,BGLAP,Cardiometabolic_II,BGLAP,P02818,8,8,0,8,34.7875,0.5093397,3,trans_other_gene_coding_or_splice;trans_other_or_unknown;trans_regulatory_or_intronic
BNIP2:Q12982:OID30292:v1,BNIP2,Cardiometabolic_II,BNIP2,Q12982,1,1,0,1,11.5964,0.0474026,1,trans_regulatory_or_intronic
BOLA2_BOLA2B:Q9H3K6:OID30267:v1,BOLA2_BOLA2B,Cardiometabolic_II,BOLA2B;BOLA2,Q9H3K6;Q9H3K6,3,3,1,2,25.1084,0.3319871,2,cis_locus_linked;trans_regulatory_or_intronic
BPIFA2:Q96DR5:OID30279:v1,BPIFA2,Cardiometabolic_II,BPIFA2,Q96DR5,19,19,1,18,998.814,2.1461912,3,cis_target_regulatory_or_linked;trans_other_or_unknown;trans_regulatory_or_intronic
BPIFB2:Q8N4F0:OID30311:v1,BPIFB2,Cardiometabolic_II,BPIFB2,Q8N4F0,15,15,1,14,443.499,1.4417393,4,cis_locus_linked;trans_other_gene_coding_or_splice;trans_other_or_unknown;trans_regulatory_or_intronic
BRDT:Q58F21:OID30179:v1,BRDT,Cardiometabolic_II,BRDT,Q58F21,7,7,0,7,149.935,0.6261167,2,trans_other_gene_coding_or_splice;trans_regulatory_or_intronic
CALCOCO2:Q13137:OID30249:v1,CALCOCO2,Cardiometabolic_II,CALCOCO2,Q13137,8,8,1,7,199.683,0.6179702,2,cis_target_regulatory_or_linked;trans_regulatory_or_intronic
CBS:P35520:OID30200:v1,CBS,Cardiometabolic_II,CBS,P35520,2,2,0,2,33.8422,0.16245500000000002,1,trans_regulatory_or_intronic
CCER2:I3L3R5:OID30221:v1,CCER2,Cardiometabolic_II,CCER2,I3L3R5,24,24,1,23,551.708,2.8749824,4,cis_locus_linked;trans_other_gene_coding_or_splice;trans_other_or_unknown;trans_regulatory_or_intronic
CD2:P06729:OID30097:v1,CD2,Cardiometabolic_II,CD2,P06729,1,1,1,0,12.0034,0.219424,1,cis_target_coding_or_splice
CD248:Q9HCU0:OID30394:v1,CD248,Cardiometabolic_II,CD248,Q9HCU0,14,14,0,14,56.8381,0.9285076,2,trans_other_gene_coding_or_splice;trans_regulatory_or_intronic
CD80:P33681:OID30291:v1,CD80,Cardiometabolic_II,CD80,P33681,13,13,1,12,919.237,1.5066535,4,cis_locus_linked;trans_other_gene_coding_or_splice;trans_other_or_unknown;trans_regulatory_or_intronic
CDA:P32320:OID30345:v1,CDA,Cardiometabolic_II,CDA,P32320,11,11,1,10,1307.28,1.2959467,3,cis_target_coding_or_splice;trans_other_gene_coding_or_splice;trans_regulatory_or_intronic
CEACAM6:P40199:OID30362:v1,CEACAM6,Cardiometabolic_II,CEACAM6,P40199,26,26,1,25,84.4828,2.9081256,3,cis_target_regulatory_or_linked;trans_other_gene_coding_or_splice;trans_regulatory_or_intronic
CELA2A:P08217:OID30411:v1,CELA2A,Cardiometabolic_II,CELA2A,P08217,26,26,0,26,189.543,3.0879009,3,trans_other_gene_coding_or_splice;trans_other_or_unknown;trans_regulatory_or_intronic
CEP112:Q8N8E3:OID30115:v1,CEP112,Cardiometabolic_II,CEP112,Q8N8E3,1,1,1,0,277.628,0.230425,1,cis_target_regulatory_or_linked
CEP170:Q5SW79:OID30240:v1,CEP170,Cardiometabolic_II,CEP170,Q5SW79,2,2,1,1,22.7962,0.1261954,2,cis_locus_linked;trans_regulatory_or_intronic
CHGA:P10645:OID30403:v1,CHGA,Cardiometabolic_II,CHGA,P10645,7,7,1,6,183.873,0.7107669,2,cis_target_coding_or_splice;trans_regulatory_or_intronic
CHMP6:Q96FZ7:OID30327:v1,CHMP6,Cardiometabolic_II,CHMP6,Q96FZ7,6,6,1,5,139.256,0.4668056,3,cis_target_regulatory_or_linked;trans_other_gene_coding_or_splice;trans_regulatory_or_intronic
CILP:O75339:OID30399:v1,CILP,Cardiometabolic_II,CILP,O75339,7,7,1,6,484.567,0.8610833,3,cis_target_regulatory_or_linked;trans_other_gene_coding_or_splice;trans_regulatory_or_intronic
CKB:P12277:OID30400:v1,CKB,Cardiometabolic_II,CKB,P12277,7,7,0,7,24.7925,0.3850915,2,trans_other_gene_coding_or_splice;trans_regulatory_or_intronic
CLEC4M:Q9H2X3:OID30405:v1,CLEC4M,Cardiometabolic_II,CLEC4M,Q9H2X3,12,12,1,11,3805.86,1.8015588,4,cis_locus_linked;trans_other_gene_coding_or_splice;trans_other_or_unknown;trans_regulatory_or_intronic
CMC1:Q7Z7K0:OID30360:v1,CMC1,Cardiometabolic_II,CMC1,Q7Z7K0,10,10,1,9,28.5665,0.816464,2,cis_target_regulatory_or_linked;trans_regulatory_or_intronic
CNP:P09543:OID30285:v1,CNP,Cardiometabolic_II,CNP,P09543,3,3,0,3,22.7163,0.1628556,1,trans_regulatory_or_intronic
COCH:O43405:OID30305:v1,COCH,Cardiometabolic_II,COCH,O43405,23,23,1,22,567.104,2.4990531,4,cis_target_regulatory_or_linked;trans_other_gene_coding_or_splice;trans_other_or_unknown;trans_regulatory_or_intronic
COL15A1:P39059:OID30396:v1,COL15A1,Cardiometabolic_II,COL15A1,P39059,4,4,1,3,182.135,0.34641279999999997,2,cis_target_regulatory_or_linked;trans_regulatory_or_intronic
COL2A1:P02458:OID30286:v1,COL2A1,Cardiometabolic_II,COL2A1,P02458,28,28,1,27,2949.43,2.3606861,3,cis_locus_linked;trans_other_or_unknown;trans_regulatory_or_intronic
COL3A1:P02461:OID30379:v1,COL3A1,Cardiometabolic_II,COL3A1,P02461,1,1,0,1,181.031,0.235654,1,trans_regulatory_or_intronic
COMMD1:Q8N668:OID30222:v1,COMMD1,Cardiometabolic_II,COMMD1,Q8N668,5,5,1,4,169.326,0.9966608,2,cis_target_coding_or_splice;trans_regulatory_or_intronic
COQ7:Q99807:OID30217:v1,COQ7,Cardiometabolic_II,COQ7,Q99807,13,13,1,12,93.0083,0.9696647,4,cis_target_coding_or_splice;trans_other_gene_coding_or_splice;trans_other_or_unknown;trans_regulatory_or_intronic
COX6B1:P14854:OID30317:v1,COX6B1,Cardiometabolic_II,COX6B1,P14854,3,3,0,3,14.7146,0.138715,1,trans_regulatory_or_intronic
CPQ:Q9Y646:OID30406:v1,CPQ,Cardiometabolic_II,CPQ,Q9Y646,22,22,1,21,873.12,4.0005242,3,cis_target_coding_or_splice;trans_other_gene_coding_or_splice;trans_regulatory_or_intronic
CPTP:Q5TA50:OID30106:v1,CPTP,Cardiometabolic_II,CPTP,Q5TA50,1,1,1,0,11.3466,0.0806698,1,cis_locus_linked
CPXM2:Q8N436:OID30322:v1,CPXM2,Cardiometabolic_II,CPXM2,Q8N436,1,1,1,0,1207.95,0.455618,1,cis_target_regulatory_or_linked
CRYBB1:P53674:OID30319:v1,CRYBB1,Cardiometabolic_II,CRYBB1,P53674,9,9,1,8,174.47,0.8032913,2,cis_target_regulatory_or_linked;trans_regulatory_or_intronic
CRYZL1:O95825:OID30272:v1,CRYZL1,Cardiometabolic_II,CRYZL1,O95825,6,6,1,5,93.2101,0.6583688,2,cis_target_coding_or_splice;trans_regulatory_or_intronic
CSDE1:O75534:OID30183:v1,CSDE1,Cardiometabolic_II,CSDE1,O75534,2,2,0,2,44.5594,0.16998370000000002,1,trans_regulatory_or_intronic
CSF2:P04141:OID30072:v1,CSF2,Cardiometabolic_II,CSF2,P04141,6,6,1,5,224.25,0.5276555,2,cis_target_coding_or_splice;trans_regulatory_or_intronic
CSPG4:Q6UVK1:OID30397:v1,CSPG4,Cardiometabolic_II,CSPG4,Q6UVK1,15,15,1,14,72.1821,1.0749644,3,cis_target_coding_or_splice;trans_other_gene_coding_or_splice;trans_regulatory_or_intronic
CSRP3:P50461:OID30176:v1,CSRP3,Cardiometabolic_II,CSRP3,P50461,3,3,0,3,19.8981,0.1610178,2,trans_other_gene_coding_or_splice;trans_regulatory_or_intronic
CTHRC1:Q96CG8:OID30393:v1,CTHRC1,Cardiometabolic_II,CTHRC1,Q96CG8,9,9,1,8,177.809,0.7349641,3,cis_locus_linked;trans_other_gene_coding_or_splice;trans_regulatory_or_intronic
CYTL1:Q9NRR1:OID30374:v1,CYTL1,Cardiometabolic_II,CYTL1,Q9NRR1,3,3,1,2,1572.57,1.4001739,3,cis_target_coding_or_splice;trans_other_gene_coding_or_splice;trans_regulatory_or_intronic
DDT:P30046:OID30372:v1,DDT,Cardiometabolic_II,DDT,P30046,2,2,1,1,221.386,0.26191980000000004,2,cis_target_regulatory_or_linked;trans_regulatory_or_intronic
DLL4:Q9NR61:OID30255:v1,DLL4,Cardiometabolic_II,DLL4,Q9NR61,1,1,0,1,44.7834,0.0947535,1,trans_regulatory_or_intronic
DMP1:Q13316:OID30213:v1,DMP1,Cardiometabolic_II,DMP1,Q13316,20,20,0,20,61.3555,1.1586487,2,trans_other_gene_coding_or_splice;trans_regulatory_or_intronic
DNAJC6:O75061:OID30247:v1,DNAJC6,Cardiometabolic_II,DNAJC6,O75061,10,10,1,9,81.0541,0.9043382,3,cis_locus_linked;trans_other_gene_coding_or_splice;trans_regulatory_or_intronic
DTYMK:P23919:OID30308:v1,DTYMK,Cardiometabolic_II,DTYMK,P23919,6,6,1,5,25.5782,0.3899792,2,cis_target_regulatory_or_linked;trans_regulatory_or_intronic
ECHDC3:Q96DC8:OID30293:v1,ECHDC3,Cardiometabolic_II,ECHDC3,Q96DC8,8,8,1,7,1715.5,1.3759002,3,cis_target_regulatory_or_linked;trans_other_gene_coding_or_splice;trans_regulatory_or_intronic
ECHS1:P30084:OID30239:v1,ECHS1,Cardiometabolic_II,ECHS1,P30084,6,6,1,5,269.517,0.6890967,2,cis_target_coding_or_splice;trans_regulatory_or_intronic
ECI2:O75521:OID30142:v1,ECI2,Cardiometabolic_II,ECI2,O75521,2,2,1,1,386.209,0.3307057,2,cis_locus_linked;trans_regulatory_or_intronic
EDN1:P05305:OID30224:v1,EDN1,Cardiometabolic_II,EDN1,P05305,1,1,1,0,284.799,0.261816,1,cis_target_coding_or_splice
EEF1D:P29692:OID30335:v1,EEF1D,Cardiometabolic_II,EEF1D,P29692,3,3,0,3,78.6818,0.2413401,2,trans_other_gene_coding_or_splice;trans_regulatory_or_intronic
EHBP1:Q8NDI1:OID30302:v1,EHBP1,Cardiometabolic_II,EHBP1,Q8NDI1,5,5,1,4,173.812,0.4901706,2,cis_locus_linked;trans_regulatory_or_intronic
EHD3:Q9NZN3:OID30229:v1,EHD3,Cardiometabolic_II,EHD3,Q9NZN3,4,4,1,3,159.551,0.3594698,2,cis_target_regulatory_or_linked;trans_regulatory_or_intronic
EIF2AK3:Q9NZJ5:OID30060:v1,EIF2AK3,Cardiometabolic_II,EIF2AK3,Q9NZJ5,3,3,1,2,73.8006,0.2478125,2,cis_target_regulatory_or_linked;trans_regulatory_or_intronic
EIF2S2:P20042:OID30270:v1,EIF2S2,Cardiometabolic_II,EIF2S2,P20042,1,1,0,1,24.3667,0.065482,1,trans_regulatory_or_intronic
EIF5:P55010:OID30156:v1,EIF5,Cardiometabolic_II,EIF5,P55010,1,1,1,0,21.4993,0.251129,1,cis_target_regulatory_or_linked
ELN:P15502:OID30301:v1,ELN,Cardiometabolic_II,ELN,P15502,12,12,1,11,68.2256,0.9320299,4,cis_target_coding_or_splice;trans_other_gene_coding_or_splice;trans_other_or_unknown;trans_regulatory_or_intronic
ENO3:P13929:OID30209:v1,ENO3,Cardiometabolic_II,ENO3,P13929,4,4,1,3,67.4409,0.3850732,4,cis_locus_linked;trans_other_gene_coding_or_splice;trans_other_or_unknown;trans_regulatory_or_intronic
ENOX2:Q16206:OID30152:v1,ENOX2,Cardiometabolic_II,ENOX2,Q16206,1,1,0,1,21.8906,0.0623883,1,trans_regulatory_or_intronic
ENPEP:Q07075:OID30135:v1,ENPEP,Cardiometabolic_II,ENPEP,Q07075,1,1,1,0,28.4658,0.320886,1,cis_target_coding_or_splice
ENPP6:Q6UWR7:OID30273:v1,ENPP6,Cardiometabolic_II,ENPP6,Q6UWR7,8,8,1,7,552.686,1.8004164,3,cis_target_regulatory_or_linked;trans_other_gene_coding_or_splice;trans_regulatory_or_intronic
ENTR1:Q96C92:OID30231:v1,ENTR1,Cardiometabolic_II,ENTR1,Q96C92,3,3,1,2,285.195,0.3974836,3,cis_locus_linked;trans_other_gene_coding_or_splice;trans_regulatory_or_intronic
EPPK1:P58107:OID30250:v1,EPPK1,Cardiometabolic_II,EPPK1,P58107,6,6,1,5,744.55,0.9230837,4,cis_target_regulatory_or_linked;trans_other_gene_coding_or_splice;trans_other_or_unknown;trans_regulatory_or_intronic
EXOSC10:Q01780:OID30083:v1,EXOSC10,Cardiometabolic_II,EXOSC10,Q01780,1,1,0,1,20.2542,0.104144,1,trans_regulatory_or_intronic
EXTL1:Q92935:OID30114:v1,EXTL1,Cardiometabolic_II,EXTL1,Q92935,1,1,1,0,764.524,0.402216,1,cis_target_coding_or_splice
FABP3:P05413:OID30351:v1,FABP3,Cardiometabolic_II,FABP3,P05413,7,7,1,6,45.265,0.3851631,3,cis_target_regulatory_or_linked;trans_other_gene_coding_or_splice;trans_regulatory_or_intronic
FAM172A:Q8WUF8:OID30248:v1,FAM172A,Cardiometabolic_II,FAM172A,Q8WUF8,3,3,1,2,88.6746,0.2861881,2,cis_target_regulatory_or_linked;trans_regulatory_or_intronic
FAM20A:Q96MK3:OID30348:v1,FAM20A,Cardiometabolic_II,FAM20A,Q96MK3,16,16,1,15,297.195,1.4810096,4,cis_locus_linked;trans_other_gene_coding_or_splice;trans_other_or_unknown;trans_regulatory_or_intronic
FBLN2:P98095:OID30378:v1,FBLN2,Cardiometabolic_II,FBLN2,P98095,7,7,1,6,619.189,1.6944137,3,cis_target_coding_or_splice;trans_other_gene_coding_or_splice;trans_regulatory_or_intronic
FCAMR:Q8WWV6:OID30332:v1,FCAMR,Cardiometabolic_II,FCAMR,Q8WWV6,24,24,1,23,692.519,2.5133649,3,cis_target_coding_or_splice;trans_other_gene_coding_or_splice;trans_regulatory_or_intronic
FDX1:P10109:OID30078:v1,FDX1,Cardiometabolic_II,FDX1,P10109,1,1,1,0,13.2489,0.0501624,1,cis_locus_linked
FGFBP2:Q9BYJ0:OID30395:v1,FGFBP2,Cardiometabolic_II,FGFBP2,Q9BYJ0,11,11,1,10,2038.19,2.6154118,4,cis_target_regulatory_or_linked;trans_other_gene_coding_or_splice;trans_other_or_unknown;trans_regulatory_or_intronic
FSHB:P01225:OID30233:v1,FSHB,Cardiometabolic_II,FSHB,P01225,3,3,1,2,133.089,0.2857861,2,cis_locus_linked;trans_regulatory_or_intronic
FSTL1:Q12841:OID30254:v1,FSTL1,Cardiometabolic_II,FSTL1,Q12841,10,10,1,9,114.421,0.7378309,3,cis_target_regulatory_or_linked;trans_other_gene_coding_or_splice;trans_regulatory_or_intronic
GADD45GIP1:Q8TAE8:OID30237:v1,GADD45GIP1,Cardiometabolic_II,GADD45GIP1,Q8TAE8,7,7,0,7,40.96,0.4747838,2,trans_other_gene_coding_or_splice;trans_regulatory_or_intronic
GALNT5:Q7Z7M9:OID30295:v1,GALNT5,Cardiometabolic_II,GALNT5,Q7Z7M9,11,11,1,10,406.876,1.6611775,3,cis_target_coding_or_splice;trans_other_gene_coding_or_splice;trans_regulatory_or_intronic
GASK1A:Q9UFP1:OID30109:v1,GASK1A,Cardiometabolic_II,GASK1A,Q9UFP1,4,4,1,3,2656.07,0.9692514,3,cis_target_regulatory_or_linked;trans_other_gene_coding_or_splice;trans_regulatory_or_intronic
GATD3:P0DPI2:OID30253:v1,GATD3,Cardiometabolic_II,GATD3,P0DPI2,6,6,1,5,64.4707,0.3783549,2,cis_locus_linked;trans_regulatory_or_intronic
GBP6:Q6ZN66:OID30139:v1,GBP6,Cardiometabolic_II,GBP6,Q6ZN66,1,1,0,1,13.4849,0.0554606,1,trans_regulatory_or_intronic
GET3:O43681:OID30303:v1,GET3,Cardiometabolic_II,GET3,O43681,2,2,0,2,32.7875,0.14599,1,trans_regulatory_or_intronic
GGACT:Q9BVM4:OID30290:v1,GGACT,Cardiometabolic_II,GGACT,Q9BVM4,4,4,1,3,1139.75,0.6329794,2,cis_target_regulatory_or_linked;trans_regulatory_or_intronic
GGCT:O75223:OID30304:v1,GGCT,Cardiometabolic_II,GGCT,O75223,4,4,1,3,65.9825,0.2723031,2,cis_target_regulatory_or_linked;trans_regulatory_or_intronic
GIP:P09681:OID30288:v1,GIP,Cardiometabolic_II,GIP,P09681,6,6,1,5,67.0249,0.6175404999999999,2,cis_target_regulatory_or_linked;trans_regulatory_or_intronic
GM2A:P17900:OID30413:v1,GM2A,Cardiometabolic_II,GM2A,P17900,5,5,1,4,2471.56,0.8368990000000001,3,cis_target_coding_or_splice;trans_other_gene_coding_or_splice;trans_regulatory_or_intronic
GMFG:O60234:OID30340:v1,GMFG,Cardiometabolic_II,GMFG,O60234,5,5,1,4,26.0411,0.3212375,2,cis_target_regulatory_or_linked;trans_regulatory_or_intronic
GNPDA1:P46926:OID30197:v1,GNPDA1,Cardiometabolic_II,GNPDA1,P46926,3,3,1,2,41.8263,0.429365,2,cis_target_regulatory_or_linked;trans_other_gene_coding_or_splice
GOT1:P17174:OID30417:v1,GOT1,Cardiometabolic_II,GOT1,P17174,3,3,0,3,58.7471,0.23363029999999999,1,trans_regulatory_or_intronic
GP1BB:P13224:OID30174:v1,GP1BB,Cardiometabolic_II,GP1BB,P13224,13,13,0,13,191.095,1.3419004,2,trans_other_gene_coding_or_splice;trans_regulatory_or_intronic
GRHPR:Q9UBQ7:OID30289:v1,GRHPR,Cardiometabolic_II,GRHPR,Q9UBQ7,5,5,1,4,355.079,0.458747,2,cis_target_regulatory_or_linked;trans_regulatory_or_intronic
GRP:P07492:OID30264:v1,GRP,Cardiometabolic_II,GRP,P07492,12,12,1,11,617.602,1.2341333,3,cis_locus_linked;trans_other_or_unknown;trans_regulatory_or_intronic
GSTM4:Q03013:OID30164:v1,GSTM4,Cardiometabolic_II,GSTM4,Q03013,1,1,0,1,13.7239,0.0617648,1,trans_other_or_unknown
HADH:Q16836:OID30132:v1,HADH,Cardiometabolic_II,HADH,Q16836,2,2,1,1,53.6511,0.2384386,2,cis_target_regulatory_or_linked;trans_regulatory_or_intronic
HBZ:P02008:OID30307:v1,HBZ,Cardiometabolic_II,HBZ,P02008,9,9,1,8,5397.88,1.7504881,2,cis_target_regulatory_or_linked;trans_regulatory_or_intronic
HCG22:E2RYF7:OID30088:v1,HCG22,Cardiometabolic_II,HCG22,E2RYF7,1,1,1,0,787.035,0.400809,1,cis_target_regulatory_or_linked
HEPH:Q9BQS7:OID30337:v1,HEPH,Cardiometabolic_II,HEPH,Q9BQS7,4,4,0,4,196.03,0.5297219,2,trans_other_gene_coding_or_splice;trans_regulatory_or_intronic
HMGCL:P35914:OID30214:v1,HMGCL,Cardiometabolic_II,HMGCL,P35914,1,1,0,1,12.2866,0.0493181,1,trans_regulatory_or_intronic
HPSE:Q9Y251:OID30409:v1,HPSE,Cardiometabolic_II,HPSE,Q9Y251,15,15,1,14,124.645,1.7433109,4,cis_target_regulatory_or_linked;trans_other_gene_coding_or_splice;trans_other_or_unknown;trans_regulatory_or_intronic
HRC:P23327:OID30211:v1,HRC,Cardiometabolic_II,HRC,P23327,8,8,0,8,36.9713,0.4969136,2,trans_other_gene_coding_or_splice;trans_regulatory_or_intronic
HS1BP3:Q53T59:OID30243:v1,HS1BP3,Cardiometabolic_II,HS1BP3,Q53T59,2,2,1,1,117.445,0.9435835,2,cis_target_coding_or_splice;trans_regulatory_or_intronic
HSBP1:O75506:OID30232:v1,HSBP1,Cardiometabolic_II,HSBP1,O75506,18,18,1,17,1647.9,2.377926,4,cis_locus_linked;trans_other_gene_coding_or_splice;trans_other_or_unknown;trans_regulatory_or_intronic
HSDL2:Q6YN16:OID30256:v1,HSDL2,Cardiometabolic_II,HSDL2,Q6YN16,5,5,1,4,1878.17,0.7823466,3,cis_locus_linked;trans_other_gene_coding_or_splice;trans_regulatory_or_intronic
IDO1:P14902:OID30230:v1,IDO1,Cardiometabolic_II,IDO1,P14902,3,3,0,3,18.1951,0.2979491,2,trans_other_or_unknown;trans_regulatory_or_intronic
IGDCC4:Q8TDY8:OID30402:v1,IGDCC4,Cardiometabolic_II,IGDCC4,Q8TDY8,7,7,1,6,436.194,1.3510937,3,cis_locus_linked;trans_other_gene_coding_or_splice;trans_regulatory_or_intronic
IGF2BP3:O00425:OID30112:v1,IGF2BP3,Cardiometabolic_II,IGF2BP3,O00425,1,1,0,1,13.8746,0.0490792,1,trans_regulatory_or_intronic
IGHMBP2:P38935:OID30123:v1,IGHMBP2,Cardiometabolic_II,IGHMBP2,P38935,2,2,1,1,29.75,0.11702480000000001,2,cis_locus_linked;trans_regulatory_or_intronic
IGSF21:Q96ID5:OID30210:v1,IGSF21,Cardiometabolic_II,IGSF21,Q96ID5,3,3,1,2,122.843,0.2781992,3,cis_target_regulatory_or_linked;trans_other_or_unknown;trans_regulatory_or_intronic
IGSF9:Q9P2J2:OID30330:v1,IGSF9,Cardiometabolic_II,IGSF9,Q9P2J2,6,6,1,5,283.081,0.9366223,3,cis_target_coding_or_splice;trans_other_gene_coding_or_splice;trans_regulatory_or_intronic
INPP5D:Q92835:OID30259:v1,INPP5D,Cardiometabolic_II,INPP5D,Q92835,3,3,1,2,166.122,0.2950818,2,cis_target_coding_or_splice;trans_regulatory_or_intronic
ITGBL1:O95965:OID30408:v1,ITGBL1,Cardiometabolic_II,ITGBL1,O95965,7,7,1,6,447.437,1.1822738,3,cis_target_regulatory_or_linked;trans_other_gene_coding_or_splice;trans_regulatory_or_intronic
ITPA:Q9BY32:OID30082:v1,ITPA,Cardiometabolic_II,ITPA,Q9BY32,2,2,1,1,2278.09,1.2456425,2,cis_target_coding_or_splice;trans_regulatory_or_intronic
ITPR1:Q14643:OID30216:v1,ITPR1,Cardiometabolic_II,ITPR1,Q14643,9,9,1,8,79.2951,0.8592348,3,cis_target_regulatory_or_linked;trans_other_gene_coding_or_splice;trans_regulatory_or_intronic
KHK:P50053:OID30241:v1,KHK,Cardiometabolic_II,KHK,P50053,3,3,1,2,1009.74,0.5316038,3,cis_target_coding_or_splice;trans_other_gene_coding_or_splice;trans_regulatory_or_intronic
KIF22:Q14807:OID30175:v1,KIF22,Cardiometabolic_II,KIF22,Q14807,6,6,0,6,25.1809,0.3574479,1,trans_regulatory_or_intronic
KLK3:P07288:OID30364:v1,KLK3,Cardiometabolic_II,KLK3,P07288,2,2,1,1,40.1066,0.1284484,2,cis_target_regulatory_or_linked;trans_regulatory_or_intronic
L3HYPDH:Q96EM0:OID30314:v1,L3HYPDH,Cardiometabolic_II,L3HYPDH,Q96EM0,7,7,0,7,46.7204,0.427632,2,trans_other_gene_coding_or_splice;trans_regulatory_or_intronic
LAMB1:P07942:OID30280:v1,LAMB1,Cardiometabolic_II,LAMB1,P07942,13,13,1,12,2217.94,2.1387768,4,cis_locus_linked;trans_other_gene_coding_or_splice;trans_other_or_unknown;trans_regulatory_or_intronic
LAMP1:P11279:OID30416:v1,LAMP1,Cardiometabolic_II,LAMP1,P11279,6,6,0,6,49.5905,0.44724729999999996,2,trans_other_gene_coding_or_splice;trans_regulatory_or_intronic
LCP1:P13796:OID30367:v1,LCP1,Cardiometabolic_II,LCP1,P13796,4,4,1,3,4209.37,1.6158945,3,cis_target_coding_or_splice;trans_other_or_unknown;trans_regulatory_or_intronic
LECT2:O14960:OID30320:v1,LECT2,Cardiometabolic_II,LECT2,O14960,11,11,1,10,4434.63,1.3027224,4,cis_target_regulatory_or_linked;trans_other_gene_coding_or_splice;trans_other_or_unknown;trans_regulatory_or_intronic
LILRA3:Q8N6C8:OID30376:v1,LILRA3,Cardiometabolic_II,LILRA3,Q8N6C8,6,6,1,5,5788.36,1.5055468,4,cis_locus_linked;trans_other_gene_coding_or_splice;trans_other_or_unknown;trans_regulatory_or_intronic
LILRA6:Q6PI73:OID30346:v1,LILRA6,Cardiometabolic_II,LILRA6,Q6PI73,3,3,1,2,3469.84,1.1270248999999999,2,cis_locus_linked;trans_regulatory_or_intronic
LIPF:P07098:OID30266:v1,LIPF,Cardiometabolic_II,LIPF,P07098,4,4,0,4,30.3651,0.26865910000000004,1,trans_regulatory_or_intronic
LMOD1:P29536:OID30212:v1,LMOD1,Cardiometabolic_II,LMOD1,P29536,1,1,0,1,13.7956,0.0435503,1,trans_regulatory_or_intronic
LONP1:P36776:OID30219:v1,LONP1,Cardiometabolic_II,LONP1,P36776,4,4,1,3,145.589,0.3217502,2,cis_target_regulatory_or_linked;trans_regulatory_or_intronic
LPP:Q93052:OID30190:v1,LPP,Cardiometabolic_II,LPP,Q93052,3,3,0,3,16.502,0.17422110000000002,1,trans_regulatory_or_intronic
LRCH4:O75427:OID30191:v1,LRCH4,Cardiometabolic_II,LRCH4,O75427,5,5,1,4,25.3248,0.3228062,3,cis_locus_linked;trans_other_gene_coding_or_splice;trans_regulatory_or_intronic
LRRC59:Q96AG4:OID30361:v1,LRRC59,Cardiometabolic_II,LRRC59,Q96AG4,5,5,0,5,58.3138,0.315921,1,trans_regulatory_or_intronic
M6PR:P20645:OID30208:v1,M6PR,Cardiometabolic_II,M6PR,P20645,5,5,1,4,169.054,0.4993308,2,cis_locus_linked;trans_regulatory_or_intronic
MAMDC2:Q7Z304:OID30309:v1,MAMDC2,Cardiometabolic_II,MAMDC2,Q7Z304,10,10,1,9,221.96,1.0335156,4,cis_locus_linked;trans_other_gene_coding_or_splice;trans_other_or_unknown;trans_regulatory_or_intronic
MAN1A2:O60476:OID30262:v1,MAN1A2,Cardiometabolic_II,MAN1A2,O60476,15,15,1,14,233.094,1.6685709,3,cis_locus_linked;trans_other_gene_coding_or_splice;trans_regulatory_or_intronic
MAN2B2:Q9Y2E5:OID30306:v1,MAN2B2,Cardiometabolic_II,MAN2B2,Q9Y2E5,21,21,1,20,4259.0,2.3389879,3,cis_target_regulatory_or_linked;trans_other_gene_coding_or_splice;trans_regulatory_or_intronic
MANSC4:A6NHS7:OID30141:v1,MANSC4,Cardiometabolic_II,MANSC4,A6NHS7,6,6,1,5,3520.83,1.3405822,3,cis_target_regulatory_or_linked;trans_other_gene_coding_or_splice;trans_regulatory_or_intronic
MAP1LC3B2:A6NCE7:OID30074:v1,MAP1LC3B2,Cardiometabolic_II,MAP1LC3B2,A6NCE7,2,2,0,2,32.163,0.14587830000000002,1,trans_regulatory_or_intronic
MECR:Q9BV79:OID30274:v1,MECR,Cardiometabolic_II,MECR,Q9BV79,6,6,1,5,30.4947,0.3627345,2,cis_target_regulatory_or_linked;trans_regulatory_or_intronic
MEGF11:A6BM72:OID30099:v1,MEGF11,Cardiometabolic_II,MEGF11,A6BM72,2,2,1,1,94.3802,0.577794,2,cis_target_regulatory_or_linked;trans_other_gene_coding_or_splice
MELTF:P08582:OID30347:v1,MELTF,Cardiometabolic_II,MELTF,P08582,9,9,1,8,938.35,1.1490839,2,cis_target_regulatory_or_linked;trans_regulatory_or_intronic
MMP15:P51511:OID30299:v1,MMP15,Cardiometabolic_II,MMP15,P51511,1,1,0,1,39.0897,0.11768,1,trans_regulatory_or_intronic
MMUT:P22033:OID30159:v1,MMUT,Cardiometabolic_II,MMUT,P22033,1,1,1,0,51.7457,0.0992385,1,cis_target_regulatory_or_linked
MTR:Q99707:OID30110:v1,MTR,Cardiometabolic_II,MTR,Q99707,1,1,0,1,11.5643,0.044432,1,trans_other_or_unknown
MUC2:Q02817:OID30377:v1,MUC2,Cardiometabolic_II,MUC2,Q02817,16,16,1,15,2271.81,2.3937395,4,cis_target_regulatory_or_linked;trans_other_gene_coding_or_splice;trans_other_or_unknown;trans_regulatory_or_intronic
MYBPC1:Q00872:OID30296:v1,MYBPC1,Cardiometabolic_II,MYBPC1,Q00872,13,13,0,13,73.4867,0.8168788,3,trans_other_gene_coding_or_splice;trans_other_or_unknown;trans_regulatory_or_intronic
MYBPC2:Q14324:OID30199:v1,MYBPC2,Cardiometabolic_II,MYBPC2,Q14324,3,3,1,2,21.5989,0.2278506,2,cis_target_regulatory_or_linked;trans_other_gene_coding_or_splice
MYDGF:Q969H8:OID30313:v1,MYDGF,Cardiometabolic_II,MYDGF,Q969H8,6,6,1,5,51.2598,0.5725880999999999,3,cis_target_regulatory_or_linked;trans_other_gene_coding_or_splice;trans_regulatory_or_intronic
MYH9:P35579:OID30382:v1,MYH9,Cardiometabolic_II,MYH9,P35579,8,8,0,8,28.5879,0.4058517,3,trans_other_gene_coding_or_splice;trans_other_or_unknown;trans_regulatory_or_intronic
MYL3:P08590:OID30251:v1,MYL3,Cardiometabolic_II,MYL3,P08590,13,13,0,13,93.7068,0.8718095,3,trans_other_gene_coding_or_splice;trans_other_or_unknown;trans_regulatory_or_intronic
MYL4:P12829:OID30245:v1,MYL4,Cardiometabolic_II,MYL4,P12829,1,1,0,1,23.0735,0.307271,1,trans_other_gene_coding_or_splice
MYOM2:P54296:OID30131:v1,MYOM2,Cardiometabolic_II,MYOM2,P54296,2,2,0,2,25.3634,0.1190678,2,trans_other_gene_coding_or_splice;trans_regulatory_or_intronic
NAA10:P41227:OID30188:v1,NAA10,Cardiometabolic_II,NAA10,P41227,1,1,0,1,13.4706,0.0485261,1,trans_regulatory_or_intronic
NAGK:Q9UJ70:OID30271:v1,NAGK,Cardiometabolic_II,NAGK,Q9UJ70,5,5,1,4,252.404,0.443467,3,cis_target_regulatory_or_linked;trans_other_or_unknown;trans_regulatory_or_intronic
NEB:P20929:OID30105:v1,NEB,Cardiometabolic_II,NEB,P20929,1,1,0,1,12.5159,0.225566,1,trans_other_gene_coding_or_splice
NECAP2:Q9NVZ3:OID30089:v1,NECAP2,Cardiometabolic_II,NECAP2,Q9NVZ3,1,1,0,1,12.1264,0.0480165,1,trans_other_gene_coding_or_splice
NFE2:Q16621:OID30268:v1,NFE2,Cardiometabolic_II,NFE2,Q16621,5,5,0,5,24.6367,0.2413884,1,trans_regulatory_or_intronic
NFKB1:P19838:OID30160:v1,NFKB1,Cardiometabolic_II,NFKB1,P19838,4,4,1,3,73.7691,0.2677251,2,cis_target_regulatory_or_linked;trans_regulatory_or_intronic
NFX1:Q12986:OID30158:v1,NFX1,Cardiometabolic_II,NFX1,Q12986,1,1,0,1,15.1932,0.0501391,1,trans_regulatory_or_intronic
NIT1:Q86X76:OID30252:v1,NIT1,Cardiometabolic_II,NIT1,Q86X76,3,3,1,2,314.752,0.8043274,2,cis_locus_linked;trans_regulatory_or_intronic
NIT2:Q9NQR4:OID30336:v1,NIT2,Cardiometabolic_II,NIT2,Q9NQR4,6,6,0,6,15.3465,0.2870123,2,trans_other_gene_coding_or_splice;trans_regulatory_or_intronic
NOP56:O00567:OID30055:v1,NOP56,Cardiometabolic_II,NOP56,O00567,1,1,0,1,11.1863,0.0482506,1,trans_other_or_unknown
NOTCH2:Q04721:OID30407:v1,NOTCH2,Cardiometabolic_II,NOTCH2,Q04721,6,6,1,5,2199.08,2.1374453,3,cis_target_regulatory_or_linked;trans_other_gene_coding_or_splice;trans_regulatory_or_intronic
NPC2:P61916:OID30418:v1,NPC2,Cardiometabolic_II,NPC2,P61916,5,5,0,5,19.575,0.2445196,2,trans_other_gene_coding_or_splice;trans_regulatory_or_intronic
NPL:Q9BXD5:OID30329:v1,NPL,Cardiometabolic_II,NPL,Q9BXD5,7,7,0,7,54.4231,0.475981,2,trans_other_gene_coding_or_splice;trans_regulatory_or_intronic
NPTX2:P47972:OID30390:v1,NPTX2,Cardiometabolic_II,NPTX2,P47972,9,9,1,8,745.003,1.2570819,4,cis_locus_linked;trans_other_gene_coding_or_splice;trans_other_or_unknown;trans_regulatory_or_intronic
NT5C:Q8TCD5:OID30294:v1,NT5C,Cardiometabolic_II,NT5C,Q8TCD5,6,6,1,5,1645.95,1.8046241,2,cis_locus_linked;trans_regulatory_or_intronic
NUDT15:Q9NV35:OID30102:v1,NUDT15,Cardiometabolic_II,NUDT15,Q9NV35,1,1,1,0,16.4413,0.437976,1,cis_locus_linked
OPLAH:O14841:OID30201:v1,OPLAH,Cardiometabolic_II,OPLAH,O14841,5,5,1,4,184.19,0.4620162,2,cis_locus_linked;trans_regulatory_or_intronic
OXCT1:P55809:OID30227:v1,OXCT1,Cardiometabolic_II,OXCT1,P55809,6,6,1,5,17.7714,0.3041303999999999,2,cis_locus_linked;trans_regulatory_or_intronic
PACS2:Q86VP3:OID30186:v1,PACS2,Cardiometabolic_II,PACS2,Q86VP3,4,4,1,3,148.672,0.36395710000000003,2,cis_locus_linked;trans_regulatory_or_intronic
PAGR1:Q9BTK6:OID30206:v1,PAGR1,Cardiometabolic_II,PAGR1,Q9BTK6,2,2,0,2,26.1617,0.1321059,1,trans_regulatory_or_intronic
PALM3:A6NDB9:OID30182:v1,PALM3,Cardiometabolic_II,PALM3,A6NDB9,1,1,0,1,34.4633,0.0846091,1,trans_regulatory_or_intronic
PDAP1:Q13442:OID30323:v1,PDAP1,Cardiometabolic_II,PDAP1,Q13442,5,5,0,5,33.0725,0.2889392,2,trans_other_gene_coding_or_splice;trans_regulatory_or_intronic
PDIA4:P13667:OID30375:v1,PDIA4,Cardiometabolic_II,PDIA4,P13667,6,6,1,5,44.1232,0.3547087,2,cis_locus_linked;trans_regulatory_or_intronic
PDZD2:O15018:OID30151:v1,PDZD2,Cardiometabolic_II,PDZD2,O15018,3,3,1,2,312.028,0.5584572,2,cis_target_regulatory_or_linked;trans_regulatory_or_intronic
PECR:Q9BY49:OID30228:v1,PECR,Cardiometabolic_II,PECR,Q9BY49,3,3,1,2,442.413,0.5479862,3,cis_target_regulatory_or_linked;trans_other_or_unknown;trans_regulatory_or_intronic
PGD:P52209:OID30344:v1,PGD,Cardiometabolic_II,PGD,P52209,7,7,1,6,383.103,1.2198042,2,cis_target_coding_or_splice;trans_regulatory_or_intronic
PGLYRP4:Q96LB8:OID30101:v1,PGLYRP4,Cardiometabolic_II,PGLYRP4,Q96LB8,4,4,1,3,1074.51,1.0638585,2,cis_target_regulatory_or_linked;trans_regulatory_or_intronic
PKD1:P98161:OID30328:v1,PKD1,Cardiometabolic_II,PKD1,P98161,9,9,0,9,95.8309,1.1557376000000001,3,trans_other_gene_coding_or_splice;trans_other_or_unknown;trans_regulatory_or_intronic
PKD2:Q13563:OID30184:v1,PKD2,Cardiometabolic_II,PKD2,Q13563,5,5,1,4,46.1797,0.5619661,3,cis_target_regulatory_or_linked;trans_other_gene_coding_or_splice;trans_regulatory_or_intronic
PMM2:O15305:OID30125:v1,PMM2,Cardiometabolic_II,PMM2,O15305,3,3,1,2,221.504,0.7374297999999999,2,cis_target_coding_or_splice;trans_regulatory_or_intronic
PNMA1:Q8ND90:OID30194:v1,PNMA1,Cardiometabolic_II,PNMA1,Q8ND90,8,8,0,8,127.505,0.6162174,2,trans_other_or_unknown;trans_regulatory_or_intronic
POMC:P01189:OID30282:v1,POMC,Cardiometabolic_II,POMC,P01189,12,12,1,11,189.488,1.2909692,2,cis_target_regulatory_or_linked;trans_regulatory_or_intronic
POSTN:Q15063:OID30410:v1,POSTN,Cardiometabolic_II,POSTN,Q15063,5,5,1,4,321.988,0.8367138,3,cis_locus_linked;trans_other_gene_coding_or_splice;trans_regulatory_or_intronic
PPIF:P30405:OID30385:v1,PPIF,Cardiometabolic_II,PPIF,P30405,3,3,0,3,16.5567,0.14724589999999999,1,trans_regulatory_or_intronic
PPM1F:P49593:OID30350:v1,PPM1F,Cardiometabolic_II,PPM1F,P49593,7,7,1,6,19.6637,0.4274857,2,cis_locus_linked;trans_regulatory_or_intronic
PRAP1:Q96NZ9:OID30391:v1,PRAP1,Cardiometabolic_II,PRAP1,Q96NZ9,6,6,1,5,674.421,1.6457712,4,cis_locus_linked;trans_other_gene_coding_or_splice;trans_other_or_unknown;trans_regulatory_or_intronic
PRG2:P13727:OID30381:v1,PRG2,Cardiometabolic_II,PRG2,P13727,32,32,1,31,143.304,3.4236335,4,cis_locus_linked;trans_other_gene_coding_or_splice;trans_other_or_unknown;trans_regulatory_or_intronic
PRG3:Q9Y2Y8:OID30383:v1,PRG3,Cardiometabolic_II,PRG3,Q9Y2Y8,37,37,1,36,218.586,4.6963397,4,cis_target_coding_or_splice;trans_other_gene_coding_or_splice;trans_other_or_unknown;trans_regulatory_or_intronic
PROCR:Q9UNN8:OID30149:v1,PROCR,Cardiometabolic_II,PROCR,Q9UNN8,1,1,1,0,898.801,0.713349,1,cis_target_regulatory_or_linked
PRRT3:Q5FWE3:OID30276:v1,PRRT3,Cardiometabolic_II,PRRT3,Q5FWE3,9,9,1,8,204.496,0.7771189000000001,4,cis_target_regulatory_or_linked;trans_other_gene_coding_or_splice;trans_other_or_unknown;trans_regulatory_or_intronic
PSAP:P07602:OID30419:v1,PSAP,Cardiometabolic_II,PSAP,P07602,10,10,1,9,224.328,0.903377,3,cis_locus_linked;trans_other_gene_coding_or_splice;trans_regulatory_or_intronic
PTGR1:Q14914:OID30297:v1,PTGR1,Cardiometabolic_II,PTGR1,Q14914,6,6,1,5,692.679,1.0442958,4,cis_target_regulatory_or_linked;trans_other_gene_coding_or_splice;trans_other_or_unknown;trans_regulatory_or_intronic
PTPRB:P23467:OID30324:v1,PTPRB,Cardiometabolic_II,PTPRB,P23467,14,14,1,13,658.442,1.784074,4,cis_target_coding_or_splice;trans_other_gene_coding_or_splice;trans_other_or_unknown;trans_regulatory_or_intronic
PTPRC:P08575:OID30380:v1,PTPRC,Cardiometabolic_II,PTPRC,P08575,6,6,0,6,125.616,0.5405398,3,trans_other_gene_coding_or_splice;trans_other_or_unknown;trans_regulatory_or_intronic
PTPRZ1:P23471:OID30343:v1,PTPRZ1,Cardiometabolic_II,PTPRZ1,P23471,10,10,0,10,80.7966,0.7276461,2,trans_other_gene_coding_or_splice;trans_regulatory_or_intronic
PYDC1:Q8WXC3:OID30202:v1,PYDC1,Cardiometabolic_II,PYDC1,Q8WXC3,13,13,1,12,2447.25,2.1198695,4,cis_locus_linked;trans_other_gene_coding_or_splice;trans_other_or_unknown;trans_regulatory_or_intronic
PYY:P10082:OID30150:v1,PYY,Cardiometabolic_II,PYY,P10082,8,8,1,7,299.096,0.7999339,2,cis_target_regulatory_or_linked;trans_regulatory_or_intronic
RAB10:P61026:OID30357:v1,RAB10,Cardiometabolic_II,RAB10,P61026,4,4,0,4,16.9525,0.1956461,1,trans_regulatory_or_intronic
RAB11FIP3:O75154:OID30325:v1,RAB11FIP3,Cardiometabolic_II,RAB11FIP3,O75154,3,3,1,2,19.6215,0.2497426,2,cis_target_regulatory_or_linked;trans_regulatory_or_intronic
RAB27B:O00194:OID30354:v1,RAB27B,Cardiometabolic_II,RAB27B,O00194,7,7,0,7,39.1716,0.4020666,3,trans_other_gene_coding_or_splice;trans_other_or_unknown;trans_regulatory_or_intronic
RAB33A:Q14088:OID30122:v1,RAB33A,Cardiometabolic_II,RAB33A,Q14088,1,1,0,1,13.2033,0.0469653,1,trans_regulatory_or_intronic
RAB39B:Q96DA2:OID30069:v1,RAB39B,Cardiometabolic_II,RAB39B,Q96DA2,1,1,0,1,11.6586,0.046739,1,trans_regulatory_or_intronic
RANBP1:P43487:OID30258:v1,RANBP1,Cardiometabolic_II,RANBP1,P43487,2,2,1,1,18.3832,0.1683425,2,cis_locus_linked;trans_regulatory_or_intronic
RBPMS2:Q6ZRY4:OID30257:v1,RBPMS2,Cardiometabolic_II,RBPMS2,Q6ZRY4,9,9,1,8,55.6677,0.6854047,3,cis_locus_linked;trans_other_gene_coding_or_splice;trans_regulatory_or_intronic
RECK:O95980:OID30234:v1,RECK,Cardiometabolic_II,RECK,O95980,8,8,0,8,42.4557,0.5766172,2,trans_other_gene_coding_or_splice;trans_regulatory_or_intronic
RILPL2:Q969X0:OID30342:v1,RILPL2,Cardiometabolic_II,RILPL2,Q969X0,6,6,1,5,33.28,0.4736014,2,cis_target_regulatory_or_linked;trans_regulatory_or_intronic
RIPK4:P57078:OID30138:v1,RIPK4,Cardiometabolic_II,RIPK4,P57078,1,1,0,1,34.0041,0.111525,1,trans_regulatory_or_intronic
RNASE10:Q5GAN6:OID30238:v1,RNASE10,Cardiometabolic_II,RNASE10,Q5GAN6,1,1,1,0,3406.33,0.780443,1,cis_target_regulatory_or_linked
RNF149:Q8NC42:OID30235:v1,RNF149,Cardiometabolic_II,RNF149,Q8NC42,6,6,1,5,407.318,0.7086894,3,cis_target_regulatory_or_linked;trans_other_gene_coding_or_splice;trans_regulatory_or_intronic
RNF5:Q99942:OID30218:v1,RNF5,Cardiometabolic_II,RNF5,Q99942,6,6,0,6,58.5762,0.4578669,1,trans_regulatory_or_intronic
ROBO4:Q8WZ75:OID30226:v1,ROBO4,Cardiometabolic_II,ROBO4,Q8WZ75,3,3,1,2,974.313,0.7046756000000001,3,cis_target_coding_or_splice;trans_other_or_unknown;trans_regulatory_or_intronic
RPL14:P50914:OID30284:v1,RPL14,Cardiometabolic_II,RPL14,P50914,3,3,1,2,19.0717,0.3242177,3,cis_target_regulatory_or_linked;trans_other_gene_coding_or_splice;trans_regulatory_or_intronic
RPS10:P46783:OID30070:v1,RPS10,Cardiometabolic_II,RPS10,P46783,1,1,0,1,12.2517,0.0482264,1,trans_other_or_unknown
SARG:Q9BW04:OID30331:v1,SARG,Cardiometabolic_II,C1orf116,Q9BW04,6,6,1,5,36.3389,0.5516677,4,cis_target_regulatory_or_linked;trans_other_gene_coding_or_splice;trans_other_or_unknown;trans_regulatory_or_intronic
SBSN:Q6UWP8:OID30398:v1,SBSN,Cardiometabolic_II,SBSN,Q6UWP8,4,4,0,4,30.7109,0.4303995,2,trans_other_gene_coding_or_splice;trans_regulatory_or_intronic
SCN4B:Q8IWT1:OID30277:v1,SCN4B,Cardiometabolic_II,SCN4B,Q8IWT1,3,3,0,3,19.2469,0.1598784,3,trans_other_gene_coding_or_splice;trans_other_or_unknown;trans_regulatory_or_intronic
SCPEP1:Q9HB40:OID30278:v1,SCPEP1,Cardiometabolic_II,SCPEP1,Q9HB40,8,8,1,7,585.332,0.7693378,3,cis_target_regulatory_or_linked;trans_other_gene_coding_or_splice;trans_regulatory_or_intronic
SEC31A:O94979:OID30269:v1,SEC31A,Cardiometabolic_II,SEC31A,O94979,8,8,1,7,55.6483,0.7054097,3,cis_target_coding_or_splice;trans_other_gene_coding_or_splice;trans_regulatory_or_intronic
SEL1L:Q9UBV2:OID30196:v1,SEL1L,Cardiometabolic_II,SEL1L,Q9UBV2,3,3,1,2,472.876,1.8582941000000002,2,cis_target_coding_or_splice;trans_other_gene_coding_or_splice
SERPINE2:P07093:OID30359:v1,SERPINE2,Cardiometabolic_II,SERPINE2,P07093,22,22,1,21,1562.15,2.0680867,3,cis_target_regulatory_or_linked;trans_other_or_unknown;trans_regulatory_or_intronic
SGSH:P51688:OID30341:v1,SGSH,Cardiometabolic_II,SGSH,P51688,8,8,1,7,4751.02,1.4201469,3,cis_target_coding_or_splice;trans_other_gene_coding_or_splice;trans_regulatory_or_intronic
SHD:Q96IW2:OID30098:v1,SHD,Cardiometabolic_II,SHD,Q96IW2,2,2,0,2,70.8245,0.2689708,1,trans_regulatory_or_intronic
SHISA5:Q8N114:OID30387:v1,SHISA5,Cardiometabolic_II,SHISA5,Q8N114,5,5,1,4,90.0785,0.4311641,2,cis_target_regulatory_or_linked;trans_regulatory_or_intronic
SIGLEC8:Q9NYZ4:OID30261:v1,SIGLEC8,Cardiometabolic_II,SIGLEC8,Q9NYZ4,16,16,1,15,1247.15,1.9158493,4,cis_locus_linked;trans_other_gene_coding_or_splice;trans_other_or_unknown;trans_regulatory_or_intronic
SIL1:Q9H173:OID30207:v1,SIL1,Cardiometabolic_II,SIL1,Q9H173,5,5,1,4,102.623,1.2508635,3,cis_target_regulatory_or_linked;trans_other_gene_coding_or_splice;trans_regulatory_or_intronic
SLC4A1:P02730:OID30369:v1,SLC4A1,Cardiometabolic_II,SLC4A1,P02730,2,2,1,1,21.9498,0.2009825,2,cis_target_coding_or_splice;trans_regulatory_or_intronic
SLC51B:Q86UW2:OID30107:v1,SLC51B,Cardiometabolic_II,SLC51B,Q86UW2,10,10,0,10,268.449,1.7029144,3,trans_other_gene_coding_or_splice;trans_other_or_unknown;trans_regulatory_or_intronic
SLURP1:P55000:OID30404:v1,SLURP1,Cardiometabolic_II,SLURP1,P55000,3,3,0,3,16.0818,0.25276699999999996,2,trans_other_gene_coding_or_splice;trans_regulatory_or_intronic
SNED1:Q8TER0:OID30205:v1,SNED1,Cardiometabolic_II,SNED1,Q8TER0,1,1,1,0,73.4042,0.116414,1,cis_locus_linked
SNX5:Q9Y5X3:OID30215:v1,SNX5,Cardiometabolic_II,SNX5,Q9Y5X3,3,3,0,3,108.669,0.242319,1,trans_regulatory_or_intronic
SPESP1:Q6UW49:OID30298:v1,SPESP1,Cardiometabolic_II,SPESP1,Q6UW49,7,7,1,6,303.565,1.8328182000000002,3,cis_locus_linked;trans_other_gene_coding_or_splice;trans_regulatory_or_intronic
SPINK8:P0C7L1:OID30153:v1,SPINK8,Cardiometabolic_II,SPINK8,P0C7L1,1,1,1,0,979.305,0.462544,1,cis_target_coding_or_splice
SRPX:P78539:OID30310:v1,SRPX,Cardiometabolic_II,SRPX,P78539,4,4,0,4,105.792,0.7360021,2,trans_other_gene_coding_or_splice;trans_regulatory_or_intronic
STAB2:Q8WWQ8:OID30401:v1,STAB2,Cardiometabolic_II,STAB2,Q8WWQ8,18,18,1,17,952.337,2.3533357,4,cis_target_regulatory_or_linked;trans_other_gene_coding_or_splice;trans_other_or_unknown;trans_regulatory_or_intronic
SYTL4:Q96C24:OID30339:v1,SYTL4,Cardiometabolic_II,SYTL4,Q96C24,2,2,0,2,16.4043,0.097334,1,trans_regulatory_or_intronic
TALDO1:P37837:OID30414:v1,TALDO1,Cardiometabolic_II,TALDO1,P37837,5,5,1,4,40.3829,0.7641262,2,cis_locus_linked;trans_regulatory_or_intronic
TCOF1:Q13428:OID30316:v1,TCOF1,Cardiometabolic_II,TCOF1,Q13428,3,3,0,3,22.9292,0.3982483,2,trans_other_gene_coding_or_splice;trans_regulatory_or_intronic
TCTN3:Q6NUS6:OID30326:v1,TCTN3,Cardiometabolic_II,TCTN3,Q6NUS6,14,14,1,13,2173.03,2.6280996,4,cis_target_regulatory_or_linked;trans_other_gene_coding_or_splice;trans_other_or_unknown;trans_regulatory_or_intronic
TEF:Q10587:OID30103:v1,TEF,Cardiometabolic_II,TEF,Q10587,2,2,1,1,22.3557,0.11938660000000001,2,cis_locus_linked;trans_regulatory_or_intronic
TIMM10:P62072:OID30358:v1,TIMM10,Cardiometabolic_II,TIMM10,P62072,5,5,1,4,181.778,0.41689889999999996,2,cis_locus_linked;trans_regulatory_or_intronic
TIMP2:P16035:OID30318:v1,TIMP2,Cardiometabolic_II,TIMP2,P16035,3,3,1,2,71.1578,0.7419748,3,cis_target_regulatory_or_linked;trans_other_gene_coding_or_splice;trans_regulatory_or_intronic
TMEM132A:Q24JP5:OID30287:v1,TMEM132A,Cardiometabolic_II,TMEM132A,Q24JP5,1,1,1,0,1980.09,0.608009,1,cis_target_regulatory_or_linked
TNFSF8:P32971:OID30384:v1,TNFSF8,Cardiometabolic_II,TNFSF8,P32971,17,17,1,16,294.997,1.3671645000000001,4,cis_target_regulatory_or_linked;trans_other_gene_coding_or_splice;trans_other_or_unknown;trans_regulatory_or_intronic
TNN:Q9UQP3:OID30412:v1,TNN,Cardiometabolic_II,TNN,Q9UQP3,8,8,1,7,4041.13,1.2966018000000001,3,cis_target_regulatory_or_linked;trans_other_or_unknown;trans_regulatory_or_intronic
TOMM20:Q15388:OID30353:v1,TOMM20,Cardiometabolic_II,TOMM20,Q15388,7,7,0,7,28.551,0.3737214,1,trans_regulatory_or_intronic
TOR1AIP1:Q5JTV8:OID30195:v1,TOR1AIP1,Cardiometabolic_II,TOR1AIP1,Q5JTV8,5,5,1,4,2786.84,0.9316787999999999,2,cis_target_regulatory_or_linked;trans_regulatory_or_intronic
TPK1:Q9H3S4:OID30338:v1,TPK1,Cardiometabolic_II,TPK1,Q9H3S4,11,11,1,10,617.805,1.0304935,3,cis_target_regulatory_or_linked;trans_other_gene_coding_or_splice;trans_regulatory_or_intronic
TPM3:P06753:OID30058:v1,TPM3,Cardiometabolic_II,TPM3,P06753,2,2,0,2,17.2767,0.099897,1,trans_regulatory_or_intronic
TPR:P12270:OID30143:v1,TPR,Cardiometabolic_II,TPR,P12270,1,1,1,0,25.5101,0.456913,1,cis_target_coding_or_splice
TREH:O43280:OID30388:v1,TREH,Cardiometabolic_II,TREH,O43280,16,16,1,15,3849.77,1.7655397000000002,4,cis_locus_linked;trans_other_gene_coding_or_splice;trans_other_or_unknown;trans_regulatory_or_intronic
TSPAN15:O95858:OID30095:v1,TSPAN15,Cardiometabolic_II,TSPAN15,O95858,1,1,1,0,20.1317,0.0593167,1,cis_target_regulatory_or_linked
TTN:Q8WZ42:OID30108:v1,TTN,Cardiometabolic_II,TTN,Q8WZ42,2,2,0,2,23.2812,0.12392740000000001,1,trans_regulatory_or_intronic
TWF2:Q6IBS0:OID30386:v1,TWF2,Cardiometabolic_II,TWF2,Q6IBS0,6,6,1,5,24.7634,0.3035503,2,cis_target_regulatory_or_linked;trans_regulatory_or_intronic
UBE2L6:O14933:OID30321:v1,UBE2L6,Cardiometabolic_II,UBE2L6,O14933,5,5,1,4,293.577,0.48659579999999997,2,cis_locus_linked;trans_regulatory_or_intronic
UGDH:O60701:OID30081:v1,UGDH,Cardiometabolic_II,UGDH,O60701,1,1,0,1,20.1647,0.0651318,1,trans_regulatory_or_intronic
UPB1:Q9UBR1:OID30352:v1,UPB1,Cardiometabolic_II,UPB1,Q9UBR1,7,7,0,7,26.3405,0.3954572,3,trans_other_gene_coding_or_splice;trans_other_or_unknown;trans_regulatory_or_intronic
USP47:Q96K76:OID30119:v1,USP47,Cardiometabolic_II,USP47,Q96K76,1,1,0,1,43.1325,0.0903457,1,trans_regulatory_or_intronic
VIPR1:P32241:OID30193:v1,VIPR1,Cardiometabolic_II,VIPR1,P32241,1,1,0,1,11.4336,0.0639725,1,trans_regulatory_or_intronic
VIT:Q6UXI7:OID30334:v1,VIT,Cardiometabolic_II,VIT,Q6UXI7,12,12,1,11,1223.55,1.2103081,4,cis_target_regulatory_or_linked;trans_other_gene_coding_or_splice;trans_other_or_unknown;trans_regulatory_or_intronic
VSIG10L:Q86VR7:OID30189:v1,VSIG10L,Cardiometabolic_II,VSIG10L,Q86VR7,3,3,1,2,236.425,0.3704528,3,cis_locus_linked;trans_other_gene_coding_or_splice;trans_regulatory_or_intronic
YOD1:Q5VVQ6:OID30181:v1,YOD1,Cardiometabolic_II,YOD1,Q5VVQ6,3,3,1,2,70.1571,0.24347829999999998,2,cis_target_regulatory_or_linked;trans_regulatory_or_intronic
ZP3:P21754:OID30265:v1,ZP3,Cardiometabolic_II,ZP3,P21754,11,11,1,10,6723.96,1.611454,3,cis_locus_linked;trans_other_gene_coding_or_splice;trans_regulatory_or_intronic
ADA:P00813:OID20645:v1,ADA,Inflammation,ADA,P00813,4,4,1,3,2311.03,1.4655703,2,cis_target_coding_or_splice;trans_regulatory_or_intronic
ADAM23:O75077:OID20651:v1,ADAM23,Inflammation,ADAM23,O75077,10,10,1,9,1582.12,1.6867816,3,cis_target_regulatory_or_linked;trans_other_gene_coding_or_splice;trans_regulatory_or_intronic
ADGRE2:Q9UHX3:OID20755:v1,ADGRE2,Inflammation,ADGRE2,Q9UHX3,15,15,1,14,358.262,1.176362,3,cis_locus_linked;trans_other_gene_coding_or_splice;trans_regulatory_or_intronic
AGER:Q15109:OID20756:v1,AGER,Inflammation,AGER,Q15109,26,26,1,25,142.356,1.7895545,4,cis_target_regulatory_or_linked;trans_other_gene_coding_or_splice;trans_other_or_unknown;trans_regulatory_or_intronic
AGRN:O00468:OID20786:v1,AGRN,Inflammation,AGRN,O00468,7,7,1,6,720.658,0.8776374,4,cis_target_regulatory_or_linked;trans_other_gene_coding_or_splice;trans_other_or_unknown;trans_regulatory_or_intronic
AGRP:O00253:OID20658:v1,AGRP,Inflammation,AGRP,O00253,9,9,0,9,55.8639,0.6346105,3,trans_other_gene_coding_or_splice;trans_other_or_unknown;trans_regulatory_or_intronic
ALDH3A1:P30838:OID20512:v1,ALDH3A1,Inflammation,ALDH3A1,P30838,1,1,1,0,1223.6,0.473504,1,cis_target_regulatory_or_linked
AMN:Q9BXJ7:OID20492:v1,AMN,Inflammation,AMN,Q9BXJ7,5,5,1,4,2550.54,1.8341644999999998,3,cis_target_regulatory_or_linked;trans_other_gene_coding_or_splice;trans_regulatory_or_intronic
ANGPT1:Q15389:OID20740:v1,ANGPT1,Inflammation,ANGPT1,Q15389,28,28,1,27,172.522,2.4196919,4,cis_locus_linked;trans_other_gene_coding_or_splice;trans_other_or_unknown;trans_regulatory_or_intronic
ANGPTL2:Q9UKU9:OID20726:v1,ANGPTL2,Inflammation,ANGPTL2,Q9UKU9,7,7,1,6,301.328,1.1667991,2,cis_target_regulatory_or_linked;trans_regulatory_or_intronic
ANGPTL4:Q9BY76:OID20703:v1,ANGPTL4,Inflammation,ANGPTL4,Q9BY76,1,1,1,0,437.041,0.271103,1,cis_target_regulatory_or_linked
ANXA11:P50995:OID20583:v1,ANXA11,Inflammation,ANXA11,P50995,4,4,1,3,21.8103,0.19977060000000002,2,cis_target_regulatory_or_linked;trans_regulatory_or_intronic
AOC1:P19801:OID20452:v1,AOC1,Inflammation,AOC1,P19801,1,1,1,0,415.154,0.50754,1,cis_target_coding_or_splice
ARNT:P27540:OID20432:v1,ARNT,Inflammation,ARNT,P27540,1,1,0,1,11.0228,0.0453117,1,trans_other_or_unknown
ARTN:Q5T4W7:OID20446:v1,ARTN,Inflammation,ARTN,Q5T4W7,1,1,0,1,20.4391,0.0880301,1,trans_regulatory_or_intronic
ATP5IF1:Q9UII2:OID20760:v1,ATP5IF1,Inflammation,ATP5IF1,Q9UII2,5,5,1,4,63.6471,0.3243465,2,cis_locus_linked;trans_regulatory_or_intronic
AXIN1:O15169:OID20582:v1,AXIN1,Inflammation,AXIN1,O15169,3,3,1,2,19.4378,0.1509747,2,cis_target_regulatory_or_linked;trans_regulatory_or_intronic
B4GALT1:P15291:OID20780:v1,B4GALT1,Inflammation,B4GALT1,P15291,6,6,1,5,438.414,1.0600366,4,cis_target_regulatory_or_linked;trans_other_gene_coding_or_splice;trans_other_or_unknown;trans_regulatory_or_intronic
BACH1:O14867:OID20505:v1,BACH1,Inflammation,BACH1,O14867,3,3,1,2,16.6644,0.1480313,2,cis_target_regulatory_or_linked;trans_regulatory_or_intronic
BANK1:Q8NDB2:OID20594:v1,BANK1,Inflammation,BANK1,Q8NDB2,3,3,1,2,71.4877,0.5834656,2,cis_target_coding_or_splice;trans_regulatory_or_intronic
BCL2L11:O43521-2:OID20513:v1,BCL2L11,Inflammation,BCL2L11,O43521,13,13,0,13,485.64,1.4543416,2,trans_other_gene_coding_or_splice;trans_regulatory_or_intronic
BCR:P11274:OID20558:v1,BCR,Inflammation,BCR,P11274,1,1,0,1,12.7676,0.044898,1,trans_regulatory_or_intronic
BID:P55957:OID20517:v1,BID,Inflammation,BID,P55957,9,9,1,8,36.8506,1.3285049,4,cis_target_regulatory_or_linked;trans_other_gene_coding_or_splice;trans_other_or_unknown;trans_regulatory_or_intronic
BSG:P35613:OID20626:v1,BSG,Inflammation,BSG,P35613,12,12,1,11,100.822,1.3122818,3,cis_target_regulatory_or_linked;trans_other_gene_coding_or_splice;trans_regulatory_or_intronic
BTN2A1:Q7KYR7:OID20713:v1,BTN2A1,Inflammation,BTN2A1,Q7KYR7,10,10,1,9,477.593,1.0716389,4,cis_locus_linked;trans_other_gene_coding_or_splice;trans_other_or_unknown;trans_regulatory_or_intronic
BTN3A2:P78410:OID20540:v1,BTN3A2,Inflammation,BTN3A2,P78410,6,6,1,5,2370.73,1.4829501,3,cis_target_coding_or_splice;trans_other_gene_coding_or_splice;trans_regulatory_or_intronic
C1QA:P02745:OID20654:v1,C1QA,Inflammation,C1QA,P02745,18,18,1,17,696.168,2.1115825,4,cis_locus_linked;trans_other_gene_coding_or_splice;trans_other_or_unknown;trans_regulatory_or_intronic
CASP2:P42575:OID20555:v1,CASP2,Inflammation,CASP2,P42575,3,3,0,3,52.2451,0.1911097,1,trans_regulatory_or_intronic
CCL11:P51671:OID20668:v1,CCL11,Inflammation,CCL11,P51671,13,13,1,12,238.621,1.4330891000000001,4,cis_locus_linked;trans_other_gene_coding_or_splice;trans_other_or_unknown;trans_regulatory_or_intronic
CCL13:Q99616:OID20655:v1,CCL13,Inflammation,CCL13,Q99616,20,20,1,19,300.9,1.8868211000000001,4,cis_locus_linked;trans_other_gene_coding_or_splice;trans_other_or_unknown;trans_regulatory_or_intronic
CCL17:Q92583:OID20745:v1,CCL17,Inflammation,CCL17,Q92583,20,20,1,19,355.757,2.8003432,3,cis_target_regulatory_or_linked;trans_other_gene_coding_or_splice;trans_regulatory_or_intronic
CCL20:P78556:OID20671:v1,CCL20,Inflammation,CCL20,P78556,6,6,1,5,42.6253,0.7598741999999999,3,cis_locus_linked;trans_other_gene_coding_or_splice;trans_regulatory_or_intronic
CCL21:O00585:OID20686:v1,CCL21,Inflammation,CCL21,O00585,13,13,1,12,118.878,1.1937685,3,cis_target_regulatory_or_linked;trans_other_gene_coding_or_splice;trans_regulatory_or_intronic
CCL22:O00626:OID20765:v1,CCL22,Inflammation,CCL22,O00626,11,11,0,11,126.788,1.0902955,3,trans_other_gene_coding_or_splice;trans_other_or_unknown;trans_regulatory_or_intronic
CCL23:P55773:OID20693:v1,CCL23,Inflammation,CCL23,P55773,10,10,1,9,855.382,1.3785517,2,cis_locus_linked;trans_regulatory_or_intronic
CCL24:O00175:OID20772:v1,CCL24,Inflammation,CCL24,O00175,14,14,1,13,4075.58,2.098201,4,cis_locus_linked;trans_other_gene_coding_or_splice;trans_other_or_unknown;trans_regulatory_or_intronic
CCL25:O15444:OID20674:v1,CCL25,Inflammation,CCL25,O15444,12,12,1,11,2595.1,1.9178529,4,cis_target_coding_or_splice;trans_other_gene_coding_or_splice;trans_other_or_unknown;trans_regulatory_or_intronic
CCL26:Q9Y258:OID20546:v1,CCL26,Inflammation,CCL26,Q9Y258,9,9,1,8,220.821,1.6952893,3,cis_target_coding_or_splice;trans_other_gene_coding_or_splice;trans_regulatory_or_intronic
CCL28:Q9NRJ3:OID20569:v1,CCL28,Inflammation,CCL28,Q9NRJ3,21,21,0,21,192.578,1.9895337999999998,3,trans_other_gene_coding_or_splice;trans_other_or_unknown;trans_regulatory_or_intronic
CCL3:P10147:OID20610:v1,CCL3,Inflammation,CCL3,P10147,11,11,1,10,757.4,1.0008617,4,cis_locus_linked;trans_other_gene_coding_or_splice;trans_other_or_unknown;trans_regulatory_or_intronic
CCL4:P13236:OID20695:v1,CCL4,Inflammation,CCL4,P13236,6,6,1,5,945.403,1.1838776,4,cis_locus_linked;trans_other_gene_coding_or_splice;trans_other_or_unknown;trans_regulatory_or_intronic
CCL7:P80098:OID20523:v1,CCL7,Inflammation,CCL7,P80098,4,4,1,3,403.835,0.7238934,3,cis_locus_linked;trans_other_gene_coding_or_splice;trans_regulatory_or_intronic
CCN2:P29279:OID20709:v1,CCN2,Inflammation,CCN2,P29279,22,22,1,21,471.239,1.9858011,4,cis_locus_linked;trans_other_gene_coding_or_splice;trans_other_or_unknown;trans_regulatory_or_intronic
CD160:O95971:OID20647:v1,CD160,Inflammation,CD160,O95971,19,19,1,18,893.436,1.9053145,4,cis_target_regulatory_or_linked;trans_other_gene_coding_or_splice;trans_other_or_unknown;trans_regulatory_or_intronic
CD200:P41217:OID20603:v1,CD200,Inflammation,CD200,P41217,9,9,1,8,154.149,1.1051707,4,cis_target_regulatory_or_linked;trans_other_gene_coding_or_splice;trans_other_or_unknown;trans_regulatory_or_intronic
CD200R1:Q8TD46:OID20595:v1,CD200R1,Inflammation,CD200R1,Q8TD46,17,17,1,16,2908.66,3.1084755,4,cis_target_coding_or_splice;trans_other_gene_coding_or_splice;trans_other_or_unknown;trans_regulatory_or_intronic
CD22:P20273:OID20637:v1,CD22,Inflammation,CD22,P20273,22,22,1,21,355.113,2.1017504,4,cis_locus_linked;trans_other_gene_coding_or_splice;trans_other_or_unknown;trans_regulatory_or_intronic
CD244:Q9BZW8:OID20628:v1,CD244,Inflammation,CD244,Q9BZW8,18,18,0,18,144.294,1.3362056,3,trans_other_gene_coding_or_splice;trans_other_or_unknown;trans_regulatory_or_intronic
CD276:Q5ZPR3:OID20680:v1,CD276,Inflammation,CD276,Q5ZPR3,8,8,1,7,3836.76,1.7041055999999999,3,cis_target_regulatory_or_linked;trans_other_gene_coding_or_splice;trans_regulatory_or_intronic
CD4:P01730:OID20584:v1,CD4,Inflammation,CD4,P01730,5,5,1,4,605.31,0.7214096,4,cis_locus_linked;trans_other_gene_coding_or_splice;trans_other_or_unknown;trans_regulatory_or_intronic
CD40:P25942:OID20724:v1,CD40,Inflammation,CD40,P25942,12,12,1,11,754.856,1.0530918,2,cis_target_regulatory_or_linked;trans_regulatory_or_intronic
CD40LG:P29965:OID20616:v1,CD40LG,Inflammation,CD40LG,P29965,14,14,0,14,72.194,1.1624572,2,trans_other_gene_coding_or_splice;trans_regulatory_or_intronic
CD48:P09326:OID20692:v1,CD48,Inflammation,CD48,P09326,19,19,1,18,2384.6,2.327305,4,cis_target_coding_or_splice;trans_other_gene_coding_or_splice;trans_other_or_unknown;trans_regulatory_or_intronic
CD58:P19256:OID20716:v1,CD58,Inflammation,CD58,P19256,15,15,1,14,715.048,1.6536121,4,cis_locus_linked;trans_other_gene_coding_or_splice;trans_other_or_unknown;trans_regulatory_or_intronic
CD6:P30203:OID20649:v1,CD6,Inflammation,CD6,P30203,19,19,1,18,3628.77,1.8002011,4,cis_target_coding_or_splice;trans_other_gene_coding_or_splice;trans_other_or_unknown;trans_regulatory_or_intronic
CD70:P32970:OID20599:v1,CD70,Inflammation,CD70,P32970,3,3,1,2,3409.27,1.0832908,2,cis_locus_linked;trans_regulatory_or_intronic
CD79B:P40259:OID20635:v1,CD79B,Inflammation,CD79B,P40259,23,23,1,22,215.188,2.3936912,3,cis_target_regulatory_or_linked;trans_other_gene_coding_or_splice;trans_regulatory_or_intronic
CD83:Q01151:OID20565:v1,CD83,Inflammation,CD83,Q01151,13,13,1,12,160.45,1.2933021,4,cis_target_regulatory_or_linked;trans_other_gene_coding_or_splice;trans_other_or_unknown;trans_regulatory_or_intronic
CD84:Q9UIB8:OID20607:v1,CD84,Inflammation,CD84,Q9UIB8,16,16,0,16,198.108,1.2469171,2,trans_other_gene_coding_or_splice;trans_regulatory_or_intronic
CDON:Q4KMG0:OID20754:v1,CDON,Inflammation,CDON,Q4KMG0,4,4,0,4,16.4609,0.3984137,2,trans_other_gene_coding_or_splice;trans_regulatory_or_intronic
CDSN:Q15517:OID20667:v1,CDSN,Inflammation,CDSN,Q15517,21,21,1,20,2246.8,2.0886923,4,cis_locus_linked;trans_other_gene_coding_or_splice;trans_other_or_unknown;trans_regulatory_or_intronic
CEACAM21:Q3KPI0:OID20548:v1,CEACAM21,Inflammation,CEACAM21,Q3KPI0,2,2,1,1,6006.53,1.2111356000000002,2,cis_target_coding_or_splice;trans_regulatory_or_intronic
CHRDL1:Q9BU40:OID20771:v1,CHRDL1,Inflammation,CHRDL1,Q9BU40,6,6,0,6,20.9321,0.4412145,2,trans_other_gene_coding_or_splice;trans_regulatory_or_intronic
CKAP4:Q07065:OID20617:v1,CKAP4,Inflammation,CKAP4,Q07065,9,9,1,8,792.809,2.0556736,4,cis_target_regulatory_or_linked;trans_other_gene_coding_or_splice;trans_other_or_unknown;trans_regulatory_or_intronic
CKMT1A_CKMT1B:P12532:OID20721:v1,CKMT1A_CKMT1B,Inflammation,CKMT1B;CKMT1A,P12532;P12532,11,11,1,10,159.795,1.3761985,3,cis_locus_linked;trans_other_gene_coding_or_splice;trans_regulatory_or_intronic
CLEC4A:Q9UMR7:OID20573:v1,CLEC4A,Inflammation,CLEC4A,Q9UMR7,19,19,1,18,1200.26,3.627054,3,cis_target_coding_or_splice;trans_other_gene_coding_or_splice;trans_regulatory_or_intronic
CLEC4C:Q8WTT0:OID20547:v1,CLEC4C,Inflammation,CLEC4C,Q8WTT0,34,34,1,33,4084.01,3.5640456,4,cis_target_regulatory_or_linked;trans_other_gene_coding_or_splice;trans_other_or_unknown;trans_regulatory_or_intronic
CLEC4D:Q8WXI8:OID20609:v1,CLEC4D,Inflammation,CLEC4D,Q8WXI8,13,13,1,12,1527.23,1.6425416,4,cis_locus_linked;trans_other_gene_coding_or_splice;trans_other_or_unknown;trans_regulatory_or_intronic
CLEC4G:Q6UXB4:OID20590:v1,CLEC4G,Inflammation,CLEC4G,Q6UXB4,11,11,0,11,451.457,0.9376764,2,trans_other_gene_coding_or_splice;trans_regulatory_or_intronic
CLEC7A:Q9BXN2:OID20636:v1,CLEC7A,Inflammation,CLEC7A,Q9BXN2,6,6,1,5,4388.33,1.9249898,4,cis_target_coding_or_splice;trans_other_gene_coding_or_splice;trans_other_or_unknown;trans_regulatory_or_intronic
CLIP2:Q9UDT6:OID20559:v1,CLIP2,Inflammation,CLIP2,Q9UDT6,5,5,1,4,76.7085,0.4285681999999999,2,cis_target_regulatory_or_linked;trans_regulatory_or_intronic
CLSTN2:Q9H4D0:OID20664:v1,CLSTN2,Inflammation,CLSTN2,Q9H4D0,4,4,0,4,39.7617,0.4300058,2,trans_other_gene_coding_or_splice;trans_regulatory_or_intronic
CNTNAP2:Q9UHC6:OID20556:v1,CNTNAP2,Inflammation,CNTNAP2,Q9UHC6,4,4,1,3,1461.59,0.7733644,3,cis_locus_linked;trans_other_gene_coding_or_splice;trans_regulatory_or_intronic
COL9A1:P20849:OID20550:v1,COL9A1,Inflammation,COL9A1,P20849,4,4,0,4,23.4417,0.3902233,2,trans_other_gene_coding_or_splice;trans_regulatory_or_intronic
COLEC12:Q5KU26:OID20738:v1,COLEC12,Inflammation,COLEC12,Q5KU26,4,4,0,4,17.6453,0.2099419,1,trans_regulatory_or_intronic
CRELD2:Q6UXH1:OID20751:v1,CRELD2,Inflammation,CRELD2,Q6UXH1,17,17,1,16,515.722,2.2753893,4,cis_target_coding_or_splice;trans_other_gene_coding_or_splice;trans_other_or_unknown;trans_regulatory_or_intronic
CRHBP:P24387:OID20747:v1,CRHBP,Inflammation,CRHBP,P24387,8,8,1,7,1809.16,1.0443636,2,cis_locus_linked;trans_regulatory_or_intronic
CRIM1:Q9NZV1:OID20701:v1,CRIM1,Inflammation,CRIM1,Q9NZV1,4,4,0,4,61.8888,0.2771648,2,trans_other_or_unknown;trans_regulatory_or_intronic
CRKL:P46109:OID20742:v1,CRKL,Inflammation,CRKL,P46109,3,3,0,3,17.0475,0.1604987,2,trans_other_gene_coding_or_splice;trans_regulatory_or_intronic
CRLF1:O75462:OID20699:v1,CRLF1,Inflammation,CRLF1,O75462,16,16,0,16,41.1631,0.9902713,3,trans_other_gene_coding_or_splice;trans_other_or_unknown;trans_regulatory_or_intronic
CSF1:P09603:OID20719:v1,CSF1,Inflammation,CSF1,P09603,10,10,1,9,186.242,0.7635765,3,cis_locus_linked;trans_other_gene_coding_or_splice;trans_regulatory_or_intronic
CSF3:P09919:OID20491:v1,CSF3,Inflammation,CSF3,P09919,7,7,1,6,162.827,0.5612584,3,cis_locus_linked;trans_other_gene_coding_or_splice;trans_regulatory_or_intronic
CST7:O76096:OID20704:v1,CST7,Inflammation,CST7,O76096,10,10,1,9,2706.08,1.6255954,3,cis_locus_linked;trans_other_gene_coding_or_splice;trans_regulatory_or_intronic
CTRC:Q99895:OID20752:v1,CTRC,Inflammation,CTRC,Q99895,26,26,1,25,1195.04,3.1855342,4,cis_target_coding_or_splice;trans_other_gene_coding_or_splice;trans_other_or_unknown;trans_regulatory_or_intronic
CTSC:P53634:OID20679:v1,CTSC,Inflammation,CTSC,P53634,7,7,1,6,1890.82,1.4205736,3,cis_target_regulatory_or_linked;trans_other_or_unknown;trans_regulatory_or_intronic
CTSO:P43234:OID20660:v1,CTSO,Inflammation,CTSO,P43234,14,14,1,13,186.918,1.7841495,3,cis_target_regulatory_or_linked;trans_other_gene_coding_or_splice;trans_regulatory_or_intronic
CXADR:P78310:OID20561:v1,CXADR,Inflammation,CXADR,P78310,10,10,1,9,384.828,1.3892264,3,cis_target_regulatory_or_linked;trans_other_gene_coding_or_splice;trans_regulatory_or_intronic
CXCL1:P09341:OID20762:v1,CXCL1,Inflammation,CXCL1,P09341,8,8,1,7,1826.9,1.0855888,4,cis_target_regulatory_or_linked;trans_other_gene_coding_or_splice;trans_other_or_unknown;trans_regulatory_or_intronic
CXCL10:P02778:OID20697:v1,CXCL10,Inflammation,CXCL10,P02778,7,7,1,6,439.528,2.1856598,3,cis_target_coding_or_splice;trans_other_gene_coding_or_splice;trans_regulatory_or_intronic
CXCL12:P48061:OID20464:v1,CXCL12,Inflammation,CXCL12,P48061,13,13,1,12,184.637,0.9022545,4,cis_target_regulatory_or_linked;trans_other_gene_coding_or_splice;trans_other_or_unknown;trans_regulatory_or_intronic
CXCL14:O95715:OID20458:v1,CXCL14,Inflammation,CXCL14,O95715,3,3,1,2,27.1145,0.1822299,3,cis_locus_linked;trans_other_gene_coding_or_splice;trans_regulatory_or_intronic
CXCL17:Q6UXB2:OID20622:v1,CXCL17,Inflammation,CXCL17,Q6UXB2,6,6,0,6,33.0162,0.48613969999999995,3,trans_other_gene_coding_or_splice;trans_other_or_unknown;trans_regulatory_or_intronic
CXCL3:P19876:OID20788:v1,CXCL3,Inflammation,CXCL3,P19876,3,3,0,3,33.9252,0.2285033,2,trans_other_or_unknown;trans_regulatory_or_intronic
CXCL6:P80162:OID20613:v1,CXCL6,Inflammation,CXCL6,P80162,13,13,1,12,1650.69,1.259184,4,cis_target_regulatory_or_linked;trans_other_gene_coding_or_splice;trans_other_or_unknown;trans_regulatory_or_intronic
CXCL8:P10145:OID20631:v1,CXCL8,Inflammation,CXCL8,P10145,2,2,0,2,11.6331,0.08898990000000001,1,trans_regulatory_or_intronic
CXCL9:Q07325:OID20675:v1,CXCL9,Inflammation,CXCL9,Q07325,9,9,1,8,117.564,0.8585522999999999,3,cis_locus_linked;trans_other_gene_coding_or_splice;trans_regulatory_or_intronic
DAG1:Q14118:OID20774:v1,DAG1,Inflammation,DAG1,Q14118,6,6,1,5,20.9826,0.3126367,3,cis_locus_linked;trans_other_gene_coding_or_splice;trans_regulatory_or_intronic
DAPP1:Q9UN19:OID20524:v1,DAPP1,Inflammation,DAPP1,Q9UN19,1,1,0,1,22.0843,0.0616051,1,trans_regulatory_or_intronic
DBNL:Q9UJU6:OID20681:v1,DBNL,Inflammation,DBNL,Q9UJU6,4,4,1,3,24.8505,0.227229,2,cis_locus_linked;trans_regulatory_or_intronic
DECR1:Q16698:OID20579:v1,DECR1,Inflammation,DECR1,Q16698,3,3,0,3,14.5126,0.1586894,2,trans_other_gene_coding_or_splice;trans_regulatory_or_intronic
DFFA:O00273:OID20620:v1,DFFA,Inflammation,DFFA,O00273,2,2,0,2,22.0429,0.1047136,1,trans_regulatory_or_intronic
DNAJA2:O60884:OID20627:v1,DNAJA2,Inflammation,DNAJA2,O60884,2,2,0,2,18.4153,0.10246459999999999,1,trans_regulatory_or_intronic
DNER:Q8NFT8:OID20712:v1,DNER,Inflammation,DNER,Q8NFT8,10,10,1,9,417.291,0.9244801,3,cis_locus_linked;trans_other_gene_coding_or_splice;trans_regulatory_or_intronic
DNPH1:O43598:OID20744:v1,DNPH1,Inflammation,DNPH1,O43598,2,2,1,1,458.892,0.4957792,2,cis_target_regulatory_or_linked;trans_regulatory_or_intronic
DPP10:Q8N608:OID20527:v1,DPP10,Inflammation,DPP10,Q8N608,7,7,1,6,404.813,0.8146525,3,cis_target_regulatory_or_linked;trans_other_gene_coding_or_splice;trans_regulatory_or_intronic
EDAR:Q9UNE0:OID20525:v1,EDAR,Inflammation,EDAR,Q9UNE0,22,22,1,21,871.778,4.0758913,4,cis_target_regulatory_or_linked;trans_other_gene_coding_or_splice;trans_other_or_unknown;trans_regulatory_or_intronic
EGF:P01133:OID20698:v1,EGF,Inflammation,EGF,P01133,11,11,0,11,62.5721,0.8560285,3,trans_other_gene_coding_or_splice;trans_other_or_unknown;trans_regulatory_or_intronic
EGLN1:Q9GZT9:OID20572:v1,EGLN1,Inflammation,EGLN1,Q9GZT9,8,8,1,7,103.389,0.8590302,4,cis_target_coding_or_splice;trans_other_gene_coding_or_splice;trans_other_or_unknown;trans_regulatory_or_intronic
EIF4G1:Q04637:OID20625:v1,EIF4G1,Inflammation,EIF4G1,Q04637,3,3,0,3,48.9413,0.1875568,1,trans_regulatory_or_intronic
ENPP5:Q9UJA9:OID20736:v1,ENPP5,Inflammation,ENPP5,Q9UJA9,7,7,1,6,3534.21,1.943576,2,cis_target_coding_or_splice;trans_regulatory_or_intronic
ENPP7:Q6UWV6:OID20689:v1,ENPP7,Inflammation,ENPP7,Q6UWV6,13,13,1,12,4613.84,1.7499097000000001,3,cis_target_regulatory_or_linked;trans_other_gene_coding_or_splice;trans_regulatory_or_intronic
EPCAM:P16422:OID20743:v1,EPCAM,Inflammation,EPCAM,P16422,17,17,0,17,314.642,2.2292604,3,trans_other_gene_coding_or_splice;trans_other_or_unknown;trans_regulatory_or_intronic
EPHA1:P21709:OID20677:v1,EPHA1,Inflammation,EPHA1,P21709,7,7,1,6,231.115,0.9466796,4,cis_target_regulatory_or_linked;trans_other_gene_coding_or_splice;trans_other_or_unknown;trans_regulatory_or_intronic
EPO:P01588:OID20522:v1,EPO,Inflammation,EPO,P01588,9,9,0,9,180.722,0.7419958,3,trans_other_gene_coding_or_splice;trans_other_or_unknown;trans_regulatory_or_intronic
ERBB3:P21860:OID20705:v1,ERBB3,Inflammation,ERBB3,P21860,9,9,0,9,108.682,0.7870205,2,trans_other_gene_coding_or_splice;trans_regulatory_or_intronic
ESM1:Q9NQ30:OID20758:v1,ESM1,Inflammation,ESM1,Q9NQ30,20,20,1,19,166.824,1.4968245,3,cis_locus_linked;trans_other_gene_coding_or_splice;trans_regulatory_or_intronic
F2R:P25116:OID20691:v1,F2R,Inflammation,F2R,P25116,10,10,1,9,72.5575,0.8946064,3,cis_target_regulatory_or_linked;trans_other_gene_coding_or_splice;trans_regulatory_or_intronic
FABP1:P07148:OID20778:v1,FABP1,Inflammation,FABP1,P07148,3,3,1,2,270.246,0.4279564,3,cis_target_coding_or_splice;trans_other_gene_coding_or_splice;trans_regulatory_or_intronic
FABP9:Q0Z7S8:OID20501:v1,FABP9,Inflammation,FABP9,Q0Z7S8,20,20,1,19,563.262,2.1216953,4,cis_locus_linked;trans_other_gene_coding_or_splice;trans_other_or_unknown;trans_regulatory_or_intronic
FASLG:P48023:OID20665:v1,FASLG,Inflammation,FASLG,P48023,28,28,1,27,541.172,2.3138594,4,cis_locus_linked;trans_other_gene_coding_or_splice;trans_other_or_unknown;trans_regulatory_or_intronic
FCAR:P24071:OID20564:v1,FCAR,Inflammation,FCAR,P24071,19,19,1,18,2783.21,2.0085345,4,cis_target_regulatory_or_linked;trans_other_gene_coding_or_splice;trans_other_or_unknown;trans_regulatory_or_intronic
FCRL2:Q96LA5:OID20639:v1,FCRL2,Inflammation,FCRL2,Q96LA5,23,23,1,22,1938.0,3.0429135,4,cis_target_regulatory_or_linked;trans_other_gene_coding_or_splice;trans_other_or_unknown;trans_regulatory_or_intronic
FCRL3:Q96P31:OID20443:v1,FCRL3,Inflammation,FCRL3,Q96P31,3,3,1,2,5073.62,1.0377023,2,cis_target_coding_or_splice;trans_regulatory_or_intronic
FCRL6:Q6DN72:OID20529:v1,FCRL6,Inflammation,FCRL6,Q6DN72,8,8,1,7,2791.88,1.3490768,4,cis_target_regulatory_or_linked;trans_other_gene_coding_or_splice;trans_other_or_unknown;trans_regulatory_or_intronic
FGF19:O95750:OID20715:v1,FGF19,Inflammation,FGF19,O95750,6,6,0,6,292.527,0.7074663999999999,2,trans_other_gene_coding_or_splice;trans_regulatory_or_intronic
FGF2:P09038:OID20503:v1,FGF2,Inflammation,FGF2,P09038,7,7,1,6,2532.33,1.0881786,4,cis_target_regulatory_or_linked;trans_other_gene_coding_or_splice;trans_other_or_unknown;trans_regulatory_or_intronic
FGF5:P12034:OID20490:v1,FGF5,Inflammation,FGF5,P12034,4,4,1,3,2316.94,0.8472081,3,cis_locus_linked;trans_other_gene_coding_or_splice;trans_regulatory_or_intronic
FIS1:Q9Y3D6:OID20722:v1,FIS1,Inflammation,FIS1,Q9Y3D6,7,7,1,6,155.224,0.695167,3,cis_locus_linked;trans_other_gene_coding_or_splice;trans_regulatory_or_intronic
FKBP1B:P68106:OID20618:v1,FKBP1B,Inflammation,FKBP1B,P68106,7,7,1,6,224.596,0.6336484,2,cis_locus_linked;trans_regulatory_or_intronic
FLT3LG:P49771:OID20661:v1,FLT3LG,Inflammation,FLT3LG,P49771,29,29,0,29,498.625,3.3977705,2,trans_other_or_unknown;trans_regulatory_or_intronic
FOXO1:Q12778:OID20515:v1,FOXO1,Inflammation,FOXO1,Q12778,3,3,1,2,73.4579,0.48555479999999995,3,cis_locus_linked;trans_other_or_unknown;trans_regulatory_or_intronic
FST:P19883:OID20770:v1,FST,Inflammation,FST,P19883,4,4,1,3,94.3313,0.4767584,3,cis_locus_linked;trans_other_gene_coding_or_splice;trans_regulatory_or_intronic
FSTL3:O95633:OID20782:v1,FSTL3,Inflammation,FSTL3,O95633,5,5,1,4,34.8728,0.36062890000000003,3,cis_locus_linked;trans_other_gene_coding_or_splice;trans_regulatory_or_intronic
FXYD5:Q96DB9:OID20463:v1,FXYD5,Inflammation,FXYD5,Q96DB9,4,4,1,3,560.983,0.5776464,3,cis_target_regulatory_or_linked;trans_other_gene_coding_or_splice;trans_regulatory_or_intronic
GAL:P22466:OID20727:v1,GAL,Inflammation,GAL,P22466,33,33,1,32,295.305,3.1654378000000003,4,cis_locus_linked;trans_other_gene_coding_or_splice;trans_other_or_unknown;trans_regulatory_or_intronic
GALNT3:Q14435:OID20471:v1,GALNT3,Inflammation,GALNT3,Q14435,10,10,1,9,709.246,1.2143053,3,cis_locus_linked;trans_other_gene_coding_or_splice;trans_regulatory_or_intronic
GBP2:P32456:OID20489:v1,GBP2,Inflammation,GBP2,P32456,1,1,1,0,61.0877,0.126321,1,cis_locus_linked
GLOD4:Q9HC38:OID20710:v1,GLOD4,Inflammation,GLOD4,Q9HC38,3,3,0,3,14.1205,0.13644699999999998,1,trans_regulatory_or_intronic
GMPR:P36959:OID20641:v1,GMPR,Inflammation,GMPR,P36959,2,2,1,1,362.524,0.29569160000000005,2,cis_target_coding_or_splice;trans_regulatory_or_intronic
GOPC:Q9HD26:OID20551:v1,GOPC,Inflammation,GOPC,Q9HD26,6,6,0,6,37.744,0.3338949,2,trans_other_gene_coding_or_splice;trans_regulatory_or_intronic
GZMA:P12544:OID20663:v1,GZMA,Inflammation,GZMA,P12544,20,20,1,19,369.742,1.8351035,3,cis_locus_linked;trans_other_gene_coding_or_splice;trans_regulatory_or_intronic
GZMB:P10144:OID20604:v1,GZMB,Inflammation,GZMB,P10144,12,12,0,12,213.453,1.1348908,1,trans_regulatory_or_intronic
HCLS1:P14317:OID20648:v1,HCLS1,Inflammation,HCLS1,P14317,5,5,1,4,50.3799,0.3578045,3,cis_locus_linked;trans_other_gene_coding_or_splice;trans_regulatory_or_intronic
HEXIM1:O94992:OID20589:v1,HEXIM1,Inflammation,HEXIM1,O94992,7,7,1,6,97.1008,0.5806742,2,cis_locus_linked;trans_regulatory_or_intronic
HGF:P14210:OID20656:v1,HGF,Inflammation,HGF,P14210,8,8,1,7,86.0446,0.7629347999999999,3,cis_target_coding_or_splice;trans_other_gene_coding_or_splice;trans_regulatory_or_intronic
HLA-DRA:P01903:OID20520:v1,HLA-DRA,Inflammation,HLA-DRA,P01903,5,5,1,4,1537.12,0.9448154999999999,3,cis_locus_linked;trans_other_gene_coding_or_splice;trans_regulatory_or_intronic
HLA-E:P13747:OID20532:v1,HLA-E,Inflammation,HLA-E,P13747,5,5,1,4,547.295,0.8372932000000001,3,cis_locus_linked;trans_other_gene_coding_or_splice;trans_regulatory_or_intronic
HPCAL1:P37235:OID20615:v1,HPCAL1,Inflammation,HPCAL1,P37235,5,5,1,4,136.998,0.4082055,3,cis_target_regulatory_or_linked;trans_other_gene_coding_or_splice;trans_regulatory_or_intronic
HSD11B1:P28845:OID20575:v1,HSD11B1,Inflammation,HSD11B1,P28845,17,17,0,17,205.51,2.7088875,3,trans_other_gene_coding_or_splice;trans_other_or_unknown;trans_regulatory_or_intronic
HSPA1A:P0DMV8:OID20718:v1,HSPA1A,Inflammation,HSPA1A,P0DMV8,4,4,0,4,19.1708,0.2734958,1,trans_regulatory_or_intronic
ICA1:Q05084:OID20484:v1,ICA1,Inflammation,ICA1,Q05084,3,3,0,3,253.118,0.3217524,1,trans_regulatory_or_intronic
ICAM4:Q14773:OID20578:v1,ICAM4,Inflammation,ICAM4,Q14773,18,18,1,17,513.859,1.6956452,4,cis_target_regulatory_or_linked;trans_other_gene_coding_or_splice;trans_other_or_unknown;trans_regulatory_or_intronic
IDS:P22304:OID20619:v1,IDS,Inflammation,IDS,P22304,3,3,0,3,197.537,0.3368755,2,trans_other_gene_coding_or_splice;trans_regulatory_or_intronic
IFNG:P01579:OID20495:v1,IFNG,Inflammation,IFNG,P01579,3,3,0,3,19.3074,0.1957855,2,trans_other_or_unknown;trans_regulatory_or_intronic
IFNGR1:P15260:OID20678:v1,IFNGR1,Inflammation,IFNGR1,P15260,14,14,1,13,203.443,1.6441356,4,cis_target_regulatory_or_linked;trans_other_gene_coding_or_splice;trans_other_or_unknown;trans_regulatory_or_intronic
IFNLR1:Q8IU57:OID20506:v1,IFNLR1,Inflammation,IFNLR1,Q8IU57,5,5,1,4,597.544,1.4330564,3,cis_target_coding_or_splice;trans_other_gene_coding_or_splice;trans_regulatory_or_intronic
IKBKG:Q9Y6K9:OID20544:v1,IKBKG,Inflammation,IKBKG,Q9Y6K9,1,1,0,1,13.5297,0.0465477,1,trans_regulatory_or_intronic
IL10:P22301:OID20431:v1,IL10,Inflammation,IL10,P22301,5,5,1,4,197.361,0.7187618,3,cis_locus_linked;trans_other_gene_coding_or_splice;trans_regulatory_or_intronic
IL10RA:Q13651:OID20420:v1,IL10RA,Inflammation,IL10RA,Q13651,1,1,1,0,101.254,0.183359,1,cis_target_coding_or_splice
IL10RB:Q08334:OID20696:v1,IL10RB,Inflammation,IL10RB,Q08334,8,8,1,7,1579.33,1.103648,3,cis_target_regulatory_or_linked;trans_other_gene_coding_or_splice;trans_regulatory_or_intronic
IL11:P20809:OID20455:v1,IL11,Inflammation,IL11,P20809,1,1,0,1,17.3149,0.0773848,1,trans_regulatory_or_intronic
IL12B:P29460:OID20666:v1,IL12B,Inflammation,IL12B,P29460,32,32,1,31,1612.95,3.1333501,4,cis_locus_linked;trans_other_gene_coding_or_splice;trans_other_or_unknown;trans_regulatory_or_intronic
IL12RB1:P42701:OID20486:v1,IL12RB1,Inflammation,IL12RB1,P42701,5,5,1,4,761.746,1.0678032,3,cis_target_regulatory_or_linked;trans_other_gene_coding_or_splice;trans_regulatory_or_intronic
IL13:P35225:OID20430:v1,IL13,Inflammation,IL13,P35225,1,1,0,1,42.6875,0.145977,1,trans_regulatory_or_intronic
IL15:P40933:OID20562:v1,IL15,Inflammation,IL15,P40933,23,23,0,23,118.626,1.8306693,3,trans_other_gene_coding_or_splice;trans_other_or_unknown;trans_regulatory_or_intronic
IL15RA:Q13261:OID20498:v1,IL15RA,Inflammation,IL15RA,Q13261,6,6,1,5,311.656,0.6766264,2,cis_target_regulatory_or_linked;trans_regulatory_or_intronic
IL16:Q14005:OID20633:v1,IL16,Inflammation,IL16,Q14005,6,6,1,5,1708.89,1.2415281,3,cis_locus_linked;trans_other_gene_coding_or_splice;trans_regulatory_or_intronic
IL17A:Q16552:OID20469:v1,IL17A,Inflammation,IL17A,Q16552,1,1,0,1,11.8636,0.0500046,1,trans_regulatory_or_intronic
IL17C:Q9P0M4:OID20477:v1,IL17C,Inflammation,IL17C,Q9P0M4,3,3,1,2,80.2887,0.24668980000000001,3,cis_locus_linked;trans_other_or_unknown;trans_regulatory_or_intronic
IL17D:Q8TAD2:OID20481:v1,IL17D,Inflammation,IL17D,Q8TAD2,4,4,1,3,777.24,0.8145463,3,cis_locus_linked;trans_other_gene_coding_or_splice;trans_regulatory_or_intronic
IL17F:Q96PD4:OID20456:v1,IL17F,Inflammation,IL17F,Q96PD4,1,1,0,1,24.6457,0.0692645,1,trans_regulatory_or_intronic
IL17RB:Q9NRM6:OID20585:v1,IL17RB,Inflammation,IL17RB,Q9NRM6,18,18,1,17,3499.69,1.953206,4,cis_target_regulatory_or_linked;trans_other_gene_coding_or_splice;trans_other_or_unknown;trans_regulatory_or_intronic
IL18:Q14116:OID20694:v1,IL18,Inflammation,IL18,Q14116,14,14,1,13,494.158,1.3662616,3,cis_locus_linked;trans_other_gene_coding_or_splice;trans_regulatory_or_intronic
IL18R1:Q13478:OID20652:v1,IL18R1,Inflammation,IL18R1,Q13478,13,13,1,12,3360.93,2.2415733,3,cis_target_regulatory_or_linked;trans_other_gene_coding_or_splice;trans_regulatory_or_intronic
IL1A:P01583:OID20488:v1,IL1A,Inflammation,IL1A,P01583,1,1,0,1,56.5554,0.238133,1,trans_other_or_unknown
IL1B:P01584:OID20427:v1,IL1B,Inflammation,IL1B,P01584,3,3,0,3,304.065,0.433083,2,trans_other_gene_coding_or_splice;trans_regulatory_or_intronic
IL1R2:P27930:OID20757:v1,IL1R2,Inflammation,IL1R2,P27930,19,19,1,18,1561.2,1.8455917,4,cis_target_regulatory_or_linked;trans_other_gene_coding_or_splice;trans_other_or_unknown;trans_regulatory_or_intronic
IL1RL2:Q9HB29:OID20487:v1,IL1RL2,Inflammation,IL1RL2,Q9HB29,25,25,1,24,1090.72,2.176977,3,cis_locus_linked;trans_other_gene_coding_or_splice;trans_regulatory_or_intronic
IL1RN:P18510:OID20700:v1,IL1RN,Inflammation,IL1RN,P18510,5,5,1,4,263.8,0.4445726,2,cis_target_regulatory_or_linked;trans_regulatory_or_intronic
IL22RA1:Q8N6P7:OID20449:v1,IL22RA1,Inflammation,IL22RA1,Q8N6P7,2,2,1,1,353.825,0.482726,2,cis_target_regulatory_or_linked;trans_other_gene_coding_or_splice
IL2RB:P14784:OID20450:v1,IL2RB,Inflammation,IL2RB,P14784,1,1,0,1,13.1203,0.0479613,1,trans_other_gene_coding_or_splice
IL32:P24001:OID20605:v1,IL32,Inflammation,IL32,P24001,11,11,1,10,319.514,1.1449013,4,cis_locus_linked;trans_other_gene_coding_or_splice;trans_other_or_unknown;trans_regulatory_or_intronic
IL3RA:P26951:OID20461:v1,IL3RA,Inflammation,IL3RA,P26951,5,5,0,5,1233.59,0.9734019,3,trans_other_gene_coding_or_splice;trans_other_or_unknown;trans_regulatory_or_intronic
IL4R:P24394:OID20576:v1,IL4R,Inflammation,IL4R,P24394,9,9,1,8,520.848,1.269933,4,cis_target_regulatory_or_linked;trans_other_gene_coding_or_splice;trans_other_or_unknown;trans_regulatory_or_intronic
IL5RA:Q01344:OID20601:v1,IL5RA,Inflammation,IL5RA,Q01344,28,28,1,27,695.954,2.4825816,4,cis_target_regulatory_or_linked;trans_other_gene_coding_or_splice;trans_other_or_unknown;trans_regulatory_or_intronic
IL6:P05231:OID20563:v1,IL6,Inflammation,IL6,P05231,1,1,0,1,257.524,0.212354,1,trans_regulatory_or_intronic
IL7:P13232:OID20535:v1,IL7,Inflammation,IL7,P13232,6,6,0,6,51.4139,0.381606,3,trans_other_gene_coding_or_splice;trans_other_or_unknown;trans_regulatory_or_intronic
IRAK1:P51617:OID20485:v1,IRAK1,Inflammation,IRAK1,P51617,1,1,0,1,19.7768,0.0578075,1,trans_regulatory_or_intronic
IRAK4:Q9NWZ3:OID20577:v1,IRAK4,Inflammation,IRAK4,Q9NWZ3,2,2,0,2,14.7771,0.0947432,1,trans_regulatory_or_intronic
ISM1:B1AKI9:OID20538:v1,ISM1,Inflammation,ISM1,B1AKI9,8,8,1,7,188.981,0.7836547,3,cis_locus_linked;trans_other_gene_coding_or_splice;trans_regulatory_or_intronic
ITGA11:Q9UKX5:OID20581:v1,ITGA11,Inflammation,ITGA11,Q9UKX5,10,10,1,9,245.469,0.9946424,4,cis_target_coding_or_splice;trans_other_gene_coding_or_splice;trans_other_or_unknown;trans_regulatory_or_intronic
ITGA6:P23229:OID20528:v1,ITGA6,Inflammation,ITGA6,P23229,10,10,1,9,247.874,0.9698135999999999,4,cis_target_coding_or_splice;trans_other_gene_coding_or_splice;trans_other_or_unknown;trans_regulatory_or_intronic
ITGB6:P18564:OID20493:v1,ITGB6,Inflammation,ITGB6,P18564,14,14,1,13,451.342,1.225343,3,cis_target_regulatory_or_linked;trans_other_gene_coding_or_splice;trans_regulatory_or_intronic
ITM2A:O43736:OID20504:v1,ITM2A,Inflammation,ITM2A,O43736,4,4,0,4,253.831,0.5465234,2,trans_other_gene_coding_or_splice;trans_regulatory_or_intronic
JCHAIN:P01591:OID20494:v1,JCHAIN,Inflammation,JCHAIN,P01591,19,19,0,19,36.2519,1.4172654,3,trans_other_gene_coding_or_splice;trans_other_or_unknown;trans_regulatory_or_intronic
KLRB1:Q12918:OID20629:v1,KLRB1,Inflammation,KLRB1,Q12918,17,17,0,17,100.315,1.1234707,2,trans_other_gene_coding_or_splice;trans_regulatory_or_intronic
KLRD1:Q13241:OID20632:v1,KLRD1,Inflammation,KLRD1,Q13241,14,14,1,13,1070.11,1.6302997,3,cis_target_regulatory_or_linked;trans_other_gene_coding_or_splice;trans_regulatory_or_intronic
KRT19:P08727:OID20596:v1,KRT19,Inflammation,KRT19,P08727,4,4,1,3,124.323,0.2832367,3,cis_locus_linked;trans_other_gene_coding_or_splice;trans_regulatory_or_intronic
KYNU:Q16719:OID20669:v1,KYNU,Inflammation,KYNU,Q16719,6,6,1,5,355.971,0.9012838,3,cis_target_regulatory_or_linked;trans_other_gene_coding_or_splice;trans_regulatory_or_intronic
LAIR1:Q6GTX8:OID20737:v1,LAIR1,Inflammation,LAIR1,Q6GTX8,7,7,1,6,1593.28,1.4078366,4,cis_target_regulatory_or_linked;trans_other_gene_coding_or_splice;trans_other_or_unknown;trans_regulatory_or_intronic
LAMA4:Q16363:OID20769:v1,LAMA4,Inflammation,LAMA4,Q16363,18,18,1,17,180.078,1.9198363999999999,3,cis_target_regulatory_or_linked;trans_other_gene_coding_or_splice;trans_regulatory_or_intronic
LAMP3:Q9UQV4:OID20638:v1,LAMP3,Inflammation,LAMP3,Q9UQV4,13,13,1,12,298.484,0.9891666,3,cis_locus_linked;trans_other_gene_coding_or_splice;trans_regulatory_or_intronic
LAP3:P28838:OID20436:v1,LAP3,Inflammation,LAP3,P28838,1,1,1,0,16.2969,0.163758,1,cis_target_regulatory_or_linked
LAT:O43561:OID20640:v1,LAT,Inflammation,LAT,O43561,8,8,1,7,33.5523,0.4740689,3,cis_locus_linked;trans_other_gene_coding_or_splice;trans_regulatory_or_intronic
LGALS4:P56470:OID20748:v1,LGALS4,Inflammation,LGALS4,P56470,4,4,1,3,1412.65,0.8981024,2,cis_locus_linked;trans_regulatory_or_intronic
LGALS9:O00182:OID20781:v1,LGALS9,Inflammation,LGALS9,O00182,7,7,1,6,1184.99,1.1187911,4,cis_target_regulatory_or_linked;trans_other_gene_coding_or_splice;trans_other_or_unknown;trans_regulatory_or_intronic
LGMN:Q99538:OID20773:v1,LGMN,Inflammation,LGMN,Q99538,18,18,1,17,299.73,2.3668391,4,cis_target_coding_or_splice;trans_other_gene_coding_or_splice;trans_other_or_unknown;trans_regulatory_or_intronic
LIFR:P42702:OID20606:v1,LIFR,Inflammation,LIFR,P42702,14,14,1,13,597.599,1.6006129,4,cis_target_regulatory_or_linked;trans_other_gene_coding_or_splice;trans_other_or_unknown;trans_regulatory_or_intronic
LILRB4:Q8NHJ6:OID20429:v1,LILRB4,Inflammation,LILRB4,Q8NHJ6,7,7,1,6,1569.97,1.4386236,3,cis_target_regulatory_or_linked;trans_other_gene_coding_or_splice;trans_regulatory_or_intronic
LRRN1:Q6UXK5:OID20438:v1,LRRN1,Inflammation,LRRN1,Q6UXK5,11,11,1,10,3329.12,1.3934115,4,cis_locus_linked;trans_other_gene_coding_or_splice;trans_other_or_unknown;trans_regulatory_or_intronic
LSP1:P33241:OID20530:v1,LSP1,Inflammation,LSP1,P33241,4,4,1,3,121.66,0.2921078,3,cis_target_regulatory_or_linked;trans_other_gene_coding_or_splice;trans_regulatory_or_intronic
LTA:P01374:OID20586:v1,LTA,Inflammation,LTA,P01374,11,11,1,10,3124.2,2.3191584,4,cis_target_coding_or_splice;trans_other_gene_coding_or_splice;trans_other_or_unknown;trans_regulatory_or_intronic
LTBR:P36941:OID20768:v1,LTBR,Inflammation,LTBR,P36941,17,17,0,17,426.376,2.1680732000000003,3,trans_other_gene_coding_or_splice;trans_other_or_unknown;trans_regulatory_or_intronic
LY6D:Q14210:OID20708:v1,LY6D,Inflammation,LY6D,Q14210,8,8,1,7,1085.78,0.8732960000000001,3,cis_target_coding_or_splice;trans_other_gene_coding_or_splice;trans_regulatory_or_intronic
LY75:O60449:OID20580:v1,LY75,Inflammation,LY75,O60449,8,8,1,7,4818.0,1.3459781,3,cis_target_regulatory_or_linked;trans_other_gene_coding_or_splice;trans_regulatory_or_intronic
LY9:Q9HBG7:OID20670:v1,LY9,Inflammation,LY9,Q9HBG7,17,17,1,16,1406.39,1.9888054,4,cis_target_regulatory_or_linked;trans_other_gene_coding_or_splice;trans_other_or_unknown;trans_regulatory_or_intronic
MANF:P55145:OID20707:v1,MANF,Inflammation,MANF,P55145,7,7,1,6,28.4338,0.4365061,3,cis_locus_linked;trans_other_gene_coding_or_splice;trans_regulatory_or_intronic
MAP2K6:P52564:OID20552:v1,MAP2K6,Inflammation,MAP2K6,P52564,5,5,0,5,20.6531,0.2573752,1,trans_regulatory_or_intronic
MAPK9:P45984:OID20557:v1,MAPK9,Inflammation,MAPK9,P45984,1,1,1,0,73.2787,0.137932,1,cis_locus_linked
MATN2:O00339:OID20767:v1,MATN2,Inflammation,MATN2,O00339,9,9,1,8,898.494,1.4122967,4,cis_target_coding_or_splice;trans_other_gene_coding_or_splice;trans_other_or_unknown;trans_regulatory_or_intronic
MEGF10:Q96KG7:OID20746:v1,MEGF10,Inflammation,MEGF10,Q96KG7,20,20,1,19,1006.03,2.2039229000000002,4,cis_target_regulatory_or_linked;trans_other_gene_coding_or_splice;trans_other_or_unknown;trans_regulatory_or_intronic
MEPE:Q9NQ76:OID20753:v1,MEPE,Inflammation,MEPE,Q9NQ76,17,17,1,16,92.2168,1.5444403,4,cis_target_regulatory_or_linked;trans_other_gene_coding_or_splice;trans_other_or_unknown;trans_regulatory_or_intronic
MERTK:Q12866:OID20657:v1,MERTK,Inflammation,MERTK,Q12866,13,13,1,12,416.167,1.365909,4,cis_target_regulatory_or_linked;trans_other_gene_coding_or_splice;trans_other_or_unknown;trans_regulatory_or_intronic
METAP1D:Q6UB28:OID20519:v1,METAP1D,Inflammation,METAP1D,Q6UB28,4,4,0,4,22.3466,0.2220663,2,trans_other_gene_coding_or_splice;trans_regulatory_or_intronic
MGLL:Q99685:OID20711:v1,MGLL,Inflammation,MGLL,Q99685,4,4,0,4,31.5401,0.2374073,1,trans_regulatory_or_intronic
MGMT:P16455:OID20588:v1,MGMT,Inflammation,MGMT,P16455,5,5,1,4,840.861,0.6174189999999999,3,cis_target_regulatory_or_linked;trans_other_gene_coding_or_splice;trans_regulatory_or_intronic
MICB_MICA:Q29980_Q29983:OID20593:v1,MICB_MICA,Inflammation,MICB;MICA,Q29980;Q29983,8,8,1,7,5377.82,1.4562950000000001,4,cis_locus_linked;trans_other_gene_coding_or_splice;trans_other_or_unknown;trans_regulatory_or_intronic
MILR1:Q7Z6M3:OID20482:v1,MILR1,Inflammation,MILR1,Q7Z6M3,9,9,1,8,731.407,1.227103,3,cis_target_regulatory_or_linked;trans_other_gene_coding_or_splice;trans_regulatory_or_intronic
MLN:P12872:OID20541:v1,MLN,Inflammation,MLN,P12872,25,25,1,24,1107.16,2.309807,4,cis_locus_linked;trans_other_gene_coding_or_splice;trans_other_or_unknown;trans_regulatory_or_intronic
MMP1:P03956:OID20672:v1,MMP1,Inflammation,MMP1,P03956,26,26,1,25,1097.26,2.808861,4,cis_locus_linked;trans_other_gene_coding_or_splice;trans_other_or_unknown;trans_regulatory_or_intronic
MMP10:P09238:OID20687:v1,MMP10,Inflammation,MMP10,P09238,4,4,1,3,465.336,0.6190807,3,cis_target_coding_or_splice;trans_other_gene_coding_or_splice;trans_other_or_unknown
MPIG6B:O95866:OID20779:v1,MPIG6B,Inflammation,MPIG6B,O95866,4,4,0,4,38.7099,0.309293,2,trans_other_gene_coding_or_splice;trans_regulatory_or_intronic
MVK:Q03426:OID20459:v1,MVK,Inflammation,MVK,Q03426,2,2,0,2,17.2775,0.1004559,1,trans_regulatory_or_intronic
MYO9B:Q13459:OID20451:v1,MYO9B,Inflammation,MYO9B,Q13459,2,2,1,1,11.7286,0.0876264,2,cis_target_regulatory_or_linked;trans_regulatory_or_intronic
MZB1:Q8WU39:OID20732:v1,MZB1,Inflammation,MZB1,Q8WU39,15,15,0,15,116.086,1.6179772,3,trans_other_gene_coding_or_splice;trans_other_or_unknown;trans_regulatory_or_intronic
NBN:O60934:OID20442:v1,NBN,Inflammation,NBN,O60934,3,3,0,3,24.8073,0.4729912,2,trans_other_gene_coding_or_splice;trans_regulatory_or_intronic
NCF2:P19878:OID20567:v1,NCF2,Inflammation,NCF2,P19878,4,4,0,4,111.75,0.4944332,1,trans_regulatory_or_intronic
NCK2:O43639:OID20683:v1,NCK2,Inflammation,NCK2,O43639,3,3,0,3,13.5496,0.1360095,1,trans_regulatory_or_intronic
NCLN:Q969V3:OID20448:v1,NCLN,Inflammation,NCLN,Q969V3,1,1,0,1,14.3621,0.0828008,1,trans_regulatory_or_intronic
NCR1:O76036:OID20566:v1,NCR1,Inflammation,NCR1,O76036,29,29,1,28,346.455,2.5499901,4,cis_locus_linked;trans_other_gene_coding_or_splice;trans_other_or_unknown;trans_regulatory_or_intronic
NELL2:Q99435:OID20706:v1,NELL2,Inflammation,NELL2,Q99435,21,21,0,21,160.096,1.4662367,3,trans_other_gene_coding_or_splice;trans_other_or_unknown;trans_regulatory_or_intronic
NFASC:O94856:OID20634:v1,NFASC,Inflammation,NFASC,O94856,9,9,0,9,163.438,0.8417311000000001,2,trans_other_gene_coding_or_splice;trans_regulatory_or_intronic
NFATC1:O95644:OID20545:v1,NFATC1,Inflammation,NFATC1,O95644,3,3,1,2,63.9511,0.1975357,2,cis_target_regulatory_or_linked;trans_regulatory_or_intronic
NFATC3:Q12968:OID20470:v1,NFATC3,Inflammation,NFATC3,Q12968,2,2,0,2,32.4919,0.17832900000000002,1,trans_regulatory_or_intronic
NME3:Q13232:OID20789:v1,NME3,Inflammation,NME3,Q13232,19,19,0,19,333.076,1.8658728,2,trans_other_gene_coding_or_splice;trans_regulatory_or_intronic
NPPC:P23582:OID20568:v1,NPPC,Inflammation,NPPC,P23582,5,5,1,4,16.5163,0.2382542,3,cis_locus_linked;trans_other_gene_coding_or_splice;trans_regulatory_or_intronic
NRTN:Q99748:OID20465:v1,NRTN,Inflammation,NRTN,Q99748,1,1,1,0,20.7404,0.0845107,1,cis_locus_linked
NT5C3A:Q9H0P0:OID20553:v1,NT5C3A,Inflammation,NT5C3A,Q9H0P0,5,5,1,4,66.0259,0.3372334,2,cis_locus_linked;trans_regulatory_or_intronic
NTF3:P20783:OID20591:v1,NTF3,Inflammation,NTF3,P20783,7,7,1,6,120.955,0.9051946,2,cis_target_regulatory_or_linked;trans_regulatory_or_intronic
NUB1:Q9Y5A7:OID20510:v1,NUB1,Inflammation,NUB1,Q9Y5A7,6,6,1,5,168.691,0.5441008,2,cis_target_regulatory_or_linked;trans_regulatory_or_intronic
NUDC:Q9Y266:OID20623:v1,NUDC,Inflammation,NUDC,Q9Y266,2,2,0,2,40.4223,0.143699,1,trans_regulatory_or_intronic
OMD:Q99983:OID20725:v1,OMD,Inflammation,OMD,Q99983,15,15,0,15,87.5113,1.2785228,3,trans_other_gene_coding_or_splice;trans_other_or_unknown;trans_regulatory_or_intronic
OSCAR:Q8IYS5:OID20776:v1,OSCAR,Inflammation,OSCAR,Q8IYS5,11,11,1,10,1481.86,1.4052611,3,cis_locus_linked;trans_other_gene_coding_or_splice;trans_regulatory_or_intronic
OSM:P13725:OID20574:v1,OSM,Inflammation,OSM,P13725,8,8,0,8,182.794,0.8422194000000001,3,trans_other_gene_coding_or_splice;trans_other_or_unknown;trans_regulatory_or_intronic
PADI2:Q9Y2J8:OID20467:v1,PADI2,Inflammation,PADI2,Q9Y2J8,1,1,1,0,87.2503,0.128391,1,cis_target_regulatory_or_linked
PAPPA:Q13219:OID20421:v1,PAPPA,Inflammation,PAPPA,Q13219,17,17,1,16,320.454,1.8647443000000001,4,cis_locus_linked;trans_other_gene_coding_or_splice;trans_other_or_unknown;trans_regulatory_or_intronic
PARP1:P09874:OID20500:v1,PARP1,Inflammation,PARP1,P09874,4,4,1,3,99.0813,0.4022925,3,cis_target_coding_or_splice;trans_other_or_unknown;trans_regulatory_or_intronic
PCDH1:Q08174:OID20614:v1,PCDH1,Inflammation,PCDH1,Q08174,10,10,1,9,95.5546,0.9897514,3,cis_locus_linked;trans_other_gene_coding_or_splice;trans_regulatory_or_intronic
PDGFB:P01127:OID20741:v1,PDGFB,Inflammation,PDGFB,P01127,23,23,0,23,200.219,2.1705417000000002,2,trans_other_gene_coding_or_splice;trans_regulatory_or_intronic
PDLIM7:Q9NR12:OID20729:v1,PDLIM7,Inflammation,PDLIM7,Q9NR12,3,3,0,3,33.67,0.2135877,1,trans_regulatory_or_intronic
PGF:P49763:OID20673:v1,PGF,Inflammation,PGF,P49763,5,5,0,5,49.7247,0.3988867,2,trans_other_gene_coding_or_splice;trans_regulatory_or_intronic
PIK3AP1:Q6ZUJ8:OID20587:v1,PIK3AP1,Inflammation,PIK3AP1,Q6ZUJ8,8,8,1,7,197.958,0.7998171,4,cis_target_regulatory_or_linked;trans_other_gene_coding_or_splice;trans_other_or_unknown;trans_regulatory_or_intronic
PKLR:P30613:OID20682:v1,PKLR,Inflammation,PKLR,P30613,5,5,1,4,191.265,0.6006164,2,cis_locus_linked;trans_regulatory_or_intronic
PLA2G4A:P47712:OID20685:v1,PLA2G4A,Inflammation,PLA2G4A,P47712,7,7,1,6,28.0361,0.4496713,4,cis_target_regulatory_or_linked;trans_other_gene_coding_or_splice;trans_other_or_unknown;trans_regulatory_or_intronic
PLAUR:Q03405:OID20764:v1,PLAUR,Inflammation,PLAUR,Q03405,8,8,1,7,103.435,0.7387828000000001,3,cis_target_coding_or_splice;trans_other_gene_coding_or_splice;trans_regulatory_or_intronic
PLXNA4:Q9HCM2:OID20597:v1,PLXNA4,Inflammation,PLXNA4,Q9HCM2,8,8,1,7,51.3243,0.5614888,4,cis_target_regulatory_or_linked;trans_other_gene_coding_or_splice;trans_other_or_unknown;trans_regulatory_or_intronic
PNLIPRP2:P54317:OID20775:v1,PNLIPRP2,Inflammation,PNLIPRP2,P54317,7,7,1,6,7313.59,1.7927112,3,cis_target_coding_or_splice;trans_other_gene_coding_or_splice;trans_regulatory_or_intronic
PNPT1:Q8TCS8:OID20445:v1,PNPT1,Inflammation,PNPT1,Q8TCS8,3,3,0,3,30.0477,0.2962397,1,trans_regulatory_or_intronic
PON3:Q15166:OID20777:v1,PON3,Inflammation,PON3,Q15166,13,13,1,12,638.383,2.1004211,4,cis_target_regulatory_or_linked;trans_other_gene_coding_or_splice;trans_other_or_unknown;trans_regulatory_or_intronic
PPP1R9B:Q96SB3:OID20643:v1,PPP1R9B,Inflammation,PPP1R9B,Q96SB3,2,2,0,2,29.3628,0.11609420000000001,1,trans_regulatory_or_intronic
PRDX3:P30048:OID20483:v1,PRDX3,Inflammation,PRDX3,P30048,3,3,0,3,11.306,0.1337314,1,trans_regulatory_or_intronic
PRDX5:P30044:OID20644:v1,PRDX5,Inflammation,PRDX5,P30044,4,4,1,3,114.819,1.1128145,2,cis_locus_linked;trans_regulatory_or_intronic
PRELP:P51888:OID20766:v1,PRELP,Inflammation,PRELP,P51888,6,6,1,5,1395.73,2.507993,3,cis_target_coding_or_splice;trans_other_gene_coding_or_splice;trans_regulatory_or_intronic
PRKAB1:Q9Y478:OID20444:v1,PRKAB1,Inflammation,PRKAB1,Q9Y478,1,1,0,1,14.6903,0.0497791,1,trans_regulatory_or_intronic
PROK1:P58294:OID20543:v1,PROK1,Inflammation,PROK1,P58294,6,6,1,5,1369.97,0.7600054,4,cis_target_regulatory_or_linked;trans_other_gene_coding_or_splice;trans_other_or_unknown;trans_regulatory_or_intronic
PRSS8:Q16651:OID20763:v1,PRSS8,Inflammation,PRSS8,Q16651,11,11,1,10,72.1001,0.8234244,4,cis_locus_linked;trans_other_gene_coding_or_splice;trans_other_or_unknown;trans_regulatory_or_intronic
PSIP1:O75475:OID20534:v1,PSIP1,Inflammation,PSIP1,O75475,6,6,0,6,76.3186,0.46604009999999996,2,trans_other_gene_coding_or_splice;trans_regulatory_or_intronic
PSMG3:Q9BT73:OID20549:v1,PSMG3,Inflammation,PSMG3,Q9BT73,1,1,0,1,121.058,0.182425,1,trans_regulatory_or_intronic
PSPN:O60542:OID20511:v1,PSPN,Inflammation,PSPN,O60542,18,18,0,18,46.0864,1.0727596,3,trans_other_gene_coding_or_splice;trans_other_or_unknown;trans_regulatory_or_intronic
PTH1R:Q03431:OID20571:v1,PTH1R,Inflammation,PTH1R,Q03431,2,2,0,2,14.5944,0.10470850000000001,2,trans_other_gene_coding_or_splice;trans_regulatory_or_intronic
PTPN6:P29350:OID20717:v1,PTPN6,Inflammation,PTPN6,P29350,3,3,0,3,28.0774,0.1800895,1,trans_regulatory_or_intronic
PTPRM:P28827:OID20598:v1,PTPRM,Inflammation,PTPRM,P28827,11,11,1,10,1867.4,1.8021107,3,cis_target_regulatory_or_linked;trans_other_gene_coding_or_splice;trans_regulatory_or_intronic
PTX3:P26022:OID20570:v1,PTX3,Inflammation,PTX3,P26022,5,5,0,5,446.383,1.3089182000000001,2,trans_other_gene_coding_or_splice;trans_regulatory_or_intronic
RAB6A:P20340:OID20608:v1,RAB6A,Inflammation,RAB6A,P20340,6,6,0,6,852.254,1.0440794,2,trans_other_gene_coding_or_splice;trans_regulatory_or_intronic
RABGAP1L:Q5R372:OID20447:v1,RABGAP1L,Inflammation,RABGAP1L,Q5R372,2,2,1,1,23.132,0.1109571,2,cis_locus_linked;trans_regulatory_or_intronic
REG4:Q9BYZ8:OID20784:v1,REG4,Inflammation,REG4,Q9BYZ8,10,10,1,9,156.586,1.5250917,4,cis_locus_linked;trans_other_gene_coding_or_splice;trans_other_or_unknown;trans_regulatory_or_intronic
RGS8:P57771:OID20454:v1,RGS8,Inflammation,RGS8,P57771,1,1,0,1,168.23,0.245306,1,trans_regulatory_or_intronic
ROBO1:Q9Y6N7:OID20734:v1,ROBO1,Inflammation,ROBO1,Q9Y6N7,16,16,1,15,213.309,1.5447243,4,cis_target_regulatory_or_linked;trans_other_gene_coding_or_splice;trans_other_or_unknown;trans_regulatory_or_intronic
SAMD9L:Q8IVG5:OID20536:v1,SAMD9L,Inflammation,SAMD9L,Q8IVG5,3,3,1,2,433.27,0.6304293,2,cis_target_regulatory_or_linked;trans_regulatory_or_intronic
SCG3:Q8WXD2:OID20728:v1,SCG3,Inflammation,SCG3,Q8WXD2,6,6,1,5,2117.01,1.0169457,2,cis_target_regulatory_or_linked;trans_regulatory_or_intronic
SCGB1A1:P11684:OID20688:v1,SCGB1A1,Inflammation,SCGB1A1,P11684,26,26,1,25,655.491,1.7592792,4,cis_target_regulatory_or_linked;trans_other_gene_coding_or_splice;trans_other_or_unknown;trans_regulatory_or_intronic
SCGB3A2:Q96PL1:OID20723:v1,SCGB3A2,Inflammation,SCGB3A2,Q96PL1,23,23,1,22,230.347,1.8866064,3,cis_locus_linked;trans_other_or_unknown;trans_regulatory_or_intronic
SCGN:O76038:OID20457:v1,SCGN,Inflammation,SCGN,O76038,10,10,1,9,90.9939,0.705254,4,cis_target_regulatory_or_linked;trans_other_gene_coding_or_splice;trans_other_or_unknown;trans_regulatory_or_intronic
SCRN1:Q12765:OID20542:v1,SCRN1,Inflammation,SCRN1,Q12765,3,3,1,2,56.3017,0.3869428,3,cis_target_coding_or_splice;trans_other_or_unknown;trans_regulatory_or_intronic
SELPLG:Q14242:OID20560:v1,SELPLG,Inflammation,SELPLG,Q14242,12,12,0,12,136.327,0.8069706,3,trans_other_gene_coding_or_splice;trans_other_or_unknown;trans_regulatory_or_intronic
SERPINB8:P50452:OID20630:v1,SERPINB8,Inflammation,SERPINB8,P50452,2,2,1,1,3056.14,0.8258063,2,cis_target_coding_or_splice;trans_other_gene_coding_or_splice
SH2D1A:O60880:OID20514:v1,SH2D1A,Inflammation,SH2D1A,O60880,3,3,0,3,40.8004,0.2477507,2,trans_other_gene_coding_or_splice;trans_regulatory_or_intronic
SHMT1:P34896:OID20714:v1,SHMT1,Inflammation,SHMT1,P34896,4,4,1,3,2834.43,0.8853343,2,cis_target_regulatory_or_linked;trans_regulatory_or_intronic
SIGLEC1:Q9BZZ2:OID20690:v1,SIGLEC1,Inflammation,SIGLEC1,Q9BZZ2,12,12,1,11,878.074,2.9527377,3,cis_locus_linked;trans_other_gene_coding_or_splice;trans_regulatory_or_intronic
SIGLEC10:Q96LC7:OID20537:v1,SIGLEC10,Inflammation,SIGLEC10,Q96LC7,11,11,1,10,902.397,2.1869973,3,cis_locus_linked;trans_other_gene_coding_or_splice;trans_regulatory_or_intronic
SIRPB1:O00241:OID20739:v1,SIRPB1,Inflammation,SIRPB1,O00241,14,14,1,13,2400.37,1.8871816000000001,4,cis_target_regulatory_or_linked;trans_other_gene_coding_or_splice;trans_other_or_unknown;trans_regulatory_or_intronic
SIT1:Q9Y3P8:OID20462:v1,SIT1,Inflammation,SIT1,Q9Y3P8,9,9,0,9,53.1435,0.6220509,3,trans_other_gene_coding_or_splice;trans_other_or_unknown;trans_regulatory_or_intronic
SKAP2:O75563:OID20761:v1,SKAP2,Inflammation,SKAP2,O75563,6,6,0,6,27.7774,0.3287257,2,trans_other_gene_coding_or_splice;trans_regulatory_or_intronic
SLAMF1:Q13291:OID20496:v1,SLAMF1,Inflammation,SLAMF1,Q13291,10,10,1,9,47.6196,0.6098721,3,cis_target_regulatory_or_linked;trans_other_gene_coding_or_splice;trans_regulatory_or_intronic
SLAMF7:Q9NQ25:OID20602:v1,SLAMF7,Inflammation,SLAMF7,Q9NQ25,14,14,1,13,2215.9,1.7975712,3,cis_target_regulatory_or_linked;trans_other_gene_coding_or_splice;trans_regulatory_or_intronic
SLC39A5:Q6ZMH5:OID20539:v1,SLC39A5,Inflammation,SLC39A5,Q6ZMH5,15,15,1,14,87.0792,1.848802,3,cis_target_coding_or_splice;trans_other_gene_coding_or_splice;trans_regulatory_or_intronic
SMOC2:Q9H3U7:OID20730:v1,SMOC2,Inflammation,SMOC2,Q9H3U7,7,7,1,6,784.101,0.8156552,3,cis_target_regulatory_or_linked;trans_other_gene_coding_or_splice;trans_regulatory_or_intronic
SMPDL3A:Q92484:OID20676:v1,SMPDL3A,Inflammation,SMPDL3A,Q92484,28,28,1,27,3153.17,3.153561,4,cis_target_coding_or_splice;trans_other_gene_coding_or_splice;trans_other_or_unknown;trans_regulatory_or_intronic
SPINK4:O60575:OID20509:v1,SPINK4,Inflammation,SPINK4,O60575,10,10,1,9,3639.65,1.5882981,3,cis_target_regulatory_or_linked;trans_other_or_unknown;trans_regulatory_or_intronic
SPINT2:O43291:OID20720:v1,SPINT2,Inflammation,SPINT2,O43291,23,23,1,22,135.864,1.7972368,4,cis_locus_linked;trans_other_gene_coding_or_splice;trans_other_or_unknown;trans_regulatory_or_intronic
SPON1:Q9HCB6:OID20759:v1,SPON1,Inflammation,SPON1,Q9HCB6,10,10,1,9,541.132,1.1792314,3,cis_target_regulatory_or_linked;trans_other_gene_coding_or_splice;trans_regulatory_or_intronic
SPRY2:O43597:OID20475:v1,SPRY2,Inflammation,SPRY2,O43597,11,11,1,10,59.2526,0.8981026,4,cis_target_coding_or_splice;trans_other_gene_coding_or_splice;trans_other_or_unknown;trans_regulatory_or_intronic
SRPK2:P78362:OID20502:v1,SRPK2,Inflammation,SRPK2,P78362,4,4,0,4,57.9593,0.25997170000000003,1,trans_regulatory_or_intronic
STX8:Q9UNK0:OID20531:v1,STX8,Inflammation,STX8,Q9UNK0,3,3,1,2,44.0403,0.2049283,2,cis_target_regulatory_or_linked;trans_regulatory_or_intronic
SULT2A1:Q06520:OID20508:v1,SULT2A1,Inflammation,SULT2A1,Q06520,5,5,1,4,415.099,0.5959377,3,cis_target_regulatory_or_linked;trans_other_or_unknown;trans_regulatory_or_intronic
TANK:Q92844:OID20474:v1,TANK,Inflammation,TANK,Q92844,2,2,1,1,15.8248,0.1046895,2,cis_locus_linked;trans_other_or_unknown
TBC1D5:Q92609:OID20521:v1,TBC1D5,Inflammation,TBC1D5,Q92609,3,3,0,3,18.2148,0.15944239999999998,1,trans_regulatory_or_intronic
TFF2:Q03403:OID20787:v1,TFF2,Inflammation,TFF2,Q03403,8,8,1,7,76.029,0.6644933,4,cis_target_regulatory_or_linked;trans_other_gene_coding_or_splice;trans_other_or_unknown;trans_regulatory_or_intronic
TGFA:P01135:OID20600:v1,TGFA,Inflammation,TGFA,P01135,7,7,1,6,77.6396,0.5618789,4,cis_target_regulatory_or_linked;trans_other_gene_coding_or_splice;trans_other_or_unknown;trans_regulatory_or_intronic
TGFB1:P01137:OID20621:v1,TGFB1,Inflammation,TGFB1,P01137,12,12,1,11,273.674,1.0537861,3,cis_locus_linked;trans_other_or_unknown;trans_regulatory_or_intronic
TIMP3:P35625:OID20684:v1,TIMP3,Inflammation,TIMP3,P35625,21,21,0,21,68.7556,1.4360004,2,trans_other_or_unknown;trans_regulatory_or_intronic
TLR3:O15455:OID20612:v1,TLR3,Inflammation,TLR3,O15455,7,7,1,6,6353.33,1.4140962000000001,3,cis_target_coding_or_splice;trans_other_gene_coding_or_splice;trans_regulatory_or_intronic
TNF:P01375:OID20473:v1,TNF,Inflammation,TNF,P01375,4,4,0,4,96.295,0.43755069999999996,2,trans_other_gene_coding_or_splice;trans_regulatory_or_intronic
TNFAIP8:O95379:OID20433:v1,TNFAIP8,Inflammation,TNFAIP8,O95379,1,1,1,0,31.2234,0.114785,1,cis_target_regulatory_or_linked
TNFRSF11A:Q9Y6Q6:OID20646:v1,TNFRSF11A,Inflammation,TNFRSF11A,Q9Y6Q6,9,9,0,9,97.2426,0.7011254,2,trans_other_gene_coding_or_splice;trans_regulatory_or_intronic
TNFRSF11B:O00300:OID20735:v1,TNFRSF11B,Inflammation,TNFRSF11B,O00300,17,17,0,17,280.111,1.7988416,3,trans_other_gene_coding_or_splice;trans_other_or_unknown;trans_regulatory_or_intronic
TNFRSF13B:O14836:OID20702:v1,TNFRSF13B,Inflammation,TNFRSF13B,O14836,13,13,1,12,210.02,1.8238214,4,cis_target_regulatory_or_linked;trans_other_gene_coding_or_splice;trans_other_or_unknown;trans_regulatory_or_intronic
TNFRSF13C:Q96RJ3:OID20480:v1,TNFRSF13C,Inflammation,TNFRSF13C,Q96RJ3,14,14,0,14,36.8411,1.3229826,3,trans_other_gene_coding_or_splice;trans_other_or_unknown;trans_regulatory_or_intronic
TNFRSF14:Q92956:OID20783:v1,TNFRSF14,Inflammation,TNFRSF14,Q92956,6,6,1,5,78.7504,0.4407606,3,cis_locus_linked;trans_other_gene_coding_or_splice;trans_regulatory_or_intronic
TNFRSF4:P43489:OID20653:v1,TNFRSF4,Inflammation,TNFRSF4,P43489,7,7,1,6,94.8024,0.7444831,3,cis_locus_linked;trans_other_or_unknown;trans_regulatory_or_intronic
TNFSF10:P50591:OID20611:v1,TNFSF10,Inflammation,TNFSF10,P50591,19,19,1,18,714.671,3.6522544,3,cis_locus_linked;trans_other_gene_coding_or_splice;trans_regulatory_or_intronic
TNFSF11:O14788:OID20592:v1,TNFSF11,Inflammation,TNFSF11,O14788,9,9,1,8,284.874,1.5672949,2,cis_locus_linked;trans_regulatory_or_intronic
TNFSF12:O43508:OID20624:v1,TNFSF12,Inflammation,TNFSF12,O43508,23,23,1,22,665.906,2.0282382,4,cis_target_regulatory_or_linked;trans_other_gene_coding_or_splice;trans_other_or_unknown;trans_regulatory_or_intronic
TNFSF13:O75888:OID20733:v1,TNFSF13,Inflammation,TNFSF13,O75888,9,9,1,8,443.974,1.1079201,3,cis_target_coding_or_splice;trans_other_gene_coding_or_splice;trans_regulatory_or_intronic
TPP1:O14773:OID20750:v1,TPP1,Inflammation,TPP1,O14773,13,13,0,13,92.2304,1.137838,2,trans_other_gene_coding_or_splice;trans_regulatory_or_intronic
TPSAB1:Q15661:OID20642:v1,TPSAB1,Inflammation,TPSAB1,Q15661,17,17,1,16,3832.66,1.8062464,4,cis_target_regulatory_or_linked;trans_other_gene_coding_or_splice;trans_other_or_unknown;trans_regulatory_or_intronic
TRAF2:Q12933:OID20507:v1,TRAF2,Inflammation,TRAF2,Q12933,3,3,0,3,25.0948,0.1807397,1,trans_regulatory_or_intronic
TREM2:Q9NZC2:OID20731:v1,TREM2,Inflammation,TREM2,Q9NZC2,13,13,1,12,979.354,2.4866251999999998,3,cis_target_coding_or_splice;trans_other_gene_coding_or_splice;trans_regulatory_or_intronic
TRIM21:P19474:OID20533:v1,TRIM21,Inflammation,TRIM21,P19474,2,2,0,2,23.736,0.1355476,1,trans_regulatory_or_intronic
TRIM5:Q9C035:OID20526:v1,TRIM5,Inflammation,TRIM5,Q9C035,2,2,1,1,469.141,0.4450256,2,cis_target_regulatory_or_linked;trans_regulatory_or_intronic
VASH1:Q7L8A9:OID20516:v1,VASH1,Inflammation,VASH1,Q7L8A9,9,9,1,8,67.0747,0.7303941,3,cis_locus_linked;trans_other_gene_coding_or_splice;trans_regulatory_or_intronic
VEGFA:P15692:OID20650:v1,VEGFA,Inflammation,VEGFA,P15692,17,17,1,16,2751.7,2.1640788,4,cis_locus_linked;trans_other_gene_coding_or_splice;trans_other_or_unknown;trans_regulatory_or_intronic
VEGFD:O43915:OID20662:v1,VEGFD,Inflammation,VEGFD,O43915,7,7,0,7,112.559,0.5845216999999999,2,trans_other_gene_coding_or_splice;trans_regulatory_or_intronic
WAS:P42768:OID20479:v1,WAS,Inflammation,WAS,P42768,3,3,0,3,66.6179,0.25201060000000003,2,trans_other_gene_coding_or_splice;trans_regulatory_or_intronic
WFIKKN2:Q8TEU8:OID20785:v1,WFIKKN2,Inflammation,WFIKKN2,Q8TEU8,7,7,1,6,2349.45,1.03077,3,cis_target_regulatory_or_linked;trans_other_gene_coding_or_splice;trans_regulatory_or_intronic
WNT9A:O14904:OID20460:v1,WNT9A,Inflammation,WNT9A,O14904,3,3,1,2,98.7213,0.28049579999999996,3,cis_locus_linked;trans_other_or_unknown;trans_regulatory_or_intronic
YTHDF3:Q7Z739:OID20478:v1,YTHDF3,Inflammation,YTHDF3,Q7Z739,5,5,0,5,38.6619,0.2915664,2,trans_other_gene_coding_or_splice;trans_regulatory_or_intronic
A1BG:P04217:OID30771:v1,A1BG,Inflammation_II,A1BG,P04217,4,4,0,4,103.209,0.35404800000000003,2,trans_other_gene_coding_or_splice;trans_regulatory_or_intronic
ABO:P16442:OID30675:v1,ABO,Inflammation_II,ABO,P16442,2,2,1,1,6832.83,1.2432397,2,cis_target_regulatory_or_linked;trans_regulatory_or_intronic
ACE:P12821:OID30696:v1,ACE,Inflammation_II,ACE,P12821,3,3,1,2,1218.49,0.8893610000000001,2,cis_target_coding_or_splice;trans_regulatory_or_intronic
ACHE:P22303:OID30585:v1,ACHE,Inflammation_II,ACHE,P22303,9,9,1,8,579.901,0.886118,4,cis_locus_linked;trans_other_gene_coding_or_splice;trans_other_or_unknown;trans_regulatory_or_intronic
ACP1:P24666:OID30524:v1,ACP1,Inflammation_II,ACP1,P24666,1,1,1,0,736.776,0.376199,1,cis_target_regulatory_or_linked
ACRV1:P26436:OID30513:v1,ACRV1,Inflammation_II,ACRV1,P26436,1,1,0,1,17.5844,0.0419711,1,trans_other_gene_coding_or_splice
ACYP1:P07311:OID30642:v1,ACYP1,Inflammation_II,ACYP1,P07311,3,3,1,2,382.428,1.3487684,2,cis_locus_linked;trans_regulatory_or_intronic
ADAM12:O43184:OID30491:v1,ADAM12,Inflammation_II,ADAM12,O43184,1,1,1,0,77.3502,0.117298,1,cis_target_regulatory_or_linked
ADAMTS1:Q9UHI8:OID30528:v1,ADAMTS1,Inflammation_II,ADAMTS1,Q9UHI8,1,1,1,0,12.4241,0.0525499,1,cis_target_regulatory_or_linked
ADAMTS4:O75173:OID30471:v1,ADAMTS4,Inflammation_II,ADAMTS4,O75173,3,3,1,2,80.128,0.2361812,2,cis_locus_linked;trans_regulatory_or_intronic
ADD1:P35611:OID30655:v1,ADD1,Inflammation_II,ADD1,P35611,7,7,1,6,123.887,0.5632879,2,cis_target_regulatory_or_linked;trans_regulatory_or_intronic
ADGRD1:Q6QNK2:OID30588:v1,ADGRD1,Inflammation_II,ADGRD1,Q6QNK2,19,19,1,18,925.607,2.1591998,4,cis_target_regulatory_or_linked;trans_other_gene_coding_or_splice;trans_other_or_unknown;trans_regulatory_or_intronic
ADH1B:P00325:OID30612:v1,ADH1B,Inflammation_II,ADH1B,P00325,8,8,0,8,31.8103,0.6208323,2,trans_other_gene_coding_or_splice;trans_regulatory_or_intronic
ADIPOQ:Q15848:OID30748:v1,ADIPOQ,Inflammation_II,ADIPOQ,Q15848,15,15,1,14,299.432,1.7744069,4,cis_target_regulatory_or_linked;trans_other_gene_coding_or_splice;trans_other_or_unknown;trans_regulatory_or_intronic
AFAP1:Q8N556:OID30569:v1,AFAP1,Inflammation_II,AFAP1,Q8N556,2,2,1,1,5375.05,1.134581,2,cis_target_coding_or_splice;trans_regulatory_or_intronic
AFM:P43652:OID30741:v1,AFM,Inflammation_II,AFM,P43652,5,5,0,5,25.2085,0.36846819999999997,1,trans_regulatory_or_intronic
AGT:P01019:OID30709:v1,AGT,Inflammation_II,AGT,P01019,3,3,1,2,1215.72,0.8438308999999999,2,cis_target_coding_or_splice;trans_regulatory_or_intronic
AHSG:P02765:OID30706:v1,AHSG,Inflammation_II,AHSG,P02765,5,5,1,4,2299.52,0.9923838,3,cis_locus_linked;trans_other_gene_coding_or_splice;trans_regulatory_or_intronic
AKR7L:Q8NHP1:OID30488:v1,AKR7L,Inflammation_II,AKR7L,Q8NHP1,4,4,1,3,186.323,0.48758999999999997,2,cis_locus_linked;trans_regulatory_or_intronic
ALPI:P09923:OID30497:v1,ALPI,Inflammation_II,ALPI,P09923,3,3,0,3,2566.12,0.8278588,2,trans_other_gene_coding_or_splice;trans_regulatory_or_intronic
AMOT:Q4VCS5:OID30572:v1,AMOT,Inflammation_II,AMOT,Q4VCS5,7,7,0,7,257.732,0.6375118,1,trans_regulatory_or_intronic
AMY1A_AMY1B_AMY1C:P0DUB6_P0DTE7_P0DTE8:OID30707:v1,AMY1A_AMY1B_AMY1C,Inflammation_II,AMY1A;AMY1B;AMY1C,P0DUB6;P0DTE7;P0DTE8,10,10,1,9,558.681,0.9724686,2,cis_locus_linked;trans_regulatory_or_intronic
ANKMY2:Q8IV38:OID30518:v1,ANKMY2,Inflammation_II,ANKMY2,Q8IV38,5,5,1,4,45.6742,0.3235887,2,cis_locus_linked;trans_regulatory_or_intronic
ANXA1:P04083:OID30617:v1,ANXA1,Inflammation_II,ANXA1,P04083,5,5,1,4,60.8432,0.3795638,4,cis_target_regulatory_or_linked;trans_other_gene_coding_or_splice;trans_other_or_unknown;trans_regulatory_or_intronic
APCS:P02743:OID30778:v1,APCS,Inflammation_II,APCS,P02743,5,5,1,4,179.486,0.8382113,4,cis_locus_linked;trans_other_gene_coding_or_splice;trans_other_or_unknown;trans_regulatory_or_intronic
APOA1:P02647:OID30769:v1,APOA1,Inflammation_II,APOA1,P02647,9,9,1,8,126.77,0.9781322,3,cis_locus_linked;trans_other_gene_coding_or_splice;trans_regulatory_or_intronic
APOA2:P02652:OID30686:v1,APOA2,Inflammation_II,APOA2,P02652,14,14,1,13,61.6067,1.0163331,4,cis_locus_linked;trans_other_gene_coding_or_splice;trans_other_or_unknown;trans_regulatory_or_intronic
APOA4:P06727:OID30733:v1,APOA4,Inflammation_II,APOA4,P06727,4,4,1,3,107.381,0.4400275,4,cis_locus_linked;trans_other_gene_coding_or_splice;trans_other_or_unknown;trans_regulatory_or_intronic
APOC1:P02654:OID30749:v1,APOC1,Inflammation_II,APOC1,P02654,8,8,1,7,624.848,1.2570184,4,cis_locus_linked;trans_other_gene_coding_or_splice;trans_other_or_unknown;trans_regulatory_or_intronic
APOD:P05090:OID30746:v1,APOD,Inflammation_II,APOD,P05090,10,10,1,9,179.486,1.4135222,4,cis_target_regulatory_or_linked;trans_other_gene_coding_or_splice;trans_other_or_unknown;trans_regulatory_or_intronic
APOE:P02649:OID30727:v1,APOE,Inflammation_II,APOE,P02649,4,4,1,3,3102.3,1.1467854,2,cis_target_coding_or_splice;trans_regulatory_or_intronic
APOF:Q13790:OID30701:v1,APOF,Inflammation_II,APOF,Q13790,10,10,0,10,53.521,0.6642102,3,trans_other_gene_coding_or_splice;trans_other_or_unknown;trans_regulatory_or_intronic
APOL1:O14791:OID30708:v1,APOL1,Inflammation_II,APOL1,O14791,10,10,1,9,861.703,1.5615126,3,cis_target_coding_or_splice;trans_other_gene_coding_or_splice;trans_regulatory_or_intronic
APPL2:Q8NEU8:OID30590:v1,APPL2,Inflammation_II,APPL2,Q8NEU8,3,3,0,3,17.179,0.1391106,1,trans_regulatory_or_intronic
ARHGAP45:Q92619:OID30653:v1,ARHGAP45,Inflammation_II,ARHGAP45,Q92619,3,3,1,2,33.2588,0.1885445,2,cis_locus_linked;trans_regulatory_or_intronic
ASGR2:P07307:OID30679:v1,ASGR2,Inflammation_II,ASGR2,P07307,15,15,1,14,498.596,3.0904987,3,cis_target_regulatory_or_linked;trans_other_gene_coding_or_splice;trans_regulatory_or_intronic
ATRN:O75882-2:OID30735:v1,ATRN,Inflammation_II,ATRN,O75882,7,7,1,6,1939.92,1.6609729,4,cis_target_regulatory_or_linked;trans_other_gene_coding_or_splice;trans_other_or_unknown;trans_regulatory_or_intronic
B2M:P61769:OID30725:v1,B2M,Inflammation_II,B2M,P61769,4,4,0,4,55.1969,0.25187170000000003,2,trans_other_gene_coding_or_splice;trans_regulatory_or_intronic
BAG4:O95429:OID30474:v1,BAG4,Inflammation_II,BAG4,O95429,2,2,0,2,25.098,0.1380366,1,trans_regulatory_or_intronic
BCHE:P06276:OID30717:v1,BCHE,Inflammation_II,BCHE,P06276,16,16,1,15,1345.89,2.543644,4,cis_target_coding_or_splice;trans_other_gene_coding_or_splice;trans_other_or_unknown;trans_regulatory_or_intronic
BCL2L15:Q5TBC7:OID30498:v1,BCL2L15,Inflammation_II,BCL2L15,Q5TBC7,3,3,1,2,146.803,0.3367644,3,cis_locus_linked;trans_other_gene_coding_or_splice;trans_regulatory_or_intronic
BLNK:Q8WV28:OID30541:v1,BLNK,Inflammation_II,BLNK,Q8WV28,4,4,1,3,46.9843,0.5527769,2,cis_target_regulatory_or_linked;trans_regulatory_or_intronic
BMP10:O95393:OID30575:v1,BMP10,Inflammation_II,BMP10,O95393,12,12,1,11,1273.65,2.9825961999999997,4,cis_target_coding_or_splice;trans_other_gene_coding_or_splice;trans_other_or_unknown;trans_regulatory_or_intronic
BMPER:Q8N8U9:OID30615:v1,BMPER,Inflammation_II,BMPER,Q8N8U9,5,5,1,4,186.128,0.5891624,2,cis_locus_linked;trans_regulatory_or_intronic
BNIP3L:O60238:OID30525:v1,BNIP3L,Inflammation_II,BNIP3L,O60238,4,4,0,4,21.9089,0.2954568,2,trans_other_gene_coding_or_splice;trans_regulatory_or_intronic
BTD:P43251:OID30754:v1,BTD,Inflammation_II,BTD,P43251,9,9,1,8,2534.24,2.5229225,3,cis_target_coding_or_splice;trans_other_gene_coding_or_splice;trans_regulatory_or_intronic
C1QL2:Q7Z5L3:OID30515:v1,C1QL2,Inflammation_II,C1QL2,Q7Z5L3,16,16,1,15,364.58,1.4963313,4,cis_target_regulatory_or_linked;trans_other_gene_coding_or_splice;trans_other_or_unknown;trans_regulatory_or_intronic
C1QTNF5:Q9BXJ0:OID30618:v1,C1QTNF5,Inflammation_II,C1QTNF5,Q9BXJ0,9,9,1,8,723.925,2.4524538000000002,4,cis_locus_linked;trans_other_gene_coding_or_splice;trans_other_or_unknown;trans_regulatory_or_intronic
C1QTNF9:P0C862:OID30620:v1,C1QTNF9,Inflammation_II,C1QTNF9,P0C862,9,9,1,8,4552.41,1.6139472000000001,4,cis_locus_linked;trans_other_gene_coding_or_splice;trans_other_or_unknown;trans_regulatory_or_intronic
C1R:P00736:OID30753:v1,C1R,Inflammation_II,C1R,P00736,3,3,1,2,539.056,0.6815132,2,cis_locus_linked;trans_other_or_unknown
C1RL:Q9NZP8:OID30721:v1,C1RL,Inflammation_II,C1RL,Q9NZP8,10,10,1,9,1271.72,3.3179539,3,cis_target_regulatory_or_linked;trans_other_gene_coding_or_splice;trans_regulatory_or_intronic
C1S:P09871:OID30731:v1,C1S,Inflammation_II,C1S,P09871,3,3,1,2,1154.16,0.9205568,3,cis_target_regulatory_or_linked;trans_other_or_unknown;trans_regulatory_or_intronic
C3:P01024:OID30776:v1,C3,Inflammation_II,C3,P01024,5,5,1,4,66.8594,0.5066866,3,cis_target_regulatory_or_linked;trans_other_gene_coding_or_splice;trans_regulatory_or_intronic
C5:P01031:OID30744:v1,C5,Inflammation_II,C5,P01031,2,2,1,1,115.404,0.2023077,2,cis_locus_linked;trans_other_gene_coding_or_splice
C7:P10643:OID30766:v1,C7,Inflammation_II,C7,P10643,5,5,1,4,1316.4,1.8147046,3,cis_target_regulatory_or_linked;trans_other_gene_coding_or_splice;trans_regulatory_or_intronic
C8B:P07358:OID30719:v1,C8B,Inflammation_II,C8B,P07358,3,3,1,2,1341.85,0.5947951,3,cis_target_regulatory_or_linked;trans_other_gene_coding_or_splice;trans_regulatory_or_intronic
C9:P02748:OID30698:v1,C9,Inflammation_II,C9,P02748,3,3,0,3,19.9293,0.1795815,2,trans_other_or_unknown;trans_regulatory_or_intronic
CACYBP:Q9HB71:OID30649:v1,CACYBP,Inflammation_II,CACYBP,Q9HB71,6,6,1,5,74.408,0.4624617,2,cis_locus_linked;trans_regulatory_or_intronic
CAT:P04040:OID30712:v1,CAT,Inflammation_II,CAT,P04040,2,2,1,1,147.562,0.2297076,2,cis_target_regulatory_or_linked;trans_regulatory_or_intronic
CCNE1:P24864:OID30456:v1,CCNE1,Inflammation_II,CCNE1,P24864,1,1,0,1,12.9892,0.0487464,1,trans_regulatory_or_intronic
CD226:Q15762:OID30556:v1,CD226,Inflammation_II,CD226,Q15762,23,23,1,22,382.94,1.7707174,3,cis_target_regulatory_or_linked;trans_other_gene_coding_or_splice;trans_regulatory_or_intronic
CD300A:Q9UGN4:OID30576:v1,CD300A,Inflammation_II,CD300A,Q9UGN4,8,8,1,7,454.845,1.1896593,3,cis_target_regulatory_or_linked;trans_other_gene_coding_or_splice;trans_regulatory_or_intronic
CD36:P16671:OID30485:v1,CD36,Inflammation_II,CD36,P16671,27,27,1,26,413.766,2.5590071,4,cis_target_regulatory_or_linked;trans_other_gene_coding_or_splice;trans_other_or_unknown;trans_regulatory_or_intronic
CD5L:O43866:OID30775:v1,CD5L,Inflammation_II,CD5L,O43866,36,36,1,35,225.724,2.6745461,4,cis_target_regulatory_or_linked;trans_other_gene_coding_or_splice;trans_other_or_unknown;trans_regulatory_or_intronic
CD7:P09564:OID30543:v1,CD7,Inflammation_II,CD7,P09564,7,7,1,6,1060.58,1.5983019,3,cis_target_regulatory_or_linked;trans_other_gene_coding_or_splice;trans_regulatory_or_intronic
CD72:P21854:OID30641:v1,CD72,Inflammation_II,CD72,P21854,11,11,1,10,105.5,1.2401825,3,cis_target_regulatory_or_linked;trans_other_gene_coding_or_splice;trans_regulatory_or_intronic
CEBPA:P49715:OID30458:v1,CEBPA,Inflammation_II,CEBPA,P49715,1,1,0,1,23.1487,0.229327,1,trans_other_gene_coding_or_splice
CELSR2:Q9HCU4:OID30593:v1,CELSR2,Inflammation_II,CELSR2,Q9HCU4,3,3,1,2,813.484,0.592598,2,cis_locus_linked;trans_regulatory_or_intronic
CEMIP2:Q9UHN6:OID30499:v1,CEMIP2,Inflammation_II,CEMIP2,Q9UHN6,2,2,1,1,96.4658,0.2879754,2,cis_target_regulatory_or_linked;trans_regulatory_or_intronic
CFB:P00751:OID30755:v1,CFB,Inflammation_II,CFB,P00751,7,7,1,6,825.868,1.1966267,3,cis_target_coding_or_splice;trans_other_gene_coding_or_splice;trans_regulatory_or_intronic
CFD:P00746:OID30738:v1,CFD,Inflammation_II,CFD,P00746,5,5,1,4,131.383,0.4023849,4,cis_locus_linked;trans_other_gene_coding_or_splice;trans_other_or_unknown;trans_regulatory_or_intronic
CFH:P08603:OID30790:v1,CFH,Inflammation_II,CFH,P08603,3,3,1,2,650.944,0.5420662,3,cis_target_regulatory_or_linked;trans_other_or_unknown;trans_regulatory_or_intronic
CFHR2:P36980:OID30720:v1,CFHR2,Inflammation_II,CFHR2,P36980,1,1,1,0,4244.88,1.03409,1,cis_target_coding_or_splice
CFHR4:Q92496:OID30758:v1,CFHR4,Inflammation_II,CFHR4,Q92496,9,9,1,8,2512.28,1.359286,3,cis_target_regulatory_or_linked;trans_other_gene_coding_or_splice;trans_regulatory_or_intronic
CFHR5:Q9BXR6:OID30716:v1,CFHR5,Inflammation_II,CFHR5,Q9BXR6,10,10,1,9,883.386,2.1356661,3,cis_locus_linked;trans_other_or_unknown;trans_regulatory_or_intronic
CFI:P05156:OID30772:v1,CFI,Inflammation_II,CFI,P05156,5,5,1,4,244.905,0.5028055,2,cis_target_regulatory_or_linked;trans_other_gene_coding_or_splice
CFP:P27918:OID30784:v1,CFP,Inflammation_II,CFP,P27918,11,11,0,11,252.138,1.3033084,3,trans_other_gene_coding_or_splice;trans_other_or_unknown;trans_regulatory_or_intronic
CGB3_CGB5_CGB8:P0DN86:OID30671:v1,CGB3_CGB5_CGB8,Inflammation_II,CGB5;CGB8;CGB3,P0DN86;P0DN86;P0DN86,3,3,1,2,21.4638,0.1852715,2,cis_locus_linked;trans_regulatory_or_intronic
CHAD:O15335:OID30660:v1,CHAD,Inflammation_II,CHAD,O15335,12,12,1,11,342.028,2.5151254,4,cis_target_coding_or_splice;trans_other_gene_coding_or_splice;trans_other_or_unknown;trans_regulatory_or_intronic
CLEC12A:Q5QGZ9:OID30552:v1,CLEC12A,Inflammation_II,CLEC12A,Q5QGZ9,2,2,1,1,1023.86,0.5601397,2,cis_target_regulatory_or_linked;trans_regulatory_or_intronic
CLEC3B:P05452:OID30756:v1,CLEC3B,Inflammation_II,CLEC3B,P05452,6,6,1,5,228.848,0.6655806,4,cis_locus_linked;trans_other_gene_coding_or_splice;trans_other_or_unknown;trans_regulatory_or_intronic
CLU:P10909:OID30732:v1,CLU,Inflammation_II,CLU,P10909,4,4,0,4,21.5035,0.2297956,3,trans_other_gene_coding_or_splice;trans_other_or_unknown;trans_regulatory_or_intronic
COL5A1:P20908:OID30587:v1,COL5A1,Inflammation_II,COL5A1,P20908,13,13,1,12,223.205,1.0138744,3,cis_target_regulatory_or_linked;trans_other_or_unknown;trans_regulatory_or_intronic
CPA4:Q9UI42:OID30606:v1,CPA4,Inflammation_II,CPA4,Q9UI42,9,9,1,8,1543.55,1.0778613,4,cis_target_coding_or_splice;trans_other_gene_coding_or_splice;trans_other_or_unknown;trans_regulatory_or_intronic
CPB2:Q96IY4:OID30734:v1,CPB2,Inflammation_II,CPB2,Q96IY4,8,8,1,7,1984.65,1.2382465,4,cis_locus_linked;trans_other_gene_coding_or_splice;trans_other_or_unknown;trans_regulatory_or_intronic
CPOX:P36551:OID30495:v1,CPOX,Inflammation_II,CPOX,P36551,5,5,1,4,61.989,0.6263189,3,cis_locus_linked;trans_other_gene_coding_or_splice;trans_regulatory_or_intronic
CR1:P17927:OID30697:v1,CR1,Inflammation_II,CR1,P17927,18,18,1,17,1002.96,1.9104619999999999,4,cis_target_regulatory_or_linked;trans_other_gene_coding_or_splice;trans_other_or_unknown;trans_regulatory_or_intronic
CRELD1:Q96HD1:OID30619:v1,CRELD1,Inflammation_II,CRELD1,Q96HD1,7,7,1,6,2930.5,1.4031789000000001,4,cis_locus_linked;trans_other_gene_coding_or_splice;trans_other_or_unknown;trans_regulatory_or_intronic
CRISP3:P54108:OID30715:v1,CRISP3,Inflammation_II,CRISP3,P54108,37,37,1,36,1910.62,3.6601964,4,cis_locus_linked;trans_other_gene_coding_or_splice;trans_other_or_unknown;trans_regulatory_or_intronic
CSF1R:P07333:OID30681:v1,CSF1R,Inflammation_II,CSF1R,P07333,23,23,0,23,124.532,2.1824938,2,trans_other_gene_coding_or_splice;trans_regulatory_or_intronic
CSF2RB:P32927:OID30553:v1,CSF2RB,Inflammation_II,CSF2RB,P32927,5,5,1,4,6801.76,1.3083887,3,cis_target_regulatory_or_linked;trans_other_gene_coding_or_splice;trans_regulatory_or_intronic
CSF3R:Q99062:OID30527:v1,CSF3R,Inflammation_II,CSF3R,Q99062,12,12,1,11,320.403,1.8837148000000001,2,cis_locus_linked;trans_regulatory_or_intronic
CSNK1D:P48730:OID30492:v1,CSNK1D,Inflammation_II,CSNK1D,P48730,3,3,0,3,21.5871,0.2309583,2,trans_other_or_unknown;trans_regulatory_or_intronic
CST1:P01037:OID30581:v1,CST1,Inflammation_II,CST1,P01037,13,13,1,12,1500.92,1.4874999,4,cis_target_regulatory_or_linked;trans_other_gene_coding_or_splice;trans_other_or_unknown;trans_regulatory_or_intronic
CTBS:Q01459:OID30710:v1,CTBS,Inflammation_II,CTBS,Q01459,15,15,1,14,1306.64,2.8425057,4,cis_target_regulatory_or_linked;trans_other_gene_coding_or_splice;trans_other_or_unknown;trans_regulatory_or_intronic
CTSE:P14091:OID30628:v1,CTSE,Inflammation_II,CTSE,P14091,11,11,1,10,1407.57,1.5152709,4,cis_target_coding_or_splice;trans_other_gene_coding_or_splice;trans_other_or_unknown;trans_regulatory_or_intronic
DAAM1:Q9Y4D1:OID30664:v1,DAAM1,Inflammation_II,DAAM1,Q9Y4D1,5,5,0,5,39.1797,0.3415273,2,trans_other_or_unknown;trans_regulatory_or_intronic
DAPK2:Q9UIK4:OID30505:v1,DAPK2,Inflammation_II,DAPK2,Q9UIK4,3,3,1,2,789.254,0.5034839,2,cis_target_regulatory_or_linked;trans_regulatory_or_intronic
DBH:P09172:OID30703:v1,DBH,Inflammation_II,DBH,P09172,11,11,1,10,5140.0,1.592679,3,cis_target_regulatory_or_linked;trans_other_or_unknown;trans_regulatory_or_intronic
DBN1:Q16643:OID30549:v1,DBN1,Inflammation_II,DBN1,Q16643,3,3,1,2,21.5348,0.1610493,2,cis_target_coding_or_splice;trans_regulatory_or_intronic
DCTD:P32321:OID30657:v1,DCTD,Inflammation_II,DCTD,P32321,4,4,1,3,24.6644,0.2164109,2,cis_locus_linked;trans_regulatory_or_intronic
DDI2:Q5TDH0:OID30602:v1,DDI2,Inflammation_II,DDI2,Q5TDH0,2,2,0,2,28.8137,0.1408123,1,trans_regulatory_or_intronic
DEFB103A_DEFB103B:P81534:OID30534:v1,DEFB103A_DEFB103B,Inflammation_II,DEFB103B;DEFB103A,P81534;P81534,1,1,0,1,20.4925,0.128856,1,trans_regulatory_or_intronic
DENR:O43583:OID30493:v1,DENR,Inflammation_II,DENR,O43583,1,1,0,1,13.7195,0.0482623,1,trans_regulatory_or_intronic
DGKA:P23743:OID30546:v1,DGKA,Inflammation_II,DGKA,P23743,2,2,0,2,11.8954,0.0883632,2,trans_other_gene_coding_or_splice;trans_regulatory_or_intronic
DIPK2B:Q9H7Y0:OID30582:v1,DIPK2B,Inflammation_II,DIPK2B,Q9H7Y0,5,5,0,5,107.317,0.4371754,3,trans_other_gene_coding_or_splice;trans_other_or_unknown;trans_regulatory_or_intronic
DNAJB2:P25686:OID30661:v1,DNAJB2,Inflammation_II,DNAJB2,P25686,2,2,0,2,15.3645,0.0926475,1,trans_regulatory_or_intronic
DNAJB6:O75190:OID30613:v1,DNAJB6,Inflammation_II,DNAJB6,O75190,5,5,1,4,198.133,0.37809709999999996,2,cis_target_regulatory_or_linked;trans_regulatory_or_intronic
DTD1:Q8TEA8:OID30580:v1,DTD1,Inflammation_II,DTD1,Q8TEA8,7,7,1,6,131.0,0.4767345,3,cis_target_regulatory_or_linked;trans_other_gene_coding_or_splice;trans_regulatory_or_intronic
ECM1:Q16610:OID30736:v1,ECM1,Inflammation_II,ECM1,Q16610,4,4,1,3,2335.29,0.9059881,3,cis_target_coding_or_splice;trans_other_gene_coding_or_splice;trans_regulatory_or_intronic
EDNRB:P24530:OID30421:v1,EDNRB,Inflammation_II,EDNRB,P24530,1,1,0,1,12.1403,0.0550146,1,trans_other_or_unknown
EIF4E:P06730:OID30557:v1,EIF4E,Inflammation_II,EIF4E,P06730,5,5,0,5,20.8974,0.2516974,1,trans_regulatory_or_intronic
EPHA4:P54764:OID30622:v1,EPHA4,Inflammation_II,EPHA4,P54764,5,5,1,4,1246.39,0.9924686,3,cis_target_regulatory_or_linked;trans_other_gene_coding_or_splice;trans_regulatory_or_intronic
ERMAP:Q96PL5:OID30539:v1,ERMAP,Inflammation_II,ERMAP,Q96PL5,13,13,1,12,1076.63,1.4118189,3,cis_locus_linked;trans_other_or_unknown;trans_regulatory_or_intronic
ERP29:P30040:OID30578:v1,ERP29,Inflammation_II,ERP29,P30040,6,6,0,6,28.7878,0.3238552,1,trans_regulatory_or_intronic
ESR1:P03372:OID30434:v1,ESR1,Inflammation_II,ESR1,P03372,1,1,0,1,18.6696,0.128119,1,trans_regulatory_or_intronic
EVI5:O60447:OID30519:v1,EVI5,Inflammation_II,EVI5,O60447,2,2,1,1,91.6882,0.19377260000000002,2,cis_target_coding_or_splice;trans_regulatory_or_intronic
F10:P00742:OID30684:v1,F10,Inflammation_II,F10,P00742,10,10,1,9,258.754,1.1358363,4,cis_target_regulatory_or_linked;trans_other_gene_coding_or_splice;trans_other_or_unknown;trans_regulatory_or_intronic
F11:P03951:OID30773:v1,F11,Inflammation_II,F11,P03951,6,6,1,5,1377.77,1.1754066,3,cis_locus_linked;trans_other_gene_coding_or_splice;trans_regulatory_or_intronic
F12:P00748:OID30739:v1,F12,Inflammation_II,F12,P00748,6,6,1,5,6066.9,1.4267416,4,cis_target_regulatory_or_linked;trans_other_gene_coding_or_splice;trans_other_or_unknown;trans_regulatory_or_intronic
F13B:P05160:OID30781:v1,F13B,Inflammation_II,F13B,P05160,8,8,1,7,971.551,1.2802251,4,cis_target_regulatory_or_linked;trans_other_gene_coding_or_splice;trans_other_or_unknown;trans_regulatory_or_intronic
F2:P00734:OID30723:v1,F2,Inflammation_II,F2,P00734,3,3,1,2,126.201,0.8863268999999999,3,cis_locus_linked;trans_other_gene_coding_or_splice;trans_regulatory_or_intronic
FCN1:O00602:OID30690:v1,FCN1,Inflammation_II,FCN1,O00602,21,21,1,20,904.384,2.6522381,4,cis_locus_linked;trans_other_gene_coding_or_splice;trans_other_or_unknown;trans_regulatory_or_intronic
FGA:P02671:OID30788:v1,FGA,Inflammation_II,FGA,P02671,6,6,0,6,19.8157,0.29853999999999997,2,trans_other_or_unknown;trans_regulatory_or_intronic
FGFR4:P22455:OID30646:v1,FGFR4,Inflammation_II,FGFR4,P22455,18,18,1,17,5218.6,2.8683079,4,cis_target_coding_or_splice;trans_other_gene_coding_or_splice;trans_other_or_unknown;trans_regulatory_or_intronic
FGL1:Q08830:OID30702:v1,FGL1,Inflammation_II,FGL1,Q08830,6,6,1,5,2388.34,0.9667207,4,cis_target_regulatory_or_linked;trans_other_gene_coding_or_splice;trans_other_or_unknown;trans_regulatory_or_intronic
FN1:P02751:OID30787:v1,FN1,Inflammation_II,FN1,P02751,4,4,1,3,919.394,0.9238556,3,cis_target_coding_or_splice;trans_other_gene_coding_or_splice;trans_regulatory_or_intronic
FOLH1:Q04609:OID30430:v1,FOLH1,Inflammation_II,FOLH1,Q04609,3,3,1,2,40.6341,0.29068269999999996,2,cis_locus_linked;trans_regulatory_or_intronic
FOXJ3:Q9UPW0:OID30445:v1,FOXJ3,Inflammation_II,FOXJ3,Q9UPW0,2,2,1,1,25.0875,0.1505042,2,cis_target_coding_or_splice;trans_regulatory_or_intronic
FUOM:A2VDF0:OID30626:v1,FUOM,Inflammation_II,FUOM,A2VDF0,8,8,1,7,227.703,1.0889131,4,cis_locus_linked;trans_other_gene_coding_or_splice;trans_other_or_unknown;trans_regulatory_or_intronic
GAPDH:P04406:OID30600:v1,GAPDH,Inflammation_II,GAPDH,P04406,1,1,0,1,13.8671,0.0486515,1,trans_regulatory_or_intronic
GC:P02774:OID30780:v1,GC,Inflammation_II,GC,P02774,6,6,1,5,6833.4,1.3918231,3,cis_target_regulatory_or_linked;trans_other_gene_coding_or_splice;trans_regulatory_or_intronic
GCHFR:P30047:OID30631:v1,GCHFR,Inflammation_II,GCHFR,P30047,4,4,1,3,75.1717,0.3416023,3,cis_locus_linked;trans_other_or_unknown;trans_regulatory_or_intronic
GHR:P10912:OID30574:v1,GHR,Inflammation_II,GHR,P10912,6,6,1,5,2136.68,0.9755394000000001,4,cis_target_regulatory_or_linked;trans_other_gene_coding_or_splice;trans_other_or_unknown;trans_regulatory_or_intronic
GIMAP7:Q8NHV1:OID30639:v1,GIMAP7,Inflammation_II,GIMAP7,Q8NHV1,4,4,1,3,1473.21,0.7675763,3,cis_target_coding_or_splice;trans_other_or_unknown;trans_regulatory_or_intronic
GIT1:Q9Y2X7:OID30533:v1,GIT1,Inflammation_II,GIT1,Q9Y2X7,3,3,1,2,21.8766,0.3297279,2,cis_locus_linked;trans_regulatory_or_intronic
GLA:P06280:OID30594:v1,GLA,Inflammation_II,GLA,P06280,5,5,0,5,24.8753,0.2786172,2,trans_other_gene_coding_or_splice;trans_regulatory_or_intronic
GLRX5:Q86SX6:OID30663:v1,GLRX5,Inflammation_II,GLRX5,Q86SX6,5,5,1,4,71.5404,0.3291507,2,cis_target_regulatory_or_linked;trans_regulatory_or_intronic
GMPR2:Q9P2T1:OID30623:v1,GMPR2,Inflammation_II,GMPR2,Q9P2T1,7,7,0,7,49.8169,0.4028798,1,trans_regulatory_or_intronic
GNPDA2:Q8TDQ7:OID30597:v1,GNPDA2,Inflammation_II,GNPDA2,Q8TDQ7,3,3,0,3,191.554,0.4014723,1,trans_regulatory_or_intronic
GP5:P40197:OID30611:v1,GP5,Inflammation_II,GP5,P40197,10,10,1,9,85.5223,0.6937537,3,cis_locus_linked;trans_other_gene_coding_or_splice;trans_regulatory_or_intronic
GPI:P06744:OID30680:v1,GPI,Inflammation_II,GPI,P06744,5,5,0,5,38.0341,0.3917138,1,trans_regulatory_or_intronic
GSN:P06396:OID30714:v1,GSN,Inflammation_II,GSN,P06396,5,5,0,5,38.3942,0.40345749999999997,3,trans_other_gene_coding_or_splice;trans_other_or_unknown;trans_regulatory_or_intronic
GSR:P00390:OID30700:v1,GSR,Inflammation_II,GSR,P00390,3,3,0,3,47.2797,0.2672822,1,trans_regulatory_or_intronic
HEG1:Q9ULI3:OID30579:v1,HEG1,Inflammation_II,HEG1,Q9ULI3,14,14,1,13,680.952,1.537081,4,cis_target_regulatory_or_linked;trans_other_gene_coding_or_splice;trans_other_or_unknown;trans_regulatory_or_intronic
HGFAC:Q04756:OID30718:v1,HGFAC,Inflammation_II,HGFAC,Q04756,14,14,1,13,1192.82,1.494844,3,cis_locus_linked;trans_other_gene_coding_or_splice;trans_regulatory_or_intronic
HMCN2:Q8NDA2:OID30592:v1,HMCN2,Inflammation_II,HMCN2,Q8NDA2,7,7,1,6,2122.43,1.0620827,2,cis_target_regulatory_or_linked;trans_regulatory_or_intronic
HRG:P04196:OID30770:v1,HRG,Inflammation_II,HRG,P04196,4,4,1,3,1109.22,0.7122564,2,cis_target_coding_or_splice;trans_regulatory_or_intronic
HS6ST2:Q96MM7:OID30481:v1,HS6ST2,Inflammation_II,HS6ST2,Q96MM7,5,5,0,5,15.5916,0.2807487,2,trans_other_gene_coding_or_splice;trans_regulatory_or_intronic
IDO1:P14902:OID30563:v1,IDO1,Inflammation_II,IDO1,P14902,4,4,0,4,39.3385,0.25516,2,trans_other_gene_coding_or_splice;trans_regulatory_or_intronic
IGLC2:P0DOY2:OID30740:v1,IGLC2,Inflammation_II,IGLC2,P0DOY2,11,11,1,10,131.686,1.433616,3,cis_locus_linked;trans_other_gene_coding_or_splice;trans_regulatory_or_intronic
IL20RB:Q6UXL0:OID30461:v1,IL20RB,Inflammation_II,IL20RB,Q6UXL0,1,1,0,1,11.6618,0.0504588,1,trans_other_or_unknown
IL31RA:Q8NI17:OID30475:v1,IL31RA,Inflammation_II,IL31RA,Q8NI17,1,1,1,0,1829.84,0.614189,1,cis_target_regulatory_or_linked
IL36A:Q9UHA7:OID30472:v1,IL36A,Inflammation_II,IL36A,Q9UHA7,1,1,1,0,13.3064,0.0528713,1,cis_target_regulatory_or_linked
IL36G:Q9NZH8:OID30551:v1,IL36G,Inflammation_II,IL36G,Q9NZH8,1,1,1,0,36.3059,0.105488,1,cis_target_regulatory_or_linked
INHBB:P09529:OID30625:v1,INHBB,Inflammation_II,INHBB,P09529,7,7,1,6,735.026,0.8826471,3,cis_locus_linked;trans_other_gene_coding_or_splice;trans_regulatory_or_intronic
INSR:P06213:OID30566:v1,INSR,Inflammation_II,INSR,P06213,5,5,1,4,25.5193,0.6302464,3,cis_target_coding_or_splice;trans_other_gene_coding_or_splice;trans_regulatory_or_intronic
ITGA2:P17301:OID30570:v1,ITGA2,Inflammation_II,ITGA2,P17301,6,6,1,5,1859.1,1.2116778,3,cis_locus_linked;trans_other_gene_coding_or_splice;trans_regulatory_or_intronic
ITGAL:P20701:OID30537:v1,ITGAL,Inflammation_II,ITGAL,P20701,5,5,1,4,123.68,0.4213653,3,cis_locus_linked;trans_other_gene_coding_or_splice;trans_regulatory_or_intronic
ITIH1:P19827:OID30722:v1,ITIH1,Inflammation_II,ITIH1,P19827,2,2,1,1,94.9556,0.28555200000000003,2,cis_target_coding_or_splice;trans_other_gene_coding_or_splice
ITIH4:Q14624:OID30762:v1,ITIH4,Inflammation_II,ITIH4,Q14624,3,3,1,2,379.549,0.4460309,3,cis_locus_linked;trans_other_gene_coding_or_splice;trans_regulatory_or_intronic
JAM3:Q9BX67:OID30586:v1,JAM3,Inflammation_II,JAM3,Q9BX67,9,9,1,8,388.592,0.8531837,4,cis_target_regulatory_or_linked;trans_other_gene_coding_or_splice;trans_other_or_unknown;trans_regulatory_or_intronic
KDM3A:Q9Y4C1:OID30426:v1,KDM3A,Inflammation_II,KDM3A,Q9Y4C1,5,5,0,5,33.0892,0.4385518,1,trans_regulatory_or_intronic
KLK7:P49862:OID30652:v1,KLK7,Inflammation_II,KLK7,P49862,10,10,1,9,900.34,1.7598959,4,cis_target_coding_or_splice;trans_other_gene_coding_or_splice;trans_other_or_unknown;trans_regulatory_or_intronic
KLKB1:P03952:OID30760:v1,KLKB1,Inflammation_II,KLKB1,P03952,8,8,1,7,829.082,1.3034436,3,cis_target_regulatory_or_linked;trans_other_gene_coding_or_splice;trans_regulatory_or_intronic
KLRF1:Q9NZS2:OID30464:v1,KLRF1,Inflammation_II,KLRF1,Q9NZS2,16,16,0,16,80.6183,1.1235156,3,trans_other_gene_coding_or_splice;trans_other_or_unknown;trans_regulatory_or_intronic
LATS1:O95835:OID30523:v1,LATS1,Inflammation_II,LATS1,O95835,6,6,1,5,51.2002,0.34294410000000003,3,cis_locus_linked;trans_other_gene_coding_or_splice;trans_regulatory_or_intronic
LCAT:P04180:OID30677:v1,LCAT,Inflammation_II,LCAT,P04180,13,13,1,12,91.0596,1.1321461,4,cis_locus_linked;trans_other_gene_coding_or_splice;trans_other_or_unknown;trans_regulatory_or_intronic
LEG1:Q6P5S2:OID30608:v1,LEG1,Inflammation_II,C6orf58,Q6P5S2,25,25,1,24,1050.33,3.1741145,4,cis_target_regulatory_or_linked;trans_other_gene_coding_or_splice;trans_other_or_unknown;trans_regulatory_or_intronic
LGALS3BP:Q08380:OID30765:v1,LGALS3BP,Inflammation_II,LGALS3BP,Q08380,12,12,1,11,690.675,3.5219217,4,cis_target_regulatory_or_linked;trans_other_gene_coding_or_splice;trans_other_or_unknown;trans_regulatory_or_intronic
LMOD1:P29536:OID30547:v1,LMOD1,Inflammation_II,LMOD1,P29536,1,1,0,1,10.7999,0.0428433,1,trans_regulatory_or_intronic
LPA:P08519:OID30747:v1,LPA,Inflammation_II,LPA,P08519,2,2,1,1,1600.46,0.864484,2,cis_target_regulatory_or_linked;trans_other_gene_coding_or_splice
LRG1:P02750:OID30751:v1,LRG1,Inflammation_II,LRG1,P02750,4,4,1,3,1880.46,0.7258142,3,cis_locus_linked;trans_other_or_unknown;trans_regulatory_or_intronic
LRIG3:Q6UXM1:OID30450:v1,LRIG3,Inflammation_II,LRIG3,Q6UXM1,3,3,1,2,35.4345,0.1916674,2,cis_locus_linked;trans_regulatory_or_intronic
LYVE1:Q9Y5Y7:OID30728:v1,LYVE1,Inflammation_II,LYVE1,Q9Y5Y7,18,18,1,17,311.068,1.8685043,3,cis_locus_linked;trans_other_or_unknown;trans_regulatory_or_intronic
LZTFL1:Q9NQ48:OID30637:v1,LZTFL1,Inflammation_II,LZTFL1,Q9NQ48,7,7,1,6,115.902,0.6344234,3,cis_target_coding_or_splice;trans_other_or_unknown;trans_regulatory_or_intronic
MARS1:P56192:OID30658:v1,MARS1,Inflammation_II,MARS1,P56192,5,5,0,5,33.5008,0.2698391,1,trans_regulatory_or_intronic
MBL2:P11226:OID30759:v1,MBL2,Inflammation_II,MBL2,P11226,10,10,1,9,4214.81,2.047337,4,cis_target_regulatory_or_linked;trans_other_gene_coding_or_splice;trans_other_or_unknown;trans_regulatory_or_intronic
MCEMP1:Q8IX19:OID30501:v1,MCEMP1,Inflammation_II,MCEMP1,Q8IX19,20,20,1,19,373.449,3.4749887,4,cis_locus_linked;trans_other_gene_coding_or_splice;trans_other_or_unknown;trans_regulatory_or_intronic
MDH1:P40925:OID30669:v1,MDH1,Inflammation_II,MDH1,P40925,2,2,1,1,41.3101,0.1388196,2,cis_locus_linked;trans_other_gene_coding_or_splice
MENT:Q9BUN1:OID30595:v1,MENT,Inflammation_II,C1orf56,Q9BUN1,13,13,0,13,1548.86,1.6871275000000001,3,trans_other_gene_coding_or_splice;trans_other_or_unknown;trans_regulatory_or_intronic
MFAP4:P55083:OID30598:v1,MFAP4,Inflammation_II,MFAP4,P55083,12,12,1,11,257.72,1.4053152,4,cis_locus_linked;trans_other_gene_coding_or_splice;trans_other_or_unknown;trans_regulatory_or_intronic
MOCS2:O96007:OID30638:v1,MOCS2,Inflammation_II,MOCS2,O96007,5,5,1,4,1064.96,0.7579400000000001,2,cis_target_regulatory_or_linked;trans_regulatory_or_intronic
MRC1:P22897:OID30694:v1,MRC1,Inflammation_II,MRC1,P22897,21,21,1,20,340.187,1.8548898999999999,3,cis_locus_linked;trans_other_gene_coding_or_splice;trans_regulatory_or_intronic
MST1:P26927:OID30713:v1,MST1,Inflammation_II,MST1,P26927,10,10,1,9,5024.79,1.8071254,4,cis_locus_linked;trans_other_gene_coding_or_splice;trans_other_or_unknown;trans_regulatory_or_intronic
MTDH:Q86UE4:OID30538:v1,MTDH,Inflammation_II,MTDH,Q86UE4,9,9,0,9,113.682,0.5738088,2,trans_other_gene_coding_or_splice;trans_regulatory_or_intronic
MXRA8:Q9BRK3:OID30583:v1,MXRA8,Inflammation_II,MXRA8,Q9BRK3,13,13,0,13,57.7623,1.0066251,3,trans_other_gene_coding_or_splice;trans_other_or_unknown;trans_regulatory_or_intronic
MYOM3:Q5VTT5:OID30633:v1,MYOM3,Inflammation_II,MYOM3,Q5VTT5,15,15,1,14,100.101,1.194409,4,cis_target_coding_or_splice;trans_other_gene_coding_or_splice;trans_other_or_unknown;trans_regulatory_or_intronic
NAGA:P17050:OID30509:v1,NAGA,Inflammation_II,NAGA,P17050,3,3,0,3,197.321,0.4490437,2,trans_other_gene_coding_or_splice;trans_regulatory_or_intronic
NAGPA:Q9UK23:OID30643:v1,NAGPA,Inflammation_II,NAGPA,Q9UK23,9,9,1,8,584.044,1.0063081,4,cis_target_regulatory_or_linked;trans_other_gene_coding_or_splice;trans_other_or_unknown;trans_regulatory_or_intronic
NDUFA5:Q16718:OID30520:v1,NDUFA5,Inflammation_II,NDUFA5,Q16718,1,1,0,1,11.9298,0.0453917,1,trans_regulatory_or_intronic
NEDD4L:Q96PU5:OID30521:v1,NEDD4L,Inflammation_II,NEDD4L,Q96PU5,3,3,0,3,39.6348,0.4875056,1,trans_regulatory_or_intronic
NEDD9:Q14511:OID30503:v1,NEDD9,Inflammation_II,NEDD9,Q14511,1,1,0,1,51.5161,0.116117,1,trans_other_gene_coding_or_splice
NEXN:Q0ZGT2:OID30678:v1,NEXN,Inflammation_II,NEXN,Q0ZGT2,4,4,1,3,35.3677,0.2890198,2,cis_locus_linked;trans_regulatory_or_intronic
NHLRC3:Q5JS37:OID30614:v1,NHLRC3,Inflammation_II,NHLRC3,Q5JS37,8,8,0,8,67.6153,0.6635378,2,trans_other_gene_coding_or_splice;trans_regulatory_or_intronic
NPHS1:O60500:OID30540:v1,NPHS1,Inflammation_II,NPHS1,O60500,7,7,1,6,886.341,1.1515811,4,cis_target_coding_or_splice;trans_other_gene_coding_or_splice;trans_other_or_unknown;trans_regulatory_or_intronic
NRGN:Q92686:OID30674:v1,NRGN,Inflammation_II,NRGN,Q92686,6,6,0,6,36.5403,0.343811,2,trans_other_gene_coding_or_splice;trans_regulatory_or_intronic
NUMB:P49757:OID30568:v1,NUMB,Inflammation_II,NUMB,P49757,5,5,1,4,42.3882,0.3191122,3,cis_target_regulatory_or_linked;trans_other_gene_coding_or_splice;trans_regulatory_or_intronic
NXPH3:O95157:OID30565:v1,NXPH3,Inflammation_II,NXPH3,O95157,7,7,0,7,290.514,0.6212562,2,trans_other_or_unknown;trans_regulatory_or_intronic
OLFM4:Q6UX06:OID30665:v1,OLFM4,Inflammation_II,OLFM4,Q6UX06,12,12,1,11,3023.49,1.7878572,3,cis_target_regulatory_or_linked;trans_other_or_unknown;trans_regulatory_or_intronic
ORM1:P02763:OID30768:v1,ORM1,Inflammation_II,ORM1,P02763,6,6,1,5,706.339,0.968818,2,cis_locus_linked;trans_regulatory_or_intronic
PAXX:Q9BUH6:OID30591:v1,PAXX,Inflammation_II,PAXX,Q9BUH6,2,2,0,2,17.2823,0.10700950000000001,1,trans_regulatory_or_intronic
PCBD1:P61457:OID30610:v1,PCBD1,Inflammation_II,PCBD1,P61457,8,8,1,7,192.428,0.9479831,2,cis_target_regulatory_or_linked;trans_regulatory_or_intronic
PDE5A:O76074:OID30584:v1,PDE5A,Inflammation_II,PDE5A,O76074,3,3,1,2,137.567,0.2753852,2,cis_locus_linked;trans_regulatory_or_intronic
PDIA3:P30101:OID30573:v1,PDIA3,Inflammation_II,PDIA3,P30101,2,2,0,2,15.5113,0.39680899999999997,1,trans_regulatory_or_intronic
PDZK1:Q5T2W1:OID30550:v1,PDZK1,Inflammation_II,PDZK1,Q5T2W1,3,3,1,2,86.6527,0.385197,3,cis_target_regulatory_or_linked;trans_other_gene_coding_or_splice;trans_regulatory_or_intronic
PENK:P01210:OID30666:v1,PENK,Inflammation_II,PENK,P01210,5,5,1,4,501.672,0.5233036,2,cis_locus_linked;trans_regulatory_or_intronic
PEPD:P12955:OID30688:v1,PEPD,Inflammation_II,PEPD,P12955,13,13,1,12,697.806,1.5369541,3,cis_target_coding_or_splice;trans_other_gene_coding_or_splice;trans_regulatory_or_intronic
PER3:P56645:OID30511:v1,PER3,Inflammation_II,PER3,P56645,5,5,1,4,716.684,0.6576351,3,cis_locus_linked;trans_other_or_unknown;trans_regulatory_or_intronic
PF4:P02776:OID30764:v1,PF4,Inflammation_II,PF4,P02776,17,17,1,16,82.2381,1.4954256,3,cis_target_regulatory_or_linked;trans_other_gene_coding_or_splice;trans_regulatory_or_intronic
PGA4:P0DJD7:OID30699:v1,PGA4,Inflammation_II,PGA4,P0DJD7,6,6,1,5,24.8822,0.4774545,4,cis_locus_linked;trans_other_gene_coding_or_splice;trans_other_or_unknown;trans_regulatory_or_intronic
PGLYRP2:Q96PD5:OID30742:v1,PGLYRP2,Inflammation_II,PGLYRP2,Q96PD5,6,6,1,5,4988.76,1.4118258,3,cis_target_coding_or_splice;trans_other_gene_coding_or_splice;trans_regulatory_or_intronic
PGR:P06401:OID30460:v1,PGR,Inflammation_II,PGR,P06401,2,2,0,2,104.359,0.1876684,2,trans_other_gene_coding_or_splice;trans_regulatory_or_intronic
PHYKPL:Q8IUZ5:OID30634:v1,PHYKPL,Inflammation_II,PHYKPL,Q8IUZ5,1,1,0,1,21.2428,0.0591153,1,trans_other_gene_coding_or_splice
PI16:Q6UXB8:OID30676:v1,PI16,Inflammation_II,PI16,Q6UXB8,7,7,1,6,541.934,1.2707517,3,cis_target_regulatory_or_linked;trans_other_gene_coding_or_splice;trans_regulatory_or_intronic
PIKFYVE:Q9Y2I7:OID30465:v1,PIKFYVE,Inflammation_II,PIKFYVE,Q9Y2I7,4,4,0,4,16.4437,0.22088249999999998,2,trans_other_gene_coding_or_splice;trans_regulatory_or_intronic
PINLYP:A6NC86:OID30651:v1,PINLYP,Inflammation_II,PINLYP,A6NC86,12,12,0,12,214.905,1.5646454,3,trans_other_gene_coding_or_splice;trans_other_or_unknown;trans_regulatory_or_intronic
PLCB1:Q9NQ66:OID30484:v1,PLCB1,Inflammation_II,PLCB1,Q9NQ66,1,1,0,1,13.0908,0.0586523,1,trans_regulatory_or_intronic
PLG:P00747:OID30785:v1,PLG,Inflammation_II,PLG,P00747,6,6,0,6,48.2605,0.3731507,2,trans_other_gene_coding_or_splice;trans_regulatory_or_intronic
PNLIP:P16233:OID30693:v1,PNLIP,Inflammation_II,PNLIP,P16233,22,22,0,22,369.663,2.4827882,2,trans_other_gene_coding_or_splice;trans_regulatory_or_intronic
POF1B:Q8WVV4:OID30504:v1,POF1B,Inflammation_II,POF1B,Q8WVV4,3,3,0,3,21.5207,0.21045350000000002,3,trans_other_gene_coding_or_splice;trans_other_or_unknown;trans_regulatory_or_intronic
PON1:P27169:OID30704:v1,PON1,Inflammation_II,PON1,P27169,4,4,1,3,3107.25,1.0096494,3,cis_target_regulatory_or_linked;trans_other_gene_coding_or_splice;trans_regulatory_or_intronic
PPBP:P02775:OID30761:v1,PPBP,Inflammation_II,PPBP,P02775,21,21,0,21,93.1966,1.78794,2,trans_other_gene_coding_or_splice;trans_regulatory_or_intronic
PPL:O60437:OID30564:v1,PPL,Inflammation_II,PPL,O60437,3,3,1,2,46.4835,0.2643085,2,cis_locus_linked;trans_regulatory_or_intronic
PRKG1:Q13976:OID30621:v1,PRKG1,Inflammation_II,PRKG1,Q13976,7,7,1,6,192.345,0.5226699,2,cis_target_regulatory_or_linked;trans_regulatory_or_intronic
PROS1:P07225:OID30737:v1,PROS1,Inflammation_II,PROS1,P07225,6,6,0,6,230.553,0.6883573000000001,3,trans_other_gene_coding_or_splice;trans_other_or_unknown;trans_regulatory_or_intronic
PRR4:Q16378:OID30607:v1,PRR4,Inflammation_II,PRR4,Q16378,12,12,1,11,3355.21,1.5012872,4,cis_target_coding_or_splice;trans_other_gene_coding_or_splice;trans_other_or_unknown;trans_regulatory_or_intronic
PRSS22:Q9GZN4:OID30483:v1,PRSS22,Inflammation_II,PRSS22,Q9GZN4,6,6,1,5,305.967,0.5839496,3,cis_target_regulatory_or_linked;trans_other_or_unknown;trans_regulatory_or_intronic
PSMG4:Q5JS54:OID30514:v1,PSMG4,Inflammation_II,PSMG4,Q5JS54,1,1,1,0,112.715,0.178825,1,cis_locus_linked
PSTPIP2:Q9H939:OID30596:v1,PSTPIP2,Inflammation_II,PSTPIP2,Q9H939,3,3,1,2,130.106,0.3252484,2,cis_locus_linked;trans_regulatory_or_intronic
PTGES2:Q9H7Z7:OID30561:v1,PTGES2,Inflammation_II,PTGES2,Q9H7Z7,3,3,1,2,33.0402,0.18653219999999998,2,cis_locus_linked;trans_regulatory_or_intronic
PTP4A3:O75365:OID30469:v1,PTP4A3,Inflammation_II,PTP4A3,O75365,1,1,0,1,268.88,0.23455,1,trans_regulatory_or_intronic
PTRHD1:Q6GMV3:OID30659:v1,PTRHD1,Inflammation_II,PTRHD1,Q6GMV3,3,3,0,3,23.3429,0.1648399,1,trans_regulatory_or_intronic
PZP:P20742:OID30730:v1,PZP,Inflammation_II,PZP,P20742,5,5,1,4,994.008,0.4858248,2,cis_target_regulatory_or_linked;trans_regulatory_or_intronic
QSOX1:O00391:OID30729:v1,QSOX1,Inflammation_II,QSOX1,O00391,2,2,1,1,2067.04,1.1224802,2,cis_target_coding_or_splice;trans_regulatory_or_intronic
RABEP1:Q15276:OID30647:v1,RABEP1,Inflammation_II,RABEP1,Q15276,4,4,0,4,19.9209,0.1967332,1,trans_regulatory_or_intronic
RAP1A:P62834:OID30452:v1,RAP1A,Inflammation_II,RAP1A,P62834,2,2,0,2,17.253,0.1161749,1,trans_regulatory_or_intronic
RBPMS:Q93062:OID30507:v1,RBPMS,Inflammation_II,RBPMS,Q93062,1,1,0,1,19.3574,0.0584512,1,trans_regulatory_or_intronic
RELB:Q01201:OID30463:v1,RELB,Inflammation_II,RELB,Q01201,1,1,0,1,48.1844,0.0949917,1,trans_regulatory_or_intronic
REPS1:Q96D71:OID30496:v1,REPS1,Inflammation_II,REPS1,Q96D71,1,1,0,1,10.8295,0.0432437,1,trans_regulatory_or_intronic
RIDA:P52758:OID30635:v1,RIDA,Inflammation_II,RIDA,P52758,5,5,0,5,19.6052,0.2816584,1,trans_regulatory_or_intronic
RLN2:P04090:OID30601:v1,RLN2,Inflammation_II,RLN2,P04090,4,4,1,3,105.342,0.4779888,3,cis_locus_linked;trans_other_gene_coding_or_splice;trans_regulatory_or_intronic
RNASE1:P07998:OID30672:v1,RNASE1,Inflammation_II,RNASE1,P07998,4,4,1,3,226.541,0.3357818,3,cis_locus_linked;trans_other_or_unknown;trans_regulatory_or_intronic
RNASE4:P34096:OID30705:v1,RNASE4,Inflammation_II,RNASE4,P34096,5,5,1,4,484.25,0.5175531,3,cis_locus_linked;trans_other_gene_coding_or_splice;trans_regulatory_or_intronic
RNASE6:Q93091:OID30689:v1,RNASE6,Inflammation_II,RNASE6,Q93091,9,9,1,8,853.848,1.0899108,4,cis_target_coding_or_splice;trans_other_gene_coding_or_splice;trans_other_or_unknown;trans_regulatory_or_intronic
RPA2:P15927:OID30453:v1,RPA2,Inflammation_II,RPA2,P15927,1,1,1,0,60.1882,0.210148,1,cis_target_regulatory_or_linked
S100A13:Q99584:OID30529:v1,S100A13,Inflammation_II,S100A13,Q99584,5,5,1,4,198.595,0.7060154,3,cis_target_regulatory_or_linked;trans_other_gene_coding_or_splice;trans_regulatory_or_intronic
SAA4:P35542:OID30726:v1,SAA4,Inflammation_II,SAA4,P35542,2,2,1,1,753.894,1.0510484,2,cis_locus_linked;trans_other_or_unknown
SCGB3A1:Q96QR1:OID30577:v1,SCGB3A1,Inflammation_II,SCGB3A1,Q96QR1,15,15,1,14,191.902,1.3651732,4,cis_target_regulatory_or_linked;trans_other_gene_coding_or_splice;trans_other_or_unknown;trans_regulatory_or_intronic
SDK2:Q58EX2:OID30662:v1,SDK2,Inflammation_II,SDK2,Q58EX2,4,4,1,3,1225.6,0.9620692,3,cis_target_regulatory_or_linked;trans_other_gene_coding_or_splice;trans_regulatory_or_intronic
SELENOP:P49908:OID30745:v1,SELENOP,Inflammation_II,SELENOP,P49908,3,3,1,2,56.3781,0.3363906,2,cis_locus_linked;trans_regulatory_or_intronic
SELL:P14151:OID30752:v1,SELL,Inflammation_II,SELL,P14151,15,15,1,14,888.352,1.5018276,3,cis_target_regulatory_or_linked;trans_other_or_unknown;trans_regulatory_or_intronic
SEMA3G:Q9NS98:OID30599:v1,SEMA3G,Inflammation_II,SEMA3G,Q9NS98,11,11,0,11,1012.56,1.7850084,2,trans_other_gene_coding_or_splice;trans_regulatory_or_intronic
SEMA6C:Q9H3T2:OID30531:v1,SEMA6C,Inflammation_II,SEMA6C,Q9H3T2,1,1,1,0,41.3361,0.102096,1,cis_locus_linked
SERPINA1:P01009:OID30750:v1,SERPINA1,Inflammation_II,SERPINA1,P01009,1,1,1,0,135.82,0.371386,1,cis_target_coding_or_splice
SERPINA3:P01011:OID30786:v1,SERPINA3,Inflammation_II,SERPINA3,P01011,4,4,1,3,645.171,0.6151198999999999,2,cis_locus_linked;trans_regulatory_or_intronic
SERPINA4:P29622:OID30774:v1,SERPINA4,Inflammation_II,SERPINA4,P29622,9,9,1,8,1529.87,1.1312786,3,cis_target_regulatory_or_linked;trans_other_gene_coding_or_splice;trans_regulatory_or_intronic
SERPINA5:P05154:OID30763:v1,SERPINA5,Inflammation_II,SERPINA5,P05154,8,8,1,7,227.522,0.9172533,3,cis_target_regulatory_or_linked;trans_other_gene_coding_or_splice;trans_regulatory_or_intronic
SERPINA6:P08185:OID30743:v1,SERPINA6,Inflammation_II,SERPINA6,P08185,1,1,0,1,19.8323,0.162537,1,trans_other_gene_coding_or_splice
SERPINA7:P05543:OID30724:v1,SERPINA7,Inflammation_II,SERPINA7,P05543,5,5,0,5,33.5185,0.2966796,1,trans_regulatory_or_intronic
SERPINC1:P01008:OID30789:v1,SERPINC1,Inflammation_II,SERPINC1,P01008,8,8,0,8,39.8404,0.5676933,2,trans_other_gene_coding_or_splice;trans_regulatory_or_intronic
SERPIND1:P05546:OID30767:v1,SERPIND1,Inflammation_II,SERPIND1,P05546,10,10,0,10,350.754,0.8851045999999999,3,trans_other_gene_coding_or_splice;trans_other_or_unknown;trans_regulatory_or_intronic
SERPINF1:P36955:OID30757:v1,SERPINF1,Inflammation_II,SERPINF1,P36955,3,3,1,2,443.719,0.48052930000000005,3,cis_target_regulatory_or_linked;trans_other_gene_coding_or_splice;trans_regulatory_or_intronic
SERPINF2:P08697:OID30779:v1,SERPINF2,Inflammation_II,SERPINF2,P08697,6,6,1,5,173.185,0.5224581,3,cis_locus_linked;trans_other_gene_coding_or_splice;trans_regulatory_or_intronic
SERPING1:P05155:OID30777:v1,SERPING1,Inflammation_II,SERPING1,P05155,11,11,1,10,214.397,1.6357494,3,cis_target_regulatory_or_linked;trans_other_gene_coding_or_splice;trans_regulatory_or_intronic
SERPINI1:Q99574:OID30604:v1,SERPINI1,Inflammation_II,SERPINI1,Q99574,9,9,1,8,869.634,1.1740021,3,cis_target_regulatory_or_linked;trans_other_gene_coding_or_splice;trans_regulatory_or_intronic
SFRP4:Q6FHJ7:OID30648:v1,SFRP4,Inflammation_II,SFRP4,Q6FHJ7,7,7,1,6,200.96,0.7374012,2,cis_locus_linked;trans_regulatory_or_intronic
SHBG:P04278:OID30685:v1,SHBG,Inflammation_II,SHBG,P04278,18,18,1,17,514.803,1.6851608,3,cis_target_regulatory_or_linked;trans_other_gene_coding_or_splice;trans_regulatory_or_intronic
SHH:Q15465:OID30516:v1,SHH,Inflammation_II,SHH,Q15465,1,1,1,0,16.5734,0.055224,1,cis_locus_linked
SIRT1:Q96EB6:OID30439:v1,SIRT1,Inflammation_II,SIRT1,Q96EB6,1,1,0,1,11.8879,0.0535925,1,trans_other_or_unknown
SLC9A3R1:O14745:OID30630:v1,SLC9A3R1,Inflammation_II,SLC9A3R1,O14745,6,6,1,5,48.766,0.3415594,2,cis_locus_linked;trans_regulatory_or_intronic
SLITRK1:Q96PX8:OID30510:v1,SLITRK1,Inflammation_II,SLITRK1,Q96PX8,7,7,1,6,87.743,0.5753299000000001,4,cis_locus_linked;trans_other_gene_coding_or_splice;trans_other_or_unknown;trans_regulatory_or_intronic
SNCA:P37840:OID30645:v1,SNCA,Inflammation_II,SNCA,P37840,8,8,1,7,26.9002,0.5699821,3,cis_locus_linked;trans_other_gene_coding_or_splice;trans_regulatory_or_intronic
SNX15:Q9NRS6:OID30644:v1,SNX15,Inflammation_II,SNX15,Q9NRS6,4,4,1,3,1167.91,0.9177464000000001,2,cis_locus_linked;trans_regulatory_or_intronic
SOD3:P08294:OID30683:v1,SOD3,Inflammation_II,SOD3,P08294,13,13,1,12,1656.23,3.3510097,4,cis_target_coding_or_splice;trans_other_gene_coding_or_splice;trans_other_or_unknown;trans_regulatory_or_intronic
SPART:Q8N0X7:OID30656:v1,SPART,Inflammation_II,SPART,Q8N0X7,4,4,0,4,25.7097,0.2139097,1,trans_regulatory_or_intronic
SPINK2:P20155:OID30627:v1,SPINK2,Inflammation_II,SPINK2,P20155,15,15,1,14,1301.05,2.7070143,3,cis_target_regulatory_or_linked;trans_other_gene_coding_or_splice;trans_regulatory_or_intronic
SPRED2:Q7Z698:OID30423:v1,SPRED2,Inflammation_II,SPRED2,Q7Z698,1,1,1,0,22.9324,0.0633352,1,cis_target_regulatory_or_linked
ST13:P50502:OID30624:v1,ST13,Inflammation_II,ST13,P50502,3,3,1,2,17.1772,0.1466866,2,cis_locus_linked;trans_regulatory_or_intronic
ST8SIA1:Q92185:OID30442:v1,ST8SIA1,Inflammation_II,ST8SIA1,Q92185,2,2,1,1,13.8349,0.1862591,2,cis_target_regulatory_or_linked;trans_other_gene_coding_or_splice
STAT2:P52630:OID30536:v1,STAT2,Inflammation_II,STAT2,P52630,3,3,1,2,129.833,0.6999664,2,cis_locus_linked;trans_regulatory_or_intronic
STX7:O15400:OID30560:v1,STX7,Inflammation_II,STX7,O15400,3,3,1,2,1960.44,0.7687427,3,cis_target_regulatory_or_linked;trans_other_gene_coding_or_splice;trans_regulatory_or_intronic
SUMF1:Q8NBK3:OID30486:v1,SUMF1,Inflammation_II,SUMF1,Q8NBK3,1,1,1,0,60.7682,0.104733,1,cis_target_regulatory_or_linked
SUSD5:O60279:OID30650:v1,SUSD5,Inflammation_II,SUSD5,O60279,8,8,0,8,32.9998,0.6584387,3,trans_other_gene_coding_or_splice;trans_other_or_unknown;trans_regulatory_or_intronic
SYAP1:Q96A49:OID30636:v1,SYAP1,Inflammation_II,SYAP1,Q96A49,5,5,0,5,30.7671,0.2822572,2,trans_other_gene_coding_or_splice;trans_regulatory_or_intronic
TBCA:O75347:OID30616:v1,TBCA,Inflammation_II,TBCA,O75347,6,6,1,5,94.1307,0.4408048,2,cis_target_regulatory_or_linked;trans_regulatory_or_intronic
TCN1:P20061:OID30687:v1,TCN1,Inflammation_II,TCN1,P20061,17,17,1,16,1316.79,2.3231665,4,cis_target_coding_or_splice;trans_other_gene_coding_or_splice;trans_other_or_unknown;trans_regulatory_or_intronic
TF:P02787:OID30783:v1,TF,Inflammation_II,TF,P02787,6,6,1,5,570.515,0.9717667,3,cis_target_regulatory_or_linked;trans_other_gene_coding_or_splice;trans_regulatory_or_intronic
TGOLN2:O43493:OID30691:v1,TGOLN2,Inflammation_II,TGOLN2,O43493,9,9,1,8,2870.86,1.2453566999999999,3,cis_target_coding_or_splice;trans_other_gene_coding_or_splice;trans_regulatory_or_intronic
THSD1:Q9NS62:OID30476:v1,THSD1,Inflammation_II,THSD1,Q9NS62,2,2,1,1,124.446,1.310393,2,cis_target_coding_or_splice;trans_regulatory_or_intronic
TLR1:Q15399:OID30532:v1,TLR1,Inflammation_II,TLR1,Q15399,3,3,1,2,941.931,0.6122149,3,cis_target_coding_or_splice;trans_other_gene_coding_or_splice;trans_regulatory_or_intronic
TLR4:O00206:OID30428:v1,TLR4,Inflammation_II,TLR4,O00206,2,2,1,1,139.154,0.41920609999999997,2,cis_target_coding_or_splice;trans_regulatory_or_intronic
TNFAIP8L2:Q6P589:OID30629:v1,TNFAIP8L2,Inflammation_II,TNFAIP8L2,Q6P589,5,5,1,4,23.8452,0.2773483,3,cis_locus_linked;trans_other_gene_coding_or_splice;trans_regulatory_or_intronic
TNFRSF17:Q02223:OID30589:v1,TNFRSF17,Inflammation_II,TNFRSF17,Q02223,16,16,1,15,113.155,1.3154313,4,cis_locus_linked;trans_other_gene_coding_or_splice;trans_other_or_unknown;trans_regulatory_or_intronic
TOP2B:Q02880:OID30559:v1,TOP2B,Inflammation_II,TOP2B,Q02880,4,4,1,3,192.098,0.4013036,2,cis_locus_linked;trans_regulatory_or_intronic
TP53BP1:Q12888:OID30470:v1,TP53BP1,Inflammation_II,TP53BP1,Q12888,8,8,0,8,57.4379,0.5245648,2,trans_other_or_unknown;trans_regulatory_or_intronic
TP53I3:Q53FA7:OID30632:v1,TP53I3,Inflammation_II,TP53I3,Q53FA7,5,5,1,4,1073.49,0.812597,2,cis_locus_linked;trans_regulatory_or_intronic
TPD52L2:O43399:OID30609:v1,TPD52L2,Inflammation_II,TPD52L2,O43399,5,5,0,5,35.583,0.3010027,1,trans_regulatory_or_intronic
TRAF3:Q13114-2:OID30479:v1,TRAF3,Inflammation_II,TRAF3,Q13114,2,2,0,2,39.0297,0.14716469999999998,1,trans_regulatory_or_intronic
TREML1:Q86YW5:OID30682:v1,TREML1,Inflammation_II,TREML1,Q86YW5,13,13,0,13,51.9723,0.8820995,2,trans_other_gene_coding_or_splice;trans_regulatory_or_intronic
TSC1:Q92574:OID30478:v1,TSC1,Inflammation_II,TSC1,Q92574,1,1,0,1,24.8906,0.114316,1,trans_regulatory_or_intronic
TSPYL1:Q9H0U9:OID30512:v1,TSPYL1,Inflammation_II,TSPYL1,Q9H0U9,1,1,1,0,63.6738,0.426725,1,cis_target_coding_or_splice
TTR:P02766:OID30782:v1,TTR,Inflammation_II,TTR,P02766,12,12,1,11,94.1923,1.1065385,4,cis_target_regulatory_or_linked;trans_other_gene_coding_or_splice;trans_other_or_unknown;trans_regulatory_or_intronic
TYRP1:P17643:OID30517:v1,TYRP1,Inflammation_II,TYRP1,P17643,5,5,1,4,31.667,0.3525204,3,cis_locus_linked;trans_other_gene_coding_or_splice;trans_regulatory_or_intronic
UBE2Z:Q9H832:OID30427:v1,UBE2Z,Inflammation_II,UBE2Z,Q9H832,1,1,0,1,13.1786,0.0945962,1,trans_regulatory_or_intronic
UBXN1:Q04323:OID30654:v1,UBXN1,Inflammation_II,UBXN1,Q04323,5,5,0,5,22.5498,0.2524769,1,trans_regulatory_or_intronic
UROD:P06132:OID30603:v1,UROD,Inflammation_II,UROD,P06132,4,4,1,3,1037.91,0.7429175,2,cis_target_regulatory_or_linked;trans_regulatory_or_intronic
VAMP8:Q9BV40:OID30555:v1,VAMP8,Inflammation_II,VAMP8,Q9BV40,3,3,1,2,130.731,0.2528327,2,cis_target_coding_or_splice;trans_regulatory_or_intronic
VASP:P50552:OID30692:v1,VASP,Inflammation_II,VASP,P50552,3,3,0,3,21.152,0.1596995,1,trans_regulatory_or_intronic
VEGFB:P49765:OID30554:v1,VEGFB,Inflammation_II,VEGFB,P49765,9,9,1,8,51.9357,0.8997303,4,cis_locus_linked;trans_other_gene_coding_or_splice;trans_other_or_unknown;trans_regulatory_or_intronic
VNN1:O95497:OID30711:v1,VNN1,Inflammation_II,VNN1,O95497,12,12,0,12,53.5938,0.7063371,3,trans_other_gene_coding_or_splice;trans_other_or_unknown;trans_regulatory_or_intronic
VTI1A:Q96AJ9:OID30640:v1,VTI1A,Inflammation_II,VTI1A,Q96AJ9,7,7,1,6,33.7471,0.4191396,2,cis_locus_linked;trans_regulatory_or_intronic
WASL:O00401:OID30467:v1,WASL,Inflammation_II,WASL,O00401,2,2,0,2,37.6383,0.1431355,1,trans_regulatory_or_intronic
XIAP:P98170:OID30490:v1,XIAP,Inflammation_II,XIAP,P98170,3,3,0,3,37.8951,0.1945284,1,trans_regulatory_or_intronic
YWHAQ:P27348:OID30605:v1,YWHAQ,Inflammation_II,YWHAQ,P27348,4,4,0,4,23.2932,0.2040635,1,trans_regulatory_or_intronic
ZBP1:Q9H171:OID30526:v1,ZBP1,Inflammation_II,ZBP1,Q9H171,3,3,1,2,473.369,1.0305131,2,cis_target_coding_or_splice;trans_regulatory_or_intronic
ABHD14B:Q96IU4:OID20921:v1,ABHD14B,Neurology,ABHD14B,Q96IU4,4,4,0,4,19.9911,0.19829,1,trans_regulatory_or_intronic
ACVRL1:P37023:OID20999:v1,ACVRL1,Neurology,ACVRL1,P37023,8,8,1,7,531.255,0.9078838,3,cis_target_regulatory_or_linked;trans_other_gene_coding_or_splice;trans_regulatory_or_intronic
ADAM22:Q9P0K1:OID21001:v1,ADAM22,Neurology,ADAM22,Q9P0K1,8,8,1,7,1734.65,1.0987453,3,cis_target_coding_or_splice;trans_other_gene_coding_or_splice;trans_regulatory_or_intronic
ADAM8:P78325:OID21039:v1,ADAM8,Neurology,ADAM8,P78325,9,9,1,8,1116.91,1.4707091,3,cis_target_regulatory_or_linked;trans_other_gene_coding_or_splice;trans_regulatory_or_intronic
ADGRB3:O60242:OID20974:v1,ADGRB3,Neurology,ADGRB3,O60242,5,5,1,4,4537.93,1.1491684,3,cis_target_regulatory_or_linked;trans_other_gene_coding_or_splice;trans_regulatory_or_intronic
AFP:P02771:OID20978:v1,AFP,Neurology,AFP,P02771,35,35,1,34,399.812,3.1130934,4,cis_target_regulatory_or_linked;trans_other_gene_coding_or_splice;trans_other_or_unknown;trans_regulatory_or_intronic
AGR2:O95994:OID20896:v1,AGR2,Neurology,AGR2,O95994,5,5,1,4,56.9817,0.330462,3,cis_target_regulatory_or_linked;trans_other_gene_coding_or_splice;trans_regulatory_or_intronic
AHSP:Q9NZD4:OID21078:v1,AHSP,Neurology,AHSP,Q9NZD4,11,11,0,11,40.5037,0.8402822999999999,3,trans_other_gene_coding_or_splice;trans_other_or_unknown;trans_regulatory_or_intronic
AKT1S1:Q96B36:OID20895:v1,AKT1S1,Neurology,AKT1S1,Q96B36,2,2,0,2,20.7313,0.11525389999999999,1,trans_regulatory_or_intronic
ALDH1A1:P00352:OID21128:v1,ALDH1A1,Neurology,ALDH1A1,P00352,3,3,1,2,41.4352,0.2421044,2,cis_target_regulatory_or_linked;trans_regulatory_or_intronic
ANXA10:Q9UJ72:OID20886:v1,ANXA10,Neurology,ANXA10,Q9UJ72,1,1,1,0,12.5929,0.0456899,1,cis_target_regulatory_or_linked
ANXA3:P12429:OID21036:v1,ANXA3,Neurology,ANXA3,P12429,4,4,0,4,19.0855,0.2162952,1,trans_regulatory_or_intronic
ANXA5:P08758:OID20810:v1,ANXA5,Neurology,ANXA5,P08758,1,1,1,0,55.5425,0.110117,1,cis_target_regulatory_or_linked
APOH:P02749:OID21072:v1,APOH,Neurology,APOH,P02749,2,2,1,1,1452.98,1.5495458,2,cis_target_coding_or_splice;trans_regulatory_or_intronic
APP:P05067:OID21070:v1,APP,Neurology,APP,P05067,22,22,1,21,83.4363,1.9233694000000001,4,cis_target_regulatory_or_linked;trans_other_gene_coding_or_splice;trans_other_or_unknown;trans_regulatory_or_intronic
APRT:P07741:OID20927:v1,APRT,Neurology,APRT,P07741,9,9,0,9,48.7002,0.5222893,2,trans_other_gene_coding_or_splice;trans_regulatory_or_intronic
ARSA:P15289:OID21138:v1,ARSA,Neurology,ARSA,P15289,10,10,1,9,2164.74,2.4100538,4,cis_target_regulatory_or_linked;trans_other_gene_coding_or_splice;trans_other_or_unknown;trans_regulatory_or_intronic
ASAH2:Q9NR71:OID20996:v1,ASAH2,Neurology,ASAH2,Q9NR71,19,19,1,18,1793.94,2.0933869,4,cis_target_regulatory_or_linked;trans_other_gene_coding_or_splice;trans_other_or_unknown;trans_regulatory_or_intronic
ASGR1:P07306:OID20990:v1,ASGR1,Neurology,ASGR1,P07306,9,9,1,8,132.688,1.255231,3,cis_target_coding_or_splice;trans_other_gene_coding_or_splice;trans_regulatory_or_intronic
ATF2:P15336:OID20798:v1,ATF2,Neurology,ATF2,P15336,2,2,0,2,61.2069,0.186405,2,trans_other_gene_coding_or_splice;trans_regulatory_or_intronic
ATP6V1F:Q16864:OID20843:v1,ATP6V1F,Neurology,ATP6V1F,Q16864,2,2,0,2,15.8725,0.0950226,1,trans_regulatory_or_intronic
ATXN10:Q9UBB4:OID20865:v1,ATXN10,Neurology,ATXN10,Q9UBB4,5,5,1,4,43.874,0.3395651,2,cis_locus_linked;trans_regulatory_or_intronic
B4GAT1:O43505:OID21127:v1,B4GAT1,Neurology,B4GAT1,O43505,11,11,1,10,384.521,1.2962729,2,cis_locus_linked;trans_regulatory_or_intronic
BAG3:O95817:OID20972:v1,BAG3,Neurology,BAG3,O95817,3,3,1,2,24.1328,0.3030232,2,cis_target_coding_or_splice;trans_regulatory_or_intronic
BAX:Q07812:OID20856:v1,BAX,Neurology,BAX,Q07812,2,2,0,2,16.8,0.1021431,1,trans_regulatory_or_intronic
BCAM:P50895:OID21076:v1,BCAM,Neurology,BCAM,P50895,14,14,1,13,669.955,2.1299787,3,cis_target_regulatory_or_linked;trans_other_gene_coding_or_splice;trans_regulatory_or_intronic
BCAN:Q96GW7:OID20998:v1,BCAN,Neurology,BCAN,Q96GW7,12,12,1,11,290.285,1.2330776,4,cis_locus_linked;trans_other_gene_coding_or_splice;trans_other_or_unknown;trans_regulatory_or_intronic
BIN2:Q9UBW5:OID21067:v1,BIN2,Neurology,BIN2,Q9UBW5,4,4,0,4,24.2853,0.21848,3,trans_other_gene_coding_or_splice;trans_other_or_unknown;trans_regulatory_or_intronic
BLVRB:P30043:OID21141:v1,BLVRB,Neurology,BLVRB,P30043,1,1,0,1,11.6694,0.0443923,1,trans_other_gene_coding_or_splice
BMP4:P12644:OID20994:v1,BMP4,Neurology,BMP4,P12644,5,5,0,5,15.0506,0.4154974,3,trans_other_gene_coding_or_splice;trans_other_or_unknown;trans_regulatory_or_intronic
BRK1:Q8WUW1:OID20883:v1,BRK1,Neurology,BRK1,Q8WUW1,7,7,0,7,114.711,0.822051,1,trans_regulatory_or_intronic
BST1:Q10588:OID21051:v1,BST1,Neurology,BST1,Q10588,6,6,1,5,5744.86,1.9508982,3,cis_target_coding_or_splice;trans_other_gene_coding_or_splice;trans_regulatory_or_intronic
BST2:Q10589:OID21029:v1,BST2,Neurology,BST2,Q10589,20,20,1,19,108.258,1.7868386,4,cis_locus_linked;trans_other_gene_coding_or_splice;trans_other_or_unknown;trans_regulatory_or_intronic
C19orf12:Q9NSK7:OID20804:v1,C19orf12,Neurology,C19orf12,Q9NSK7,7,7,1,6,39.3305,1.651242,3,cis_target_coding_or_splice;trans_other_gene_coding_or_splice;trans_regulatory_or_intronic
C2CD2L:O14523:OID20864:v1,C2CD2L,Neurology,C2CD2L,O14523,1,1,1,0,15.8628,0.0526992,1,cis_locus_linked
CA2:P00918:OID21149:v1,CA2,Neurology,CA2,P00918,1,1,1,0,58.7585,0.0970206,1,cis_locus_linked
CA6:P23280:OID21096:v1,CA6,Neurology,CA6,P23280,21,21,1,20,2793.51,1.9000898,3,cis_target_regulatory_or_linked;trans_other_or_unknown;trans_regulatory_or_intronic
CALCA:P01258:OID20983:v1,CALCA,Neurology,CALCA,P01258,9,9,0,9,41.6264,0.6951425,2,trans_other_gene_coding_or_splice;trans_regulatory_or_intronic
CARHSP1:Q9Y2V2:OID20859:v1,CARHSP1,Neurology,CARHSP1,Q9Y2V2,1,1,1,0,40.4591,0.0813992,1,cis_locus_linked
CASP1:P29466:OID20854:v1,CASP1,Neurology,CASP1,P29466,3,3,1,2,373.595,0.45128280000000004,2,cis_locus_linked;trans_other_gene_coding_or_splice
CASP10:Q92851:OID20893:v1,CASP10,Neurology,CASP10,Q92851,3,3,1,2,180.509,0.30942780000000003,2,cis_locus_linked;trans_regulatory_or_intronic
CCL19:Q99731:OID21030:v1,CCL19,Neurology,CCL19,Q99731,8,8,1,7,309.338,1.2358857,3,cis_locus_linked;trans_other_gene_coding_or_splice;trans_regulatory_or_intronic
CCL2:P13500:OID21004:v1,CCL2,Neurology,CCL2,P13500,13,13,1,12,364.64,1.4464247000000001,4,cis_locus_linked;trans_other_gene_coding_or_splice;trans_other_or_unknown;trans_regulatory_or_intronic
CCN5:O76076:OID21068:v1,CCN5,Neurology,CCN5,O76076,5,5,1,4,243.746,0.3530318,4,cis_locus_linked;trans_other_gene_coding_or_splice;trans_other_or_unknown;trans_regulatory_or_intronic
CCS:O14618:OID20973:v1,CCS,Neurology,CCS,O14618,2,2,1,1,1280.94,0.507762,2,cis_locus_linked;trans_regulatory_or_intronic
CD109:Q6YHK3:OID21108:v1,CD109,Neurology,CD109,Q6YHK3,7,7,1,6,3909.59,1.4765141,3,cis_target_regulatory_or_linked;trans_other_gene_coding_or_splice;trans_regulatory_or_intronic
CD164:Q04900:OID21080:v1,CD164,Neurology,CD164,Q04900,12,12,1,11,115.337,1.1477738,2,cis_locus_linked;trans_regulatory_or_intronic
CD177:Q8N6Q3:OID21119:v1,CD177,Neurology,CD177,Q8N6Q3,1,1,1,0,1279.28,1.81153,1,cis_locus_linked
CD274:Q9NZQ7:OID20966:v1,CD274,Neurology,CD274,Q9NZQ7,8,8,1,7,516.827,1.1451294,3,cis_target_regulatory_or_linked;trans_other_gene_coding_or_splice;trans_regulatory_or_intronic
CD300C:Q08708:OID21010:v1,CD300C,Neurology,CD300C,Q08708,16,16,1,15,1064.38,1.9192706,4,cis_target_regulatory_or_linked;trans_other_gene_coding_or_splice;trans_other_or_unknown;trans_regulatory_or_intronic
CD300LG:Q6UXG3:OID21130:v1,CD300LG,Neurology,CD300LG,Q6UXG3,18,18,1,17,840.167,2.4721278,4,cis_target_coding_or_splice;trans_other_gene_coding_or_splice;trans_other_or_unknown;trans_regulatory_or_intronic
CD34:P28906:OID21025:v1,CD34,Neurology,CD34,P28906,5,5,1,4,674.981,0.9287257,3,cis_target_regulatory_or_linked;trans_other_gene_coding_or_splice;trans_regulatory_or_intronic
CD63:P08962:OID20988:v1,CD63,Neurology,CD63,P08962,15,15,0,15,129.365,1.1747632000000001,3,trans_other_gene_coding_or_splice;trans_other_or_unknown;trans_regulatory_or_intronic
CD74:P04233:OID21040:v1,CD74,Neurology,CD74,P04233,8,8,1,7,166.609,0.7793072000000001,3,cis_target_regulatory_or_linked;trans_other_gene_coding_or_splice;trans_regulatory_or_intronic
CD8A:P01732:OID21018:v1,CD8A,Neurology,CD8A,P01732,7,7,1,6,433.639,1.065398,3,cis_target_coding_or_splice;trans_other_gene_coding_or_splice;trans_regulatory_or_intronic
CD99:P14209:OID21110:v1,CD99,Neurology,CD99,P14209,4,4,0,4,83.7642,0.2736088,2,trans_other_gene_coding_or_splice;trans_regulatory_or_intronic
CD99L2:Q8TCZ2:OID21122:v1,CD99L2,Neurology,CD99L2,Q8TCZ2,8,8,0,8,160.129,1.0383266,2,trans_other_gene_coding_or_splice;trans_regulatory_or_intronic
CDCP1:Q9H5V8:OID20940:v1,CDCP1,Neurology,CDCP1,Q9H5V8,10,10,1,9,372.634,0.8862504,3,cis_target_regulatory_or_linked;trans_other_gene_coding_or_splice;trans_regulatory_or_intronic
CDH15:P55291:OID21005:v1,CDH15,Neurology,CDH15,P55291,9,9,1,8,728.645,0.867089,4,cis_locus_linked;trans_other_gene_coding_or_splice;trans_other_or_unknown;trans_regulatory_or_intronic
CDH3:P22223:OID21008:v1,CDH3,Neurology,CDH3,P22223,7,7,0,7,43.226,0.5401335,3,trans_other_gene_coding_or_splice;trans_other_or_unknown;trans_regulatory_or_intronic
CDHR1:Q96JP9:OID20808:v1,CDHR1,Neurology,CDHR1,Q96JP9,3,3,1,2,283.267,0.3874954,2,cis_target_regulatory_or_linked;trans_regulatory_or_intronic
CERT:Q9Y5P4:OID20857:v1,CERT,Neurology,CERT1,Q9Y5P4,3,3,0,3,35.7084,0.1870668,1,trans_regulatory_or_intronic
CETN2:P41208:OID20836:v1,CETN2,Neurology,CETN2,P41208,2,2,0,2,37.0995,0.14269779999999999,1,trans_regulatory_or_intronic
CGA:P01215:OID21069:v1,CGA,Neurology,CGA,P01215,2,2,1,1,19.0246,0.08094689999999999,2,cis_target_regulatory_or_linked;trans_regulatory_or_intronic
CHGB:P05060:OID21038:v1,CHGB,Neurology,CHGB,P05060,9,9,1,8,2052.02,1.181447,4,cis_locus_linked;trans_other_gene_coding_or_splice;trans_other_or_unknown;trans_regulatory_or_intronic
CHMP1A:Q9HD42:OID20930:v1,CHMP1A,Neurology,CHMP1A,Q9HD42,5,5,1,4,46.7293,0.3021302,3,cis_target_regulatory_or_linked;trans_other_gene_coding_or_splice;trans_regulatory_or_intronic
CLEC10A:Q8IUN9:OID20928:v1,CLEC10A,Neurology,CLEC10A,Q8IUN9,13,13,1,12,1472.95,1.6236725,4,cis_target_coding_or_splice;trans_other_gene_coding_or_splice;trans_other_or_unknown;trans_regulatory_or_intronic
CLEC11A:Q9Y240:OID21112:v1,CLEC11A,Neurology,CLEC11A,Q9Y240,10,10,1,9,396.364,1.2862958,2,cis_locus_linked;trans_regulatory_or_intronic
CLEC14A:Q86T13:OID21090:v1,CLEC14A,Neurology,CLEC14A,Q86T13,11,11,1,10,417.814,1.2831048,3,cis_locus_linked;trans_other_gene_coding_or_splice;trans_regulatory_or_intronic
CLEC1B:Q9P126:OID21061:v1,CLEC1B,Neurology,CLEC1B,Q9P126,11,11,0,11,73.959,0.7333327000000001,3,trans_other_gene_coding_or_splice;trans_other_or_unknown;trans_regulatory_or_intronic
CLPP:Q16740:OID20910:v1,CLPP,Neurology,CLPP,Q16740,3,3,0,3,13.4064,0.1424527,1,trans_regulatory_or_intronic
CLPS:P04118:OID21156:v1,CLPS,Neurology,CLPS,P04118,10,10,1,9,1425.01,1.2579204,3,cis_locus_linked;trans_other_gene_coding_or_splice;trans_regulatory_or_intronic
CLSPN:Q9HAW4:OID20831:v1,CLSPN,Neurology,CLSPN,Q9HAW4,1,1,0,1,42.2373,0.0902947,1,trans_regulatory_or_intronic
CLSTN1:O94985:OID20874:v1,CLSTN1,Neurology,CLSTN1,O94985,1,1,0,1,16.6313,0.0690786,1,trans_regulatory_or_intronic
CNTN3:Q9P232:OID21092:v1,CNTN3,Neurology,CNTN3,Q9P232,23,23,1,22,475.925,2.4650854,4,cis_target_regulatory_or_linked;trans_other_gene_coding_or_splice;trans_other_or_unknown;trans_regulatory_or_intronic
CNTN4:Q8IWV2:OID21117:v1,CNTN4,Neurology,CNTN4,Q8IWV2,11,11,1,10,374.493,0.9380982,3,cis_locus_linked;trans_other_or_unknown;trans_regulatory_or_intronic
CNTN5:O94779:OID21006:v1,CNTN5,Neurology,CNTN5,O94779,11,11,1,10,1120.63,1.6266372,4,cis_target_regulatory_or_linked;trans_other_gene_coding_or_splice;trans_other_or_unknown;trans_regulatory_or_intronic
CPA2:P48052:OID21060:v1,CPA2,Neurology,CPA2,P48052,13,13,1,12,697.881,1.1660772,4,cis_target_regulatory_or_linked;trans_other_gene_coding_or_splice;trans_other_or_unknown;trans_regulatory_or_intronic
CPM:P14384:OID21054:v1,CPM,Neurology,CPM,P14384,13,13,0,13,35.6873,0.9190349999999999,2,trans_other_or_unknown;trans_regulatory_or_intronic
CPPED1:Q9BRF8:OID21053:v1,CPPED1,Neurology,CPPED1,Q9BRF8,1,1,0,1,13.2395,0.0382255,1,trans_regulatory_or_intronic
CRADD:P78560:OID20923:v1,CRADD,Neurology,CRADD,P78560,6,6,1,5,29.848,0.3540775,3,cis_target_coding_or_splice;trans_other_gene_coding_or_splice;trans_regulatory_or_intronic
CRIP2:P52943:OID20901:v1,CRIP2,Neurology,CRIP2,P52943,5,5,1,4,112.54,0.4396136,2,cis_locus_linked;trans_regulatory_or_intronic
CRTAM:O95727:OID20914:v1,CRTAM,Neurology,CRTAM,O95727,19,19,1,18,540.769,1.4523380000000001,4,cis_target_regulatory_or_linked;trans_other_gene_coding_or_splice;trans_other_or_unknown;trans_regulatory_or_intronic
CST5:P28325:OID20995:v1,CST5,Neurology,CST5,P28325,19,19,1,18,3074.14,1.8853980000000001,3,cis_target_coding_or_splice;trans_other_gene_coding_or_splice;trans_regulatory_or_intronic
CTRB1:P17538:OID21150:v1,CTRB1,Neurology,CTRB1,P17538,21,21,1,20,1413.13,1.7785877,4,cis_target_regulatory_or_linked;trans_other_gene_coding_or_splice;trans_other_or_unknown;trans_regulatory_or_intronic
CTSS:P25774:OID21056:v1,CTSS,Neurology,CTSS,P25774,8,8,0,8,52.2915,0.6287433,3,trans_other_gene_coding_or_splice;trans_other_or_unknown;trans_regulatory_or_intronic
CX3CL1:P78423:OID20976:v1,CX3CL1,Neurology,CX3CL1,P78423,14,14,0,14,50.3894,0.9372121,3,trans_other_gene_coding_or_splice;trans_other_or_unknown;trans_regulatory_or_intronic
CXCL11:O14625:OID21042:v1,CXCL11,Neurology,CXCL11,O14625,12,12,1,11,348.612,1.4134543,3,cis_locus_linked;trans_other_gene_coding_or_splice;trans_regulatory_or_intronic
CXCL13:O43927:OID21024:v1,CXCL13,Neurology,CXCL13,O43927,7,7,1,6,39.8037,0.7796349,4,cis_locus_linked;trans_other_gene_coding_or_splice;trans_other_or_unknown;trans_regulatory_or_intronic
CXCL8:P10145:OID20997:v1,CXCL8,Neurology,CXCL8,P10145,2,2,0,2,16.4079,0.1154406,1,trans_regulatory_or_intronic
DARS1:P14868:OID20903:v1,DARS1,Neurology,DARS1,P14868,7,7,1,6,39.9386,1.3272476,2,cis_target_coding_or_splice;trans_regulatory_or_intronic
DBI:P07108:OID21143:v1,DBI,Neurology,DBI,P07108,5,5,1,4,375.783,0.5189454,3,cis_locus_linked;trans_other_gene_coding_or_splice;trans_regulatory_or_intronic
DCTN6:O00399:OID20879:v1,DCTN6,Neurology,DCTN6,O00399,2,2,0,2,12.3975,0.0905638,1,trans_regulatory_or_intronic
DDR1:Q08345:OID21009:v1,DDR1,Neurology,DDR1,Q08345,10,10,1,9,659.219,1.0814723,3,cis_locus_linked;trans_other_gene_coding_or_splice;trans_regulatory_or_intronic
DKK1:O94907:OID21066:v1,DKK1,Neurology,DKK1,O94907,24,24,1,23,171.732,2.0271893,4,cis_locus_linked;trans_other_gene_coding_or_splice;trans_other_or_unknown;trans_regulatory_or_intronic
DKK4:Q9UBT3:OID20934:v1,DKK4,Neurology,DKK4,Q9UBT3,7,7,1,6,330.88,1.4626777,3,cis_locus_linked;trans_other_gene_coding_or_splice;trans_regulatory_or_intronic
DNMBP:Q6XZF7:OID20956:v1,DNMBP,Neurology,DNMBP,Q6XZF7,5,5,1,4,81.9439,0.6487805,3,cis_target_regulatory_or_linked;trans_other_or_unknown;trans_regulatory_or_intronic
DPEP1:P16444:OID20897:v1,DPEP1,Neurology,DPEP1,P16444,10,10,1,9,3441.13,1.4386589,4,cis_locus_linked;trans_other_gene_coding_or_splice;trans_other_or_unknown;trans_regulatory_or_intronic
DRAXIN:Q8NBI3:OID20917:v1,DRAXIN,Neurology,DRAXIN,Q8NBI3,25,25,1,24,434.535,2.4002434,4,cis_locus_linked;trans_other_gene_coding_or_splice;trans_other_or_unknown;trans_regulatory_or_intronic
DSC2:Q02487:OID21079:v1,DSC2,Neurology,DSC2,Q02487,14,14,0,14,40.5375,1.0655589,3,trans_other_gene_coding_or_splice;trans_other_or_unknown;trans_regulatory_or_intronic
DSG2:Q14126:OID21113:v1,DSG2,Neurology,DSG2,Q14126,12,12,1,11,293.504,1.4617865,3,cis_target_regulatory_or_linked;trans_other_gene_coding_or_splice;trans_regulatory_or_intronic
DUSP3:P51452:OID20827:v1,DUSP3,Neurology,DUSP3,P51452,2,2,0,2,25.3412,0.1512101,1,trans_regulatory_or_intronic
EBAG9:O00559:OID20918:v1,EBAG9,Neurology,EBAG9,O00559,5,5,1,4,40.1065,0.3078593,2,cis_target_regulatory_or_linked;trans_regulatory_or_intronic
ECE1:P42892:OID20891:v1,ECE1,Neurology,ECE1,P42892,5,5,0,5,472.464,0.7536495000000001,1,trans_regulatory_or_intronic
EFNA1:P20827:OID21125:v1,EFNA1,Neurology,EFNA1,P20827,8,8,1,7,564.682,0.7661711,2,cis_locus_linked;trans_regulatory_or_intronic
EFNA4:P52798:OID20935:v1,EFNA4,Neurology,EFNA4,P52798,6,6,0,6,23.1031,0.36526139999999996,2,trans_other_gene_coding_or_splice;trans_regulatory_or_intronic
EIF4B:P23588:OID21000:v1,EIF4B,Neurology,EIF4B,P23588,2,2,0,2,30.4386,0.1214948,1,trans_regulatory_or_intronic
ENO1:P06733:OID21037:v1,ENO1,Neurology,ENO1,P06733,5,5,1,4,130.014,1.5060824,2,cis_target_coding_or_splice;trans_regulatory_or_intronic
ENO2:P09104:OID21046:v1,ENO2,Neurology,ENO2,P09104,7,7,0,7,97.0381,0.5563079,1,trans_regulatory_or_intronic
EPHB6:O15197:OID20982:v1,EPHB6,Neurology,EPHB6,O15197,6,6,1,5,417.686,0.7048965,3,cis_target_regulatory_or_linked;trans_other_gene_coding_or_splice;trans_regulatory_or_intronic
EREG:O14944:OID20905:v1,EREG,Neurology,EREG,O14944,13,13,1,12,46.529,1.1381393,4,cis_target_coding_or_splice;trans_other_gene_coding_or_splice;trans_other_or_unknown;trans_regulatory_or_intronic
EZR:P15311:OID21017:v1,EZR,Neurology,EZR,P15311,6,6,1,5,52.0774,0.3794486,4,cis_locus_linked;trans_other_gene_coding_or_splice;trans_other_or_unknown;trans_regulatory_or_intronic
F11R:Q9Y624:OID21151:v1,F11R,Neurology,F11R,Q9Y624,11,11,0,11,29.7335,0.5967012,2,trans_other_gene_coding_or_splice;trans_regulatory_or_intronic
FABP5:Q01469:OID21043:v1,FABP5,Neurology,FABP5,Q01469,4,4,1,3,66.6518,0.3561663,2,cis_locus_linked;trans_regulatory_or_intronic
FCER2:P06734:OID21133:v1,FCER2,Neurology,FCER2,P06734,25,25,1,24,497.153,2.312968,4,cis_target_regulatory_or_linked;trans_other_gene_coding_or_splice;trans_other_or_unknown;trans_regulatory_or_intronic
FCRL5:Q96RD9:OID21111:v1,FCRL5,Neurology,FCRL5,Q96RD9,16,16,0,16,150.623,1.1905203,3,trans_other_gene_coding_or_splice;trans_other_or_unknown;trans_regulatory_or_intronic
FGR:P09769:OID20828:v1,FGR,Neurology,FGR,P09769,4,4,1,3,54.7932,0.3237966,2,cis_target_regulatory_or_linked;trans_regulatory_or_intronic
FHIT:P49789:OID20872:v1,FHIT,Neurology,FHIT,P49789,3,3,1,2,49.6894,0.1978659,2,cis_target_regulatory_or_linked;trans_regulatory_or_intronic
FKBP4:Q02790:OID20960:v1,FKBP4,Neurology,FKBP4,Q02790,9,9,1,8,29.9727,0.5760223,3,cis_locus_linked;trans_other_gene_coding_or_splice;trans_regulatory_or_intronic
FKBP5:Q13451:OID20937:v1,FKBP5,Neurology,FKBP5,Q13451,7,7,1,6,208.088,0.4940807,2,cis_target_regulatory_or_linked;trans_regulatory_or_intronic
FLRT2:O43155:OID20946:v1,FLRT2,Neurology,FLRT2,O43155,10,10,1,9,1451.67,1.5753989,4,cis_target_coding_or_splice;trans_other_gene_coding_or_splice;trans_other_or_unknown;trans_regulatory_or_intronic
FOLR2:P14207:OID21062:v1,FOLR2,Neurology,FOLR2,P14207,19,19,1,18,181.556,1.9382507,4,cis_locus_linked;trans_other_gene_coding_or_splice;trans_other_or_unknown;trans_regulatory_or_intronic
FRZB:Q92765:OID20968:v1,FRZB,Neurology,FRZB,Q92765,7,7,1,6,1192.82,1.3446571999999999,3,cis_target_regulatory_or_linked;trans_other_gene_coding_or_splice;trans_regulatory_or_intronic
FUT3_FUT5:P21217_Q11128:OID21013:v1,FUT3_FUT5,Neurology,FUT3;FUT5,P21217;Q11128,28,28,1,27,1531.46,2.7997379000000002,4,cis_locus_linked;trans_other_gene_coding_or_splice;trans_other_or_unknown;trans_regulatory_or_intronic
FUT8:Q9BYC5:OID20992:v1,FUT8,Neurology,FUT8,Q9BYC5,23,23,1,22,3097.83,2.3176217,3,cis_locus_linked;trans_other_or_unknown;trans_regulatory_or_intronic
FYB1:O15117:OID21140:v1,FYB1,Neurology,FYB1,O15117,5,5,0,5,28.8472,0.2694493,2,trans_other_gene_coding_or_splice;trans_regulatory_or_intronic
GBP4:Q96PP9:OID20845:v1,GBP4,Neurology,GBP4,Q96PP9,1,1,1,0,3578.87,0.810284,1,cis_target_coding_or_splice
GDNF:P39905:OID20861:v1,GDNF,Neurology,GDNF,P39905,3,3,1,2,309.417,0.7495533999999999,2,cis_target_regulatory_or_linked;trans_regulatory_or_intronic
GFRA3:O60609:OID20933:v1,GFRA3,Neurology,GFRA3,O60609,30,30,1,29,247.116,2.2580684,4,cis_locus_linked;trans_other_gene_coding_or_splice;trans_other_or_unknown;trans_regulatory_or_intronic
GGT1:P19440:OID21075:v1,GGT1,Neurology,GGT1,P19440,12,12,1,11,386.562,0.9525357000000001,3,cis_target_regulatory_or_linked;trans_other_or_unknown;trans_regulatory_or_intronic
GGT5:P36269:OID20909:v1,GGT5,Neurology,GGT5,P36269,4,4,1,3,413.095,0.5441402,3,cis_locus_linked;trans_other_or_unknown;trans_regulatory_or_intronic
GKN1:Q9NS71:OID20885:v1,GKN1,Neurology,GKN1,Q9NS71,5,5,0,5,35.4383,0.3230591,3,trans_other_gene_coding_or_splice;trans_other_or_unknown;trans_regulatory_or_intronic
GLB1:P16278:OID20949:v1,GLB1,Neurology,GLB1,P16278,10,10,1,9,396.738,1.2813989000000001,4,cis_locus_linked;trans_other_gene_coding_or_splice;trans_other_or_unknown;trans_regulatory_or_intronic
GLT8D2:Q9H1C3:OID20825:v1,GLT8D2,Neurology,GLT8D2,Q9H1C3,1,1,1,0,150.621,0.653756,1,cis_target_coding_or_splice
GNLY:P22749:OID21132:v1,GNLY,Neurology,GNLY,P22749,17,17,1,16,2087.01,1.9245424,4,cis_locus_linked;trans_other_gene_coding_or_splice;trans_other_or_unknown;trans_regulatory_or_intronic
GOLM2:Q6P4E1:OID21044:v1,GOLM2,Neurology,GOLM2,Q6P4E1,9,9,0,9,319.618,1.2977667,3,trans_other_gene_coding_or_splice;trans_other_or_unknown;trans_regulatory_or_intronic
GP6:Q9HCN6:OID21091:v1,GP6,Neurology,GP6,Q9HCN6,5,5,1,4,493.804,0.6326901,2,cis_target_coding_or_splice;trans_regulatory_or_intronic
GPC5:P78333:OID20944:v1,GPC5,Neurology,GPC5,P78333,19,19,1,18,3423.26,1.98131,4,cis_target_regulatory_or_linked;trans_other_gene_coding_or_splice;trans_other_or_unknown;trans_regulatory_or_intronic
GPKOW:Q92917:OID20890:v1,GPKOW,Neurology,GPKOW,Q92917,1,1,0,1,11.8582,0.0450475,1,trans_regulatory_or_intronic
GRN:P28799:OID21159:v1,GRN,Neurology,GRN,P28799,14,14,1,13,1868.61,2.1611897,3,cis_locus_linked;trans_other_gene_coding_or_splice;trans_regulatory_or_intronic
GSTP1:P09211:OID20876:v1,GSTP1,Neurology,GSTP1,P09211,1,1,1,0,205.898,0.195763,1,cis_target_regulatory_or_linked
GUCA2A:Q02747:OID21101:v1,GUCA2A,Neurology,GUCA2A,Q02747,12,12,0,12,44.4674,0.7737123,3,trans_other_gene_coding_or_splice;trans_other_or_unknown;trans_regulatory_or_intronic
HARS1:P12081:OID21086:v1,HARS1,Neurology,HARS1,P12081,5,5,0,5,30.6548,0.266195,2,trans_other_gene_coding_or_splice;trans_regulatory_or_intronic
HAVCR2:Q8TDQ0:OID21137:v1,HAVCR2,Neurology,HAVCR2,Q8TDQ0,7,7,1,6,330.436,2.133002,4,cis_target_regulatory_or_linked;trans_other_gene_coding_or_splice;trans_other_or_unknown;trans_regulatory_or_intronic
HMOX2:P30519:OID20887:v1,HMOX2,Neurology,HMOX2,P30519,6,6,1,5,56.6426,0.5689006999999999,4,cis_locus_linked;trans_other_gene_coding_or_splice;trans_other_or_unknown;trans_regulatory_or_intronic
HNMT:P50135:OID20975:v1,HNMT,Neurology,HNMT,P50135,4,4,1,3,2823.34,1.2847752,3,cis_target_coding_or_splice;trans_other_gene_coding_or_splice;trans_regulatory_or_intronic
HSP90B1:P14625:OID20829:v1,HSP90B1,Neurology,HSP90B1,P14625,1,1,0,1,10.9856,0.04797,1,trans_regulatory_or_intronic
IDI2:Q9BXS1:OID20823:v1,IDI2,Neurology,IDI2,Q9BXS1,2,2,1,1,587.377,0.6853248,2,cis_target_coding_or_splice;trans_other_or_unknown
IFNGR2:P38484:OID20941:v1,IFNGR2,Neurology,IFNGR2,P38484,12,12,1,11,5671.81,2.234601,4,cis_target_coding_or_splice;trans_other_gene_coding_or_splice;trans_other_or_unknown;trans_regulatory_or_intronic
IFNL1:Q8IU54:OID20795:v1,IFNL1,Neurology,IFNL1,Q8IU54,9,9,1,8,53.0572,0.8512791,4,cis_target_coding_or_splice;trans_other_gene_coding_or_splice;trans_other_or_unknown;trans_regulatory_or_intronic
IGF2R:P11717:OID21146:v1,IGF2R,Neurology,IGF2R,P11717,13,13,1,12,856.353,1.6201366,3,cis_target_regulatory_or_linked;trans_other_gene_coding_or_splice;trans_regulatory_or_intronic
IGFBP4:P22692:OID21158:v1,IGFBP4,Neurology,IGFBP4,P22692,6,6,1,5,21.0751,0.3095174,2,cis_target_regulatory_or_linked;trans_regulatory_or_intronic
IL17RA:Q96F46:OID21089:v1,IL17RA,Neurology,IL17RA,Q96F46,11,11,1,10,3902.27,3.3130317,3,cis_target_regulatory_or_linked;trans_other_or_unknown;trans_regulatory_or_intronic
IL18RAP:O95256:OID20900:v1,IL18RAP,Neurology,IL18RAP,O95256,6,6,0,6,64.3162,0.5112215,2,trans_other_or_unknown;trans_regulatory_or_intronic
IL1R1:P14778:OID21116:v1,IL1R1,Neurology,IL1R1,P14778,14,14,1,13,461.809,1.7166354,4,cis_target_regulatory_or_linked;trans_other_gene_coding_or_splice;trans_other_or_unknown;trans_regulatory_or_intronic
IL1RAP:Q9NPH3:OID21126:v1,IL1RAP,Neurology,IL1RAP,Q9NPH3,7,7,1,6,5963.54,1.6330094000000002,2,cis_locus_linked;trans_regulatory_or_intronic
IL34:Q6ZMJ4:OID20809:v1,IL34,Neurology,IL34,Q6ZMJ4,2,2,1,1,2680.72,1.1703095,2,cis_target_coding_or_splice;trans_regulatory_or_intronic
IL6:P05231:OID20911:v1,IL6,Neurology,IL6,P05231,1,1,0,1,17.1736,0.0522304,1,trans_regulatory_or_intronic
IL7R:P16871:OID21136:v1,IL7R,Neurology,IL7R,P16871,10,10,1,9,3931.46,2.4529492999999998,4,cis_target_coding_or_splice;trans_other_gene_coding_or_splice;trans_other_or_unknown;trans_regulatory_or_intronic
ILKAP:Q9H0C8:OID20855:v1,ILKAP,Neurology,ILKAP,Q9H0C8,1,1,0,1,13.434,0.0516866,1,trans_regulatory_or_intronic
IMPA1:P29218:OID20907:v1,IMPA1,Neurology,IMPA1,P29218,4,4,1,3,212.643,0.3578539,3,cis_target_regulatory_or_linked;trans_other_gene_coding_or_splice;trans_regulatory_or_intronic
ING1:Q9UK53:OID20853:v1,ING1,Neurology,ING1,Q9UK53,3,3,1,2,13.8955,0.1631173,2,cis_target_regulatory_or_linked;trans_regulatory_or_intronic
INHBC:P55103:OID21093:v1,INHBC,Neurology,INHBC,P55103,10,10,1,9,1817.42,1.2714962,4,cis_target_regulatory_or_linked;trans_other_gene_coding_or_splice;trans_other_or_unknown;trans_regulatory_or_intronic
IPCEF1:Q8WWN9:OID20977:v1,IPCEF1,Neurology,IPCEF1,Q8WWN9,3,3,1,2,38.6882,0.1939418,3,cis_target_regulatory_or_linked;trans_other_or_unknown;trans_regulatory_or_intronic
ISLR2:Q6UXK2:OID20889:v1,ISLR2,Neurology,ISLR2,Q6UXK2,6,6,1,5,1470.54,1.2304258,3,cis_locus_linked;trans_other_gene_coding_or_splice;trans_regulatory_or_intronic
ITGA5:P08648:OID21139:v1,ITGA5,Neurology,ITGA5,P08648,17,17,1,16,89.2463,1.9718274,4,cis_locus_linked;trans_other_gene_coding_or_splice;trans_other_or_unknown;trans_regulatory_or_intronic
ITGAM:P11215:OID21071:v1,ITGAM,Neurology,ITGAM,P11215,12,12,0,12,56.2052,1.3044536,3,trans_other_gene_coding_or_splice;trans_other_or_unknown;trans_regulatory_or_intronic
JAM2:P57087:OID21064:v1,JAM2,Neurology,JAM2,P57087,6,6,0,6,124.546,0.6295331,2,trans_other_gene_coding_or_splice;trans_regulatory_or_intronic
KCNIP4:Q6PIL6:OID20813:v1,KCNIP4,Neurology,KCNIP4,Q6PIL6,1,1,0,1,11.1702,0.0448629,1,trans_other_or_unknown
KEL:P23276:OID20881:v1,KEL,Neurology,KEL,P23276,20,20,1,19,750.206,2.5875936999999998,3,cis_target_coding_or_splice;trans_other_gene_coding_or_splice;trans_regulatory_or_intronic
KIRREL2:Q6UWL6:OID20873:v1,KIRREL2,Neurology,KIRREL2,Q6UWL6,14,14,1,13,422.845,2.0494471,3,cis_locus_linked;trans_other_gene_coding_or_splice;trans_regulatory_or_intronic
KLB:Q86Z14:OID20888:v1,KLB,Neurology,KLB,Q86Z14,13,13,1,12,3036.34,2.6181675,4,cis_target_regulatory_or_linked;trans_other_gene_coding_or_splice;trans_other_or_unknown;trans_regulatory_or_intronic
KRT5:P13647:OID20860:v1,KRT5,Neurology,KRT5,P13647,7,7,1,6,68.5736,0.7018964,3,cis_target_regulatory_or_linked;trans_other_gene_coding_or_splice;trans_regulatory_or_intronic
LAIR2:Q6ISS4:OID20965:v1,LAIR2,Neurology,LAIR2,Q6ISS4,4,4,1,3,2623.7,1.2390776,3,cis_target_regulatory_or_linked;trans_other_or_unknown;trans_regulatory_or_intronic
LAMP2:P13473:OID21035:v1,LAMP2,Neurology,LAMP2,P13473,4,4,0,4,16.8896,0.2145798,1,trans_regulatory_or_intronic
LAYN:Q6UX15:OID20970:v1,LAYN,Neurology,LAYN,Q6UX15,8,8,1,7,820.131,0.8296587,4,cis_target_regulatory_or_linked;trans_other_gene_coding_or_splice;trans_other_or_unknown;trans_regulatory_or_intronic
LBR:Q14739:OID21034:v1,LBR,Neurology,LBR,Q14739,6,6,0,6,134.003,0.6184178,2,trans_other_gene_coding_or_splice;trans_regulatory_or_intronic
LGALS8:O00214:OID21041:v1,LGALS8,Neurology,LGALS8,O00214,10,10,1,9,440.365,0.9009129,3,cis_target_regulatory_or_linked;trans_other_gene_coding_or_splice;trans_regulatory_or_intronic
LIF:P15018:OID20824:v1,LIF,Neurology,LIF,P15018,1,1,1,0,11.3043,0.0450196,1,cis_locus_linked
LILRA2:Q8N149:OID21152:v1,LILRA2,Neurology,LILRA2,Q8N149,15,15,1,14,2301.58,2.0345152,3,cis_target_regulatory_or_linked;trans_other_gene_coding_or_splice;trans_regulatory_or_intronic
LPO:P22079:OID20963:v1,LPO,Neurology,LPO,P22079,20,20,1,19,450.956,2.4206117,3,cis_target_regulatory_or_linked;trans_other_gene_coding_or_splice;trans_regulatory_or_intronic
LRPAP1:P30533:OID21059:v1,LRPAP1,Neurology,LRPAP1,P30533,11,11,1,10,2892.15,3.1324271,3,cis_target_regulatory_or_linked;trans_other_gene_coding_or_splice;trans_regulatory_or_intronic
LXN:Q9BS40:OID21003:v1,LXN,Neurology,LXN,Q9BS40,2,2,1,1,156.59,0.23206130000000003,2,cis_target_coding_or_splice;trans_regulatory_or_intronic
LY96:Q9Y6Y9:OID20945:v1,LY96,Neurology,LY96,Q9Y6Y9,17,17,1,16,39.2943,1.3365446,4,cis_target_coding_or_splice;trans_other_gene_coding_or_splice;trans_other_or_unknown;trans_regulatory_or_intronic
MAD1L1:Q9Y6D9:OID20904:v1,MAD1L1,Neurology,MAD1L1,Q9Y6D9,2,2,0,2,14.5095,0.12168409999999999,1,trans_regulatory_or_intronic
MAP4K5:Q9Y4K4:OID20899:v1,MAP4K5,Neurology,MAP4K5,Q9Y4K4,4,4,1,3,187.456,0.5386859,3,cis_target_coding_or_splice;trans_other_gene_coding_or_splice;trans_regulatory_or_intronic
MASP1:P48740:OID20954:v1,MASP1,Neurology,MASP1,P48740,12,12,0,12,545.39,1.6302612,3,trans_other_gene_coding_or_splice;trans_other_or_unknown;trans_regulatory_or_intronic
MATN3:O15232:OID20979:v1,MATN3,Neurology,MATN3,O15232,6,6,1,5,1609.24,0.9319987,3,cis_locus_linked;trans_other_or_unknown;trans_regulatory_or_intronic
MAX:P61244:OID20877:v1,MAX,Neurology,MAX,P61244,7,7,1,6,38.9019,0.39312,2,cis_target_regulatory_or_linked;trans_regulatory_or_intronic
MDGA1:Q8NFP4:OID20951:v1,MDGA1,Neurology,MDGA1,Q8NFP4,5,5,1,4,6853.85,1.3418607,3,cis_target_regulatory_or_linked;trans_other_gene_coding_or_splice;trans_regulatory_or_intronic
MESD:Q14696:OID21099:v1,MESD,Neurology,MESD,Q14696,5,5,0,5,30.674,0.2999424,2,trans_other_gene_coding_or_splice;trans_regulatory_or_intronic
MFGE8:Q08431:OID21134:v1,MFGE8,Neurology,MFGE8,Q08431,18,18,1,17,717.114,1.8930944,4,cis_target_regulatory_or_linked;trans_other_gene_coding_or_splice;trans_other_or_unknown;trans_regulatory_or_intronic
MIF:P14174:OID21073:v1,MIF,Neurology,MIF,P14174,5,5,1,4,71.081,0.3259953,3,cis_locus_linked;trans_other_gene_coding_or_splice;trans_regulatory_or_intronic
MITD1:Q8WV92:OID20959:v1,MITD1,Neurology,MITD1,Q8WV92,4,4,1,3,29.2094,0.2221889,2,cis_locus_linked;trans_regulatory_or_intronic
MMP13:P45452:OID20807:v1,MMP13,Neurology,MMP13,P45452,1,1,0,1,11.3633,0.0443237,1,trans_regulatory_or_intronic
MMP3:P08254:OID21083:v1,MMP3,Neurology,MMP3,P08254,8,8,1,7,2089.35,0.9772526,4,cis_target_regulatory_or_linked;trans_other_gene_coding_or_splice;trans_other_or_unknown;trans_regulatory_or_intronic
MMP8:P22894:OID21019:v1,MMP8,Neurology,MMP8,P22894,4,4,1,3,834.294,1.533105,3,cis_target_coding_or_splice;trans_other_gene_coding_or_splice;trans_regulatory_or_intronic
MMP9:P14780:OID21103:v1,MMP9,Neurology,MMP9,P14780,13,13,1,12,210.183,1.1461067,4,cis_target_coding_or_splice;trans_other_gene_coding_or_splice;trans_other_or_unknown;trans_regulatory_or_intronic
MPO:P05164:OID21100:v1,MPO,Neurology,MPO,P05164,10,10,1,9,298.887,1.2845952999999999,4,cis_target_regulatory_or_linked;trans_other_gene_coding_or_splice;trans_other_or_unknown;trans_regulatory_or_intronic
MSR1:P21757:OID21063:v1,MSR1,Neurology,MSR1,P21757,20,20,1,19,665.55,3.0318538,4,cis_target_coding_or_splice;trans_other_gene_coding_or_splice;trans_other_or_unknown;trans_regulatory_or_intronic
MUC13:Q9H3R2:OID20866:v1,MUC13,Neurology,MUC13,Q9H3R2,5,5,1,4,258.292,0.5970305,4,cis_target_coding_or_splice;trans_other_gene_coding_or_splice;trans_other_or_unknown;trans_regulatory_or_intronic
MYOC:Q99972:OID21121:v1,MYOC,Neurology,MYOC,Q99972,18,18,1,17,404.124,1.4846074,4,cis_target_regulatory_or_linked;trans_other_gene_coding_or_splice;trans_other_or_unknown;trans_regulatory_or_intronic
NAAA:Q02083:OID20931:v1,NAAA,Neurology,NAAA,Q02083,23,23,1,22,1832.86,2.4284851,4,cis_target_regulatory_or_linked;trans_other_gene_coding_or_splice;trans_other_or_unknown;trans_regulatory_or_intronic
NCAM2:O15394:OID21095:v1,NCAM2,Neurology,NCAM2,O15394,5,5,1,4,1460.89,1.0966257,3,cis_target_regulatory_or_linked;trans_other_gene_coding_or_splice;trans_regulatory_or_intronic
NCAN:O14594:OID21055:v1,NCAN,Neurology,NCAN,O14594,15,15,1,14,135.266,1.152229,4,cis_target_coding_or_splice;trans_other_gene_coding_or_splice;trans_other_or_unknown;trans_regulatory_or_intronic
NDRG1:Q92597:OID20792:v1,NDRG1,Neurology,NDRG1,Q92597,1,1,0,1,11.3598,0.0583213,1,trans_other_or_unknown
NEFL:P07196:OID20871:v1,NEFL,Neurology,NEFL,P07196,6,6,0,6,14.4942,0.2474497,2,trans_other_or_unknown;trans_regulatory_or_intronic
NID2:Q14112:OID21085:v1,NID2,Neurology,NID2,Q14112,23,23,1,22,1914.11,2.1512296,3,cis_target_regulatory_or_linked;trans_other_or_unknown;trans_regulatory_or_intronic
NMNAT1:Q9HAN9:OID20913:v1,NMNAT1,Neurology,NMNAT1,Q9HAN9,5,5,0,5,246.294,0.5931812,2,trans_other_gene_coding_or_splice;trans_regulatory_or_intronic
NOMO1:Q15155:OID21106:v1,NOMO1,Neurology,NOMO1,Q15155,5,5,1,4,1051.76,1.2015637000000001,3,cis_locus_linked;trans_other_gene_coding_or_splice;trans_regulatory_or_intronic
NOS1:P29475:OID20863:v1,NOS1,Neurology,NOS1,P29475,3,3,1,2,75.9701,0.2558005,3,cis_target_regulatory_or_linked;trans_other_gene_coding_or_splice;trans_regulatory_or_intronic
NOS3:P29474:OID20834:v1,NOS3,Neurology,NOS3,P29474,8,8,1,7,24.4154,0.6299707999999999,4,cis_target_regulatory_or_linked;trans_other_gene_coding_or_splice;trans_other_or_unknown;trans_regulatory_or_intronic
NPTX1:Q15818:OID21074:v1,NPTX1,Neurology,NPTX1,Q15818,12,12,1,11,1387.16,1.9294856,4,cis_locus_linked;trans_other_gene_coding_or_splice;trans_other_or_unknown;trans_regulatory_or_intronic
NRP2:O60462:OID21081:v1,NRP2,Neurology,NRP2,O60462,14,14,0,14,32.275,0.9803427,3,trans_other_gene_coding_or_splice;trans_other_or_unknown;trans_regulatory_or_intronic
NSFL1C:Q9UNZ2:OID21022:v1,NSFL1C,Neurology,NSFL1C,Q9UNZ2,5,5,1,4,38.3135,0.2562262,2,cis_locus_linked;trans_regulatory_or_intronic
NTRK3:Q16288:OID21057:v1,NTRK3,Neurology,NTRK3,Q16288,7,7,1,6,191.343,0.7990209,3,cis_target_regulatory_or_linked;trans_other_gene_coding_or_splice;trans_regulatory_or_intronic
NUDT5:Q9UKK9:OID21115:v1,NUDT5,Neurology,NUDT5,Q9UKK9,3,3,1,2,19.7247,0.1604233,2,cis_locus_linked;trans_regulatory_or_intronic
OBP2B:Q9NPH6:OID20980:v1,OBP2B,Neurology,OBP2B,Q9NPH6,18,18,1,17,2732.1,1.4406695,4,cis_target_regulatory_or_linked;trans_other_gene_coding_or_splice;trans_other_or_unknown;trans_regulatory_or_intronic
ODAM:A1E959:OID20793:v1,ODAM,Neurology,ODAM,A1E959,2,2,1,1,354.702,0.635312,2,cis_target_regulatory_or_linked;trans_regulatory_or_intronic
OGN:P20774:OID21123:v1,OGN,Neurology,OGN,P20774,7,7,1,6,2084.43,0.8980889000000001,3,cis_locus_linked;trans_other_gene_coding_or_splice;trans_regulatory_or_intronic
OXT:P01178:OID21047:v1,OXT,Neurology,OXT,P01178,17,17,1,16,1705.55,1.6588896,4,cis_target_regulatory_or_linked;trans_other_gene_coding_or_splice;trans_other_or_unknown;trans_regulatory_or_intronic
PADI4:Q9UM07:OID20832:v1,PADI4,Neurology,PADI4,Q9UM07,1,1,1,0,366.31,0.253334,1,cis_target_regulatory_or_linked
PAEP:P09466:OID20925:v1,PAEP,Neurology,PAEP,P09466,3,3,1,2,3299.72,0.9453145000000001,3,cis_locus_linked;trans_other_gene_coding_or_splice;trans_regulatory_or_intronic
PAK4:O96013:OID20819:v1,PAK4,Neurology,PAK4,O96013,1,1,0,1,13.9923,0.0491796,1,trans_regulatory_or_intronic
PAMR1:Q6UXH9:OID21153:v1,PAMR1,Neurology,PAMR1,Q6UXH9,8,8,1,7,772.533,1.1328154,4,cis_target_coding_or_splice;trans_other_gene_coding_or_splice;trans_other_or_unknown;trans_regulatory_or_intronic
PARK7:Q99497:OID21160:v1,PARK7,Neurology,PARK7,Q99497,4,4,1,3,141.389,0.3466086,2,cis_target_regulatory_or_linked;trans_regulatory_or_intronic
PBLD:P30039:OID20839:v1,PBLD,Neurology,PBLD,P30039,1,1,1,0,1394.06,0.576259,1,cis_target_regulatory_or_linked
PDCD5:O14737:OID21021:v1,PDCD5,Neurology,PDCD5,O14737,2,2,1,1,691.887,0.433174,2,cis_target_regulatory_or_linked;trans_regulatory_or_intronic
PEBP1:P30086:OID21087:v1,PEBP1,Neurology,PEBP1,P30086,3,3,1,2,50.3887,0.5613155,2,cis_target_coding_or_splice;trans_regulatory_or_intronic
PECAM1:P16284:OID21131:v1,PECAM1,Neurology,PECAM1,P16284,9,9,1,8,1169.02,1.2686337,3,cis_locus_linked;trans_other_gene_coding_or_splice;trans_regulatory_or_intronic
PHOSPHO1:Q8TCT1:OID20922:v1,PHOSPHO1,Neurology,PHOSPHO1,Q8TCT1,2,2,0,2,13.2803,0.1160469,2,trans_other_gene_coding_or_splice;trans_regulatory_or_intronic
PIGR:P01833:OID21102:v1,PIGR,Neurology,PIGR,P01833,9,9,1,8,191.4,1.0484732,2,cis_target_regulatory_or_linked;trans_regulatory_or_intronic
PIK3IP1:Q96FE7:OID21094:v1,PIK3IP1,Neurology,PIK3IP1,Q96FE7,10,10,1,9,478.751,0.9536101,3,cis_locus_linked;trans_other_gene_coding_or_splice;trans_regulatory_or_intronic
PILRA:Q9UKJ1:OID21129:v1,PILRA,Neurology,PILRA,Q9UKJ1,11,11,1,10,4948.56,1.7092459,4,cis_target_coding_or_splice;trans_other_gene_coding_or_splice;trans_other_or_unknown;trans_regulatory_or_intronic
PLA2G10:O15496:OID21002:v1,PLA2G10,Neurology,PLA2G10,O15496,14,14,0,14,414.925,1.5296221,3,trans_other_gene_coding_or_splice;trans_other_or_unknown;trans_regulatory_or_intronic
PLA2G7:Q13093:OID21105:v1,PLA2G7,Neurology,PLA2G7,Q13093,16,16,0,16,435.195,1.6491757,3,trans_other_gene_coding_or_splice;trans_other_or_unknown;trans_regulatory_or_intronic
PLAU:P00749:OID21124:v1,PLAU,Neurology,PLAU,P00749,18,18,1,17,197.574,2.4931231,3,cis_target_coding_or_splice;trans_other_gene_coding_or_splice;trans_regulatory_or_intronic
PLIN1:O60240:OID20835:v1,PLIN1,Neurology,PLIN1,O60240,1,1,0,1,11.1437,0.0502096,1,trans_regulatory_or_intronic
PMVK:Q15126:OID20850:v1,PMVK,Neurology,PMVK,Q15126,7,7,0,7,27.5134,0.396694,2,trans_other_gene_coding_or_splice;trans_regulatory_or_intronic
PPCDC:Q96CD2:OID21027:v1,PPCDC,Neurology,PPCDC,Q96CD2,3,3,1,2,661.929,0.7355586,2,cis_locus_linked;trans_regulatory_or_intronic
PPP3R1:P63098:OID20902:v1,PPP3R1,Neurology,PPP3R1,P63098,4,4,0,4,49.6966,0.2660717,2,trans_other_or_unknown;trans_regulatory_or_intronic
PRDX1:Q06830:OID20962:v1,PRDX1,Neurology,PRDX1,Q06830,2,2,1,1,22.1235,0.1546899,2,cis_target_regulatory_or_linked;trans_regulatory_or_intronic
PRL:P01236:OID21033:v1,PRL,Neurology,PRL,P01236,3,3,0,3,34.7722,0.1743488,1,trans_regulatory_or_intronic
PRTFDC1:Q9NRG1:OID20867:v1,PRTFDC1,Neurology,PRTFDC1,Q9NRG1,5,5,1,4,201.784,1.0288409,2,cis_target_coding_or_splice;trans_regulatory_or_intronic
PSG1:P11464:OID20916:v1,PSG1,Neurology,PSG1,P11464,7,7,1,6,3363.62,1.2520898,2,cis_target_coding_or_splice;trans_regulatory_or_intronic
PSME1:Q06323:OID20969:v1,PSME1,Neurology,PSME1,Q06323,2,2,1,1,47.4875,0.15406920000000002,2,cis_target_regulatory_or_linked;trans_regulatory_or_intronic
PSME2:Q9UL46:OID20989:v1,PSME2,Neurology,PSME2,Q9UL46,2,2,1,1,58.7626,0.1600956,2,cis_locus_linked;trans_regulatory_or_intronic
PTPN1:P18031:OID20908:v1,PTPN1,Neurology,PTPN1,P18031,4,4,0,4,35.3205,0.3551866,2,trans_other_gene_coding_or_splice;trans_regulatory_or_intronic
PTPRN2:Q92932:OID20912:v1,PTPRN2,Neurology,PTPRN2,Q92932,1,1,1,0,127.855,0.153752,1,cis_target_regulatory_or_linked
PTS:Q03393:OID20847:v1,PTS,Neurology,PTS,Q03393,1,1,0,1,25.878,0.0784594,1,trans_other_gene_coding_or_splice
PVR:P15151:OID21011:v1,PVR,Neurology,PVR,P15151,3,3,1,2,2626.35,0.9158113,3,cis_target_regulatory_or_linked;trans_other_gene_coding_or_splice;trans_regulatory_or_intronic
PXN:P49023:OID20822:v1,PXN,Neurology,PXN,P49023,3,3,1,2,2373.01,0.8885270000000001,2,cis_target_coding_or_splice;trans_regulatory_or_intronic
RBKS:Q9H477:OID20986:v1,RBKS,Neurology,RBKS,Q9H477,3,3,1,2,697.176,1.8854731,2,cis_target_coding_or_splice;trans_regulatory_or_intronic
RELT:Q969Z4:OID21142:v1,RELT,Neurology,RELT,Q969Z4,6,6,1,5,641.685,0.6101195,3,cis_target_regulatory_or_linked;trans_other_gene_coding_or_splice;trans_regulatory_or_intronic
RGMA:Q96B86:OID21065:v1,RGMA,Neurology,RGMA,Q96B86,24,24,1,23,464.905,2.0725398,4,cis_target_regulatory_or_linked;trans_other_gene_coding_or_splice;trans_other_or_unknown;trans_regulatory_or_intronic
RGMB:Q6NW40:OID21045:v1,RGMB,Neurology,RGMB,Q6NW40,9,9,1,8,173.846,0.7472749999999999,3,cis_locus_linked;trans_other_gene_coding_or_splice;trans_regulatory_or_intronic
RHOC:P08134:OID20950:v1,RHOC,Neurology,RHOC,P08134,3,3,1,2,33.9155,0.1934059,2,cis_locus_linked;trans_regulatory_or_intronic
ROBO2:Q9HCK4:OID21007:v1,ROBO2,Neurology,ROBO2,Q9HCK4,6,6,1,5,63.0701,0.4708924,3,cis_target_regulatory_or_linked;trans_other_gene_coding_or_splice;trans_regulatory_or_intronic
RSPO1:Q2MKA7:OID20938:v1,RSPO1,Neurology,RSPO1,Q2MKA7,13,13,1,12,286.764,1.2765863,2,cis_target_coding_or_splice;trans_regulatory_or_intronic
RWDD1:Q9H446:OID21015:v1,RWDD1,Neurology,RWDD1,Q9H446,5,5,1,4,72.4955,0.4752254,2,cis_target_regulatory_or_linked;trans_regulatory_or_intronic
S100A16:Q96FQ6:OID20878:v1,S100A16,Neurology,S100A16,Q96FQ6,4,4,1,3,57.8155,0.5295196,3,cis_locus_linked;trans_other_gene_coding_or_splice;trans_other_or_unknown
SCARA5:Q6ZMJ2:OID21058:v1,SCARA5,Neurology,SCARA5,Q6ZMJ2,6,6,1,5,553.456,0.6402878,4,cis_target_regulatory_or_linked;trans_other_gene_coding_or_splice;trans_other_or_unknown;trans_regulatory_or_intronic
SCARB1:Q8WTV0:OID20805:v1,SCARB1,Neurology,SCARB1,Q8WTV0,1,1,0,1,15.9227,0.0697735,1,trans_regulatory_or_intronic
SCARB2:Q14108:OID20943:v1,SCARB2,Neurology,SCARB2,Q14108,7,7,1,6,314.047,0.8308082,4,cis_target_regulatory_or_linked;trans_other_gene_coding_or_splice;trans_other_or_unknown;trans_regulatory_or_intronic
SCARF2:Q96GP6:OID21048:v1,SCARF2,Neurology,SCARF2,Q96GP6,8,8,1,7,594.216,0.8249556,3,cis_locus_linked;trans_other_gene_coding_or_splice;trans_regulatory_or_intronic
SEMA4D:Q92854:OID21020:v1,SEMA4D,Neurology,SEMA4D,Q92854,8,8,1,7,52.5165,0.5635731,3,cis_target_regulatory_or_linked;trans_other_gene_coding_or_splice;trans_regulatory_or_intronic
SERPINB1:P30740:OID21088:v1,SERPINB1,Neurology,SERPINB1,P30740,5,5,1,4,44.6769,0.309565,3,cis_target_regulatory_or_linked;trans_other_gene_coding_or_splice;trans_regulatory_or_intronic
SERPINB6:P35237:OID21023:v1,SERPINB6,Neurology,SERPINB6,P35237,7,7,1,6,147.262,0.45652,3,cis_target_regulatory_or_linked;trans_other_gene_coding_or_splice;trans_regulatory_or_intronic
SERPINB9:P50453:OID20932:v1,SERPINB9,Neurology,SERPINB9,P50453,3,3,1,2,50.9986,0.3074462,3,cis_locus_linked;trans_other_gene_coding_or_splice;trans_regulatory_or_intronic
SESTD1:Q86VW0:OID20790:v1,SESTD1,Neurology,SESTD1,Q86VW0,3,3,1,2,54.9893,0.2149202,2,cis_target_regulatory_or_linked;trans_regulatory_or_intronic
SETMAR:Q53H47:OID20948:v1,SETMAR,Neurology,SETMAR,Q53H47,3,3,1,2,293.355,0.3329594,3,cis_locus_linked;trans_other_or_unknown;trans_regulatory_or_intronic
SFRP1:Q8N474:OID20984:v1,SFRP1,Neurology,SFRP1,Q8N474,7,7,1,6,206.097,0.7465453,2,cis_target_regulatory_or_linked;trans_regulatory_or_intronic
SIGLEC5:O15389:OID21082:v1,SIGLEC5,Neurology,SIGLEC5,O15389,5,5,1,4,3143.71,1.5319752,2,cis_target_regulatory_or_linked;trans_regulatory_or_intronic
SKAP1:Q86WV1:OID20906:v1,SKAP1,Neurology,SKAP1,Q86WV1,12,12,1,11,39.583,0.7538574,4,cis_locus_linked;trans_other_gene_coding_or_splice;trans_other_or_unknown;trans_regulatory_or_intronic
SLC16A1:P53985:OID20799:v1,SLC16A1,Neurology,SLC16A1,P53985,6,6,0,6,55.8486,0.4196135,2,trans_other_gene_coding_or_splice;trans_regulatory_or_intronic
SLC27A4:Q6P1M0:OID20814:v1,SLC27A4,Neurology,SLC27A4,Q6P1M0,5,5,0,5,40.7197,0.4343694,2,trans_other_gene_coding_or_splice;trans_regulatory_or_intronic
SLC39A14:Q15043:OID20852:v1,SLC39A14,Neurology,SLC39A14,Q15043,8,8,1,7,48.4297,0.8134081000000001,3,cis_target_regulatory_or_linked;trans_other_gene_coding_or_splice;trans_regulatory_or_intronic
SLIT2:O94813:OID20862:v1,SLIT2,Neurology,SLIT2,O94813,1,1,1,0,15.5511,0.0564705,1,cis_locus_linked
SMPD1:P17405:OID21028:v1,SMPD1,Neurology,SMPD1,P17405,25,25,1,24,869.036,2.8698968000000002,4,cis_target_coding_or_splice;trans_other_gene_coding_or_splice;trans_other_or_unknown;trans_regulatory_or_intronic
SNCG:O76070:OID20971:v1,SNCG,Neurology,SNCG,O76070,1,1,1,0,4959.96,1.04744,1,cis_locus_linked
SOD2:P04179:OID21114:v1,SOD2,Neurology,SOD2,P04179,13,13,1,12,154.448,0.9739107,4,cis_locus_linked;trans_other_gene_coding_or_splice;trans_other_or_unknown;trans_regulatory_or_intronic
SPINK1:P00995:OID21097:v1,SPINK1,Neurology,SPINK1,P00995,6,6,1,5,835.256,0.6553819,3,cis_locus_linked;trans_other_or_unknown;trans_regulatory_or_intronic
SPINK5:Q9NQ38:OID21148:v1,SPINK5,Neurology,SPINK5,Q9NQ38,11,11,1,10,987.116,1.3717353,4,cis_locus_linked;trans_other_gene_coding_or_splice;trans_other_or_unknown;trans_regulatory_or_intronic
SPINT1:O43278:OID21109:v1,SPINT1,Neurology,SPINT1,O43278,14,14,1,13,512.994,1.6122625,4,cis_target_coding_or_splice;trans_other_gene_coding_or_splice;trans_other_or_unknown;trans_regulatory_or_intronic
SPOCK1:Q08629:OID20924:v1,SPOCK1,Neurology,SPOCK1,Q08629,13,13,1,12,97.6848,1.0892960999999999,3,cis_target_regulatory_or_linked;trans_other_or_unknown;trans_regulatory_or_intronic
SSB:P05455:OID20818:v1,SSB,Neurology,SSB,P05455,1,1,0,1,12.9312,0.0490105,1,trans_other_gene_coding_or_splice
STAMBP:O95630:OID20955:v1,STAMBP,Neurology,STAMBP,O95630,3,3,0,3,14.7199,0.1404593,1,trans_regulatory_or_intronic
STC1:P52823:OID21014:v1,STC1,Neurology,STC1,P52823,7,7,0,7,79.2078,0.5218144,2,trans_other_or_unknown;trans_regulatory_or_intronic
STC2:O76061:OID21157:v1,STC2,Neurology,STC2,O76061,13,13,0,13,35.4829,0.8056861000000001,3,trans_other_gene_coding_or_splice;trans_other_or_unknown;trans_regulatory_or_intronic
STIP1:P31948:OID21077:v1,STIP1,Neurology,STIP1,P31948,3,3,0,3,27.2311,0.1709655,1,trans_regulatory_or_intronic
STK24:Q9Y6E0:OID20837:v1,STK24,Neurology,STK24,Q9Y6E0,3,3,0,3,13.7913,0.1423867,1,trans_regulatory_or_intronic
SULT1A1:P50225:OID21031:v1,SULT1A1,Neurology,SULT1A1,P50225,2,2,0,2,12.0216,0.1111663,1,trans_regulatory_or_intronic
SUMF2:Q8NBJ7:OID21032:v1,SUMF2,Neurology,SUMF2,Q8NBJ7,20,20,1,19,996.184,3.1567127,4,cis_target_coding_or_splice;trans_other_gene_coding_or_splice;trans_other_or_unknown;trans_regulatory_or_intronic
SUSD2:Q9UGT4:OID21098:v1,SUSD2,Neurology,SUSD2,Q9UGT4,7,7,1,6,1206.33,1.5982111,3,cis_locus_linked;trans_other_or_unknown;trans_regulatory_or_intronic
TARBP2:Q15633:OID20870:v1,TARBP2,Neurology,TARBP2,Q15633,4,4,1,3,30.2463,0.2186323,2,cis_locus_linked;trans_regulatory_or_intronic
TBC1D17:Q9HA65:OID20844:v1,TBC1D17,Neurology,TBC1D17,Q9HA65,2,2,1,1,914.375,0.4899177,2,cis_target_regulatory_or_linked;trans_regulatory_or_intronic
TBCB:Q99426:OID20993:v1,TBCB,Neurology,TBCB,Q99426,7,7,1,6,23.1134,0.4542629,3,cis_locus_linked;trans_other_gene_coding_or_splice;trans_regulatory_or_intronic
TBCC:Q15814:OID20942:v1,TBCC,Neurology,TBCC,Q15814,6,6,1,5,103.089,0.8634225000000001,3,cis_target_coding_or_splice;trans_other_gene_coding_or_splice;trans_regulatory_or_intronic
TCL1A:P56279:OID20987:v1,TCL1A,Neurology,TCL1A,P56279,29,29,1,28,470.917,3.0828959,4,cis_locus_linked;trans_other_gene_coding_or_splice;trans_other_or_unknown;trans_regulatory_or_intronic
TDGF1:P13385:OID20816:v1,TDGF1,Neurology,TDGF1,P13385,2,2,0,2,27.0042,0.1216228,1,trans_regulatory_or_intronic
TDRKH:Q9Y2W6:OID20875:v1,TDRKH,Neurology,TDRKH,Q9Y2W6,6,6,1,5,558.32,0.6447881,3,cis_locus_linked;trans_other_gene_coding_or_splice;trans_regulatory_or_intronic
TFF1:P04155:OID21154:v1,TFF1,Neurology,TFF1,P04155,5,5,1,4,382.436,0.9276404,3,cis_locus_linked;trans_other_gene_coding_or_splice;trans_regulatory_or_intronic
THBS2:P35442:OID21104:v1,THBS2,Neurology,THBS2,P35442,9,9,1,8,837.364,1.7115106,3,cis_locus_linked;trans_other_gene_coding_or_splice;trans_regulatory_or_intronic
THY1:P04216:OID21050:v1,THY1,Neurology,THY1,P04216,3,3,1,2,592.633,1.1934799,3,cis_locus_linked;trans_other_gene_coding_or_splice;trans_regulatory_or_intronic
TIGAR:Q9NQ88:OID20894:v1,TIGAR,Neurology,TIGAR,Q9NQ88,2,2,1,1,19.8245,0.1327448,2,cis_locus_linked;trans_regulatory_or_intronic
TIMP4:Q99727:OID21147:v1,TIMP4,Neurology,TIMP4,Q99727,8,8,1,7,667.006,0.9322889000000001,3,cis_locus_linked;trans_other_gene_coding_or_splice;trans_regulatory_or_intronic
TMPRSS5:Q9H3S3:OID20947:v1,TMPRSS5,Neurology,TMPRSS5,Q9H3S3,27,27,1,26,3276.18,2.2653854,4,cis_target_regulatory_or_linked;trans_other_gene_coding_or_splice;trans_other_or_unknown;trans_regulatory_or_intronic
TMSB10:P63313:OID21118:v1,TMSB10,Neurology,TMSB10,P63313,8,8,0,8,62.8573,0.5005304,2,trans_other_gene_coding_or_splice;trans_regulatory_or_intronic
TNFRSF10A:O00220:OID20967:v1,TNFRSF10A,Neurology,TNFRSF10A,O00220,6,6,1,5,1302.19,0.9552687,3,cis_target_regulatory_or_linked;trans_other_gene_coding_or_splice;trans_regulatory_or_intronic
TNFRSF10B:O14763:OID20981:v1,TNFRSF10B,Neurology,TNFRSF10B,O14763,4,4,1,3,740.046,0.6689552999999999,3,cis_target_coding_or_splice;trans_other_gene_coding_or_splice;trans_regulatory_or_intronic
TNFRSF1A:P19438:OID21155:v1,TNFRSF1A,Neurology,TNFRSF1A,P19438,11,11,1,10,43.5449,1.0717292,3,cis_target_coding_or_splice;trans_other_gene_coding_or_splice;trans_regulatory_or_intronic
TNFRSF1B:P20333:OID21145:v1,TNFRSF1B,Neurology,TNFRSF1B,P20333,9,9,1,8,133.522,0.9684294,3,cis_locus_linked;trans_other_gene_coding_or_splice;trans_regulatory_or_intronic
TNFRSF21:O75509:OID21052:v1,TNFRSF21,Neurology,TNFRSF21,O75509,10,10,0,10,54.0123,0.9901175,3,trans_other_gene_coding_or_splice;trans_other_or_unknown;trans_regulatory_or_intronic
TNFRSF6B:O95407:OID20964:v1,TNFRSF6B,Neurology,TNFRSF6B,O95407,4,4,1,3,485.265,0.7199354,3,cis_locus_linked;trans_other_gene_coding_or_splice;trans_regulatory_or_intronic
TNFRSF8:P28908:OID21049:v1,TNFRSF8,Neurology,TNFRSF8,P28908,8,8,1,7,223.072,0.9235183,3,cis_locus_linked;trans_other_gene_coding_or_splice;trans_regulatory_or_intronic
TNFRSF9:Q07011:OID20985:v1,TNFRSF9,Neurology,TNFRSF9,Q07011,8,8,1,7,133.834,0.8215781,3,cis_target_regulatory_or_linked;trans_other_gene_coding_or_splice;trans_regulatory_or_intronic
TNFSF14:O43557:OID20953:v1,TNFSF14,Neurology,TNFSF14,O43557,10,10,1,9,360.69,1.0813726,3,cis_target_coding_or_splice;trans_other_gene_coding_or_splice;trans_regulatory_or_intronic
TNR:Q92752:OID20957:v1,TNR,Neurology,TNR,Q92752,19,19,1,18,796.758,2.0058301,4,cis_target_regulatory_or_linked;trans_other_gene_coding_or_splice;trans_other_or_unknown;trans_regulatory_or_intronic
TNXB:P22105:OID21107:v1,TNXB,Neurology,TNXB,P22105,6,6,1,5,960.169,1.9517558,3,cis_target_regulatory_or_linked;trans_other_or_unknown;trans_regulatory_or_intronic
TPPP3:Q9BW30:OID20842:v1,TPPP3,Neurology,TPPP3,Q9BW30,1,1,1,0,25.0707,0.121278,1,cis_locus_linked
TREML2:Q5T2D2:OID21120:v1,TREML2,Neurology,TREML2,Q5T2D2,10,10,1,9,392.583,1.0573421,3,cis_target_regulatory_or_linked;trans_other_gene_coding_or_splice;trans_regulatory_or_intronic
TST:Q16762:OID20868:v1,TST,Neurology,TST,Q16762,4,4,1,3,49.3067,0.2345123,2,cis_locus_linked;trans_regulatory_or_intronic
TXLNA:P40222:OID20952:v1,TXLNA,Neurology,TXLNA,P40222,3,3,0,3,56.5398,0.2006947,1,trans_regulatory_or_intronic
TXNDC5:Q8NBS9:OID21012:v1,TXNDC5,Neurology,TXNDC5,Q8NBS9,5,5,1,4,53.7765,0.3746347,2,cis_locus_linked;trans_regulatory_or_intronic
TXNRD1:Q16881:OID21135:v1,TXNRD1,Neurology,TXNRD1,Q16881,5,5,0,5,29.8062,0.3982276,2,trans_other_gene_coding_or_splice;trans_regulatory_or_intronic
ULBP2:Q9BZM5:OID20919:v1,ULBP2,Neurology,ULBP2,Q9BZM5,8,8,0,8,111.612,0.6445499,3,trans_other_gene_coding_or_splice;trans_other_or_unknown;trans_regulatory_or_intronic
VCAN:P13611:OID21026:v1,VCAN,Neurology,VCAN,P13611,17,17,1,16,2445.77,2.0058912,3,cis_target_coding_or_splice;trans_other_gene_coding_or_splice;trans_regulatory_or_intronic
VSIG4:Q9Y279:OID21144:v1,VSIG4,Neurology,VSIG4,Q9Y279,10,10,0,10,65.9495,0.8216682,2,trans_other_gene_coding_or_splice;trans_regulatory_or_intronic
VSTM1:Q6UX27:OID20851:v1,VSTM1,Neurology,VSTM1,Q6UX27,5,5,1,4,3102.76,1.2206904,3,cis_target_coding_or_splice;trans_other_or_unknown;trans_regulatory_or_intronic
VTA1:Q9NP79:OID21016:v1,VTA1,Neurology,VTA1,Q9NP79,4,4,0,4,29.8646,0.2192017,1,trans_regulatory_or_intronic
VWC2:Q2TAL6:OID20936:v1,VWC2,Neurology,VWC2,Q2TAL6,5,5,1,4,1222.65,0.6867143,2,cis_target_coding_or_splice;trans_regulatory_or_intronic
WARS:P23381:OID21084:v1,WARS,Neurology,WARS1,P23381,2,2,1,1,240.801,0.3087339,2,cis_target_regulatory_or_linked;trans_other_gene_coding_or_splice
WASF3:Q9UPY6:OID20882:v1,WASF3,Neurology,WASF3,Q9UPY6,1,1,1,0,86.5572,0.125729,1,cis_target_regulatory_or_linked
WFIKKN1:Q96NZ8:OID20939:v1,WFIKKN1,Neurology,WFIKKN1,Q96NZ8,18,18,1,17,379.552,1.4474617,3,cis_locus_linked;trans_other_or_unknown;trans_regulatory_or_intronic
WWP2:O00308:OID20926:v1,WWP2,Neurology,WWP2,O00308,5,5,1,4,142.642,0.5337616,2,cis_target_regulatory_or_linked;trans_regulatory_or_intronic
XRCC4:Q13426:OID20869:v1,XRCC4,Neurology,XRCC4,Q13426,1,1,1,0,22.5325,0.0972752,1,cis_target_regulatory_or_linked
ADGRV1:Q8WXG9:OID30877:v1,ADGRV1,Neurology_II,ADGRV1,Q8WXG9,1,1,0,1,72.3011,0.164147,1,trans_other_gene_coding_or_splice
AIDA:Q96BJ3:OID30956:v1,AIDA,Neurology_II,AIDA,Q96BJ3,1,1,0,1,24.383,0.107275,1,trans_regulatory_or_intronic
AK2:P54819:OID31142:v1,AK2,Neurology_II,AK2,P54819,3,3,0,3,14.749,0.1427351,1,trans_regulatory_or_intronic
AKT2:P31751:OID31052:v1,AKT2,Neurology_II,AKT2,P31751,4,4,0,4,21.2356,0.2199349,1,trans_regulatory_or_intronic
ALDH5A1:P51649:OID31047:v1,ALDH5A1,Neurology_II,ALDH5A1,P51649,1,1,1,0,122.873,0.147127,1,cis_target_regulatory_or_linked
AMPD3:Q01432:OID31139:v1,AMPD3,Neurology_II,AMPD3,Q01432,1,1,1,0,626.236,1.73077,1,cis_target_coding_or_splice
AP2B1:P63010:OID30949:v1,AP2B1,Neurology_II,AP2B1,P63010,2,2,0,2,27.8737,0.12891,2,trans_other_gene_coding_or_splice;trans_regulatory_or_intronic
AP3S2:P59780:OID31117:v1,AP3S2,Neurology_II,AP3S2,P59780,1,1,0,1,23.0863,0.0625607,1,trans_regulatory_or_intronic
ARFIP1:P53367:OID31024:v1,ARFIP1,Neurology_II,ARFIP1,P53367,4,4,1,3,135.262,0.3020735,2,cis_locus_linked;trans_regulatory_or_intronic
ARHGEF1:Q92888:OID31133:v1,ARHGEF1,Neurology_II,ARHGEF1,Q92888,3,3,0,3,25.2433,0.16355920000000002,1,trans_regulatory_or_intronic
ARHGEF10:O15013:OID30994:v1,ARHGEF10,Neurology_II,ARHGEF10,O15013,5,5,1,4,413.356,0.5975182,2,cis_target_regulatory_or_linked;trans_regulatory_or_intronic
ARHGEF5:Q12774:OID30871:v1,ARHGEF5,Neurology_II,ARHGEF5,Q12774,2,2,1,1,929.66,0.635639,2,cis_locus_linked;trans_regulatory_or_intronic
ART5:Q96L15:OID30828:v1,ART5,Neurology_II,ART5,Q96L15,1,1,1,0,174.263,0.351966,1,cis_locus_linked
ASPSCR1:Q9BZE9:OID31055:v1,ASPSCR1,Neurology_II,ASPSCR1,Q9BZE9,6,6,1,5,252.196,0.4749795,2,cis_target_coding_or_splice;trans_regulatory_or_intronic
ATXN2:Q99700:OID30850:v1,ATXN2,Neurology_II,ATXN2,Q99700,2,2,0,2,11.1506,0.08671670000000001,1,trans_regulatory_or_intronic
ATXN2L:Q8WWM7:OID30980:v1,ATXN2L,Neurology_II,ATXN2L,Q8WWM7,1,1,0,1,35.6639,0.0787955,1,trans_regulatory_or_intronic
ATXN3:P54252:OID31149:v1,ATXN3,Neurology_II,ATXN3,P54252,3,3,1,2,428.426,0.38454150000000004,2,cis_target_regulatory_or_linked;trans_regulatory_or_intronic
AZI2:Q9H6S1:OID31056:v1,AZI2,Neurology_II,AZI2,Q9H6S1,3,3,0,3,38.8724,0.1676827,1,trans_regulatory_or_intronic
BAP18:Q8IXM2:OID31150:v1,BAP18,Neurology_II,C17orf49,Q8IXM2,4,4,1,3,33.5487,0.3015919,3,cis_locus_linked;trans_other_or_unknown;trans_regulatory_or_intronic
BCL2L1:Q07817:OID31152:v1,BCL2L1,Neurology_II,BCL2L1,Q07817,5,5,0,5,23.4281,0.26554469999999997,2,trans_other_gene_coding_or_splice;trans_regulatory_or_intronic
BLOC1S3:Q6QNY0:OID31106:v1,BLOC1S3,Neurology_II,BLOC1S3,Q6QNY0,1,1,0,1,11.4775,0.0431731,1,trans_regulatory_or_intronic
BOLA1:Q9Y3E2:OID30837:v1,BOLA1,Neurology_II,BOLA1,Q9Y3E2,2,2,1,1,61.3331,0.2419656,2,cis_locus_linked;trans_regulatory_or_intronic
BRSK2:Q8IWQ3:OID31042:v1,BRSK2,Neurology_II,BRSK2,Q8IWQ3,3,3,1,2,1576.24,0.6816108000000001,2,cis_target_regulatory_or_linked;trans_regulatory_or_intronic
C1QBP:Q07021:OID31007:v1,C1QBP,Neurology_II,C1QBP,Q07021,1,1,0,1,22.8559,0.108987,1,trans_regulatory_or_intronic
C1QTNF6:Q9BXI9:OID31049:v1,C1QTNF6,Neurology_II,C1QTNF6,Q9BXI9,1,1,0,1,11.8373,0.243067,1,trans_regulatory_or_intronic
C2orf69:Q8N8R5:OID30883:v1,C2orf69,Neurology_II,C2orf69,Q8N8R5,2,2,1,1,45.7078,0.2786028,2,cis_target_regulatory_or_linked;trans_regulatory_or_intronic
CABP2:Q9NPB3:OID30916:v1,CABP2,Neurology_II,CABP2,Q9NPB3,3,3,0,3,104.573,0.2885607,1,trans_regulatory_or_intronic
CACNB1:Q02641:OID30820:v1,CACNB1,Neurology_II,CACNB1,Q02641,3,3,0,3,46.8929,0.2553528,2,trans_other_or_unknown;trans_regulatory_or_intronic
CACNB3:P54284:OID31039:v1,CACNB3,Neurology_II,CACNB3,P54284,4,4,1,3,63.0215,0.3221078,2,cis_locus_linked;trans_regulatory_or_intronic
CADPS:Q9ULU8:OID30915:v1,CADPS,Neurology_II,CADPS,Q9ULU8,1,1,0,1,12.4255,0.0534229,1,trans_regulatory_or_intronic
CALCB:P10092:OID31100:v1,CALCB,Neurology_II,CALCB,P10092,3,3,1,2,75.4287,0.23741869999999998,2,cis_locus_linked;trans_other_or_unknown
CAMSAP1:Q5T5Y3:OID31070:v1,CAMSAP1,Neurology_II,CAMSAP1,Q5T5Y3,2,2,0,2,32.7933,0.1186002,1,trans_regulatory_or_intronic
CAPS:Q13938:OID31126:v1,CAPS,Neurology_II,CAPS,Q13938,1,1,0,1,354.271,0.271915,1,trans_other_or_unknown
CASC3:O15234:OID30921:v1,CASC3,Neurology_II,CASC3,O15234,4,4,0,4,56.3862,0.2461736,1,trans_regulatory_or_intronic
CASP7:P55210:OID31135:v1,CASP7,Neurology_II,CASP7,P55210,4,4,1,3,92.3941,1.3436622999999999,3,cis_target_coding_or_splice;trans_other_gene_coding_or_splice;trans_regulatory_or_intronic
CCAR2:Q8N163:OID31077:v1,CCAR2,Neurology_II,CCAR2,Q8N163,1,1,0,1,13.1985,0.0592479,1,trans_regulatory_or_intronic
CCDC50:Q8IVM0:OID31001:v1,CCDC50,Neurology_II,CCDC50,Q8IVM0,6,6,1,5,167.931,0.9948686,2,cis_target_coding_or_splice;trans_regulatory_or_intronic
CD164L2:Q6UWJ8:OID30922:v1,CD164L2,Neurology_II,CD164L2,Q6UWJ8,1,1,1,0,1026.74,0.781571,1,cis_target_regulatory_or_linked
CDAN1:Q8IWY9:OID31076:v1,CDAN1,Neurology_II,CDAN1,Q8IWY9,2,2,0,2,13.9007,0.0956735,1,trans_regulatory_or_intronic
CDH23:Q9H251:OID31074:v1,CDH23,Neurology_II,CDH23,Q9H251,2,2,1,1,96.7502,0.25372669999999997,2,cis_locus_linked;trans_regulatory_or_intronic
CDK5RAP3:Q96JB5:OID30985:v1,CDK5RAP3,Neurology_II,CDK5RAP3,Q96JB5,4,4,0,4,39.9893,0.2675185,1,trans_regulatory_or_intronic
CEND1:Q8N111:OID30821:v1,CEND1,Neurology_II,CEND1,Q8N111,1,1,0,1,17.1023,0.073209,1,trans_other_gene_coding_or_splice
CHCHD10:Q8WYQ3:OID31116:v1,CHCHD10,Neurology_II,CHCHD10,Q8WYQ3,3,3,1,2,71.7917,0.2990381,3,cis_locus_linked;trans_other_gene_coding_or_splice;trans_regulatory_or_intronic
CHM:P24386:OID30972:v1,CHM,Neurology_II,CHM,P24386,2,2,0,2,23.3399,0.1117316,1,trans_regulatory_or_intronic
CIT:O14578:OID30970:v1,CIT,Neurology_II,CIT,O14578,3,3,1,2,17.7875,0.3155554,3,cis_target_regulatory_or_linked;trans_other_gene_coding_or_splice;trans_other_or_unknown
CLEC2L:P0C7M8:OID30884:v1,CLEC2L,Neurology_II,CLEC2L,P0C7M8,1,1,0,1,19.258,0.0779318,1,trans_other_or_unknown
CLGN:O14967:OID30957:v1,CLGN,Neurology_II,CLGN,O14967,4,4,1,3,2568.66,1.4028357,2,cis_target_regulatory_or_linked;trans_regulatory_or_intronic
CLIC5:Q9NZA1:OID30890:v1,CLIC5,Neurology_II,CLIC5,Q9NZA1,1,1,1,0,79.1167,0.123898,1,cis_target_regulatory_or_linked
CLNS1A:P54105:OID30929:v1,CLNS1A,Neurology_II,CLNS1A,P54105,1,1,0,1,16.3178,0.0534587,1,trans_regulatory_or_intronic
CLSTN3:Q9BQT9:OID31092:v1,CLSTN3,Neurology_II,CLSTN3,Q9BQT9,10,10,1,9,1270.13,1.5190024,3,cis_locus_linked;trans_other_gene_coding_or_splice;trans_regulatory_or_intronic
CNTNAP4:Q9C0A0:OID30911:v1,CNTNAP4,Neurology_II,CNTNAP4,Q9C0A0,2,2,0,2,45.7057,0.146541,1,trans_regulatory_or_intronic
COL28A1:Q2UY09:OID30969:v1,COL28A1,Neurology_II,COL28A1,Q2UY09,13,13,1,12,3065.68,1.6419415,4,cis_target_regulatory_or_linked;trans_other_gene_coding_or_splice;trans_other_or_unknown;trans_regulatory_or_intronic
CRTAP:O75718:OID30902:v1,CRTAP,Neurology_II,CRTAP,O75718,5,5,0,5,33.9623,0.2929277,2,trans_other_or_unknown;trans_regulatory_or_intronic
CRYBB2:P43320:OID31081:v1,CRYBB2,Neurology_II,CRYBB2,P43320,14,14,1,13,410.906,1.3425972000000002,4,cis_target_regulatory_or_linked;trans_other_gene_coding_or_splice;trans_other_or_unknown;trans_regulatory_or_intronic
CRYGD:P07320:OID31144:v1,CRYGD,Neurology_II,CRYGD,P07320,14,14,1,13,2433.69,1.6793751,4,cis_locus_linked;trans_other_gene_coding_or_splice;trans_other_or_unknown;trans_regulatory_or_intronic
CRYM:Q14894:OID30815:v1,CRYM,Neurology_II,CRYM,Q14894,1,1,1,0,713.834,0.412489,1,cis_target_regulatory_or_linked
CSNK2A1:P68400:OID31053:v1,CSNK2A1,Neurology_II,CSNK2A1,P68400,6,6,0,6,153.153,0.5365574,3,trans_other_gene_coding_or_splice;trans_other_or_unknown;trans_regulatory_or_intronic
CSPG5:O95196:OID30843:v1,CSPG5,Neurology_II,CSPG5,O95196,1,1,0,1,14.6103,0.0522245,1,trans_regulatory_or_intronic
CTRL:P40313:OID31157:v1,CTRL,Neurology_II,CTRL,P40313,27,27,1,26,385.843,3.3871875,4,cis_locus_linked;trans_other_gene_coding_or_splice;trans_other_or_unknown;trans_regulatory_or_intronic
CUZD1:Q86UP6:OID30914:v1,CUZD1,Neurology_II,CUZD1,Q86UP6,3,3,0,3,692.266,0.5929647,1,trans_regulatory_or_intronic
DCC:P43146:OID30953:v1,DCC,Neurology_II,DCC,P43146,2,2,1,1,286.694,0.291237,2,cis_locus_linked;trans_regulatory_or_intronic
DCUN1D1:Q96GG9:OID30830:v1,DCUN1D1,Neurology_II,DCUN1D1,Q96GG9,1,1,0,1,25.0107,0.0682456,1,trans_other_or_unknown
DDHD2:O94830:OID31043:v1,DDHD2,Neurology_II,DDHD2,O94830,2,2,0,2,21.9656,0.1033223,1,trans_regulatory_or_intronic
DEFB104A_DEFB104B:Q8WTQ1:OID30849:v1,DEFB104A_DEFB104B,Neurology_II,DEFB104B;DEFB104A,Q8WTQ1;Q8WTQ1,2,2,1,1,177.67,0.970544,2,cis_locus_linked;trans_other_gene_coding_or_splice
DEFB118:Q96PH6:OID30858:v1,DEFB118,Neurology_II,DEFB118,Q96PH6,1,1,0,1,19.6853,0.103705,1,trans_regulatory_or_intronic
DGCR6:Q14129:OID30859:v1,DGCR6,Neurology_II,DGCR6,Q14129,2,2,1,1,80.9332,0.1948296,2,cis_locus_linked;trans_other_gene_coding_or_splice
DHRS4L2:Q6PKH6:OID31072:v1,DHRS4L2,Neurology_II,DHRS4L2,Q6PKH6,3,3,1,2,486.901,0.7558659999999999,2,cis_target_regulatory_or_linked;trans_regulatory_or_intronic
DLG4:P78352:OID31071:v1,DLG4,Neurology_II,DLG4,P78352,1,1,0,1,22.0136,0.0609858,1,trans_regulatory_or_intronic
DNAJA4:Q8WW22:OID31130:v1,DNAJA4,Neurology_II,DNAJA4,Q8WW22,2,2,1,1,86.0063,0.2232737,2,cis_locus_linked;trans_regulatory_or_intronic
DNAJC21:Q5F1R6:OID31104:v1,DNAJC21,Neurology_II,DNAJC21,Q5F1R6,3,3,1,2,61.5217,0.2084513,2,cis_target_regulatory_or_linked;trans_regulatory_or_intronic
DNM3:Q9UQ16:OID31000:v1,DNM3,Neurology_II,DNM3,Q9UQ16,5,5,0,5,301.726,0.5635716,2,trans_other_or_unknown;trans_regulatory_or_intronic
DNPEP:Q9ULA0:OID31118:v1,DNPEP,Neurology_II,DNPEP,Q9ULA0,4,4,0,4,74.1233,0.5711618,3,trans_other_gene_coding_or_splice;trans_other_or_unknown;trans_regulatory_or_intronic
DOC2B:Q14184:OID30927:v1,DOC2B,Neurology_II,DOC2B,Q14184,1,1,1,0,20.1903,0.0635579,1,cis_locus_linked
DOCK9:Q9BZ29:OID30836:v1,DOCK9,Neurology_II,DOCK9,Q9BZ29,2,2,0,2,75.819,0.26451800000000003,1,trans_regulatory_or_intronic
DOK1:Q99704:OID31111:v1,DOK1,Neurology_II,DOK1,Q99704,3,3,0,3,15.5649,0.1499468,2,trans_other_gene_coding_or_splice;trans_regulatory_or_intronic
DSCAM:O60469:OID30993:v1,DSCAM,Neurology_II,DSCAM,O60469,14,14,1,13,666.154,2.1725332,4,cis_target_regulatory_or_linked;trans_other_gene_coding_or_splice;trans_other_or_unknown;trans_regulatory_or_intronic
DUSP29:Q68J44:OID30935:v1,DUSP29,Neurology_II,DUSP29,Q68J44,2,2,1,1,89.9112,0.1971923,2,cis_target_regulatory_or_linked;trans_regulatory_or_intronic
DXO:O77932:OID31080:v1,DXO,Neurology_II,DXO,O77932,7,7,1,6,756.462,1.3981143999999999,2,cis_locus_linked;trans_regulatory_or_intronic
DYNLT1:P63172:OID30925:v1,DYNLT1,Neurology_II,DYNLT1,P63172,10,10,0,10,2464.47,1.8727155000000002,3,trans_other_gene_coding_or_splice;trans_other_or_unknown;trans_regulatory_or_intronic
ECSCR:Q19T08:OID30831:v1,ECSCR,Neurology_II,ECSCR,Q19T08,1,1,0,1,15.207,0.0512042,1,trans_regulatory_or_intronic
EDF1:O60869:OID31010:v1,EDF1,Neurology_II,EDF1,O60869,1,1,0,1,11.1764,0.042499,1,trans_regulatory_or_intronic
EFHD1:Q9BUP0:OID31044:v1,EFHD1,Neurology_II,EFHD1,Q9BUP0,2,2,1,1,195.299,0.35057330000000003,2,cis_target_regulatory_or_linked;trans_other_gene_coding_or_splice
EFNB2:P52799:OID30954:v1,EFNB2,Neurology_II,EFNB2,P52799,2,2,0,2,106.429,0.2376207,2,trans_other_gene_coding_or_splice;trans_regulatory_or_intronic
EIF1AX:P47813:OID31125:v1,EIF1AX,Neurology_II,EIF1AX,P47813,3,3,0,3,24.6612,0.1781859,3,trans_other_gene_coding_or_splice;trans_other_or_unknown;trans_regulatory_or_intronic
EIF4G3:O43432:OID31022:v1,EIF4G3,Neurology_II,EIF4G3,O43432,2,2,0,2,16.4927,0.1007583,1,trans_regulatory_or_intronic
ELAC1:Q9H777:OID31029:v1,ELAC1,Neurology_II,ELAC1,Q9H777,7,7,0,7,59.941,0.44962,2,trans_other_gene_coding_or_splice;trans_regulatory_or_intronic
ESYT2:A0FGR8:OID31134:v1,ESYT2,Neurology_II,ESYT2,A0FGR8,2,2,1,1,102.753,0.345121,2,cis_target_regulatory_or_linked;trans_regulatory_or_intronic
FAM171A2:A8MVW0:OID31005:v1,FAM171A2,Neurology_II,FAM171A2,A8MVW0,1,1,0,1,18.3106,0.0973945,1,trans_regulatory_or_intronic
FARSA:Q9Y285:OID30887:v1,FARSA,Neurology_II,FARSA,Q9Y285,3,3,1,2,12.9082,0.2137392,2,cis_target_coding_or_splice;trans_regulatory_or_intronic
FBN2:P35556:OID30974:v1,FBN2,Neurology_II,FBN2,P35556,1,1,1,0,443.043,0.52264,1,cis_target_regulatory_or_linked
FCER1A:P12319:OID30992:v1,FCER1A,Neurology_II,FCER1A,P12319,3,3,1,2,77.425,0.2633863,3,cis_target_regulatory_or_linked;trans_other_or_unknown;trans_regulatory_or_intronic
FGD3:Q5JSP0:OID31040:v1,FGD3,Neurology_II,FGD3,Q5JSP0,3,3,0,3,15.8095,0.1422917,1,trans_regulatory_or_intronic
FGFBP3:Q8TAT2:OID31108:v1,FGFBP3,Neurology_II,FGFBP3,Q8TAT2,15,15,0,15,628.804,1.3718897,3,trans_other_gene_coding_or_splice;trans_other_or_unknown;trans_regulatory_or_intronic
FH:P07954:OID30839:v1,FH,Neurology_II,FH,P07954,1,1,0,1,19.8123,0.0897547,1,trans_regulatory_or_intronic
FKBP14:Q9NWM8:OID31065:v1,FKBP14,Neurology_II,FKBP14,Q9NWM8,9,9,0,9,73.453,0.6044883,1,trans_regulatory_or_intronic
FNDC1:Q4ZHG4:OID31127:v1,FNDC1,Neurology_II,FNDC1,Q4ZHG4,6,6,1,5,794.388,0.7244509,3,cis_locus_linked;trans_other_gene_coding_or_splice;trans_regulatory_or_intronic
FTCD:O95954:OID31137:v1,FTCD,Neurology_II,FTCD,O95954,8,8,0,8,43.9745,0.638891,2,trans_other_gene_coding_or_splice;trans_regulatory_or_intronic
GART:P22102:OID31004:v1,GART,Neurology_II,GART,P22102,3,3,1,2,67.2557,0.2705299,2,cis_locus_linked;trans_regulatory_or_intronic
GAST:P01350:OID31083:v1,GAST,Neurology_II,GAST,P01350,6,6,0,6,65.5805,0.5096076,2,trans_other_or_unknown;trans_regulatory_or_intronic
GBP1:P32455:OID31128:v1,GBP1,Neurology_II,GBP1,P32455,3,3,1,2,1009.59,1.4883167,3,cis_target_coding_or_splice;trans_other_gene_coding_or_splice;trans_regulatory_or_intronic
GCC1:Q96CN9:OID31147:v1,GCC1,Neurology_II,GCC1,Q96CN9,4,4,0,4,33.1715,0.2412904,1,trans_regulatory_or_intronic
GFRAL:Q6UXV0:OID31091:v1,GFRAL,Neurology_II,GFRAL,Q6UXV0,17,17,1,16,500.384,2.1301131,4,cis_locus_linked;trans_other_gene_coding_or_splice;trans_other_or_unknown;trans_regulatory_or_intronic
GIGYF2:Q6Y7W6:OID31062:v1,GIGYF2,Neurology_II,GIGYF2,Q6Y7W6,2,2,0,2,29.5142,0.1212659,1,trans_regulatory_or_intronic
GIPC2:Q8TF65:OID31153:v1,GIPC2,Neurology_II,GIPC2,Q8TF65,1,1,1,0,369.186,0.299014,1,cis_target_regulatory_or_linked
GNAS:O95467:OID31008:v1,GNAS,Neurology_II,GNAS,O95467,1,1,1,0,32.0234,0.0754471,1,cis_locus_linked
GOLGA3:Q08378:OID31026:v1,GOLGA3,Neurology_II,GOLGA3,Q08378,4,4,1,3,166.678,0.4480689,3,cis_locus_linked;trans_other_gene_coding_or_splice;trans_regulatory_or_intronic
GRIK2:Q13002:OID30977:v1,GRIK2,Neurology_II,GRIK2,Q13002,2,2,1,1,343.03,0.7755244,2,cis_locus_linked;trans_regulatory_or_intronic
GSTT2B:P0CG30:OID31097:v1,GSTT2B,Neurology_II,GSTT2B,P0CG30,1,1,1,0,5875.54,1.03507,1,cis_locus_linked
GTPBP2:Q9BX10:OID30946:v1,GTPBP2,Neurology_II,GTPBP2,Q9BX10,4,4,0,4,23.2199,0.23233,2,trans_other_gene_coding_or_splice;trans_regulatory_or_intronic
HDGFL2:Q7Z4V5:OID31136:v1,HDGFL2,Neurology_II,HDGFL2,Q7Z4V5,5,5,1,4,68.199,0.3090954,2,cis_locus_linked;trans_regulatory_or_intronic
HEPACAM2:A8MVW5:OID31151:v1,HEPACAM2,Neurology_II,HEPACAM2,A8MVW5,31,31,0,31,1590.07,3.5750879,3,trans_other_gene_coding_or_splice;trans_other_or_unknown;trans_regulatory_or_intronic
HHEX:Q03014:OID31107:v1,HHEX,Neurology_II,HHEX,Q03014,8,8,0,8,30.9068,0.7935555,2,trans_other_gene_coding_or_splice;trans_regulatory_or_intronic
HIP1R:O75146:OID31141:v1,HIP1R,Neurology_II,HIP1R,O75146,1,1,1,0,50.4285,0.248941,1,cis_locus_linked
HJV:Q6ZVN8:OID31006:v1,HJV,Neurology_II,HJV,Q6ZVN8,5,5,1,4,140.721,1.1255727,3,cis_locus_linked;trans_other_gene_coding_or_splice;trans_regulatory_or_intronic
HLA-A:P04439:OID31048:v1,HLA-A,Neurology_II,HLA-A,P04439,3,3,0,3,32.8448,0.1450114,2,trans_other_gene_coding_or_splice;trans_regulatory_or_intronic
HNRNPUL1:Q9BUJ2:OID31037:v1,HNRNPUL1,Neurology_II,HNRNPUL1,Q9BUJ2,3,3,0,3,68.0619,0.2403197,1,trans_regulatory_or_intronic
HSD17B14:Q9BPX1:OID31098:v1,HSD17B14,Neurology_II,HSD17B14,Q9BPX1,6,6,1,5,2440.03,1.8204949,2,cis_target_coding_or_splice;trans_regulatory_or_intronic
HTR1A:P08908:OID30824:v1,HTR1A,Neurology_II,HTR1A,P08908,1,1,0,1,10.8198,0.0462625,1,trans_regulatory_or_intronic
HTR1B:P28222:OID30866:v1,HTR1B,Neurology_II,HTR1B,P28222,1,1,0,1,11.9274,0.046358,1,trans_other_or_unknown
IGBP1:P78318:OID31059:v1,IGBP1,Neurology_II,IGBP1,P78318,4,4,0,4,12.1107,0.1762575,1,trans_regulatory_or_intronic
IGDCC3:Q8IVU1:OID30862:v1,IGDCC3,Neurology_II,IGDCC3,Q8IVU1,1,1,0,1,10.9813,0.052975,1,trans_regulatory_or_intronic
IMPACT:Q9P2X3:OID31112:v1,IMPACT,Neurology_II,IMPACT,Q9P2X3,2,2,0,2,20.6126,0.1063827,1,trans_regulatory_or_intronic
IMPG1:Q17R60:OID30814:v1,IMPG1,Neurology_II,IMPG1,Q17R60,3,3,0,3,21.4888,0.1888927,1,trans_regulatory_or_intronic
INPP5J:Q15735:OID30975:v1,INPP5J,Neurology_II,INPP5J,Q15735,1,1,0,1,21.4419,0.0648046,1,trans_regulatory_or_intronic
INSL3:P51460:OID31129:v1,INSL3,Neurology_II,INSL3,P51460,3,3,1,2,32.5611,0.1499837,3,cis_locus_linked;trans_other_gene_coding_or_splice;trans_regulatory_or_intronic
KCTD5:Q9NXV2:OID31148:v1,KCTD5,Neurology_II,KCTD5,Q9NXV2,5,5,1,4,19.8182,0.2745681,4,cis_locus_linked;trans_other_gene_coding_or_splice;trans_other_or_unknown;trans_regulatory_or_intronic
KIAA0319:Q5VV43:OID31094:v1,KIAA0319,Neurology_II,KIAA0319,Q5VV43,1,1,1,0,467.893,0.294315,1,cis_locus_linked
KLF4:O43474:OID30808:v1,KLF4,Neurology_II,KLF4,O43474,2,2,0,2,34.2173,0.258869,2,trans_other_gene_coding_or_splice;trans_regulatory_or_intronic
KLHL41:O60662:OID30986:v1,KLHL41,Neurology_II,KLHL41,O60662,1,1,0,1,13.4762,0.0464285,1,trans_regulatory_or_intronic
KLRK1:P26718:OID31082:v1,KLRK1,Neurology_II,KLRK1,P26718,12,12,1,11,1254.92,1.4398735,3,cis_locus_linked;trans_other_gene_coding_or_splice;trans_regulatory_or_intronic
KRT8:P05787:OID30865:v1,KRT8,Neurology_II,KRT8,P05787,1,1,0,1,16.5599,0.0640492,1,trans_other_gene_coding_or_splice
LCN15:Q6UWW0:OID31032:v1,LCN15,Neurology_II,LCN15,Q6UWW0,5,5,1,4,1764.94,0.8802126,2,cis_target_regulatory_or_linked;trans_regulatory_or_intronic
LDLRAP1:Q5SW96:OID31068:v1,LDLRAP1,Neurology_II,LDLRAP1,Q5SW96,6,6,1,5,27.2329,0.4515365,3,cis_target_regulatory_or_linked;trans_other_gene_coding_or_splice;trans_regulatory_or_intronic
LETM1:O95202:OID31018:v1,LETM1,Neurology_II,LETM1,O95202,3,3,0,3,13.9479,0.1420591,1,trans_regulatory_or_intronic
LMNB2:Q03252:OID31109:v1,LMNB2,Neurology_II,LMNB2,Q03252,6,6,0,6,26.8729,0.3297088,2,trans_other_gene_coding_or_splice;trans_regulatory_or_intronic
LMOD1:P29536:OID31014:v1,LMOD1,Neurology_II,LMOD1,P29536,3,3,0,3,14.7363,0.122739,1,trans_regulatory_or_intronic
LRP2BP:Q9P2M1:OID30907:v1,LRP2BP,Neurology_II,LRP2BP,Q9P2M1,1,1,0,1,14.9913,0.0553702,1,trans_regulatory_or_intronic
LRRC38:Q5VT99:OID30924:v1,LRRC38,Neurology_II,LRRC38,Q5VT99,1,1,1,0,573.23,0.336111,1,cis_target_regulatory_or_linked
LRTM2:Q8N967:OID31020:v1,LRTM2,Neurology_II,LRTM2,Q8N967,4,4,1,3,130.041,0.8365317999999999,2,cis_target_coding_or_splice;trans_regulatory_or_intronic
LYSMD3:Q7Z3D4:OID30950:v1,LYSMD3,Neurology_II,LYSMD3,Q7Z3D4,4,4,1,3,29.0543,0.2490093,2,cis_locus_linked;trans_regulatory_or_intronic
MAP2:P11137:OID31138:v1,MAP2,Neurology_II,MAP2,P11137,15,15,0,15,39.8929,0.9464979,3,trans_other_gene_coding_or_splice;trans_other_or_unknown;trans_regulatory_or_intronic
MCEE:Q96PE7:OID31033:v1,MCEE,Neurology_II,MCEE,Q96PE7,1,1,1,0,189.764,0.184332,1,cis_locus_linked
MDM1:Q8TC05:OID30945:v1,MDM1,Neurology_II,MDM1,Q8TC05,2,2,1,1,175.44,0.245289,2,cis_target_coding_or_splice;trans_regulatory_or_intronic
MFAP3L:O75121:OID30933:v1,MFAP3L,Neurology_II,MFAP3L,O75121,1,1,0,1,13.9526,0.0648245,1,trans_regulatory_or_intronic
MINK1:Q8N4C8:OID31156:v1,MINK1,Neurology_II,MINK1,Q8N4C8,5,5,1,4,20.7906,0.7164877,2,cis_locus_linked;trans_regulatory_or_intronic
MRI1:Q9BV20:OID30891:v1,MRI1,Neurology_II,MRI1,Q9BV20,2,2,1,1,642.426,0.3867545,2,cis_target_regulatory_or_linked;trans_regulatory_or_intronic
MRPL58:Q14197:OID31036:v1,MRPL58,Neurology_II,MRPL58,Q14197,5,5,0,5,51.4958,0.3740764,2,trans_other_gene_coding_or_splice;trans_regulatory_or_intronic
MYCBP2:O75592:OID30996:v1,MYCBP2,Neurology_II,MYCBP2,O75592,1,1,0,1,21.2402,0.05982,1,trans_regulatory_or_intronic
MYL6B:P14649:OID30936:v1,MYL6B,Neurology_II,MYL6B,P14649,1,1,0,1,23.7683,0.0704806,1,trans_regulatory_or_intronic
NAA80:Q93015:OID30893:v1,NAA80,Neurology_II,NAA80,Q93015,8,8,1,7,69.8908,1.1088533,3,cis_target_coding_or_splice;trans_other_gene_coding_or_splice;trans_regulatory_or_intronic
NAPRT:Q6XQN6:OID31114:v1,NAPRT,Neurology_II,NAPRT,Q6XQN6,1,1,1,0,598.891,0.390149,1,cis_locus_linked
NARS1:O43776:OID31035:v1,NARS1,Neurology_II,NARS1,O43776,4,4,0,4,31.9547,0.2351889,1,trans_regulatory_or_intronic
NEO1:Q92859:OID31066:v1,NEO1,Neurology_II,NEO1,Q92859,1,1,1,0,26.1668,0.109162,1,cis_target_regulatory_or_linked
NGRN:Q9NPE2:OID31115:v1,NGRN,Neurology_II,NGRN,Q9NPE2,2,2,0,2,17.5685,0.1578456,2,trans_other_gene_coding_or_splice;trans_regulatory_or_intronic
NMT1:P30419:OID31021:v1,NMT1,Neurology_II,NMT1,P30419,4,4,0,4,18.8906,0.2019738,1,trans_regulatory_or_intronic
OCLN:Q16625:OID31069:v1,OCLN,Neurology_II,OCLN,Q16625,3,3,1,2,113.337,0.6160456999999999,3,cis_locus_linked;trans_other_gene_coding_or_splice;trans_regulatory_or_intronic
OMP:P47874:OID30835:v1,OMP,Neurology_II,OMP,P47874,1,1,1,0,143.574,0.367745,1,cis_target_coding_or_splice
OPHN1:O60890:OID31087:v1,OPHN1,Neurology_II,OPHN1,O60890,2,2,0,2,25.266,0.1075623,1,trans_regulatory_or_intronic
OSTN:P61366:OID30909:v1,OSTN,Neurology_II,OSTN,P61366,2,2,1,1,45.16,0.1461086,2,cis_locus_linked;trans_other_or_unknown
OTOA:Q7RTW8:OID30825:v1,OTOA,Neurology_II,OTOA,Q7RTW8,1,1,1,0,16.3257,0.0539741,1,cis_target_regulatory_or_linked
OTUD7B:Q6GQQ9:OID31064:v1,OTUD7B,Neurology_II,OTUD7B,Q6GQQ9,3,3,0,3,32.8733,0.1724797,1,trans_regulatory_or_intronic
PAFAH1B3:Q15102:OID30998:v1,PAFAH1B3,Neurology_II,PAFAH1B3,Q15102,4,4,0,4,78.6944,0.3172327,1,trans_regulatory_or_intronic
PALM2:Q8IXS6:OID31096:v1,PALM2,Neurology_II,PALM2AKAP2,Q8IXS6,2,2,1,1,219.785,0.2706118,2,cis_target_regulatory_or_linked;trans_other_gene_coding_or_splice
PCARE:A6NGG8:OID30838:v1,PCARE,Neurology_II,PCARE,A6NGG8,1,1,0,1,135.786,0.231888,1,trans_other_gene_coding_or_splice
PCBP2:Q15366:OID31003:v1,PCBP2,Neurology_II,PCBP2,Q15366,4,4,1,3,19.4236,0.23883220000000002,2,cis_locus_linked;trans_regulatory_or_intronic
PCDH12:Q9NPG4:OID31045:v1,PCDH12,Neurology_II,PCDH12,Q9NPG4,8,8,1,7,600.377,1.0155417,4,cis_target_coding_or_splice;trans_other_gene_coding_or_splice;trans_other_or_unknown;trans_regulatory_or_intronic
PDLIM5:Q96HC4:OID31063:v1,PDLIM5,Neurology_II,PDLIM5,Q96HC4,4,4,0,4,34.3826,0.2825172,1,trans_regulatory_or_intronic
PHACTR2:O75167:OID31009:v1,PHACTR2,Neurology_II,PHACTR2,O75167,6,6,1,5,228.549,0.5160145,2,cis_target_regulatory_or_linked;trans_regulatory_or_intronic
PIBF1:Q8WXW3-4:OID31061:v1,PIBF1,Neurology_II,PIBF1,Q8WXW3,4,4,1,3,51.4582,0.2638521,2,cis_target_regulatory_or_linked;trans_regulatory_or_intronic
PLB1:Q6P1J6:OID31110:v1,PLB1,Neurology_II,PLB1,Q6P1J6,20,20,1,19,4717.09,2.0327877,3,cis_target_coding_or_splice;trans_other_or_unknown;trans_regulatory_or_intronic
PLCB2:Q00722:OID31155:v1,PLCB2,Neurology_II,PLCB2,Q00722,6,6,1,5,112.763,0.5095084,2,cis_locus_linked;trans_regulatory_or_intronic
PLEKHO1:Q53GL0:OID31088:v1,PLEKHO1,Neurology_II,PLEKHO1,Q53GL0,3,3,1,2,37.2072,0.1890171,2,cis_locus_linked;trans_regulatory_or_intronic
PLSCR3:Q9NRY6:OID31146:v1,PLSCR3,Neurology_II,PLSCR3,Q9NRY6,3,3,1,2,18.756,0.2931664,2,cis_locus_linked;trans_regulatory_or_intronic
PLXDC2:Q6UX71:OID31101:v1,PLXDC2,Neurology_II,PLXDC2,Q6UX71,8,8,1,7,174.684,1.1322198,4,cis_target_regulatory_or_linked;trans_other_gene_coding_or_splice;trans_other_or_unknown;trans_regulatory_or_intronic
PMS1:P54277:OID30943:v1,PMS1,Neurology_II,PMS1,P54277,1,1,1,0,12.0244,0.0563757,1,cis_target_regulatory_or_linked
PNLIPRP1:P54315:OID31122:v1,PNLIPRP1,Neurology_II,PNLIPRP1,P54315,26,26,0,26,678.693,2.3998902,3,trans_other_gene_coding_or_splice;trans_other_or_unknown;trans_regulatory_or_intronic
PPP1R14A:Q96A00:OID31011:v1,PPP1R14A,Neurology_II,PPP1R14A,Q96A00,4,4,1,3,214.999,0.3714791,2,cis_locus_linked;trans_regulatory_or_intronic
PPP1R14D:Q9NXH3:OID30997:v1,PPP1R14D,Neurology_II,PPP1R14D,Q9NXH3,2,2,1,1,19.9899,0.1285393,2,cis_locus_linked;trans_regulatory_or_intronic
PRKAR2A:P13861:OID31119:v1,PRKAR2A,Neurology_II,PRKAR2A,P13861,5,5,0,5,17.3356,0.2393526,2,trans_other_gene_coding_or_splice;trans_regulatory_or_intronic
PRND:Q9UKY0:OID31124:v1,PRND,Neurology_II,PRND,Q9UKY0,12,12,1,11,288.104,1.3335259,4,cis_locus_linked;trans_other_gene_coding_or_splice;trans_other_or_unknown;trans_regulatory_or_intronic
PRSS53:Q2L4Q9:OID31093:v1,PRSS53,Neurology_II,PRSS53,Q2L4Q9,12,12,1,11,4172.15,2.1250402,4,cis_target_coding_or_splice;trans_other_gene_coding_or_splice;trans_other_or_unknown;trans_regulatory_or_intronic
PTH:P01270:OID30963:v1,PTH,Neurology_II,PTH,P01270,7,7,0,7,40.7985,0.49322299999999997,2,trans_other_or_unknown;trans_regulatory_or_intronic
PTPRR:Q15256:OID31099:v1,PTPRR,Neurology_II,PTPRR,Q15256,1,1,0,1,15.392,0.0628754,1,trans_regulatory_or_intronic
RBFOX3:A6NFN3:OID30984:v1,RBFOX3,Neurology_II,RBFOX3,A6NFN3,1,1,0,1,13.9895,0.109024,1,trans_other_gene_coding_or_splice
RBM17:Q96I25:OID31034:v1,RBM17,Neurology_II,RBM17,Q96I25,6,6,1,5,111.128,0.6603263,2,cis_target_regulatory_or_linked;trans_regulatory_or_intronic
RBP1:P09455:OID30913:v1,RBP1,Neurology_II,RBP1,P09455,2,2,1,1,51.1308,0.1844083,2,cis_target_regulatory_or_linked;trans_regulatory_or_intronic
REEP4:Q9H6H4:OID31028:v1,REEP4,Neurology_II,REEP4,Q9H6H4,2,2,1,1,146.005,0.6548970999999999,2,cis_locus_linked;trans_regulatory_or_intronic
RGCC:Q9H4X1:OID31060:v1,RGCC,Neurology_II,RGCC,Q9H4X1,4,4,0,4,24.1505,0.20018270000000002,2,trans_other_gene_coding_or_splice;trans_regulatory_or_intronic
RGS10:O43665:OID30999:v1,RGS10,Neurology_II,RGS10,O43665,3,3,0,3,14.1322,0.14386759999999998,1,trans_regulatory_or_intronic
RNASEH2A:O75792:OID31027:v1,RNASEH2A,Neurology_II,RNASEH2A,O75792,4,4,1,3,69.7877,0.7211294,3,cis_target_regulatory_or_linked;trans_other_or_unknown;trans_regulatory_or_intronic
RRAS:P10301:OID30961:v1,RRAS,Neurology_II,RRAS,P10301,1,1,0,1,16.7672,0.0532473,1,trans_regulatory_or_intronic
RTN4IP1:Q8WWV3:OID31030:v1,RTN4IP1,Neurology_II,RTN4IP1,Q8WWV3,5,5,1,4,52.4792,0.2974144,2,cis_target_regulatory_or_linked;trans_regulatory_or_intronic
S100A14:Q9HCY8:OID30987:v1,S100A14,Neurology_II,S100A14,Q9HCY8,10,10,1,9,179.544,1.4133508,4,cis_locus_linked;trans_other_gene_coding_or_splice;trans_other_or_unknown;trans_regulatory_or_intronic
S100G:P29377:OID31051:v1,S100G,Neurology_II,S100G,P29377,4,4,0,4,37.2095,0.2501677,2,trans_other_gene_coding_or_splice;trans_regulatory_or_intronic
SCT:P09683:OID30951:v1,SCT,Neurology_II,SCT,P09683,1,1,0,1,16.7657,0.0532066,1,trans_regulatory_or_intronic
SEPTIN3:Q9UH03:OID31025:v1,SEPTIN3,Neurology_II,SEPTIN3,Q9UH03,13,13,0,13,328.165,1.3302374,3,trans_other_gene_coding_or_splice;trans_other_or_unknown;trans_regulatory_or_intronic
SEPTIN8:Q92599:OID31079:v1,SEPTIN8,Neurology_II,SEPTIN8,Q92599,4,4,1,3,59.3625,0.327007,3,cis_target_regulatory_or_linked;trans_other_gene_coding_or_splice;trans_regulatory_or_intronic
SEZ6:Q53EL9:OID30968:v1,SEZ6,Neurology_II,SEZ6,Q53EL9,1,1,1,0,20.3714,0.0859259,1,cis_target_coding_or_splice
SH3GLB2:Q9NR46:OID31145:v1,SH3GLB2,Neurology_II,SH3GLB2,Q9NR46,4,4,1,3,421.161,0.4545559,2,cis_target_regulatory_or_linked;trans_regulatory_or_intronic
SLA2:Q9H6Q3:OID31017:v1,SLA2,Neurology_II,SLA2,Q9H6Q3,1,1,0,1,13.4319,0.0467694,1,trans_regulatory_or_intronic
SMS:P52788:OID30853:v1,SMS,Neurology_II,SMS,P52788,2,2,0,2,14.1087,0.09407679999999999,1,trans_regulatory_or_intronic
SMTN:P53814:OID31154:v1,SMTN,Neurology_II,SMTN,P53814,4,4,0,4,29.9995,0.3177235,1,trans_regulatory_or_intronic
SNAP25:P60880:OID30811:v1,SNAP25,Neurology_II,SNAP25,P60880,11,11,1,10,1219.4,1.3815109,3,cis_locus_linked;trans_other_gene_coding_or_splice;trans_regulatory_or_intronic
SNAPIN:O95295:OID31019:v1,SNAPIN,Neurology_II,SNAPIN,O95295,1,1,0,1,13.2376,0.0942896,1,trans_regulatory_or_intronic
SNRPB2:P08579:OID31132:v1,SNRPB2,Neurology_II,SNRPB2,P08579,1,1,0,1,14.9602,0.0492689,1,trans_regulatory_or_intronic
SORBS1:Q9BX66:OID30978:v1,SORBS1,Neurology_II,SORBS1,Q9BX66,1,1,1,0,11.2453,0.0848885,1,cis_target_regulatory_or_linked
SPAG1:Q07617:OID30979:v1,SPAG1,Neurology_II,SPAG1,Q07617,2,2,1,1,2779.24,0.853018,2,cis_target_regulatory_or_linked;trans_other_gene_coding_or_splice
SPRR3:Q9UBC9:OID31131:v1,SPRR3,Neurology_II,SPRR3,Q9UBC9,6,6,1,5,358.441,0.7218011,4,cis_locus_linked;trans_other_gene_coding_or_splice;trans_other_or_unknown;trans_regulatory_or_intronic
SPTLC1:O15269:OID31086:v1,SPTLC1,Neurology_II,SPTLC1,O15269,2,2,1,1,164.728,0.6412669,2,cis_target_coding_or_splice;trans_regulatory_or_intronic
STX3:Q13277:OID31090:v1,STX3,Neurology_II,STX3,Q13277,2,2,0,2,183.976,0.3034885,1,trans_regulatory_or_intronic
STXBP1:P61764:OID31054:v1,STXBP1,Neurology_II,STXBP1,P61764,4,4,1,3,39.5364,0.2447576,2,cis_locus_linked;trans_regulatory_or_intronic
SUOX:P51687:OID31031:v1,SUOX,Neurology_II,SUOX,P51687,6,6,0,6,422.267,1.5863788,3,trans_other_gene_coding_or_splice;trans_other_or_unknown;trans_regulatory_or_intronic
SV2A:Q7L0J3:OID30965:v1,SV2A,Neurology_II,SV2A,Q7L0J3,1,1,1,0,134.046,0.288746,1,cis_locus_linked
SYT1:P21579:OID31089:v1,SYT1,Neurology_II,SYT1,P21579,1,1,0,1,18.7112,0.0739173,1,trans_other_gene_coding_or_splice
TAX1BP1:Q86VP1:OID31075:v1,TAX1BP1,Neurology_II,TAX1BP1,Q86VP1,3,3,0,3,54.2539,0.2050355,1,trans_regulatory_or_intronic
TEX101:Q9BY14:OID30971:v1,TEX101,Neurology_II,TEX101,Q9BY14,1,1,1,0,567.087,0.343788,1,cis_target_coding_or_splice
TIMM8A:O60220:OID31143:v1,TIMM8A,Neurology_II,TIMM8A,O60220,4,4,0,4,14.9659,0.1885077,1,trans_regulatory_or_intronic
TMCO5A:Q8N6Q1:OID30940:v1,TMCO5A,Neurology_II,TMCO5A,Q8N6Q1,1,1,0,1,13.3898,0.0476627,1,trans_regulatory_or_intronic
TMEM25:Q86YD3:OID31015:v1,TMEM25,Neurology_II,TMEM25,Q86YD3,1,1,1,0,703.959,1.00485,1,cis_locus_linked
TMPRSS11D:O60235:OID31103:v1,TMPRSS11D,Neurology_II,TMPRSS11D,O60235,3,3,1,2,94.4237,0.4261787,2,cis_locus_linked;trans_regulatory_or_intronic
TNIP1:Q15025:OID31120:v1,TNIP1,Neurology_II,TNIP1,Q15025,6,6,1,5,30.464,0.33029169999999997,2,cis_target_regulatory_or_linked;trans_regulatory_or_intronic
TPBGL:P0DKB5:OID30928:v1,TPBGL,Neurology_II,TPBGL,P0DKB5,1,1,0,1,21.5523,0.0751904,1,trans_regulatory_or_intronic
TPSD1:Q9BZJ3:OID30982:v1,TPSD1,Neurology_II,TPSD1,Q9BZJ3,3,3,1,2,385.354,0.4801126,3,cis_locus_linked;trans_other_gene_coding_or_splice;trans_other_or_unknown
TRIM40:Q6P9F5:OID30885:v1,TRIM40,Neurology_II,TRIM40,Q6P9F5,2,2,1,1,284.208,0.3181978,2,cis_target_coding_or_splice;trans_regulatory_or_intronic
TSC22D1:Q15714:OID31016:v1,TSC22D1,Neurology_II,TSC22D1,Q15714,5,5,1,4,18.7575,0.2598225,2,cis_locus_linked;trans_regulatory_or_intronic
TSPAN7:P41732:OID30810:v1,TSPAN7,Neurology_II,TSPAN7,P41732,1,1,0,1,16.7964,0.0571141,1,trans_other_or_unknown
TTF2:Q9UNY4:OID30942:v1,TTF2,Neurology_II,TTF2,Q9UNY4,2,2,1,1,694.181,0.7999210999999999,2,cis_target_regulatory_or_linked;trans_regulatory_or_intronic
TXNDC9:O14530:OID31121:v1,TXNDC9,Neurology_II,TXNDC9,O14530,5,5,1,4,29.5992,0.2934853,2,cis_locus_linked;trans_regulatory_or_intronic
TXNL1:O43396:OID30872:v1,TXNL1,Neurology_II,TXNL1,O43396,2,2,0,2,47.2453,0.13893719999999998,1,trans_regulatory_or_intronic
UROS:P10746:OID30964:v1,UROS,Neurology_II,UROS,P10746,2,2,1,1,67.1987,0.40342500000000003,2,cis_target_regulatory_or_linked;trans_other_gene_coding_or_splice
USP28:Q96RU2:OID31084:v1,USP28,Neurology_II,USP28,Q96RU2,1,1,1,0,32.1158,0.144248,1,cis_target_regulatory_or_linked
VAV3:Q9UKW4:OID30795:v1,VAV3,Neurology_II,VAV3,Q9UKW4,3,3,1,2,19.0886,0.1579117,2,cis_locus_linked;trans_regulatory_or_intronic
VGF:O15240:OID31067:v1,VGF,Neurology_II,VGF,O15240,1,1,1,0,24.4739,0.115348,1,cis_locus_linked
VSNL1:P62760:OID31105:v1,VSNL1,Neurology_II,VSNL1,P62760,10,10,1,9,557.528,2.091786,4,cis_target_regulatory_or_linked;trans_other_gene_coding_or_splice;trans_other_or_unknown;trans_regulatory_or_intronic
VWC2L:B2RUY7:OID31002:v1,VWC2L,Neurology_II,VWC2L,B2RUY7,1,1,1,0,46.6118,0.101744,1,cis_locus_linked
WASHC3:Q9Y3C0:OID31123:v1,WASHC3,Neurology_II,WASHC3,Q9Y3C0,6,6,1,5,39.6006,0.5531668,2,cis_locus_linked;trans_regulatory_or_intronic
YAP1:P46937:OID31113:v1,YAP1,Neurology_II,YAP1,P46937,3,3,0,3,137.345,0.2305579,1,trans_regulatory_or_intronic
ZHX2:Q9Y6X8:OID31140:v1,ZHX2,Neurology_II,ZHX2,Q9Y6X8,3,3,0,3,13.9716,0.20587,2,trans_other_gene_coding_or_splice;trans_regulatory_or_intronic
ZPR1:O75312:OID30801:v1,ZPR1,Neurology_II,ZPR1,O75312,1,1,1,0,16.6535,0.110287,1,cis_locus_linked
AARSD1:Q9BTE6:OID21311:v1,AARSD1,Oncology,AARSD1,Q9BTE6,2,2,0,2,20.4309,0.1006419,2,trans_other_gene_coding_or_splice;trans_regulatory_or_intronic
ABL1:P00519:OID21280:v1,ABL1,Oncology,ABL1,P00519,3,3,1,2,36.2489,0.2919479,2,cis_target_coding_or_splice;trans_regulatory_or_intronic
ACAA1:P09110:OID21269:v1,ACAA1,Oncology,ACAA1,P09110,4,4,1,3,49.4475,0.3265465,3,cis_target_coding_or_splice;trans_other_gene_coding_or_splice;trans_regulatory_or_intronic
ACP6:Q9NPH0:OID21432:v1,ACP6,Oncology,ACP6,Q9NPH0,4,4,1,3,4886.91,1.5203689999999999,4,cis_target_coding_or_splice;trans_other_gene_coding_or_splice;trans_other_or_unknown;trans_regulatory_or_intronic
ADAMTS15:Q8TE58:OID21275:v1,ADAMTS15,Oncology,ADAMTS15,Q8TE58,7,7,1,6,74.7447,0.6307140999999999,2,cis_target_regulatory_or_linked;trans_regulatory_or_intronic
ADAMTS8:Q9UP79:OID21502:v1,ADAMTS8,Oncology,ADAMTS8,Q9UP79,9,9,1,8,1117.67,1.0475888,4,cis_target_coding_or_splice;trans_other_gene_coding_or_splice;trans_other_or_unknown;trans_regulatory_or_intronic
ADCYAP1R1:P41586:OID21188:v1,ADCYAP1R1,Oncology,ADCYAP1R1,P41586,1,1,0,1,13.4868,0.0484431,1,trans_regulatory_or_intronic
ADGRG1:Q9Y653:OID21294:v1,ADGRG1,Oncology,ADGRG1,Q9Y653,12,12,1,11,100.609,0.9543248,4,cis_target_regulatory_or_linked;trans_other_gene_coding_or_splice;trans_other_or_unknown;trans_regulatory_or_intronic
ADM:P35318:OID21467:v1,ADM,Oncology,ADM,P35318,3,3,1,2,156.877,0.6361393,2,cis_locus_linked;trans_regulatory_or_intronic
AGR3:Q8TD06:OID21243:v1,AGR3,Oncology,AGR3,Q8TD06,8,8,0,8,28.7889,0.5305322,2,trans_other_gene_coding_or_splice;trans_regulatory_or_intronic
AIF1:P55008:OID21234:v1,AIF1,Oncology,AIF1,P55008,3,3,1,2,55.3654,0.24633549999999999,3,cis_locus_linked;trans_other_gene_coding_or_splice;trans_regulatory_or_intronic
AIFM1:O95831:OID21287:v1,AIFM1,Oncology,AIFM1,O95831,5,5,0,5,15.8548,0.23351260000000001,1,trans_regulatory_or_intronic
AKR1B1:P15121:OID21244:v1,AKR1B1,Oncology,AKR1B1,P15121,3,3,1,2,108.041,0.7426071000000001,2,cis_target_coding_or_splice;trans_regulatory_or_intronic
AKT3:Q9Y243:OID21197:v1,AKT3,Oncology,AKT3,Q9Y243,3,3,1,2,17.7911,0.16992069999999998,2,cis_target_regulatory_or_linked;trans_regulatory_or_intronic
ALPP:P05187:OID21383:v1,ALPP,Oncology,ALPP,P05187,18,18,1,17,1048.87,1.6153812,4,cis_locus_linked;trans_other_gene_coding_or_splice;trans_other_or_unknown;trans_regulatory_or_intronic
AMBP:P02760:OID21413:v1,AMBP,Oncology,AMBP,P02760,8,8,0,8,79.7761,0.7916657,2,trans_other_gene_coding_or_splice;trans_regulatory_or_intronic
AMIGO2:Q86SJ2:OID21370:v1,AMIGO2,Oncology,AMIGO2,Q86SJ2,19,19,1,18,170.888,1.6447611,4,cis_locus_linked;trans_other_gene_coding_or_splice;trans_other_or_unknown;trans_regulatory_or_intronic
ANGPT2:O15123:OID21463:v1,ANGPT2,Oncology,ANGPT2,O15123,12,12,1,11,117.322,1.0299245,4,cis_locus_linked;trans_other_gene_coding_or_splice;trans_other_or_unknown;trans_regulatory_or_intronic
ANGPTL7:O43827:OID21412:v1,ANGPTL7,Oncology,ANGPTL7,O43827,5,5,0,5,28.2408,0.4027811,2,trans_other_gene_coding_or_splice;trans_regulatory_or_intronic
ANKRD54:Q6NXT1:OID21162:v1,ANKRD54,Oncology,ANKRD54,Q6NXT1,1,1,1,0,26.1877,0.145081,1,cis_locus_linked
APBB1IP:Q7Z5R6:OID21359:v1,APBB1IP,Oncology,APBB1IP,Q7Z5R6,5,5,1,4,264.23,0.5651131,3,cis_target_regulatory_or_linked;trans_other_or_unknown;trans_regulatory_or_intronic
APEX1:P27695:OID21434:v1,APEX1,Oncology,APEX1,P27695,4,4,1,3,958.348,0.5586908,3,cis_target_coding_or_splice;trans_other_gene_coding_or_splice;trans_regulatory_or_intronic
AREG:P15514:OID21357:v1,AREG,Oncology,AREG,P15514,4,4,1,3,132.446,0.3634393,2,cis_target_regulatory_or_linked;trans_regulatory_or_intronic
ARG1:P05089:OID21445:v1,ARG1,Oncology,ARG1,P05089,6,6,1,5,188.181,0.5967816,2,cis_target_regulatory_or_linked;trans_regulatory_or_intronic
ARHGAP1:Q07960:OID21202:v1,ARHGAP1,Oncology,ARHGAP1,Q07960,2,2,0,2,34.7963,0.13356010000000001,1,trans_regulatory_or_intronic
ARHGAP25:P42331:OID21255:v1,ARHGAP25,Oncology,ARHGAP25,P42331,2,2,1,1,45.6448,0.1608781,2,cis_target_regulatory_or_linked;trans_regulatory_or_intronic
ARSB:P15848:OID21331:v1,ARSB,Oncology,ARSB,P15848,15,15,0,15,43.0714,0.9076312,1,trans_regulatory_or_intronic
ATG4A:Q8WYN0:OID21246:v1,ATG4A,Oncology,ATG4A,Q8WYN0,4,4,0,4,22.9999,0.21558139999999998,1,trans_regulatory_or_intronic
ATOX1:O00244:OID21476:v1,ATOX1,Oncology,ATOX1,O00244,6,6,0,6,66.6483,0.43365960000000003,2,trans_other_gene_coding_or_splice;trans_regulatory_or_intronic
ATP6V1D:Q9Y5K8:OID21341:v1,ATP6V1D,Oncology,ATP6V1D,Q9Y5K8,1,1,0,1,21.524,0.0809352,1,trans_other_gene_coding_or_splice
BAIAP2:Q9UQB8:OID21250:v1,BAIAP2,Oncology,BAIAP2,Q9UQB8,7,7,1,6,36.0418,0.443954,3,cis_locus_linked;trans_other_gene_coding_or_splice;trans_regulatory_or_intronic
BAMBI:Q13145:OID21267:v1,BAMBI,Oncology,BAMBI,Q13145,4,4,1,3,18.3882,0.2084917,2,cis_locus_linked;trans_regulatory_or_intronic
BGN:P21810:OID21198:v1,BGN,Oncology,BGN,P21810,19,19,0,19,89.3925,1.7949157,3,trans_other_gene_coding_or_splice;trans_other_or_unknown;trans_regulatory_or_intronic
BIRC2:Q13490:OID21217:v1,BIRC2,Oncology,BIRC2,Q13490,2,2,0,2,20.5223,0.10781270000000001,1,trans_regulatory_or_intronic
BTC:P35070:OID21199:v1,BTC,Oncology,BTC,P35070,6,6,1,5,990.15,0.8383762,2,cis_target_coding_or_splice;trans_regulatory_or_intronic
C4BPB:P20851:OID21481:v1,C4BPB,Oncology,C4BPB,P20851,15,15,1,14,501.534,2.4338771,4,cis_target_regulatory_or_linked;trans_other_gene_coding_or_splice;trans_other_or_unknown;trans_regulatory_or_intronic
CA11:O75493:OID21195:v1,CA11,Oncology,CA11,O75493,3,3,0,3,128.004,0.3191825,1,trans_regulatory_or_intronic
CA12:O43570:OID21344:v1,CA12,Oncology,CA12,O43570,14,14,1,13,369.081,1.2691948000000002,4,cis_target_regulatory_or_linked;trans_other_gene_coding_or_splice;trans_other_or_unknown;trans_regulatory_or_intronic
CA14:Q9ULX7:OID21401:v1,CA14,Oncology,CA14,Q9ULX7,8,8,0,8,39.5281,0.5221712,3,trans_other_gene_coding_or_splice;trans_other_or_unknown;trans_regulatory_or_intronic
CA9:Q16790:OID21417:v1,CA9,Oncology,CA9,Q16790,7,7,0,7,101.248,0.4954479,2,trans_other_gene_coding_or_splice;trans_regulatory_or_intronic
CALB1:P05937:OID21306:v1,CALB1,Oncology,CALB1,P05937,3,3,0,3,38.6542,0.1822895,1,trans_regulatory_or_intronic
CALCOCO1:Q9P1Z2:OID21387:v1,CALCOCO1,Oncology,CALCOCO1,Q9P1Z2,5,5,1,4,58.7241,0.3510452,2,cis_locus_linked;trans_regulatory_or_intronic
CAMKK1:Q8N5S9:OID21182:v1,CAMKK1,Oncology,CAMKK1,Q8N5S9,3,3,1,2,368.723,0.41815139999999995,2,cis_target_regulatory_or_linked;trans_regulatory_or_intronic
CAPG:P40121:OID21431:v1,CAPG,Oncology,CAPG,P40121,3,3,1,2,3896.01,1.1058922,3,cis_target_coding_or_splice;trans_other_gene_coding_or_splice;trans_other_or_unknown
CASP8:Q14790:OID21414:v1,CASP8,Oncology,CASP8,Q14790,5,5,1,4,271.186,0.5080193,2,cis_target_coding_or_splice;trans_regulatory_or_intronic
CBLN4:Q9NTU7:OID21386:v1,CBLN4,Oncology,CBLN4,Q9NTU7,6,6,1,5,163.217,0.5181483,2,cis_locus_linked;trans_regulatory_or_intronic
CCL8:P80075:OID21466:v1,CCL8,Oncology,CCL8,P80075,20,20,1,19,3572.38,2.2145004999999998,3,cis_target_coding_or_splice;trans_other_gene_coding_or_splice;trans_regulatory_or_intronic
CCN1:O00622:OID21368:v1,CCN1,Oncology,CCN1,O00622,12,12,1,11,81.0473,0.975269,4,cis_locus_linked;trans_other_gene_coding_or_splice;trans_other_or_unknown;trans_regulatory_or_intronic
CCN4:O95388:OID21444:v1,CCN4,Oncology,CCN4,O95388,16,16,1,15,1037.54,1.6855982999999999,3,cis_target_regulatory_or_linked;trans_other_gene_coding_or_splice;trans_regulatory_or_intronic
CD1C:P29017:OID21483:v1,CD1C,Oncology,CD1C,P29017,27,27,0,27,157.384,2.4052759,3,trans_other_gene_coding_or_splice;trans_other_or_unknown;trans_regulatory_or_intronic
CD207:Q9UJ71:OID21298:v1,CD207,Oncology,CD207,Q9UJ71,21,21,1,20,1076.5,2.0521031,2,cis_target_coding_or_splice;trans_regulatory_or_intronic
CD27:P26842:OID21527:v1,CD27,Oncology,CD27,P26842,14,14,1,13,371.438,1.2076452,4,cis_target_coding_or_splice;trans_other_gene_coding_or_splice;trans_other_or_unknown;trans_regulatory_or_intronic
CD28:P10747:OID21265:v1,CD28,Oncology,CD28,P10747,12,12,0,12,73.2995,0.9848902,2,trans_other_gene_coding_or_splice;trans_regulatory_or_intronic
CD300E:Q496F6:OID21418:v1,CD300E,Oncology,CD300E,Q496F6,13,13,1,12,695.862,1.4338566,3,cis_locus_linked;trans_other_gene_coding_or_splice;trans_regulatory_or_intronic
CD300LF:Q8TDQ1:OID21469:v1,CD300LF,Oncology,CD300LF,Q8TDQ1,10,10,1,9,5956.37,1.7228500999999998,3,cis_target_coding_or_splice;trans_other_gene_coding_or_splice;trans_regulatory_or_intronic
CD302:Q8IX05:OID21328:v1,CD302,Oncology,CD302,Q8IX05,7,7,1,6,439.581,1.0826025,3,cis_target_regulatory_or_linked;trans_other_gene_coding_or_splice;trans_regulatory_or_intronic
CD33:P20138:OID21472:v1,CD33,Oncology,CD33,P20138,8,8,1,7,7600.11,1.4740308,2,cis_target_coding_or_splice;trans_regulatory_or_intronic
CD38:P28907:OID21316:v1,CD38,Oncology,CD38,P28907,5,5,1,4,998.113,0.5848583,2,cis_target_regulatory_or_linked;trans_regulatory_or_intronic
CD5:P06127:OID21449:v1,CD5,Oncology,CD5,P06127,13,13,1,12,131.872,1.0522362,3,cis_locus_linked;trans_other_gene_coding_or_splice;trans_regulatory_or_intronic
CDC27:P30260:OID21238:v1,CDC27,Oncology,CDC27,P30260,2,2,1,1,36.5842,0.1775848,2,cis_locus_linked;trans_regulatory_or_intronic
CDC37:Q16543:OID21470:v1,CDC37,Oncology,CDC37,Q16543,4,4,0,4,20.4531,0.20840999999999998,1,trans_regulatory_or_intronic
CDHR2:Q9BYE9:OID21282:v1,CDHR2,Oncology,CDHR2,Q9BYE9,14,14,1,13,81.712,1.110291,3,cis_locus_linked;trans_other_gene_coding_or_splice;trans_regulatory_or_intronic
CDKN1A:P38936:OID21319:v1,CDKN1A,Oncology,CDKN1A,P38936,10,10,1,9,114.567,0.8084560000000001,3,cis_target_coding_or_splice;trans_other_gene_coding_or_splice;trans_regulatory_or_intronic
CDKN2D:P55273:OID21295:v1,CDKN2D,Oncology,CDKN2D,P55273,5,5,0,5,71.3955,0.3398158,2,trans_other_gene_coding_or_splice;trans_regulatory_or_intronic
CDNF:Q49AH0:OID21318:v1,CDNF,Oncology,CDNF,Q49AH0,1,1,1,0,833.125,1.09402,1,cis_target_coding_or_splice
CEACAM1:P13688:OID21528:v1,CEACAM1,Oncology,CEACAM1,P13688,7,7,1,6,541.492,1.1583934,3,cis_locus_linked;trans_other_or_unknown;trans_regulatory_or_intronic
CEACAM5:P06731:OID21171:v1,CEACAM5,Oncology,CEACAM5,P06731,16,16,1,15,850.332,2.3854372,3,cis_target_coding_or_splice;trans_other_gene_coding_or_splice;trans_regulatory_or_intronic
CEP20:Q96NB1:OID21209:v1,CEP20,Oncology,CEP20,Q96NB1,7,7,1,6,56.3023,0.5510876,2,cis_locus_linked;trans_regulatory_or_intronic
CEP85:Q6P2H3:OID21241:v1,CEP85,Oncology,CEP85,Q6P2H3,3,3,1,2,76.1679,0.3158701,2,cis_locus_linked;trans_regulatory_or_intronic
CES2:O00748:OID21366:v1,CES2,Oncology,CES2,O00748,2,2,0,2,12.8734,0.2075695,2,trans_other_gene_coding_or_splice;trans_other_or_unknown
CES3:Q6UWW8:OID21340:v1,CES3,Oncology,CES3,Q6UWW8,12,12,0,12,62.3142,1.1133364000000001,3,trans_other_gene_coding_or_splice;trans_other_or_unknown;trans_regulatory_or_intronic
CFC1:P0CG37:OID21261:v1,CFC1,Oncology,CFC1,P0CG37,10,10,0,10,57.0142,0.7435348,2,trans_other_or_unknown;trans_regulatory_or_intronic
CHAC2:Q8WUX2:OID21230:v1,CHAC2,Oncology,CHAC2,Q8WUX2,3,3,1,2,105.842,0.2428518,2,cis_locus_linked;trans_regulatory_or_intronic
CIAPIN1:Q6FI81:OID21501:v1,CIAPIN1,Oncology,CIAPIN1,Q6FI81,3,3,1,2,24.3164,0.1596407,2,cis_locus_linked;trans_regulatory_or_intronic
CLEC6A:Q6EIG7:OID21228:v1,CLEC6A,Oncology,CLEC6A,Q6EIG7,17,17,1,16,1493.78,1.8699725,3,cis_target_regulatory_or_linked;trans_other_gene_coding_or_splice;trans_regulatory_or_intronic
CLMP:Q9H6B4:OID21419:v1,CLMP,Oncology,CLMP,Q9H6B4,6,6,1,5,708.111,0.6162071,3,cis_target_regulatory_or_linked;trans_other_gene_coding_or_splice;trans_regulatory_or_intronic
CNPY4:Q8N129:OID21317:v1,CNPY4,Oncology,CNPY4,Q8N129,6,6,1,5,162.358,0.5372781,3,cis_locus_linked;trans_other_gene_coding_or_splice;trans_regulatory_or_intronic
CNTN2:Q02246:OID21426:v1,CNTN2,Oncology,CNTN2,Q02246,11,11,1,10,3812.83,1.7689051999999998,4,cis_target_regulatory_or_linked;trans_other_gene_coding_or_splice;trans_other_or_unknown;trans_regulatory_or_intronic
COX5B:P10606:OID21297:v1,COX5B,Oncology,COX5B,P10606,3,3,0,3,14.9773,0.173002,1,trans_regulatory_or_intronic
CPE:P16870:OID21392:v1,CPE,Oncology,CPE,P16870,8,8,1,7,287.291,0.7880078999999999,3,cis_locus_linked;trans_other_gene_coding_or_splice;trans_regulatory_or_intronic
CPVL:Q9H3G5:OID21435:v1,CPVL,Oncology,CPVL,Q9H3G5,14,14,1,13,2728.25,1.9978881,3,cis_target_coding_or_splice;trans_other_gene_coding_or_splice;trans_regulatory_or_intronic
CPXM1:Q96SM3:OID21479:v1,CPXM1,Oncology,CPXM1,Q96SM3,30,30,1,29,573.588,2.5874029,4,cis_target_regulatory_or_linked;trans_other_gene_coding_or_splice;trans_other_or_unknown;trans_regulatory_or_intronic
CRACR2A:Q9BSW2:OID21249:v1,CRACR2A,Oncology,CRACR2A,Q9BSW2,4,4,1,3,97.5073,0.2923553,2,cis_locus_linked;trans_regulatory_or_intronic
CREG1:O75629:OID21515:v1,CREG1,Oncology,CREG1,O75629,16,16,1,15,198.799,1.5334817,4,cis_target_regulatory_or_linked;trans_other_gene_coding_or_splice;trans_other_or_unknown;trans_regulatory_or_intronic
CRH:P06850:OID21257:v1,CRH,Oncology,CRH,P06850,32,32,1,31,347.987,3.3758368,4,cis_locus_linked;trans_other_gene_coding_or_splice;trans_other_or_unknown;trans_regulatory_or_intronic
CRISP2:P16562:OID21456:v1,CRISP2,Oncology,CRISP2,P16562,15,15,1,14,1855.17,1.3918247,2,cis_locus_linked;trans_regulatory_or_intronic
CRNN:Q9UBG3:OID21427:v1,CRNN,Oncology,CRNN,Q9UBG3,4,4,1,3,2243.63,1.4006390999999998,3,cis_target_regulatory_or_linked;trans_other_gene_coding_or_splice;trans_regulatory_or_intronic
CTSF:Q9UBX1:OID21500:v1,CTSF,Oncology,CTSF,Q9UBX1,24,24,1,23,393.213,2.0003025,4,cis_target_coding_or_splice;trans_other_gene_coding_or_splice;trans_other_or_unknown;trans_regulatory_or_intronic
CTSV:O60911:OID21405:v1,CTSV,Oncology,CTSV,O60911,17,17,1,16,250.466,1.6498135,4,cis_target_regulatory_or_linked;trans_other_gene_coding_or_splice;trans_other_or_unknown;trans_regulatory_or_intronic
CXCL8:P10145:OID21430:v1,CXCL8,Oncology,CXCL8,P10145,8,8,1,7,106.311,0.7074622,3,cis_locus_linked;trans_other_gene_coding_or_splice;trans_regulatory_or_intronic
DAB2:P98082:OID21428:v1,DAB2,Oncology,DAB2,P98082,5,5,0,5,22.5634,0.258509,1,trans_regulatory_or_intronic
DCBLD2:Q96PD2:OID21474:v1,DCBLD2,Oncology,DCBLD2,Q96PD2,18,18,0,18,136.237,1.8949165,2,trans_other_gene_coding_or_splice;trans_regulatory_or_intronic
DCTN1:Q14203:OID21399:v1,DCTN1,Oncology,DCTN1,Q14203,4,4,0,4,21.5748,0.2996511,2,trans_other_gene_coding_or_splice;trans_regulatory_or_intronic
DCTN2:Q13561:OID21334:v1,DCTN2,Oncology,DCTN2,Q13561,1,1,0,1,11.2875,0.0427313,1,trans_regulatory_or_intronic
DCXR:Q7Z4W1:OID21480:v1,DCXR,Oncology,DCXR,Q7Z4W1,7,7,1,6,58.3896,1.2511285,3,cis_target_coding_or_splice;trans_other_gene_coding_or_splice;trans_regulatory_or_intronic
DDAH1:O94760:OID21299:v1,DDAH1,Oncology,DDAH1,O94760,5,5,1,4,132.584,0.5259585999999999,4,cis_target_regulatory_or_linked;trans_other_gene_coding_or_splice;trans_other_or_unknown;trans_regulatory_or_intronic
DDX58:O95786:OID21226:v1,DDX58,Oncology,DDX58,O95786,2,2,1,1,363.054,0.3198053,2,cis_locus_linked;trans_regulatory_or_intronic
DEFB4A_DEFB4B:O15263:OID21373:v1,DEFB4A_DEFB4B,Oncology,DEFB4A;DEFB4B,O15263;O15263,6,6,1,5,66.3735,0.4909443,2,cis_locus_linked;trans_regulatory_or_intronic
DKKL1:Q9UK85:OID21313:v1,DKKL1,Oncology,DKKL1,Q9UK85,7,7,1,6,7128.19,1.6705911,3,cis_target_coding_or_splice;trans_other_or_unknown;trans_regulatory_or_intronic
DLL1:O00548:OID21525:v1,DLL1,Oncology,DLL1,O00548,7,7,1,6,144.223,0.7703325,4,cis_target_regulatory_or_linked;trans_other_gene_coding_or_splice;trans_other_or_unknown;trans_regulatory_or_intronic
DNAJB1:P25685:OID21363:v1,DNAJB1,Oncology,DNAJB1,P25685,11,11,1,10,35.7264,0.6687574000000001,3,cis_locus_linked;trans_other_gene_coding_or_splice;trans_regulatory_or_intronic
DPEP2:Q9H4A9:OID21305:v1,DPEP2,Oncology,DPEP2,Q9H4A9,2,2,0,2,490.787,0.4246527,1,trans_regulatory_or_intronic
DPP6:P42658:OID21354:v1,DPP6,Oncology,DPP6,P42658,9,9,1,8,350.148,0.9408874,4,cis_target_coding_or_splice;trans_other_gene_coding_or_splice;trans_other_or_unknown;trans_regulatory_or_intronic
DPY30:Q9C005:OID21410:v1,DPY30,Oncology,DPY30,Q9C005,5,5,1,4,18.5166,0.3210463,2,cis_locus_linked;trans_regulatory_or_intronic
DRG2:P55039:OID21335:v1,DRG2,Oncology,DRG2,P55039,5,5,0,5,51.0787,0.4286299,2,trans_other_gene_coding_or_splice;trans_regulatory_or_intronic
DSG3:P32926:OID21460:v1,DSG3,Oncology,DSG3,P32926,18,18,1,17,374.252,1.7053392,4,cis_target_regulatory_or_linked;trans_other_gene_coding_or_splice;trans_other_or_unknown;trans_regulatory_or_intronic
DSG4:Q86SJ6:OID21325:v1,DSG4,Oncology,DSG4,Q86SJ6,38,38,1,37,117.57,2.8800708,4,cis_locus_linked;trans_other_gene_coding_or_splice;trans_other_or_unknown;trans_regulatory_or_intronic
DTX3:Q8N9I9:OID21349:v1,DTX3,Oncology,DTX3,Q8N9I9,3,3,0,3,165.594,0.4099136,2,trans_other_gene_coding_or_splice;trans_regulatory_or_intronic
EBI3_IL27:Q14213_Q8NEV9:OID21389:v1,EBI3_IL27,Oncology,EBI3;IL27,Q14213;Q8NEV9,28,28,2,26,876.304,2.9326368,3,cis_locus_linked;trans_other_gene_coding_or_splice;trans_regulatory_or_intronic
EDA2R:Q9HAV5:OID21451:v1,EDA2R,Oncology,EDA2R,Q9HAV5,10,10,0,10,29.2734,0.6577571,1,trans_regulatory_or_intronic
EGFL7:Q9UHF1:OID21252:v1,EGFL7,Oncology,EGFL7,Q9UHF1,25,25,1,24,135.489,2.2331065,3,cis_locus_linked;trans_other_or_unknown;trans_regulatory_or_intronic
ELOA:Q14241:OID21337:v1,ELOA,Oncology,ELOA,Q14241,4,4,1,3,81.3155,0.4010623,3,cis_locus_linked;trans_other_gene_coding_or_splice;trans_regulatory_or_intronic
ENTPD2:Q9Y5L3:OID21260:v1,ENTPD2,Oncology,ENTPD2,Q9Y5L3,2,2,0,2,19.9178,0.1078442,1,trans_regulatory_or_intronic
EPHA2:P29317:OID21342:v1,EPHA2,Oncology,EPHA2,P29317,12,12,1,11,92.1617,1.0113525,4,cis_locus_linked;trans_other_gene_coding_or_splice;trans_other_or_unknown;trans_regulatory_or_intronic
EPS8L2:Q9H6S3:OID21397:v1,EPS8L2,Oncology,EPS8L2,Q9H6S3,3,3,1,2,515.106,0.5192505000000001,3,cis_locus_linked;trans_other_gene_coding_or_splice;trans_other_or_unknown
ERBB2:P04626:OID21520:v1,ERBB2,Oncology,ERBB2,P04626,9,9,1,8,151.87,1.6494001,3,cis_target_regulatory_or_linked;trans_other_gene_coding_or_splice;trans_regulatory_or_intronic
ERBB4:Q15303:OID21510:v1,ERBB4,Oncology,ERBB4,Q15303,16,16,1,15,204.255,1.5408032,3,cis_target_regulatory_or_linked;trans_other_gene_coding_or_splice;trans_regulatory_or_intronic
ERBIN:Q96RT1:OID21323:v1,ERBIN,Oncology,ERBIN,Q96RT1,2,2,0,2,17.9567,0.10296910000000001,1,trans_regulatory_or_intronic
ERP44:Q9BS26:OID21338:v1,ERP44,Oncology,ERP44,Q9BS26,7,7,0,7,711.328,1.3504815000000001,2,trans_other_gene_coding_or_splice;trans_regulatory_or_intronic
F3:P13726:OID21440:v1,F3,Oncology,F3,P13726,9,9,0,9,491.52,1.0007453,3,trans_other_gene_coding_or_splice;trans_other_or_unknown;trans_regulatory_or_intronic
FAM3B:P58499:OID21372:v1,FAM3B,Oncology,FAM3B,P58499,9,9,1,8,1516.9,2.3239935,4,cis_target_regulatory_or_linked;trans_other_gene_coding_or_splice;trans_other_or_unknown;trans_regulatory_or_intronic
FCGR2B:P31994:OID21215:v1,FCGR2B,Oncology,FCGR2B,P31994,5,5,1,4,1067.09,1.0760007,2,cis_locus_linked;trans_regulatory_or_intronic
FCRLB:Q6BAA4:OID21193:v1,FCRLB,Oncology,FCRLB,Q6BAA4,6,6,1,5,2336.32,1.6718304000000002,3,cis_locus_linked;trans_other_gene_coding_or_splice;trans_regulatory_or_intronic
FEN1:P39748:OID21192:v1,FEN1,Oncology,FEN1,P39748,2,2,0,2,16.02,0.10525609999999999,2,trans_other_or_unknown;trans_regulatory_or_intronic
FES:P07332:OID21207:v1,FES,Oncology,FES,P07332,1,1,1,0,95.2174,0.130076,1,cis_locus_linked
FGF21:Q9NSA1:OID21402:v1,FGF21,Oncology,FGF21,Q9NSA1,7,7,1,6,102.178,0.6395377,3,cis_locus_linked;trans_other_gene_coding_or_splice;trans_regulatory_or_intronic
FGF23:Q9GZV9:OID21411:v1,FGF23,Oncology,FGF23,Q9GZV9,6,6,1,5,54.2028,0.45151379999999997,3,cis_target_regulatory_or_linked;trans_other_or_unknown;trans_regulatory_or_intronic
FGFBP1:Q14512:OID21507:v1,FGFBP1,Oncology,FGFBP1,Q14512,12,12,1,11,178.566,1.2469479,3,cis_locus_linked;trans_other_gene_coding_or_splice;trans_regulatory_or_intronic
FGFR2:P21802:OID21478:v1,FGFR2,Oncology,FGFR2,P21802,12,12,1,11,75.3135,0.7270824,3,cis_target_regulatory_or_linked;trans_other_or_unknown;trans_regulatory_or_intronic
FLI1:Q01543:OID21239:v1,FLI1,Oncology,FLI1,Q01543,6,6,0,6,22.4094,0.3225402,2,trans_other_gene_coding_or_splice;trans_regulatory_or_intronic
FLT1:P17948:OID21301:v1,FLT1,Oncology,FLT1,P17948,8,8,0,8,662.045,0.965002,3,trans_other_gene_coding_or_splice;trans_other_or_unknown;trans_regulatory_or_intronic
FLT3:P36888:OID21272:v1,FLT3,Oncology,FLT3,P36888,8,8,1,7,43.7304,0.4597481,3,cis_locus_linked;trans_other_or_unknown;trans_regulatory_or_intronic
FLT4:P35916:OID21491:v1,FLT4,Oncology,FLT4,P35916,15,15,1,14,2833.2,2.1730168,4,cis_target_coding_or_splice;trans_other_gene_coding_or_splice;trans_other_or_unknown;trans_regulatory_or_intronic
FOLR1:P15328:OID21529:v1,FOLR1,Oncology,FOLR1,P15328,9,9,1,8,81.6399,0.9578579,3,cis_locus_linked;trans_other_gene_coding_or_splice;trans_regulatory_or_intronic
FOLR3:P41439:OID21485:v1,FOLR3,Oncology,FOLR3,P41439,13,13,0,13,104.988,0.8270086,3,trans_other_gene_coding_or_splice;trans_other_or_unknown;trans_regulatory_or_intronic
FOXO3:O43524:OID21271:v1,FOXO3,Oncology,FOXO3,O43524,3,3,0,3,12.9951,0.1395343,1,trans_regulatory_or_intronic
FURIN:P09958:OID21514:v1,FURIN,Oncology,FURIN,P09958,5,5,0,5,57.4654,0.5243011,2,trans_other_gene_coding_or_splice;trans_regulatory_or_intronic
FUS:P35637:OID21256:v1,FUS,Oncology,FUS,P35637,4,4,0,4,42.4887,0.2371099,1,trans_regulatory_or_intronic
FXN:Q16595:OID21442:v1,FXN,Oncology,FXN,Q16595,6,6,1,5,33.6217,0.3327727,2,cis_locus_linked;trans_regulatory_or_intronic
GALNT10:Q86SR1:OID21371:v1,GALNT10,Oncology,GALNT10,Q86SR1,12,12,1,11,792.939,1.257802,4,cis_target_regulatory_or_linked;trans_other_gene_coding_or_splice;trans_other_or_unknown;trans_regulatory_or_intronic
GALNT2:Q10471:OID21423:v1,GALNT2,Oncology,GALNT2,Q10471,6,6,1,5,489.967,0.7495189,3,cis_target_regulatory_or_linked;trans_other_gene_coding_or_splice;trans_regulatory_or_intronic
GALNT7:Q86SF2:OID21377:v1,GALNT7,Oncology,GALNT7,Q86SF2,9,9,0,9,242.561,1.541056,3,trans_other_gene_coding_or_splice;trans_other_or_unknown;trans_regulatory_or_intronic
GCG:P01275:OID21263:v1,GCG,Oncology,GCG,P01275,5,5,0,5,18.4099,0.3542898,2,trans_other_gene_coding_or_splice;trans_regulatory_or_intronic
GCNT1:Q02742:OID21379:v1,GCNT1,Oncology,GCNT1,Q02742,9,9,1,8,1058.57,1.1461354,3,cis_target_coding_or_splice;trans_other_gene_coding_or_splice;trans_regulatory_or_intronic
GFAP:P14136:OID21247:v1,GFAP,Oncology,GFAP,P14136,7,7,1,6,42.6188,1.0045112,3,cis_target_coding_or_splice;trans_other_gene_coding_or_splice;trans_regulatory_or_intronic
GFRA1:P56159:OID21457:v1,GFRA1,Oncology,GFRA1,P56159,8,8,1,7,284.989,1.1018746,3,cis_target_regulatory_or_linked;trans_other_gene_coding_or_splice;trans_regulatory_or_intronic
GFRA2:O00451:OID21330:v1,GFRA2,Oncology,GFRA2,O00451,6,6,1,5,474.144,0.6938244,4,cis_locus_linked;trans_other_gene_coding_or_splice;trans_other_or_unknown;trans_regulatory_or_intronic
GH2:P01242:OID21168:v1,GH2,Oncology,GH2,P01242,2,2,0,2,12.5666,0.0967807,1,trans_regulatory_or_intronic
GNE:Q9Y223:OID21231:v1,GNE,Oncology,GNE,Q9Y223,5,5,0,5,94.493,0.3361009,1,trans_regulatory_or_intronic
GPA33:Q99795:OID21376:v1,GPA33,Oncology,GPA33,Q99795,18,18,1,17,252.95,2.8831542,4,cis_target_regulatory_or_linked;trans_other_gene_coding_or_splice;trans_other_or_unknown;trans_regulatory_or_intronic
GPC1:P35052:OID21438:v1,GPC1,Oncology,GPC1,P35052,26,26,1,25,624.646,2.6935350000000002,4,cis_target_regulatory_or_linked;trans_other_gene_coding_or_splice;trans_other_or_unknown;trans_regulatory_or_intronic
GRPEL1:Q9HAV7:OID21309:v1,GRPEL1,Oncology,GRPEL1,Q9HAV7,7,7,1,6,35.9126,0.4504669,4,cis_target_regulatory_or_linked;trans_other_gene_coding_or_splice;trans_other_or_unknown;trans_regulatory_or_intronic
GSAP:A4D1B5:OID21173:v1,GSAP,Oncology,GSAP,A4D1B5,1,1,0,1,17.3162,0.0967418,1,trans_other_gene_coding_or_splice
GSTA3:Q16772:OID21242:v1,GSTA3,Oncology,GSTA3,Q16772,8,8,1,7,549.443,0.8626847,3,cis_locus_linked;trans_other_gene_coding_or_splice;trans_regulatory_or_intronic
HAO1:Q9UJM8:OID21395:v1,HAO1,Oncology,HAO1,Q9UJM8,16,16,0,16,48.454,1.2524993,3,trans_other_gene_coding_or_splice;trans_other_or_unknown;trans_regulatory_or_intronic
HAVCR1:Q96D42:OID21422:v1,HAVCR1,Oncology,HAVCR1,Q96D42,13,13,1,12,1498.74,1.2638639,3,cis_target_regulatory_or_linked;trans_other_or_unknown;trans_regulatory_or_intronic
HBEGF:Q99075:OID21465:v1,HBEGF,Oncology,HBEGF,Q99075,35,35,1,34,183.991,2.7379267,4,cis_locus_linked;trans_other_gene_coding_or_splice;trans_other_or_unknown;trans_regulatory_or_intronic
HBQ1:P09105:OID21433:v1,HBQ1,Oncology,HBQ1,P09105,1,1,1,0,777.57,0.449638,1,cis_locus_linked
HDGF:P51858:OID21455:v1,HDGF,Oncology,HDGF,P51858,3,3,1,2,6757.8,1.2330362,2,cis_locus_linked;trans_regulatory_or_intronic
HGS:O14964:OID21175:v1,HGS,Oncology,HGS,O14964,5,5,0,5,18.3316,0.2553264,2,trans_other_gene_coding_or_splice;trans_regulatory_or_intronic
HMBS:P08397:OID21385:v1,HMBS,Oncology,HMBS,P08397,2,2,1,1,102.36,0.42707459999999997,2,cis_locus_linked;trans_other_gene_coding_or_splice
HPGDS:O60760:OID21266:v1,HPGDS,Oncology,HPGDS,O60760,8,8,1,7,1100.33,0.9826843,3,cis_locus_linked;trans_other_gene_coding_or_splice;trans_regulatory_or_intronic
HS3ST3B1:Q9Y662:OID21303:v1,HS3ST3B1,Oncology,HS3ST3B1,Q9Y662,9,9,1,8,538.686,1.1393271,3,cis_locus_linked;trans_other_gene_coding_or_splice;trans_regulatory_or_intronic
HS6ST1:O60243:OID21441:v1,HS6ST1,Oncology,HS6ST1,O60243,17,17,1,16,238.59,1.8657401,3,cis_target_regulatory_or_linked;trans_other_gene_coding_or_splice;trans_regulatory_or_intronic
HSPB6:O14558:OID21408:v1,HSPB6,Oncology,HSPB6,O14558,8,8,0,8,26.4892,0.4264547,3,trans_other_gene_coding_or_splice;trans_other_or_unknown;trans_regulatory_or_intronic
HTRA2:O43464:OID21471:v1,HTRA2,Oncology,HTRA2,O43464,3,3,0,3,12.9402,0.1375591,1,trans_regulatory_or_intronic
ICOSLG:O75144:OID21351:v1,ICOSLG,Oncology,ICOSLG,O75144,4,4,0,4,15.8369,0.3184601,2,trans_other_gene_coding_or_splice;trans_regulatory_or_intronic
IDUA:P35475:OID21468:v1,IDUA,Oncology,IDUA,P35475,17,17,1,16,1493.78,1.9199264,4,cis_locus_linked;trans_other_gene_coding_or_splice;trans_other_or_unknown;trans_regulatory_or_intronic
IGF1R:P08069:OID21274:v1,IGF1R,Oncology,IGF1R,P08069,9,9,1,8,812.757,1.0982466,4,cis_target_regulatory_or_linked;trans_other_gene_coding_or_splice;trans_other_or_unknown;trans_regulatory_or_intronic
IGSF3:O75054:OID21312:v1,IGSF3,Oncology,IGSF3,O75054,6,6,1,5,122.818,0.6400946,3,cis_target_regulatory_or_linked;trans_other_gene_coding_or_splice;trans_regulatory_or_intronic
IKZF2:Q9UKS7:OID21213:v1,IKZF2,Oncology,IKZF2,Q9UKS7,2,2,0,2,53.1813,0.1750276,1,trans_regulatory_or_intronic
IL12A_IL12B:P29459_P29460:OID21327:v1,IL12A_IL12B,Oncology,IL12A;IL12B,P29459;P29460,26,26,1,25,1488.31,2.7768701,4,cis_locus_linked;trans_other_gene_coding_or_splice;trans_other_or_unknown;trans_regulatory_or_intronic
IL13RA1:P78552:OID21504:v1,IL13RA1,Oncology,IL13RA1,P78552,2,2,0,2,24.869,0.2049103,1,trans_regulatory_or_intronic
IL6:P05231:OID21276:v1,IL6,Oncology,IL6,P05231,2,2,0,2,28.8642,0.129934,1,trans_other_or_unknown
INPP1:P49441:OID21345:v1,INPP1,Oncology,INPP1,P49441,5,5,0,5,13.8466,0.2300993,1,trans_regulatory_or_intronic
INPPL1:O15357:OID21314:v1,INPPL1,Oncology,INPPL1,O15357,2,2,0,2,13.0815,0.0885236,1,trans_regulatory_or_intronic
IQGAP2:Q13576:OID21361:v1,IQGAP2,Oncology,IQGAP2,Q13576,1,1,1,0,105.116,0.136144,1,cis_target_regulatory_or_linked
ITGAV:P06756:OID21416:v1,ITGAV,Oncology,ITGAV,P06756,10,10,1,9,124.52,0.7182487,4,cis_target_regulatory_or_linked;trans_other_gene_coding_or_splice;trans_other_or_unknown;trans_regulatory_or_intronic
ITGB5:P18084:OID21522:v1,ITGB5,Oncology,ITGB5,P18084,11,11,1,10,46.8285,0.8731945,4,cis_target_coding_or_splice;trans_other_gene_coding_or_splice;trans_other_or_unknown;trans_regulatory_or_intronic
ITGB7:P26010:OID21393:v1,ITGB7,Oncology,ITGB7,P26010,23,23,1,22,730.286,2.4056632,4,cis_locus_linked;trans_other_gene_coding_or_splice;trans_other_or_unknown;trans_regulatory_or_intronic
KAZALD1:Q96I82:OID21339:v1,KAZALD1,Oncology,KAZALD1,Q96I82,7,7,1,6,2440.44,2.2303151,4,cis_target_coding_or_splice;trans_other_gene_coding_or_splice;trans_other_or_unknown;trans_regulatory_or_intronic
KDR:P35968:OID21497:v1,KDR,Oncology,KDR,P35968,16,16,1,15,1401.64,2.8610615,3,cis_target_coding_or_splice;trans_other_or_unknown;trans_regulatory_or_intronic
KIFBP:Q96EK5:OID21320:v1,KIFBP,Oncology,KIFBP,Q96EK5,6,6,0,6,67.6208,0.4385726,1,trans_regulatory_or_intronic
KIR2DL3:P43628:OID21196:v1,KIR2DL3,Oncology,KIR2DL3,P43628,4,4,0,4,1642.07,0.7550727,2,trans_other_gene_coding_or_splice;trans_regulatory_or_intronic
KIR3DL1:P43629:OID21185:v1,KIR3DL1,Oncology,KIR3DL1,P43629,5,5,1,4,4517.2,1.5895971,2,cis_locus_linked;trans_regulatory_or_intronic
KLK1:P06870:OID21499:v1,KLK1,Oncology,KLK1,P06870,20,20,1,19,4421.86,2.1479181,4,cis_locus_linked;trans_other_gene_coding_or_splice;trans_other_or_unknown;trans_regulatory_or_intronic
KLK10:O43240:OID21523:v1,KLK10,Oncology,KLK10,O43240,6,6,1,5,1762.67,0.8633747,4,cis_locus_linked;trans_other_gene_coding_or_splice;trans_other_or_unknown;trans_regulatory_or_intronic
KLK11:Q9UBX7:OID21518:v1,KLK11,Oncology,KLK11,Q9UBX7,6,6,1,5,953.325,1.5696276999999998,3,cis_target_coding_or_splice;trans_other_gene_coding_or_splice;trans_regulatory_or_intronic
KLK12:Q9UKR0:OID21201:v1,KLK12,Oncology,KLK12,Q9UKR0,4,4,1,3,7334.48,1.5676698000000002,3,cis_target_coding_or_splice;trans_other_gene_coding_or_splice;trans_regulatory_or_intronic
KLK13:Q9UKR3:OID21291:v1,KLK13,Oncology,KLK13,Q9UKR3,15,15,1,14,1085.86,1.6637872,4,cis_locus_linked;trans_other_gene_coding_or_splice;trans_other_or_unknown;trans_regulatory_or_intronic
KLK14:Q9P0G3:OID21407:v1,KLK14,Oncology,KLK14,Q9P0G3,15,15,1,14,834.892,1.4436265,4,cis_target_coding_or_splice;trans_other_gene_coding_or_splice;trans_other_or_unknown;trans_regulatory_or_intronic
KLK4:Q9Y5K2:OID21391:v1,KLK4,Oncology,KLK4,Q9Y5K2,4,4,1,3,952.457,0.9296616000000001,3,cis_target_regulatory_or_linked;trans_other_gene_coding_or_splice;trans_regulatory_or_intronic
KLK6:Q92876:OID21526:v1,KLK6,Oncology,KLK6,Q92876,3,3,1,2,193.242,0.3137789,2,cis_target_regulatory_or_linked;trans_other_gene_coding_or_splice
KLK8:O60259:OID21517:v1,KLK8,Oncology,KLK8,O60259,8,8,1,7,1055.58,1.5236797,3,cis_locus_linked;trans_other_gene_coding_or_splice;trans_regulatory_or_intronic
KRT18:P05783:OID21296:v1,KRT18,Oncology,KRT18,P05783,9,9,1,8,58.8603,0.8486811,3,cis_locus_linked;trans_other_gene_coding_or_splice;trans_regulatory_or_intronic
L1CAM:P32004:OID21484:v1,L1CAM,Oncology,L1CAM,P32004,11,11,0,11,55.4602,0.7606586,2,trans_other_gene_coding_or_splice;trans_regulatory_or_intronic
LAG3:P18627:OID21315:v1,LAG3,Oncology,LAG3,P18627,15,15,1,14,173.564,1.6313081,4,cis_locus_linked;trans_other_gene_coding_or_splice;trans_other_or_unknown;trans_regulatory_or_intronic
LAT2:Q9GZY6:OID21292:v1,LAT2,Oncology,LAT2,Q9GZY6,1,1,0,1,26.4937,0.067076,1,trans_regulatory_or_intronic
LEFTY2:O00292:OID21454:v1,LEFTY2,Oncology,LEFTY2,O00292,9,9,1,8,2990.66,1.2229001,3,cis_locus_linked;trans_other_gene_coding_or_splice;trans_regulatory_or_intronic
LGALS7_LGALS7B:P47929:OID21406:v1,LGALS7_LGALS7B,Oncology,LGALS7B;LGALS7,P47929;P47929,9,9,1,8,513.558,0.906762,4,cis_locus_linked;trans_other_gene_coding_or_splice;trans_other_or_unknown;trans_regulatory_or_intronic
LHB:P01229:OID21248:v1,LHB,Oncology,LHB,P01229,2,2,1,1,40.5096,0.245682,2,cis_locus_linked;trans_regulatory_or_intronic
LPCAT2:Q7L5N7:OID21290:v1,LPCAT2,Oncology,LPCAT2,Q7L5N7,1,1,1,0,73.0118,0.251503,1,cis_target_regulatory_or_linked
LRIG1:Q96JA1:OID21429:v1,LRIG1,Oncology,LRIG1,Q96JA1,14,14,1,13,3587.48,1.9779227,3,cis_target_coding_or_splice;trans_other_gene_coding_or_splice;trans_regulatory_or_intronic
LRP1:Q07954:OID21293:v1,LRP1,Oncology,LRP1,Q07954,10,10,1,9,150.265,1.2045253,3,cis_target_coding_or_splice;trans_other_gene_coding_or_splice;trans_regulatory_or_intronic
LRRC25:Q8N386:OID21333:v1,LRRC25,Oncology,LRRC25,Q8N386,15,15,0,15,565.688,2.0078871,2,trans_other_gene_coding_or_splice;trans_regulatory_or_intronic
LTA4H:P09960:OID21452:v1,LTA4H,Oncology,LTA4H,P09960,1,1,1,0,45.701,0.0873013,1,cis_target_regulatory_or_linked
LTBP3:Q9NS15:OID21191:v1,LTBP3,Oncology,LTBP3,Q9NS15,8,8,1,7,956.189,2.2192902,3,cis_target_regulatory_or_linked;trans_other_gene_coding_or_splice;trans_regulatory_or_intronic
LYAR:Q9NX58:OID21264:v1,LYAR,Oncology,LYAR,Q9NX58,2,2,1,1,13.9311,0.0985439,2,cis_target_regulatory_or_linked;trans_regulatory_or_intronic
LYN:P07948:OID21350:v1,LYN,Oncology,LYN,P07948,5,5,0,5,21.62,0.30211940000000004,2,trans_other_gene_coding_or_splice;trans_regulatory_or_intronic
LYPD3:O95274:OID21530:v1,LYPD3,Oncology,LYPD3,O95274,19,19,1,18,610.424,2.1957202000000002,4,cis_target_regulatory_or_linked;trans_other_gene_coding_or_splice;trans_other_or_unknown;trans_regulatory_or_intronic
LYPD8:Q6UX82:OID21251:v1,LYPD8,Oncology,LYPD8,Q6UX82,11,11,1,10,1349.67,5.0731754,4,cis_locus_linked;trans_other_gene_coding_or_splice;trans_other_or_unknown;trans_regulatory_or_intronic
MAGED1:Q9Y5V3:OID21181:v1,MAGED1,Oncology,MAGED1,Q9Y5V3,3,3,0,3,29.5592,0.1854122,1,trans_regulatory_or_intronic
MANSC1:Q9H8J5:OID21492:v1,MANSC1,Oncology,MANSC1,Q9H8J5,27,27,0,27,70.9616,2.0420227,2,trans_other_gene_coding_or_splice;trans_regulatory_or_intronic
MAP3K5:Q99683:OID21253:v1,MAP3K5,Oncology,MAP3K5,Q99683,3,3,0,3,13.3363,0.1363896,1,trans_regulatory_or_intronic
MAVS:Q7Z434:OID21204:v1,MAVS,Oncology,MAVS,Q7Z434,3,3,1,2,40.7123,0.2220352,2,cis_target_coding_or_splice;trans_regulatory_or_intronic
MDK:P21741:OID21489:v1,MDK,Oncology,MDK,P21741,15,15,0,15,37.9583,0.9465208,2,trans_other_or_unknown;trans_regulatory_or_intronic
MED18:Q9BUE0:OID21236:v1,MED18,Oncology,MED18,Q9BUE0,4,4,0,4,16.6237,0.1910107,1,trans_regulatory_or_intronic
METAP2:P50579:OID21437:v1,METAP2,Oncology,METAP2,P50579,8,8,1,7,48.471,0.5172745,3,cis_locus_linked;trans_other_gene_coding_or_splice;trans_regulatory_or_intronic
MIA:Q16674:OID21531:v1,MIA,Oncology,MIA,Q16674,9,9,1,8,2952.76,1.9594384,3,cis_locus_linked;trans_other_gene_coding_or_splice;trans_regulatory_or_intronic
MME:P08473:OID21307:v1,MME,Oncology,MME,P08473,14,14,0,14,1647.86,1.6224462,3,trans_other_gene_coding_or_splice;trans_other_or_unknown;trans_regulatory_or_intronic
MMP12:P39900:OID21439:v1,MMP12,Oncology,MMP12,P39900,7,7,1,6,1592.78,1.0914376000000001,3,cis_target_regulatory_or_linked;trans_other_gene_coding_or_splice;trans_regulatory_or_intronic
MOG:Q16653:OID21384:v1,MOG,Oncology,MOG,Q16653,2,2,0,2,18.9667,0.0974939,1,trans_regulatory_or_intronic
MPI:P34949:OID21288:v1,MPI,Oncology,MPI,P34949,4,4,1,3,230.665,0.3727834,2,cis_locus_linked;trans_regulatory_or_intronic
MSLN:Q13421:OID21380:v1,MSLN,Oncology,MSLN,Q13421,13,13,1,12,2084.78,1.6076698,4,cis_target_regulatory_or_linked;trans_other_gene_coding_or_splice;trans_other_or_unknown;trans_regulatory_or_intronic
MSRA:Q9UJ68:OID21513:v1,MSRA,Oncology,MSRA,Q9UJ68,7,7,1,6,21.3647,0.3636989,3,cis_locus_linked;trans_other_gene_coding_or_splice;trans_regulatory_or_intronic
MUC16:Q8WXI7:OID21378:v1,MUC16,Oncology,MUC16,Q8WXI7,3,3,1,2,200.612,0.6865539,2,cis_locus_linked;trans_regulatory_or_intronic
MZT1:Q08AG7:OID21186:v1,MZT1,Oncology,MZT1,Q08AG7,2,2,0,2,18.7102,0.1218333,1,trans_regulatory_or_intronic
NBL1:P41271:OID21486:v1,NBL1,Oncology,NBL1,P41271,5,5,1,4,55.9011,0.33225689999999997,3,cis_target_regulatory_or_linked;trans_other_gene_coding_or_splice;trans_regulatory_or_intronic
NCS1:P62166:OID21458:v1,NCS1,Oncology,NCS1,P62166,11,11,1,10,87.95,0.6401568,3,cis_target_regulatory_or_linked;trans_other_or_unknown;trans_regulatory_or_intronic
NECTIN4:Q96NY8:OID21490:v1,NECTIN4,Oncology,NECTIN4,Q96NY8,12,12,1,11,445.704,1.1911014,4,cis_target_coding_or_splice;trans_other_gene_coding_or_splice;trans_other_or_unknown;trans_regulatory_or_intronic
NELL1:Q92832:OID21494:v1,NELL1,Oncology,NELL1,Q92832,24,24,1,23,665.548,2.8165315,4,cis_target_regulatory_or_linked;trans_other_gene_coding_or_splice;trans_other_or_unknown;trans_regulatory_or_intronic
NFKBIE:O00221:OID21212:v1,NFKBIE,Oncology,NFKBIE,O00221,4,4,1,3,258.504,1.0270834,3,cis_locus_linked;trans_other_gene_coding_or_splice;trans_regulatory_or_intronic
NINJ1:Q92982:OID21167:v1,NINJ1,Oncology,NINJ1,Q92982,1,1,0,1,23.0049,0.0806184,1,trans_regulatory_or_intronic
NPY:P01303:OID21388:v1,NPY,Oncology,NPY,P01303,18,18,1,17,203.069,1.7422391,4,cis_locus_linked;trans_other_gene_coding_or_splice;trans_other_or_unknown;trans_regulatory_or_intronic
NT5E:P21589:OID21498:v1,NT5E,Oncology,NT5E,P21589,17,17,1,16,1726.59,1.828395,4,cis_target_coding_or_splice;trans_other_gene_coding_or_splice;trans_other_or_unknown;trans_regulatory_or_intronic
NTF4:P34130:OID21208:v1,NTF4,Oncology,NTF4,P34130,2,2,0,2,15.6184,0.102035,1,trans_regulatory_or_intronic
NUCB2:P80303:OID21448:v1,NUCB2,Oncology,NUCB2,P80303,7,7,1,6,922.316,0.7206641,3,cis_target_regulatory_or_linked;trans_other_gene_coding_or_splice;trans_regulatory_or_intronic
NUDT2:P50583:OID21308:v1,NUDT2,Oncology,NUDT2,P50583,3,3,1,2,347.033,0.43208599999999997,2,cis_target_regulatory_or_linked;trans_regulatory_or_intronic
OGFR:Q9NZT2:OID21360:v1,OGFR,Oncology,OGFR,Q9NZT2,3,3,0,3,15.0486,0.1380607,1,trans_regulatory_or_intronic
OMG:P23515:OID21352:v1,OMG,Oncology,OMG,P23515,10,10,1,9,72.328,1.011995,2,cis_target_coding_or_splice;trans_regulatory_or_intronic
OPTC:Q9UBM4:OID21362:v1,OPTC,Oncology,OPTC,Q9UBM4,10,10,0,10,31.8959,0.7526315,3,trans_other_gene_coding_or_splice;trans_other_or_unknown;trans_regulatory_or_intronic
P4HB:P07237:OID21509:v1,P4HB,Oncology,P4HB,P07237,8,8,1,7,28.8733,0.5876829,2,cis_locus_linked;trans_regulatory_or_intronic
PDCD1:Q15116:OID21396:v1,PDCD1,Oncology,PDCD1,Q15116,14,14,0,14,65.5352,1.0246398,3,trans_other_gene_coding_or_splice;trans_other_or_unknown;trans_regulatory_or_intronic
PDCD1LG2:Q9BQ51:OID21273:v1,PDCD1LG2,Oncology,PDCD1LG2,Q9BQ51,9,9,1,8,2119.53,1.5490416,4,cis_target_regulatory_or_linked;trans_other_gene_coding_or_splice;trans_other_or_unknown;trans_regulatory_or_intronic
PDGFC:Q9NRA1:OID21183:v1,PDGFC,Oncology,PDGFC,Q9NRA1,8,8,1,7,286.285,1.6074003,3,cis_locus_linked;trans_other_gene_coding_or_splice;trans_regulatory_or_intronic
PFKFB2:O60825:OID21356:v1,PFKFB2,Oncology,PFKFB2,O60825,5,5,1,4,206.934,0.3893436,2,cis_target_regulatory_or_linked;trans_regulatory_or_intronic
PLA2G15:Q8NCC3:OID21473:v1,PLA2G15,Oncology,PLA2G15,Q8NCC3,11,11,1,10,283.542,1.1965369,3,cis_locus_linked;trans_other_gene_coding_or_splice;trans_regulatory_or_intronic
PLXDC1:Q8IUK5:OID21258:v1,PLXDC1,Oncology,PLXDC1,Q8IUK5,4,4,1,3,296.007,0.73431,2,cis_target_regulatory_or_linked;trans_regulatory_or_intronic
PODXL:O00592:OID21358:v1,PODXL,Oncology,PODXL,O00592,5,5,1,4,1028.13,1.6821587,2,cis_target_coding_or_splice;trans_regulatory_or_intronic
PODXL2:Q9NZ53:OID21487:v1,PODXL2,Oncology,PODXL2,Q9NZ53,13,13,0,13,103.336,1.0376742,3,trans_other_gene_coding_or_splice;trans_other_or_unknown;trans_regulatory_or_intronic
POLR2F:P61218:OID21283:v1,POLR2F,Oncology,POLR2F,P61218,1,1,0,1,17.988,0.0540367,1,trans_regulatory_or_intronic
PPME1:Q9Y570:OID21347:v1,PPME1,Oncology,PPME1,Q9Y570,2,2,1,1,12.6567,0.1469856,2,cis_locus_linked;trans_regulatory_or_intronic
PPP1R12A:O14974:OID21475:v1,PPP1R12A,Oncology,PPP1R12A,O14974,3,3,0,3,45.0461,0.2189363,1,trans_regulatory_or_intronic
PPY:P01298:OID21516:v1,PPY,Oncology,PPY,P01298,12,12,0,12,223.115,1.4839807,1,trans_regulatory_or_intronic
PRDX6:P30041:OID21404:v1,PRDX6,Oncology,PRDX6,P30041,1,1,1,0,104.602,0.168899,1,cis_locus_linked
PRKRA:O75569:OID21225:v1,PRKRA,Oncology,PRKRA,O75569,4,4,0,4,69.3984,0.36391660000000003,2,trans_other_gene_coding_or_splice;trans_regulatory_or_intronic
PRTG:Q2VWP7:OID21443:v1,PRTG,Oncology,PRTG,Q2VWP7,11,11,1,10,974.424,1.4016399,3,cis_target_regulatory_or_linked;trans_other_gene_coding_or_splice;trans_regulatory_or_intronic
PSMD9:O00233:OID21304:v1,PSMD9,Oncology,PSMD9,O00233,1,1,1,0,203.815,0.199461,1,cis_locus_linked
PSRC1:Q6PGN9:OID21169:v1,PSRC1,Oncology,PSRC1,Q6PGN9,9,9,1,8,146.4,1.2465003000000001,2,cis_target_coding_or_splice;trans_regulatory_or_intronic
PVALB:P20472:OID21420:v1,PVALB,Oncology,PVALB,P20472,9,9,1,8,3259.42,1.3211857,4,cis_locus_linked;trans_other_gene_coding_or_splice;trans_other_or_unknown;trans_regulatory_or_intronic
RABEPK:Q7Z6M1:OID21163:v1,RABEPK,Oncology,RABEPK,Q7Z6M1,1,1,1,0,119.873,0.207829,1,cis_target_regulatory_or_linked
RAD23B:P54727:OID21166:v1,RAD23B,Oncology,RAD23B,P54727,5,5,1,4,19.1347,0.2495842,2,cis_target_regulatory_or_linked;trans_regulatory_or_intronic
RARRES1:P49788:OID21177:v1,RARRES1,Oncology,RARRES1,P49788,1,1,1,0,1102.29,0.446737,1,cis_target_regulatory_or_linked
RASSF2:P50749:OID21194:v1,RASSF2,Oncology,RASSF2,P50749,2,2,1,1,54.2394,0.16128720000000002,2,cis_target_regulatory_or_linked;trans_regulatory_or_intronic
RBP2:P50120:OID21365:v1,RBP2,Oncology,RBP2,P50120,5,5,1,4,45.4978,0.3680932,2,cis_locus_linked;trans_regulatory_or_intronic
RBP5:P82980:OID21369:v1,RBP5,Oncology,RBP5,P82980,7,7,1,6,503.65,0.8140831,3,cis_locus_linked;trans_other_gene_coding_or_splice;trans_regulatory_or_intronic
RET:P07949:OID21346:v1,RET,Oncology,RET,P07949,10,10,1,9,712.911,1.2878805,3,cis_locus_linked;trans_other_or_unknown;trans_regulatory_or_intronic
RILP:Q96NA2:OID21436:v1,RILP,Oncology,RILP,Q96NA2,8,8,0,8,29.3971,0.4495615,1,trans_regulatory_or_intronic
RNF41:Q9H4P4:OID21179:v1,RNF41,Oncology,RNF41,Q9H4P4,2,2,0,2,12.7347,0.087675,1,trans_regulatory_or_intronic
RP2:O75695:OID21302:v1,RP2,Oncology,RP2,O75695,2,2,0,2,70.6285,0.1973214,2,trans_other_gene_coding_or_splice;trans_regulatory_or_intronic
RRM2:P31350:OID21187:v1,RRM2,Oncology,RRM2,P31350,3,3,1,2,18.4123,0.1735302,2,cis_target_regulatory_or_linked;trans_regulatory_or_intronic
RRM2B:Q7LG56:OID21174:v1,RRM2B,Oncology,RRM2B,Q7LG56,2,2,0,2,38.6156,0.1360713,1,trans_regulatory_or_intronic
RSPO3:Q9BXY4:OID21415:v1,RSPO3,Oncology,RSPO3,Q9BXY4,7,7,1,6,160.993,0.4581089,3,cis_target_regulatory_or_linked;trans_other_gene_coding_or_splice;trans_regulatory_or_intronic
RTBDN:Q9BSG5:OID21343:v1,RTBDN,Oncology,RTBDN,Q9BSG5,3,3,1,2,137.982,0.3239216,2,cis_target_regulatory_or_linked;trans_regulatory_or_intronic
RTN4R:Q9BZR6:OID21424:v1,RTN4R,Oncology,RTN4R,Q9BZR6,8,8,1,7,391.737,0.9881305,3,cis_locus_linked;trans_other_gene_coding_or_splice;trans_regulatory_or_intronic
RUVBL1:Q9Y265:OID21211:v1,RUVBL1,Oncology,RUVBL1,Q9Y265,1,1,0,1,279.221,0.242737,1,trans_regulatory_or_intronic
S100A12:P80511:OID21374:v1,S100A12,Oncology,S100A12,P80511,6,6,1,5,256.363,0.6791834999999999,3,cis_locus_linked;trans_other_gene_coding_or_splice;trans_regulatory_or_intronic
S100A4:P26447:OID21519:v1,S100A4,Oncology,S100A4,P26447,6,6,1,5,178.894,0.7198138,3,cis_target_regulatory_or_linked;trans_other_gene_coding_or_splice;trans_regulatory_or_intronic
SCAMP3:O14828:OID21332:v1,SCAMP3,Oncology,SCAMP3,O14828,6,6,1,5,33.3658,0.4154551,3,cis_locus_linked;trans_other_gene_coding_or_splice;trans_regulatory_or_intronic
SCG2:P13521:OID21400:v1,SCG2,Oncology,SCG2,P13521,3,3,0,3,32.393,0.2018824,3,trans_other_gene_coding_or_splice;trans_other_or_unknown;trans_regulatory_or_intronic
SCLY:Q96I15:OID21425:v1,SCLY,Oncology,SCLY,Q96I15,9,9,1,8,205.46,0.7735871,3,cis_locus_linked;trans_other_gene_coding_or_splice;trans_regulatory_or_intronic
SCP2:P22307:OID21161:v1,SCP2,Oncology,SCP2,P22307,3,3,1,2,16.6489,0.22252070000000002,2,cis_target_regulatory_or_linked;trans_regulatory_or_intronic
SEMA4C:Q9C0C4:OID21329:v1,SEMA4C,Oncology,SEMA4C,Q9C0C4,7,7,0,7,220.574,0.536281,2,trans_other_gene_coding_or_splice;trans_regulatory_or_intronic
SEPTIN9:Q9UHD8:OID21279:v1,SEPTIN9,Oncology,SEPTIN9,Q9UHD8,1,1,0,1,15.2112,0.0608091,1,trans_regulatory_or_intronic
SERPINA9:Q86WD7:OID21284:v1,SERPINA9,Oncology,SERPINA9,Q86WD7,4,4,1,3,1107.39,0.6703813,3,cis_target_regulatory_or_linked;trans_other_gene_coding_or_splice;trans_regulatory_or_intronic
SEZ6L:Q9BYH1:OID21488:v1,SEZ6L,Oncology,SEZ6L,Q9BYH1,10,10,1,9,189.463,1.0808734,3,cis_target_coding_or_splice;trans_other_gene_coding_or_splice;trans_regulatory_or_intronic
SEZ6L2:Q6UXD5:OID21289:v1,SEZ6L2,Oncology,SEZ6L2,Q6UXD5,11,11,1,10,144.794,0.9125574,3,cis_locus_linked;trans_other_gene_coding_or_splice;trans_regulatory_or_intronic
SF3B4:Q15427:OID21278:v1,SF3B4,Oncology,SF3B4,Q15427,4,4,1,3,15.0772,0.2378267,3,cis_locus_linked;trans_other_gene_coding_or_splice;trans_regulatory_or_intronic
SFTPA1:Q8IWL2:OID21165:v1,SFTPA1,Oncology,SFTPA1,Q8IWL2,1,1,1,0,265.083,0.274007,1,cis_locus_linked
SFTPA2:Q8IWL1:OID21218:v1,SFTPA2,Oncology,SFTPA2,Q8IWL1,10,10,1,9,2216.19,1.5868241,3,cis_target_coding_or_splice;trans_other_or_unknown;trans_regulatory_or_intronic
SH2B3:Q9UQQ2:OID21222:v1,SH2B3,Oncology,SH2B3,Q9UQQ2,7,7,1,6,33.6901,0.4134778,2,cis_target_regulatory_or_linked;trans_regulatory_or_intronic
SIAE:Q9HAT2:OID21503:v1,SIAE,Oncology,SIAE,Q9HAT2,9,9,1,8,227.484,1.2261634,3,cis_target_coding_or_splice;trans_other_gene_coding_or_splice;trans_regulatory_or_intronic
SIGLEC6:O43699:OID21394:v1,SIGLEC6,Oncology,SIGLEC6,O43699,32,32,1,31,896.323,5.251257,4,cis_target_coding_or_splice;trans_other_gene_coding_or_splice;trans_other_or_unknown;trans_regulatory_or_intronic
SIGLEC9:Q9Y336:OID21390:v1,SIGLEC9,Oncology,SIGLEC9,Q9Y336,16,16,1,15,2562.06,3.2965901,4,cis_locus_linked;trans_other_gene_coding_or_splice;trans_other_or_unknown;trans_regulatory_or_intronic
SIRT2:Q8IXJ6:OID21375:v1,SIRT2,Oncology,SIRT2,Q8IXJ6,5,5,1,4,102.526,0.9265201000000001,2,cis_target_coding_or_splice;trans_regulatory_or_intronic
SLAMF6:Q96DU3:OID21254:v1,SLAMF6,Oncology,SLAMF6,Q96DU3,3,3,1,2,152.808,0.3198836,2,cis_target_regulatory_or_linked;trans_other_gene_coding_or_splice
SLAMF8:Q9P0V8:OID21214:v1,SLAMF8,Oncology,SLAMF8,Q9P0V8,6,6,1,5,4295.81,1.6485499000000001,3,cis_target_coding_or_splice;trans_other_gene_coding_or_splice;trans_regulatory_or_intronic
SLITRK2:Q9H156:OID21409:v1,SLITRK2,Oncology,SLITRK2,Q9H156,12,12,0,12,121.052,0.9701768,3,trans_other_gene_coding_or_splice;trans_other_or_unknown;trans_regulatory_or_intronic
SMAD1:Q15797:OID21180:v1,SMAD1,Oncology,SMAD1,Q15797,7,7,1,6,21.9117,0.3610939,3,cis_target_regulatory_or_linked;trans_other_gene_coding_or_splice;trans_regulatory_or_intronic
SMAD5:Q99717:OID21353:v1,SMAD5,Oncology,SMAD5,Q99717,3,3,0,3,176.151,0.4789522,3,trans_other_gene_coding_or_splice;trans_other_or_unknown;trans_regulatory_or_intronic
SMOC1:Q9H4F8:OID21461:v1,SMOC1,Oncology,SMOC1,Q9H4F8,13,13,1,12,455.132,1.8174665,4,cis_locus_linked;trans_other_gene_coding_or_splice;trans_other_or_unknown;trans_regulatory_or_intronic
SNAP29:O95721:OID21506:v1,SNAP29,Oncology,SNAP29,O95721,6,6,0,6,34.3973,0.3457478,3,trans_other_gene_coding_or_splice;trans_other_or_unknown;trans_regulatory_or_intronic
SORCS2:Q96PQ0:OID21262:v1,SORCS2,Oncology,SORCS2,Q96PQ0,6,6,1,5,1084.29,0.6608191999999999,2,cis_target_regulatory_or_linked;trans_regulatory_or_intronic
SORD:Q00796:OID21453:v1,SORD,Oncology,SORD,Q00796,5,5,0,5,69.8631,0.5814356,2,trans_other_gene_coding_or_splice;trans_regulatory_or_intronic
SPARC:P09486:OID21511:v1,SPARC,Oncology,SPARC,P09486,24,24,0,24,80.7295,1.8484356,3,trans_other_gene_coding_or_splice;trans_other_or_unknown;trans_regulatory_or_intronic
SPINK6:Q6UWN8:OID21450:v1,SPINK6,Oncology,SPINK6,Q6UWN8,2,2,1,1,777.01,0.4116187,2,cis_locus_linked;trans_regulatory_or_intronic
SRP14:P37108:OID21324:v1,SRP14,Oncology,SRP14,P37108,4,4,1,3,50.2082,0.2847018,3,cis_target_coding_or_splice;trans_other_gene_coding_or_splice;trans_regulatory_or_intronic
ST3GAL1:Q11201:OID21322:v1,ST3GAL1,Oncology,ST3GAL1,Q11201,7,7,1,6,312.806,1.0373431,4,cis_target_regulatory_or_linked;trans_other_gene_coding_or_splice;trans_other_or_unknown;trans_regulatory_or_intronic
STAT5B:P51692:OID21277:v1,STAT5B,Oncology,STAT5B,P51692,4,4,0,4,23.4799,0.21683639999999998,1,trans_regulatory_or_intronic
STX16:O14662:OID21170:v1,STX16,Oncology,STX16,O14662,2,2,1,1,17.1986,0.1020009,2,cis_target_regulatory_or_linked;trans_other_gene_coding_or_splice
STX4:Q12846:OID21326:v1,STX4,Oncology,STX4,Q12846,1,1,0,1,11.455,0.0463456,1,trans_regulatory_or_intronic
STX6:O43752:OID21219:v1,STX6,Oncology,STX6,O43752,1,1,0,1,13.7503,0.0476603,1,trans_regulatory_or_intronic
STXBP3:O00186:OID21240:v1,STXBP3,Oncology,STXBP3,O00186,1,1,0,1,12.6206,0.0467854,1,trans_regulatory_or_intronic
SUGT1:Q9Y2Z0:OID21229:v1,SUGT1,Oncology,SUGT1,Q9Y2Z0,3,3,0,3,25.5392,0.1601458,1,trans_regulatory_or_intronic
TACC3:Q9Y6A5:OID21285:v1,TACC3,Oncology,TACC3,Q9Y6A5,7,7,0,7,40.4455,0.4712129,1,trans_regulatory_or_intronic
TACSTD2:P09758:OID21447:v1,TACSTD2,Oncology,TACSTD2,P09758,14,14,1,13,2430.27,1.975903,4,cis_target_regulatory_or_linked;trans_other_gene_coding_or_splice;trans_other_or_unknown;trans_regulatory_or_intronic
TAFA5:Q7Z5A7:OID21321:v1,TAFA5,Oncology,TAFA5,Q7Z5A7,5,5,1,4,133.202,0.3936324,3,cis_locus_linked;trans_other_or_unknown;trans_regulatory_or_intronic
TBC1D23:Q9NUY8:OID21286:v1,TBC1D23,Oncology,TBC1D23,Q9NUY8,6,6,1,5,133.411,0.3870561,2,cis_target_regulatory_or_linked;trans_regulatory_or_intronic
TBL1X:O60907:OID21220:v1,TBL1X,Oncology,TBL1X,O60907,7,7,0,7,75.8818,0.5392025,1,trans_regulatory_or_intronic
TEK:Q02763:OID21496:v1,TEK,Oncology,TEK,Q02763,15,15,1,14,1021.88,3.144234,4,cis_target_coding_or_splice;trans_other_gene_coding_or_splice;trans_other_or_unknown;trans_regulatory_or_intronic
TFPI2:P48307:OID21512:v1,TFPI2,Oncology,TFPI2,P48307,16,16,1,15,85.2576,1.4146816,4,cis_locus_linked;trans_other_gene_coding_or_splice;trans_other_or_unknown;trans_regulatory_or_intronic
TGFBR2:P37173:OID21493:v1,TGFBR2,Oncology,TGFBR2,P37173,12,12,1,11,113.248,1.0622692,4,cis_locus_linked;trans_other_gene_coding_or_splice;trans_other_or_unknown;trans_regulatory_or_intronic
TJAP1:Q5JTD0:OID21477:v1,TJAP1,Oncology,TJAP1,Q5JTD0,1,1,0,1,22.2128,0.0604425,1,trans_regulatory_or_intronic
TMPRSS15:P98073:OID21364:v1,TMPRSS15,Oncology,TMPRSS15,P98073,7,7,1,6,197.718,0.6616512,4,cis_target_regulatory_or_linked;trans_other_gene_coding_or_splice;trans_other_or_unknown;trans_regulatory_or_intronic
TNFRSF12A:Q9NP84:OID21482:v1,TNFRSF12A,Oncology,TNFRSF12A,Q9NP84,4,4,1,3,24.8747,0.3476815,2,cis_locus_linked;trans_regulatory_or_intronic
TNFRSF19:Q9NS68:OID21446:v1,TNFRSF19,Oncology,TNFRSF19,Q9NS68,9,9,1,8,320.943,0.7761886,4,cis_target_regulatory_or_linked;trans_other_gene_coding_or_splice;trans_other_or_unknown;trans_regulatory_or_intronic
TP53:P04637:OID21232:v1,TP53,Oncology,TP53,P04637,1,1,1,0,17.9945,0.0635026,1,cis_target_regulatory_or_linked
TPMT:P51580:OID21270:v1,TPMT,Oncology,TPMT,P51580,3,3,1,2,1266.09,1.1897165,2,cis_target_coding_or_splice;trans_regulatory_or_intronic
TRIAP1:O43715:OID21403:v1,TRIAP1,Oncology,TRIAP1,O43715,7,7,0,7,94.7183,0.9190874,2,trans_other_gene_coding_or_splice;trans_regulatory_or_intronic
TXNDC15:Q96J42:OID21495:v1,TXNDC15,Oncology,TXNDC15,Q96J42,14,14,1,13,3669.76,2.6706352,3,cis_target_coding_or_splice;trans_other_gene_coding_or_splice;trans_regulatory_or_intronic
UBAC1:Q9BSL1:OID21336:v1,UBAC1,Oncology,UBAC1,Q9BSL1,3,3,0,3,13.2618,0.1406272,1,trans_regulatory_or_intronic
USO1:O60763:OID21367:v1,USO1,Oncology,USO1,O60763,3,3,0,3,24.0566,0.1735349,1,trans_regulatory_or_intronic
UXS1:Q8NBZ7:OID21189:v1,UXS1,Oncology,UXS1,Q8NBZ7,8,8,1,7,168.633,0.9266965,3,cis_target_regulatory_or_linked;trans_other_gene_coding_or_splice;trans_regulatory_or_intronic
VAT1:Q99536:OID21382:v1,VAT1,Oncology,VAT1,Q99536,9,9,1,8,109.342,0.7708554000000001,3,cis_locus_linked;trans_other_gene_coding_or_splice;trans_regulatory_or_intronic
VEGFC:P49767:OID21524:v1,VEGFC,Oncology,VEGFC,P49767,26,26,0,26,80.6614,2.0289526,3,trans_other_gene_coding_or_splice;trans_other_or_unknown;trans_regulatory_or_intronic
VMO1:Q7Z5L0:OID21381:v1,VMO1,Oncology,VMO1,Q7Z5L0,7,7,1,6,3082.12,1.1994065,3,cis_locus_linked;trans_other_or_unknown;trans_regulatory_or_intronic
VNN2:O95498:OID21310:v1,VNN2,Oncology,VNN2,O95498,13,13,0,13,149.895,0.9797466,2,trans_other_gene_coding_or_splice;trans_regulatory_or_intronic
VPS37A:Q8NEZ2:OID21355:v1,VPS37A,Oncology,VPS37A,Q8NEZ2,2,2,0,2,14.3371,0.11596129999999999,1,trans_regulatory_or_intronic
VPS53:Q5VIR6:OID21281:v1,VPS53,Oncology,VPS53,Q5VIR6,2,2,0,2,19.0656,0.1042092,1,trans_regulatory_or_intronic
VTCN1:Q7Z7D3:OID21164:v1,VTCN1,Oncology,VTCN1,Q7Z7D3,2,2,0,2,34.6009,0.1314031,2,trans_other_gene_coding_or_splice;trans_regulatory_or_intronic
VWA1:Q6PCB0:OID21421:v1,VWA1,Oncology,VWA1,Q6PCB0,6,6,1,5,654.394,2.6335407,3,cis_locus_linked;trans_other_gene_coding_or_splice;trans_regulatory_or_intronic
WFDC12:Q8WWY7:OID21462:v1,WFDC12,Oncology,WFDC12,Q8WWY7,14,14,1,13,1303.26,1.3615378,4,cis_target_regulatory_or_linked;trans_other_gene_coding_or_splice;trans_other_or_unknown;trans_regulatory_or_intronic
WFDC2:Q14508:OID21505:v1,WFDC2,Oncology,WFDC2,Q14508,4,4,1,3,36.3287,0.2952462,3,cis_target_regulatory_or_linked;trans_other_gene_coding_or_splice;trans_regulatory_or_intronic
WIF1:Q9Y5W5:OID21464:v1,WIF1,Oncology,WIF1,Q9Y5W5,28,28,1,27,213.515,1.9950477,4,cis_locus_linked;trans_other_gene_coding_or_splice;trans_other_or_unknown;trans_regulatory_or_intronic
XCL1:P47992:OID21398:v1,XCL1,Oncology,XCL1,P47992,15,15,1,14,2523.2,1.9730172,4,cis_locus_linked;trans_other_gene_coding_or_splice;trans_other_or_unknown;trans_regulatory_or_intronic
XPNPEP2:O43895:OID21508:v1,XPNPEP2,Oncology,XPNPEP2,O43895,21,21,0,21,133.486,2.161674,3,trans_other_gene_coding_or_splice;trans_other_or_unknown;trans_regulatory_or_intronic
YES1:P07947:OID21348:v1,YES1,Oncology,YES1,P07947,5,5,1,4,30.5256,0.2833314,2,cis_locus_linked;trans_regulatory_or_intronic
ZBTB16:Q05516:OID21205:v1,ZBTB16,Oncology,ZBTB16,Q05516,7,7,1,6,571.491,1.2186103,2,cis_target_regulatory_or_linked;trans_regulatory_or_intronic
ACOT13:Q9NPJ3:OID31522:v1,ACOT13,Oncology_II,ACOT13,Q9NPJ3,5,5,0,5,30.8052,0.2912,1,trans_regulatory_or_intronic
ACRBP:Q8NEB7:OID31385:v1,ACRBP,Oncology_II,ACRBP,Q8NEB7,7,7,1,6,128.061,0.4934409,3,cis_target_regulatory_or_linked;trans_other_gene_coding_or_splice;trans_regulatory_or_intronic
ADAM9:Q13443:OID31488:v1,ADAM9,Oncology_II,ADAM9,Q13443,5,5,0,5,74.9883,0.4842754,2,trans_other_or_unknown;trans_regulatory_or_intronic
ADGRE1:Q14246:OID31483:v1,ADGRE1,Oncology_II,ADGRE1,Q14246,20,20,1,19,503.556,1.7879249,4,cis_locus_linked;trans_other_gene_coding_or_splice;trans_other_or_unknown;trans_regulatory_or_intronic
AHSA1:O95433:OID31379:v1,AHSA1,Oncology_II,AHSA1,O95433,2,2,0,2,11.43,0.0874487,1,trans_regulatory_or_intronic
ALMS1:Q8TCU4:OID31275:v1,ALMS1,Oncology_II,ALMS1,Q8TCU4,1,1,0,1,11.6313,0.0651737,1,trans_regulatory_or_intronic
AMOTL2:Q9Y2J4:OID31351:v1,AMOTL2,Oncology_II,AMOTL2,Q9Y2J4,3,3,1,2,16.3226,0.1977007,2,cis_target_regulatory_or_linked;trans_regulatory_or_intronic
AP1G2:O75843:OID31348:v1,AP1G2,Oncology_II,AP1G2,O75843,2,2,1,1,79.2804,0.2538862,2,cis_locus_linked;trans_regulatory_or_intronic
AP3B1:O00203:OID31478:v1,AP3B1,Oncology_II,AP3B1,O00203,4,4,1,3,34.2982,0.2243267,2,cis_target_regulatory_or_linked;trans_regulatory_or_intronic
ARAF:P10398:OID31260:v1,ARAF,Oncology_II,ARAF,P10398,1,1,0,1,11.6656,0.0444143,1,trans_regulatory_or_intronic
ARF6:P62330:OID31523:v1,ARF6,Oncology_II,ARF6,P62330,4,4,0,4,22.1359,0.2467727,1,trans_regulatory_or_intronic
ARG2:P78540:OID31339:v1,ARG2,Oncology_II,ARG2,P78540,4,4,0,4,15.5865,0.1941947,1,trans_regulatory_or_intronic
ARHGAP5:Q13017:OID31190:v1,ARHGAP5,Oncology_II,ARHGAP5,Q13017,2,2,0,2,319.951,0.3132324,2,trans_other_gene_coding_or_splice;trans_regulatory_or_intronic
ATG16L1:Q676U5:OID31466:v1,ATG16L1,Oncology_II,ATG16L1,Q676U5,2,2,0,2,19.5475,0.1118417,1,trans_regulatory_or_intronic
ATRAID:Q6UW56:OID31451:v1,ATRAID,Oncology_II,ATRAID,Q6UW56,7,7,1,6,387.044,1.1395799,3,cis_locus_linked;trans_other_gene_coding_or_splice;trans_regulatory_or_intronic
BCL2:P10415:OID31454:v1,BCL2,Oncology_II,BCL2,P10415,3,3,1,2,166.652,2.233596,2,cis_target_coding_or_splice;trans_regulatory_or_intronic
BRAP:Q7Z569:OID31506:v1,BRAP,Oncology_II,BRAP,Q7Z569,2,2,0,2,34.2101,0.14110430000000002,1,trans_regulatory_or_intronic
BTN1A1:Q13410:OID31363:v1,BTN1A1,Oncology_II,BTN1A1,Q13410,1,1,1,0,178.187,0.298231,1,cis_locus_linked
C9orf40:Q8IXQ3:OID31489:v1,C9orf40,Oncology_II,C9orf40,Q8IXQ3,3,3,0,3,20.7939,0.16362480000000001,1,trans_regulatory_or_intronic
CAPN3:P20807:OID31384:v1,CAPN3,Oncology_II,CAPN3,P20807,1,1,0,1,31.9578,0.0747469,1,trans_other_gene_coding_or_splice
CASP4:P49662:OID31276:v1,CASP4,Oncology_II,CASP4,P49662,1,1,0,1,77.5314,0.356914,1,trans_regulatory_or_intronic
CCDC134:Q9H6E4:OID31413:v1,CCDC134,Oncology_II,CCDC134,Q9H6E4,3,3,1,2,20.451,0.1590017,2,cis_locus_linked;trans_regulatory_or_intronic
CCND2:P30279:OID31316:v1,CCND2,Oncology_II,CCND2,P30279,1,1,1,0,11.2247,0.168971,1,cis_locus_linked
CD101:Q93033:OID31480:v1,CD101,Oncology_II,CD101,Q93033,8,8,1,7,2507.52,2.1154987,4,cis_target_regulatory_or_linked;trans_other_gene_coding_or_splice;trans_other_or_unknown;trans_regulatory_or_intronic
CD82:P27701:OID31256:v1,CD82,Oncology_II,CD82,P27701,1,1,0,1,26.4614,0.116672,1,trans_regulatory_or_intronic
CD86:P42081:OID31500:v1,CD86,Oncology_II,CD86,P42081,13,13,0,13,100.179,1.842824,1,trans_regulatory_or_intronic
CDC26:Q8NHZ8:OID31508:v1,CDC26,Oncology_II,CDC26,Q8NHZ8,2,2,0,2,26.9602,0.1130549,1,trans_regulatory_or_intronic
CDC42BPB:Q9Y5S2:OID31485:v1,CDC42BPB,Oncology_II,CDC42BPB,Q9Y5S2,2,2,0,2,29.0942,0.1142427,1,trans_regulatory_or_intronic
CDK1:P06493:OID31164:v1,CDK1,Oncology_II,CDK1,P06493,1,1,0,1,34.3447,0.0858957,1,trans_regulatory_or_intronic
CEACAM16:Q2WEN9:OID31495:v1,CEACAM16,Oncology_II,CEACAM16,Q2WEN9,13,13,1,12,637.124,1.2470356,3,cis_locus_linked;trans_other_gene_coding_or_splice;trans_regulatory_or_intronic
CEACAM19:Q7Z692:OID31443:v1,CEACAM19,Oncology_II,CEACAM19,Q7Z692,4,4,1,3,234.059,0.9094508,2,cis_locus_linked;trans_regulatory_or_intronic
CEACAM20:Q6UY09:OID31308:v1,CEACAM20,Oncology_II,CEACAM20,Q6UY09,3,3,1,2,140.268,0.4834909,3,cis_target_coding_or_splice;trans_other_gene_coding_or_splice;trans_regulatory_or_intronic
CENPF:P49454:OID31329:v1,CENPF,Oncology_II,CENPF,P49454,1,1,1,0,22.9861,0.131513,1,cis_target_coding_or_splice
CEP152:O94986:OID31249:v1,CEP152,Oncology_II,CEP152,O94986,1,1,1,0,12.4719,0.13155,1,cis_target_regulatory_or_linked
CETN3:O15182:OID31525:v1,CETN3,Oncology_II,CETN3,O15182,10,10,1,9,144.449,0.8452786999999999,2,cis_target_coding_or_splice;trans_regulatory_or_intronic
CHCHD6:Q9BRQ6:OID31426:v1,CHCHD6,Oncology_II,CHCHD6,Q9BRQ6,2,2,1,1,294.307,0.34988450000000004,2,cis_locus_linked;trans_regulatory_or_intronic
CIRBP:Q14011:OID31503:v1,CIRBP,Oncology_II,CIRBP,Q14011,6,6,0,6,71.1988,0.3711473,1,trans_regulatory_or_intronic
CLASP1:Q7Z460:OID31192:v1,CLASP1,Oncology_II,CLASP1,Q7Z460,1,1,0,1,22.7656,0.0743185,1,trans_regulatory_or_intronic
CMIP:Q8IY22:OID31406:v1,CMIP,Oncology_II,CMIP,Q8IY22,3,3,0,3,18.1325,0.1427272,1,trans_regulatory_or_intronic
COL24A1:Q17RW2:OID31464:v1,COL24A1,Oncology_II,COL24A1,Q17RW2,2,2,1,1,152.499,0.35880690000000004,2,cis_target_regulatory_or_linked;trans_other_or_unknown
COMMD9:Q9P000:OID31390:v1,COMMD9,Oncology_II,COMMD9,Q9P000,2,2,0,2,24.3906,0.1309881,1,trans_regulatory_or_intronic
CWC15:Q9P013:OID31479:v1,CWC15,Oncology_II,CWC15,Q9P013,3,3,1,2,21.4136,0.1763959,2,cis_locus_linked;trans_regulatory_or_intronic
CYB5R2:Q6BCY4:OID31512:v1,CYB5R2,Oncology_II,CYB5R2,Q6BCY4,6,6,1,5,316.969,0.5415988,2,cis_locus_linked;trans_regulatory_or_intronic
DCDC2C:A8MYV0:OID31235:v1,DCDC2C,Oncology_II,DCDC2C,A8MYV0,1,1,0,1,11.0331,0.0525831,1,trans_other_or_unknown
DNAJB14:Q8TBM8:OID31434:v1,DNAJB14,Oncology_II,DNAJB14,Q8TBM8,5,5,1,4,44.667,0.30393749999999997,3,cis_locus_linked;trans_other_gene_coding_or_splice;trans_regulatory_or_intronic
DNAJC9:Q8WXX5:OID31472:v1,DNAJC9,Oncology_II,DNAJC9,Q8WXX5,3,3,0,3,11.4452,0.1287664,1,trans_regulatory_or_intronic
DNM1:Q05193:OID31458:v1,DNM1,Oncology_II,DNM1,Q05193,6,6,1,5,355.168,0.6180598,2,cis_target_regulatory_or_linked;trans_regulatory_or_intronic
DTNB:O60941:OID31395:v1,DTNB,Oncology_II,DTNB,O60941,1,1,0,1,13.4625,0.0444509,1,trans_regulatory_or_intronic
DUSP13:Q6B8I1:OID31394:v1,DUSP13,Oncology_II,DUSP13,Q6B8I1,1,1,1,0,385.844,0.261961,1,cis_target_regulatory_or_linked
DUT:P33316:OID31457:v1,DUT,Oncology_II,DUT,P33316,9,9,0,9,28.6398,0.4878544,3,trans_other_gene_coding_or_splice;trans_other_or_unknown;trans_regulatory_or_intronic
DYNC1H1:Q14204:OID31341:v1,DYNC1H1,Oncology_II,DYNC1H1,Q14204,3,3,0,3,308.346,0.4925561,2,trans_other_gene_coding_or_splice;trans_regulatory_or_intronic
DYNLT3:P51808:OID31415:v1,DYNLT3,Oncology_II,DYNLT3,P51808,2,2,0,2,344.877,0.507571,2,trans_other_gene_coding_or_splice;trans_regulatory_or_intronic
EDDM3B:P56851:OID31365:v1,EDDM3B,Oncology_II,EDDM3B,P56851,1,1,1,0,317.234,0.163053,1,cis_target_coding_or_splice
EFCAB14:O75071:OID31460:v1,EFCAB14,Oncology_II,EFCAB14,O75071,5,5,0,5,30.8367,0.3136087,2,trans_other_gene_coding_or_splice;trans_regulatory_or_intronic
EFCAB2:Q5VUJ9:OID31313:v1,EFCAB2,Oncology_II,EFCAB2,Q5VUJ9,5,5,1,4,815.521,0.6518406,2,cis_target_regulatory_or_linked;trans_regulatory_or_intronic
EGFLAM:Q63HQ2:OID31496:v1,EGFLAM,Oncology_II,EGFLAM,Q63HQ2,5,5,1,4,1231.76,1.7234884,4,cis_target_coding_or_splice;trans_other_gene_coding_or_splice;trans_other_or_unknown;trans_regulatory_or_intronic
EIF2AK2:P19525:OID31442:v1,EIF2AK2,Oncology_II,EIF2AK2,P19525,4,4,1,3,130.392,0.3233307,2,cis_locus_linked;trans_regulatory_or_intronic
ENDOU:P21128:OID31498:v1,ENDOU,Oncology_II,ENDOU,P21128,21,21,1,20,635.475,1.7216799,4,cis_locus_linked;trans_other_gene_coding_or_splice;trans_other_or_unknown;trans_regulatory_or_intronic
ENOPH1:Q9UHY7:OID31349:v1,ENOPH1,Oncology_II,ENOPH1,Q9UHY7,1,1,0,1,11.7701,0.0437361,1,trans_regulatory_or_intronic
ENSA:O43768:OID31355:v1,ENSA,Oncology_II,ENSA,O43768,2,2,1,1,18.0412,0.1755873,2,cis_locus_linked;trans_regulatory_or_intronic
EPGN:Q6UW88:OID31373:v1,EPGN,Oncology_II,EPGN,Q6UW88,1,1,1,0,11.9335,0.0540588,1,cis_locus_linked
ERI1:Q8IV48:OID31317:v1,ERI1,Oncology_II,ERI1,Q8IV48,3,3,1,2,28.9411,0.19552730000000001,3,cis_target_regulatory_or_linked;trans_other_gene_coding_or_splice;trans_regulatory_or_intronic
ERN1:O75460:OID31391:v1,ERN1,Oncology_II,ERN1,O75460,10,10,1,9,200.03,1.5508028999999999,3,cis_locus_linked;trans_other_gene_coding_or_splice;trans_regulatory_or_intronic
FAM13A:O94988:OID31463:v1,FAM13A,Oncology_II,FAM13A,O94988,6,6,1,5,97.5564,0.582724,3,cis_target_regulatory_or_linked;trans_other_or_unknown;trans_regulatory_or_intronic
FAM171B:Q6P995:OID31338:v1,FAM171B,Oncology_II,FAM171B,Q6P995,4,4,1,3,632.391,0.5964644,3,cis_locus_linked;trans_other_gene_coding_or_splice;trans_regulatory_or_intronic
FAM3D:Q96BQ1:OID31514:v1,FAM3D,Oncology_II,FAM3D,Q96BQ1,4,4,1,3,1576.62,1.1545316,3,cis_target_regulatory_or_linked;trans_other_gene_coding_or_splice;trans_regulatory_or_intronic
FKBPL:Q9UIM3:OID31499:v1,FKBPL,Oncology_II,FKBPL,Q9UIM3,1,1,0,1,15.158,0.0501134,1,trans_regulatory_or_intronic
FNTA:P49354:OID31381:v1,FNTA,Oncology_II,FNTA,P49354,2,2,1,1,41.4461,0.22831030000000002,2,cis_target_regulatory_or_linked;trans_other_gene_coding_or_splice
FUT1:P19526:OID31295:v1,FUT1,Oncology_II,FUT1,P19526,1,1,1,0,11.8694,0.163048,1,cis_target_coding_or_splice
GABARAP:O95166:OID31414:v1,GABARAP,Oncology_II,GABARAP,O95166,2,2,0,2,23.5469,0.1219856,1,trans_regulatory_or_intronic
GABARAPL1:Q9H0R8:OID31253:v1,GABARAPL1,Oncology_II,GABARAPL1,Q9H0R8,1,1,0,1,12.3174,0.045537,1,trans_other_or_unknown
GAGE2A:Q6NT46:OID31199:v1,GAGE2A,Oncology_II,GAGE2A,Q6NT46,1,1,0,1,12.5842,0.0508849,1,trans_regulatory_or_intronic
GIPC3:Q8TF64:OID31507:v1,GIPC3,Oncology_II,GIPC3,Q8TF64,5,5,1,4,415.116,0.6177461,2,cis_target_regulatory_or_linked;trans_regulatory_or_intronic
GLYR1:Q49A26:OID31364:v1,GLYR1,Oncology_II,GLYR1,Q49A26,1,1,0,1,41.9771,0.215686,1,trans_other_gene_coding_or_splice
GORASP2:Q9H8Y8:OID31438:v1,GORASP2,Oncology_II,GORASP2,Q9H8Y8,4,4,0,4,29.971,0.2200311,1,trans_regulatory_or_intronic
GPD1:P21695:OID31358:v1,GPD1,Oncology_II,GPD1,P21695,1,1,0,1,14.7872,0.0575272,1,trans_regulatory_or_intronic
GPHA2:Q96T91:OID31437:v1,GPHA2,Oncology_II,GPHA2,Q96T91,3,3,0,3,53.8785,0.23594009999999999,1,trans_regulatory_or_intronic
GPIHBP1:Q8IV16:OID31469:v1,GPIHBP1,Oncology_II,GPIHBP1,Q8IV16,4,4,1,3,364.077,0.5199068,4,cis_target_regulatory_or_linked;trans_other_gene_coding_or_splice;trans_other_or_unknown;trans_regulatory_or_intronic
GPR15L:Q6UWK7:OID31511:v1,GPR15L,Oncology_II,C10orf99,Q6UWK7,4,4,1,3,275.309,0.4491792,3,cis_locus_linked;trans_other_gene_coding_or_splice;trans_regulatory_or_intronic
GPRC5C:Q9NQ84:OID31340:v1,GPRC5C,Oncology_II,GPRC5C,Q9NQ84,11,11,1,10,74.7353,1.1986524,4,cis_target_regulatory_or_linked;trans_other_gene_coding_or_splice;trans_other_or_unknown;trans_regulatory_or_intronic
GRSF1:Q12849:OID31224:v1,GRSF1,Oncology_II,GRSF1,Q12849,3,3,0,3,15.5514,0.1448211,1,trans_regulatory_or_intronic
GTF2IRD1:Q9UHL9:OID31264:v1,GTF2IRD1,Oncology_II,GTF2IRD1,Q9UHL9,2,2,0,2,41.5455,0.1602176,2,trans_other_gene_coding_or_splice;trans_regulatory_or_intronic
GUCY2C:P25092:OID31318:v1,GUCY2C,Oncology_II,GUCY2C,P25092,1,1,0,1,34.6249,0.0957106,1,trans_regulatory_or_intronic
H2AP:O75409:OID31232:v1,H2AP,Oncology_II,H2AP,O75409,1,1,0,1,49.662,0.140568,1,trans_regulatory_or_intronic
HDDC2:Q7Z4H3:OID31447:v1,HDDC2,Oncology_II,HDDC2,Q7Z4H3,2,2,1,1,2649.37,0.9399921999999999,2,cis_target_regulatory_or_linked;trans_regulatory_or_intronic
HRAS:P01112:OID31263:v1,HRAS,Oncology_II,HRAS,P01112,1,1,0,1,13.8995,0.053441,1,trans_regulatory_or_intronic
HSPA2:P54652:OID31424:v1,HSPA2,Oncology_II,HSPA2,P54652,1,1,1,0,60.0532,0.126215,1,cis_locus_linked
IDO1:P14902:OID31474:v1,IDO1,Oncology_II,IDO1,P14902,5,5,1,4,384.771,0.5934991,4,cis_target_regulatory_or_linked;trans_other_gene_coding_or_splice;trans_other_or_unknown;trans_regulatory_or_intronic
IFI30:P13284:OID31505:v1,IFI30,Oncology_II,IFI30,P13284,7,7,1,6,1082.56,0.9719959,4,cis_locus_linked;trans_other_gene_coding_or_splice;trans_other_or_unknown;trans_regulatory_or_intronic
IFIT3:O14879:OID31283:v1,IFIT3,Oncology_II,IFIT3,O14879,6,6,1,5,162.2,0.8954663,3,cis_target_regulatory_or_linked;trans_other_gene_coding_or_splice;trans_regulatory_or_intronic
IFNAR1:P17181:OID31491:v1,IFNAR1,Oncology_II,IFNAR1,P17181,3,3,1,2,878.022,0.7387118,3,cis_target_regulatory_or_linked;trans_other_gene_coding_or_splice;trans_other_or_unknown
IL22:Q9GZX6:OID31407:v1,IL22,Oncology_II,IL22,Q9GZX6,2,2,0,2,19.7313,0.12153030000000001,2,trans_other_gene_coding_or_splice;trans_regulatory_or_intronic
IL2RG:P31785:OID31361:v1,IL2RG,Oncology_II,IL2RG,P31785,1,1,0,1,16.5529,0.0533341,1,trans_regulatory_or_intronic
IMMT:Q16891:OID31397:v1,IMMT,Oncology_II,IMMT,Q16891,2,2,1,1,79.956,0.1831035,2,cis_locus_linked;trans_regulatory_or_intronic
INSL4:Q14641:OID31370:v1,INSL4,Oncology_II,INSL4,Q14641,5,5,1,4,174.232,0.9950521,3,cis_target_regulatory_or_linked;trans_other_or_unknown;trans_regulatory_or_intronic
INSL5:Q9Y5Q6:OID31448:v1,INSL5,Oncology_II,INSL5,Q9Y5Q6,5,5,1,4,177.16,0.492688,3,cis_target_regulatory_or_linked;trans_other_or_unknown;trans_regulatory_or_intronic
IST1:P53990:OID31497:v1,IST1,Oncology_II,IST1,P53990,4,4,1,3,35.1046,0.4066365,2,cis_target_coding_or_splice;trans_regulatory_or_intronic
ITIH5:Q86UX2:OID31430:v1,ITIH5,Oncology_II,ITIH5,Q86UX2,1,1,1,0,54.6277,0.164799,1,cis_target_coding_or_splice
JPT2:Q9H910:OID31520:v1,JPT2,Oncology_II,JPT2,Q9H910,6,6,1,5,28.7383,0.3371124,3,cis_locus_linked;trans_other_gene_coding_or_splice;trans_regulatory_or_intronic
KAZN:Q674X7:OID31481:v1,KAZN,Oncology_II,KAZN,Q674X7,2,2,0,2,62.3307,0.1616207,1,trans_regulatory_or_intronic
KIAA2013:Q8IYS2:OID31392:v1,KIAA2013,Oncology_II,KIAA2013,Q8IYS2,1,1,0,1,14.4049,0.0537347,1,trans_regulatory_or_intronic
KIR2DL2:P43627:OID31431:v1,KIR2DL2,Oncology_II,KIR2DL2,P43627,7,7,1,6,2248.03,1.4345421,2,cis_locus_linked;trans_regulatory_or_intronic
KIR2DS4:P43632:OID31432:v1,KIR2DS4,Oncology_II,KIR2DS4,P43632,5,5,1,4,6574.73,1.4831641000000002,4,cis_locus_linked;trans_other_gene_coding_or_splice;trans_other_or_unknown;trans_regulatory_or_intronic
KIR3DL2:P43630:OID31191:v1,KIR3DL2,Oncology_II,KIR3DL2,P43630,1,1,1,0,89.4273,0.349056,1,cis_locus_linked
KLK15:Q9H2R5:OID31427:v1,KLK15,Oncology_II,KLK15,Q9H2R5,7,7,1,6,2940.01,1.8086411,2,cis_target_regulatory_or_linked;trans_regulatory_or_intronic
LACRT:Q9GZZ8:OID31367:v1,LACRT,Oncology_II,LACRT,Q9GZZ8,8,8,1,7,128.776,0.6377390000000001,2,cis_locus_linked;trans_regulatory_or_intronic
LARP1:Q6PKG0:OID31372:v1,LARP1,Oncology_II,LARP1,Q6PKG0,1,1,0,1,24.2398,0.0641112,1,trans_regulatory_or_intronic
LMNB1:P20700:OID31501:v1,LMNB1,Oncology_II,LMNB1,P20700,3,3,0,3,129.518,0.5055198,2,trans_other_gene_coding_or_splice;trans_regulatory_or_intronic
LRRC37A2:A6NM11:OID31440:v1,LRRC37A2,Oncology_II,LRRC37A2,A6NM11,7,7,1,6,4817.2,1.7087048999999999,3,cis_locus_linked;trans_other_gene_coding_or_splice;trans_regulatory_or_intronic
LRRFIP1:Q32MZ4:OID31344:v1,LRRFIP1,Oncology_II,LRRFIP1,Q32MZ4,4,4,1,3,25.2053,0.2051479,2,cis_target_regulatory_or_linked;trans_regulatory_or_intronic
LSM8:O95777:OID31269:v1,LSM8,Oncology_II,LSM8,O95777,2,2,0,2,16.329,0.20546730000000002,1,trans_regulatory_or_intronic
LTB:Q06643:OID31383:v1,LTB,Oncology_II,LTB,Q06643,2,2,1,1,132.02,0.2218781,2,cis_locus_linked;trans_regulatory_or_intronic
LUZP2:Q86TE4:OID31402:v1,LUZP2,Oncology_II,LUZP2,Q86TE4,1,1,1,0,253.449,0.596967,1,cis_target_regulatory_or_linked
LYZL2:Q7Z4W2:OID31180:v1,LYZL2,Oncology_II,LYZL2,Q7Z4W2,2,2,1,1,265.039,0.9737089999999999,2,cis_locus_linked;trans_other_gene_coding_or_splice
MAMDC4:Q6UXC1:OID31342:v1,MAMDC4,Oncology_II,MAMDC4,Q6UXC1,5,5,0,5,111.978,0.6895979999999999,2,trans_other_gene_coding_or_splice;trans_regulatory_or_intronic
MANEAL:Q5VSG8:OID31244:v1,MANEAL,Oncology_II,MANEAL,Q5VSG8,1,1,0,1,18.9293,0.0855589,1,trans_regulatory_or_intronic
MAP2K1:Q02750:OID31468:v1,MAP2K1,Oncology_II,MAP2K1,Q02750,3,3,0,3,29.2153,0.1703959,1,trans_regulatory_or_intronic
MAPK13:O15264:OID31205:v1,MAPK13,Oncology_II,MAPK13,O15264,1,1,1,0,16.4726,0.058466,1,cis_target_regulatory_or_linked
MAPKAPK2:P49137:OID31293:v1,MAPKAPK2,Oncology_II,MAPKAPK2,P49137,2,2,0,2,13.4262,0.08927,1,trans_regulatory_or_intronic
MAPRE3:Q9UPY8:OID31177:v1,MAPRE3,Oncology_II,MAPRE3,Q9UPY8,3,3,0,3,63.7723,0.22343860000000001,1,trans_regulatory_or_intronic
MCTS1:Q9ULC4:OID31444:v1,MCTS1,Oncology_II,MCTS1,Q9ULC4,1,1,0,1,57.1848,0.105154,1,trans_other_or_unknown
MEP1A:Q16819:OID31459:v1,MEP1A,Oncology_II,MEP1A,Q16819,19,19,1,18,311.43,2.5014346,3,cis_target_regulatory_or_linked;trans_other_gene_coding_or_splice;trans_regulatory_or_intronic
MINDY1:Q8N5J2:OID31399:v1,MINDY1,Oncology_II,MINDY1,Q8N5J2,3,3,1,2,105.438,0.7382297999999999,2,cis_target_coding_or_splice;trans_regulatory_or_intronic
MPRIP:Q6WCQ1:OID31420:v1,MPRIP,Oncology_II,MPRIP,Q6WCQ1,1,1,0,1,18.4236,0.0633811,1,trans_regulatory_or_intronic
MTHFSD:Q2M296:OID31305:v1,MTHFSD,Oncology_II,MTHFSD,Q2M296,6,6,1,5,1204.29,0.6941091,3,cis_target_regulatory_or_linked;trans_other_gene_coding_or_splice;trans_regulatory_or_intronic
MTIF3:Q9H2K0:OID31513:v1,MTIF3,Oncology_II,MTIF3,Q9H2K0,7,7,1,6,47.0012,0.5094376,2,cis_target_coding_or_splice;trans_regulatory_or_intronic
MTSS1:O43312:OID31492:v1,MTSS1,Oncology_II,MTSS1,O43312,3,3,1,2,15.2579,0.2196084,2,cis_locus_linked;trans_regulatory_or_intronic
MTSS2:Q765P7:OID31409:v1,MTSS2,Oncology_II,MTSS2,Q765P7,5,5,0,5,31.0094,0.33233250000000003,1,trans_regulatory_or_intronic
MTUS1:Q9ULD2:OID31315:v1,MTUS1,Oncology_II,MTUS1,Q9ULD2,1,1,1,0,166.676,0.431213,1,cis_target_regulatory_or_linked
NAP1L4:Q99733:OID31475:v1,NAP1L4,Oncology_II,NAP1L4,Q99733,6,6,0,6,33.7712,0.3647602,2,trans_other_gene_coding_or_splice;trans_regulatory_or_intronic
NCR3LG1:Q68D85:OID31490:v1,NCR3LG1,Oncology_II,NCR3LG1,Q68D85,13,13,1,12,753.01,1.5946887,4,cis_target_regulatory_or_linked;trans_other_gene_coding_or_splice;trans_other_or_unknown;trans_regulatory_or_intronic
NDUFB7:P17568:OID31521:v1,NDUFB7,Oncology_II,NDUFB7,P17568,3,3,0,3,14.9864,0.1861292,1,trans_regulatory_or_intronic
NEK7:Q8TDX7:OID31250:v1,NEK7,Oncology_II,NEK7,Q8TDX7,1,1,0,1,11.7431,0.0446053,1,trans_regulatory_or_intronic
NENF:Q9UMX5:OID31354:v1,NENF,Oncology_II,NENF,Q9UMX5,1,1,0,1,41.457,0.0929955,1,trans_regulatory_or_intronic
NFU1:Q9UMS0:OID31510:v1,NFU1,Oncology_II,NFU1,Q9UMS0,7,7,1,6,78.4034,0.6579448999999999,3,cis_target_coding_or_splice;trans_other_gene_coding_or_splice;trans_regulatory_or_intronic
NMI:Q13287:OID31378:v1,NMI,Oncology_II,NMI,Q13287,3,3,1,2,1122.43,0.535577,2,cis_target_coding_or_splice;trans_regulatory_or_intronic
NUBP1:P53384:OID31412:v1,NUBP1,Oncology_II,NUBP1,P53384,1,1,0,1,29.613,0.0782537,1,trans_regulatory_or_intronic
NUDT16:Q96DE0:OID31484:v1,NUDT16,Oncology_II,NUDT16,Q96DE0,4,4,1,3,357.649,1.357183,2,cis_target_coding_or_splice;trans_regulatory_or_intronic
OGA:O60502:OID31465:v1,OGA,Oncology_II,OGA,O60502,3,3,0,3,19.208,0.1655845,1,trans_regulatory_or_intronic
OGT:O15294:OID31300:v1,OGT,Oncology_II,OGT,O15294,1,1,0,1,12.2879,0.0540367,1,trans_other_or_unknown
OTUD6B:Q8N6M0:OID31487:v1,OTUD6B,Oncology_II,OTUD6B,Q8N6M0,2,2,0,2,24.3902,0.1079099,1,trans_regulatory_or_intronic
PAFAH2:Q99487:OID31286:v1,PAFAH2,Oncology_II,PAFAH2,Q99487,1,1,0,1,15.3129,0.0513607,1,trans_regulatory_or_intronic
PAIP2B:Q9ULR5:OID31228:v1,PAIP2B,Oncology_II,PAIP2B,Q9ULR5,1,1,0,1,12.9615,0.0558752,1,trans_regulatory_or_intronic
PALM:O75781:OID31515:v1,PALM,Oncology_II,PALM,O75781,6,6,1,5,134.534,0.8986666,4,cis_target_regulatory_or_linked;trans_other_gene_coding_or_splice;trans_other_or_unknown;trans_regulatory_or_intronic
PARD3:Q8TEW0:OID31301:v1,PARD3,Oncology_II,PARD3,Q8TEW0,1,1,1,0,24.0401,0.0718759,1,cis_target_regulatory_or_linked
PBK:Q96KB5:OID31158:v1,PBK,Oncology_II,PBK,Q96KB5,1,1,1,0,12.2268,0.0486006,1,cis_locus_linked
PBXIP1:Q96AQ6:OID31435:v1,PBXIP1,Oncology_II,PBXIP1,Q96AQ6,2,2,0,2,12.543,0.23738529999999997,2,trans_other_gene_coding_or_splice;trans_regulatory_or_intronic
PCDH7:O60245:OID31456:v1,PCDH7,Oncology_II,PCDH7,O60245,6,6,1,5,69.9673,0.4372399,3,cis_target_regulatory_or_linked;trans_other_or_unknown;trans_regulatory_or_intronic
PCDH9:Q9HC56:OID31516:v1,PCDH9,Oncology_II,PCDH9,Q9HC56,12,12,0,12,38.3742,0.6732891,3,trans_other_gene_coding_or_splice;trans_other_or_unknown;trans_regulatory_or_intronic
PCDHB15:Q9Y5E8:OID31377:v1,PCDHB15,Oncology_II,PCDHB15,Q9Y5E8,7,7,1,6,685.918,0.8595973,3,cis_locus_linked;trans_other_gene_coding_or_splice;trans_regulatory_or_intronic
PCNA:P12004:OID31161:v1,PCNA,Oncology_II,PCNA,P12004,1,1,0,1,10.9838,0.0508019,1,trans_regulatory_or_intronic
PCSK7:Q16549:OID31410:v1,PCSK7,Oncology_II,PCSK7,Q16549,2,2,1,1,579.243,0.494025,2,cis_locus_linked;trans_regulatory_or_intronic
PCYT2:Q99447:OID31519:v1,PCYT2,Oncology_II,PCYT2,Q99447,5,5,0,5,35.7641,0.3176654,1,trans_regulatory_or_intronic
PDIA5:Q14554:OID31209:v1,PDIA5,Oncology_II,PDIA5,Q14554,3,3,1,2,321.303,0.6179813000000001,2,cis_target_regulatory_or_linked;trans_regulatory_or_intronic
PHLDB1:Q86UU1:OID31467:v1,PHLDB1,Oncology_II,PHLDB1,Q86UU1,3,3,1,2,30.2716,0.1711122,2,cis_target_regulatory_or_linked;trans_regulatory_or_intronic
PITHD1:Q9GZP4:OID31215:v1,PITHD1,Oncology_II,PITHD1,Q9GZP4,1,1,0,1,13.9234,0.0554142,1,trans_other_or_unknown
PKN3:Q6P5Z2:OID31311:v1,PKN3,Oncology_II,PKN3,Q6P5Z2,2,2,1,1,119.936,0.2921134,2,cis_target_regulatory_or_linked;trans_regulatory_or_intronic
PPIE:Q9UNP9:OID31279:v1,PPIE,Oncology_II,PPIE,Q9UNP9,1,1,1,0,14.4901,0.0511199,1,cis_target_regulatory_or_linked
PPP1CC:P36873:OID31360:v1,PPP1CC,Oncology_II,PPP1CC,P36873,2,2,0,2,12.0672,0.0884253,1,trans_regulatory_or_intronic
PPP1R12B:O60237:OID31304:v1,PPP1R12B,Oncology_II,PPP1R12B,O60237,1,1,0,1,15.9367,0.0622538,1,trans_regulatory_or_intronic
PPP2R5A:Q15172:OID31502:v1,PPP2R5A,Oncology_II,PPP2R5A,Q15172,5,5,1,4,44.2332,0.5036846,2,cis_target_coding_or_splice;trans_regulatory_or_intronic
PRUNE2:Q8WUY3:OID31270:v1,PRUNE2,Oncology_II,PRUNE2,Q8WUY3,1,1,0,1,36.2498,0.219031,1,trans_regulatory_or_intronic
PSAPL1:Q6NUJ1:OID31473:v1,PSAPL1,Oncology_II,PSAPL1,Q6NUJ1,28,28,1,27,1395.41,2.734903,4,cis_locus_linked;trans_other_gene_coding_or_splice;trans_other_or_unknown;trans_regulatory_or_intronic
PSCA:O43653:OID31493:v1,PSCA,Oncology_II,PSCA,O43653,5,5,1,4,7487.81,1.5916825,3,cis_target_regulatory_or_linked;trans_other_gene_coding_or_splice;trans_regulatory_or_intronic
PTPRH:Q9HD43:OID31433:v1,PTPRH,Oncology_II,PTPRH,Q9HD43,17,17,0,17,198.691,1.1880103,3,trans_other_gene_coding_or_splice;trans_other_or_unknown;trans_regulatory_or_intronic
PTPRK:Q15262:OID31461:v1,PTPRK,Oncology_II,PTPRK,Q15262,5,5,0,5,85.696,0.4058815,2,trans_other_gene_coding_or_splice;trans_regulatory_or_intronic
PXDNL:A1KZ92:OID31405:v1,PXDNL,Oncology_II,PXDNL,A1KZ92,1,1,1,0,301.491,0.344539,1,cis_target_coding_or_splice
RAB2B:Q8WUD1:OID31362:v1,RAB2B,Oncology_II,RAB2B,Q8WUD1,2,2,0,2,27.9628,0.1240375,1,trans_regulatory_or_intronic
RAB44:Q7Z6P3:OID31346:v1,RAB44,Oncology_II,RAB44,Q7Z6P3,1,1,0,1,25.7484,0.0786163,1,trans_other_gene_coding_or_splice
RALY:Q9UKM9:OID31382:v1,RALY,Oncology_II,RALY,Q9UKM9,1,1,0,1,23.9639,0.161237,1,trans_other_gene_coding_or_splice
RAPGEF2:Q9Y4G8:OID31337:v1,RAPGEF2,Oncology_II,RAPGEF2,Q9Y4G8,2,2,0,2,13.748,0.0921732,1,trans_regulatory_or_intronic
RBP7:Q96R05:OID31526:v1,RBP7,Oncology_II,RBP7,Q96R05,5,5,1,4,431.403,0.7491553,3,cis_locus_linked;trans_other_gene_coding_or_splice;trans_regulatory_or_intronic
RCC1:P18754:OID31356:v1,RCC1,Oncology_II,RCC1,P18754,2,2,0,2,15.0722,0.13218069999999998,1,trans_regulatory_or_intronic
REG3G:Q6UW15:OID31408:v1,REG3G,Oncology_II,REG3G,Q6UW15,1,1,0,1,18.82,0.0920909,1,trans_regulatory_or_intronic
RFC4:P35249:OID31376:v1,RFC4,Oncology_II,RFC4,P35249,1,1,0,1,11.9111,0.0446911,1,trans_regulatory_or_intronic
RNF4:P78317:OID31321:v1,RNF4,Oncology_II,RNF4,P78317,1,1,0,1,13.5773,0.0592195,1,trans_regulatory_or_intronic
RNF43:Q68DV7:OID31291:v1,RNF43,Oncology_II,RNF43,Q68DV7,4,4,1,3,65.5076,0.5050224,2,cis_target_coding_or_splice;trans_other_gene_coding_or_splice
RPE:Q96AT9:OID31324:v1,RPE,Oncology_II,RPE,Q96AT9,3,3,1,2,16.2701,0.1498507,2,cis_locus_linked;trans_regulatory_or_intronic
S100A3:P33764:OID31352:v1,S100A3,Oncology_II,S100A3,P33764,1,1,0,1,13.1296,0.070304,1,trans_regulatory_or_intronic
SAT2:Q96F10:OID31306:v1,SAT2,Oncology_II,SAT2,Q96F10,1,1,1,0,1623.41,1.02388,1,cis_target_coding_or_splice
SDCCAG8:Q86SQ7:OID31423:v1,SDCCAG8,Oncology_II,SDCCAG8,Q86SQ7,3,3,1,2,238.794,0.3267035,2,cis_target_regulatory_or_linked;trans_regulatory_or_intronic
SDHB:P21912:OID31436:v1,SDHB,Oncology_II,SDHB,P21912,7,7,1,6,57.5358,0.5229763,3,cis_locus_linked;trans_other_or_unknown;trans_regulatory_or_intronic
SERPINH1:P50454:OID31322:v1,SERPINH1,Oncology_II,SERPINH1,P50454,6,6,1,5,93.6944,0.4719664,2,cis_locus_linked;trans_regulatory_or_intronic
SERPINI2:O75830:OID31504:v1,SERPINI2,Oncology_II,SERPINI2,O75830,27,27,1,26,2170.26,4.175821200000001,4,cis_target_regulatory_or_linked;trans_other_gene_coding_or_splice;trans_other_or_unknown;trans_regulatory_or_intronic
SH3BP1:Q9Y3L3:OID31439:v1,SH3BP1,Oncology_II,SH3BP1,Q9Y3L3,2,2,1,1,273.686,0.3293955,2,cis_locus_linked;trans_regulatory_or_intronic
SHPK:Q9UHJ6:OID31292:v1,SHPK,Oncology_II,SHPK,Q9UHJ6,1,1,1,0,29.7604,0.118716,1,cis_target_regulatory_or_linked
SLC28A1:O00337:OID31220:v1,SLC28A1,Oncology_II,SLC28A1,O00337,1,1,0,1,11.7258,0.056016,1,trans_regulatory_or_intronic
SLC34A3:Q8N130:OID31203:v1,SLC34A3,Oncology_II,SLC34A3,Q8N130,1,1,0,1,11.1774,0.046055,1,trans_regulatory_or_intronic
SLC9A3R2:Q15599:OID31445:v1,SLC9A3R2,Oncology_II,SLC9A3R2,Q15599,4,4,1,3,61.0628,0.3056876,2,cis_locus_linked;trans_regulatory_or_intronic
SLIRP:Q9GZT3:OID31174:v1,SLIRP,Oncology_II,SLIRP,Q9GZT3,1,1,0,1,15.9302,0.0959517,1,trans_regulatory_or_intronic
SLMAP:Q14BN4:OID31441:v1,SLMAP,Oncology_II,SLMAP,Q14BN4,2,2,1,1,30.6883,0.1834862,2,cis_locus_linked;trans_regulatory_or_intronic
SMAD2:Q15796:OID31353:v1,SMAD2,Oncology_II,SMAD2,Q15796,4,4,0,4,12.7578,0.2036125,2,trans_other_gene_coding_or_splice;trans_regulatory_or_intronic
SMAD3:P84022:OID31418:v1,SMAD3,Oncology_II,SMAD3,P84022,5,5,0,5,67.0423,0.44778670000000004,2,trans_other_gene_coding_or_splice;trans_regulatory_or_intronic
SMNDC1:O75940:OID31471:v1,SMNDC1,Oncology_II,SMNDC1,O75940,2,2,0,2,103.003,0.2066196,2,trans_other_gene_coding_or_splice;trans_regulatory_or_intronic
SNX18:Q96RF0:OID31476:v1,SNX18,Oncology_II,SNX18,Q96RF0,1,1,1,0,28.2134,0.0875426,1,cis_target_regulatory_or_linked
SNX2:O60749:OID31374:v1,SNX2,Oncology_II,SNX2,O60749,3,3,1,2,53.4164,0.22687980000000002,3,cis_locus_linked;trans_other_or_unknown;trans_regulatory_or_intronic
SPINT3:P49223:OID31509:v1,SPINT3,Oncology_II,SPINT3,P49223,1,1,1,0,142.825,0.0977248,1,cis_target_coding_or_splice
SPRING1:Q9H741:OID31197:v1,SPRING1,Oncology_II,SPRING1,Q9H741,1,1,0,1,22.5814,0.0848877,1,trans_other_or_unknown
SPRR1B:P22528:OID31296:v1,SPRR1B,Oncology_II,SPRR1B,P22528,1,1,0,1,14.3218,0.0494406,1,trans_regulatory_or_intronic
SSH3:Q8TE77:OID31216:v1,SSH3,Oncology_II,SSH3,Q8TE77,1,1,0,1,21.9019,0.0880039,1,trans_regulatory_or_intronic
SSNA1:O43805:OID31453:v1,SSNA1,Oncology_II,SSNA1,O43805,7,7,0,7,46.6363,0.4776666,3,trans_other_gene_coding_or_splice;trans_other_or_unknown;trans_regulatory_or_intronic
STAU1:O95793:OID31210:v1,STAU1,Oncology_II,STAU1,O95793,4,4,0,4,49.3016,0.329197,1,trans_regulatory_or_intronic
STOML2:Q9UJZ1:OID31183:v1,STOML2,Oncology_II,STOML2,Q9UJZ1,1,1,0,1,14.6293,0.0549626,1,trans_regulatory_or_intronic
SUGP1:Q8IWZ8:OID31524:v1,SUGP1,Oncology_II,SUGP1,Q8IWZ8,1,1,1,0,319.326,0.324103,1,cis_target_coding_or_splice
SUSD4:Q5VX71:OID31398:v1,SUSD4,Oncology_II,SUSD4,Q5VX71,3,3,1,2,787.428,0.7236106,2,cis_target_regulatory_or_linked;trans_other_gene_coding_or_splice
SWAP70:Q9UH65:OID31477:v1,SWAP70,Oncology_II,SWAP70,Q9UH65,2,2,1,1,115.285,0.342495,2,cis_locus_linked;trans_regulatory_or_intronic
TAB2:Q9NYJ8:OID31319:v1,TAB2,Oncology_II,TAB2,Q9NYJ8,2,2,0,2,17.0333,0.0973242,1,trans_regulatory_or_intronic
TADA3:O75528:OID31422:v1,TADA3,Oncology_II,TADA3,O75528,2,2,0,2,20.282,0.1087217,1,trans_regulatory_or_intronic
TDP1:Q9NUW8:OID31403:v1,TDP1,Oncology_II,TDP1,Q9NUW8,3,3,1,2,41.5121,0.3823226,2,cis_locus_linked;trans_regulatory_or_intronic
TET2:Q6N021:OID31266:v1,TET2,Oncology_II,TET2,Q6N021,1,1,0,1,15.7017,0.0737539,1,trans_regulatory_or_intronic
TG:P01266:OID31359:v1,TG,Oncology_II,TG,P01266,26,26,1,25,64.7112,2.0315091,4,cis_locus_linked;trans_other_gene_coding_or_splice;trans_other_or_unknown;trans_regulatory_or_intronic
TGFB2:P61812:OID31417:v1,TGFB2,Oncology_II,TGFB2,P61812,1,1,1,0,103.298,0.203319,1,cis_locus_linked
THAP12:O43422:OID31238:v1,THAP12,Oncology_II,THAP12,O43422,1,1,0,1,31.8484,0.0999827,1,trans_regulatory_or_intronic
THTPA:Q9BU02:OID31375:v1,THTPA,Oncology_II,THTPA,Q9BU02,6,6,1,5,1071.87,1.0051192,3,cis_locus_linked;trans_other_gene_coding_or_splice;trans_regulatory_or_intronic
TIGIT:Q495A1:OID31320:v1,TIGIT,Oncology_II,TIGIT,Q495A1,2,2,1,1,41.3571,0.1704949,2,cis_target_regulatory_or_linked;trans_regulatory_or_intronic
TK1:P04183:OID31294:v1,TK1,Oncology_II,TK1,P04183,3,3,1,2,30.2714,0.48252059999999997,2,cis_locus_linked;trans_regulatory_or_intronic
TMED8:Q6PL24:OID31462:v1,TMED8,Oncology_II,TMED8,Q6PL24,6,6,1,5,27.7652,0.3166319,2,cis_locus_linked;trans_regulatory_or_intronic
TMEM106A:Q96A25:OID31411:v1,TMEM106A,Oncology_II,TMEM106A,Q96A25,16,16,1,15,99.6837,1.5790024,3,cis_locus_linked;trans_other_gene_coding_or_splice;trans_regulatory_or_intronic
TNFAIP2:Q03169:OID31446:v1,TNFAIP2,Oncology_II,TNFAIP2,Q03169,4,4,0,4,39.6013,0.2201754,1,trans_regulatory_or_intronic
TOP1:P11387:OID31449:v1,TOP1,Oncology_II,TOP1,P11387,10,10,0,10,2715.48,1.319291,3,trans_other_gene_coding_or_splice;trans_other_or_unknown;trans_regulatory_or_intronic
TRDMT1:O14717:OID31335:v1,TRDMT1,Oncology_II,TRDMT1,O14717,4,4,1,3,110.481,0.31623100000000004,3,cis_target_regulatory_or_linked;trans_other_or_unknown;trans_regulatory_or_intronic
TRIM24:O15164:OID31271:v1,TRIM24,Oncology_II,TRIM24,O15164,1,1,0,1,46.1104,0.090275,1,trans_regulatory_or_intronic
TRIM25:Q14258:OID31482:v1,TRIM25,Oncology_II,TRIM25,Q14258,1,1,1,0,45.8168,0.0973897,1,cis_target_coding_or_splice
TRIM58:Q8NG06:OID31429:v1,TRIM58,Oncology_II,TRIM58,Q8NG06,4,4,1,3,223.3,0.3656854,2,cis_target_regulatory_or_linked;trans_regulatory_or_intronic
TSPAN8:P19075:OID31470:v1,TSPAN8,Oncology_II,TSPAN8,P19075,18,18,1,17,1379.45,2.2696747,4,cis_target_coding_or_splice;trans_other_gene_coding_or_splice;trans_other_or_unknown;trans_regulatory_or_intronic
TXK:P42681:OID31262:v1,TXK,Oncology_II,TXK,P42681,1,1,0,1,15.8677,0.0698312,1,trans_other_or_unknown
UFD1:Q92890:OID31486:v1,UFD1,Oncology_II,UFD1,Q92890,5,5,0,5,17.5055,0.24998130000000002,1,trans_regulatory_or_intronic
UNC79:Q9P2D8:OID31181:v1,UNC79,Oncology_II,UNC79,Q9P2D8,2,2,0,2,81.9588,0.1676996,1,trans_regulatory_or_intronic
USP25:Q9UHP3:OID31428:v1,USP25,Oncology_II,USP25,Q9UHP3,4,4,0,4,34.8215,0.2125639,1,trans_regulatory_or_intronic
VCPKMT:Q9H867:OID31179:v1,VCPKMT,Oncology_II,VCPKMT,Q9H867,2,2,0,2,13.4348,0.11516399999999999,1,trans_regulatory_or_intronic
VPS28:Q9UK41:OID31273:v1,VPS28,Oncology_II,VPS28,Q9UK41,4,4,0,4,41.6592,0.23006110000000002,1,trans_regulatory_or_intronic
VPS4B:O75351:OID31386:v1,VPS4B,Oncology_II,VPS4B,O75351,5,5,1,4,21.3038,0.3493103,2,cis_target_regulatory_or_linked;trans_regulatory_or_intronic
VSIG10:Q8N0Z9:OID31400:v1,VSIG10,Oncology_II,VSIG10,Q8N0Z9,2,2,1,1,2873.0,0.8999950000000001,2,cis_target_coding_or_splice;trans_regulatory_or_intronic
VSIG2:Q96IQ7:OID31371:v1,VSIG2,Oncology_II,VSIG2,Q96IQ7,6,6,1,5,202.074,0.8453980999999999,3,cis_locus_linked;trans_other_gene_coding_or_splice;trans_regulatory_or_intronic
WDR46:O15213:OID31389:v1,WDR46,Oncology_II,WDR46,O15213,1,1,0,1,11.1278,0.0757249,1,trans_other_gene_coding_or_splice
WFDC1:Q9HC57:OID31366:v1,WFDC1,Oncology_II,WFDC1,Q9HC57,4,4,1,3,398.995,0.6256507,2,cis_target_regulatory_or_linked;trans_regulatory_or_intronic
YARS1:P54577:OID31494:v1,YARS1,Oncology_II,YARS1,P54577,5,5,0,5,22.1038,0.2744708,2,trans_other_gene_coding_or_splice;trans_regulatory_or_intronic
YJU2:Q9BW85:OID31404:v1,YJU2,Oncology_II,YJU2,Q9BW85,1,1,1,0,16.7078,0.0611568,1,cis_locus_linked
ZFYVE19:Q96K21:OID31452:v1,ZFYVE19,Oncology_II,ZFYVE19,Q96K21,5,5,1,4,744.49,0.6189972,3,cis_target_regulatory_or_linked;trans_other_gene_coding_or_splice;trans_regulatory_or_intronic
ZNF830:Q96NB3:OID31350:v1,ZNF830,Oncology_II,ZNF830,Q96NB3,3,3,0,3,14.6677,0.155032,1,trans_regulatory_or_intronic
ZNRD2:O60232:OID31450:v1,ZNRD2,Oncology_II,ZNRD2,O60232,12,12,0,12,44.7065,0.8278213999999999,1,trans_regulatory_or_intronic
ZNRF4:Q8WWF5:OID31347:v1,ZNRF4,Oncology_II,ZNRF4,Q8WWF5,2,2,0,2,167.525,0.2589624,1,trans_regulatory_or_intronic
