protein_id,assay_target,gene_symbol,uniprot,hpa_has_match,RNA tissue specificity,RNA tissue distribution,RNA tissue specificity score,hpa_top_rna_tissue,hpa_top_rna_ntpm,Protein tissue specificity,Protein tissue distribution,Protein tissue specificity score,hpa_top_protein_tissue,hpa_top_protein_intensity,Secretome location,Protein class,rna_tissue_prior,protein_tissue_prior,hpa_tissue_prior
ACAN:P16112:OID20159:v1,ACAN,ACAN,P16112,1,Tissue enriched,Detected in some,12,blood vessel,35.7,Tissue enriched,Detected in many,,blood vessel,751269559.7,Secreted to extracellular matrix,"Disease related genes, Human disease related genes, Predicted intracellular proteins, Predicted secreted proteins",0.7945197902927085,1.0,1.0
ACE2:Q9BYF1:OID20105:v1,ACE2,ACE2,Q9BYF1,1,Tissue enhanced,Detected in many,,intestine,230.5,Group enriched,Detected in some,,pancreas,19350961.8,Secreted to blood,"Enzymes, Metabolic proteins, Predicted membrane proteins, Predicted secreted proteins, Transporters",0.8226139274714841,0.9324999999999999,0.9324999999999999
ACOX1:Q15067:OID20124:v1,ACOX1,ACOX1,Q15067,1,Tissue enhanced,Detected in all,,liver,113.3,Tissue enriched,Detected in all,,liver,58394914.8,,"Disease related genes, Enzymes, Human disease related genes, Metabolic proteins, Potential drug targets, Predicted intracellular proteins",0.8021832326424088,1.0,1.0
ACP5:P13686:OID20314:v1,ACP5,ACP5,P13686,1,Tissue enhanced,Detected in all,,lung,155.5,Tissue enhanced,Detected in many,,liver,6125966.7,Intracellular and membrane,"Disease related genes, Enzymes, Human disease related genes, Metabolic proteins, Plasma proteins, Potential drug targets, Predicted intracellular proteins",0.8112797905379139,0.865,0.865
ACY1:Q03154:OID20137:v1,ACY1,ACY1,Q03154,1,Group enriched,Detected in all,7,kidney,420.7,Group enriched,Detected in all,,kidney,3940434378.6,,"Disease related genes, Enzymes, Human disease related genes, Metabolic proteins, Plasma proteins, Potential drug targets, Predicted intracellular proteins",0.7151749298947608,0.9324999999999999,0.9324999999999999
ADA2:Q9NZK5:OID20394:v1,ADA2,ADA2,Q9NZK5,1,Tissue enhanced,Detected in all,,lymphoid tissue,106.4,Tissue enhanced,Detected in many,,lymphoid tissue,16415617.4,Secreted to blood,"Disease related genes, Enzymes, Human disease related genes, Metabolic proteins, Plasma proteins, Potential drug targets, Predicted intracellular proteins, Predicted secreted proteins",0.8003806968536896,0.865,0.865
ADAM15:Q13444:OID20109:v1,ADAM15,ADAM15,Q13444,1,Low tissue specificity,Detected in all,,,0.0,Tissue enhanced,Detected in many,,skin,1133935.9,,"Predicted intracellular proteins, Predicted membrane proteins",0.5025,0.865,0.865
ADAMTS13:Q76LX8:OID20249:v1,ADAMTS13,ADAMTS13,Q76LX8,1,Tissue enhanced,Detected in many,,liver,62.5,Not detected,Not detected,,,0.0,Secreted to blood,"Disease related genes, Enzymes, Human disease related genes, Plasma proteins, Potential drug targets, Predicted intracellular proteins, Predicted secreted proteins",0.7851675276802946,0.35,0.7851675276802946
ADAMTS16:Q8TE57:OID20089:v1,ADAMTS16,ADAMTS16,Q8TE57,1,Tissue enhanced,Detected in many,,ovary,22.8,Group enriched,Detected in some,11707,ovary,1811748.1,Secreted to extracellular matrix,Predicted secreted proteins,0.756758520368025,0.9324999999999999,0.9324999999999999
ADGRE5:P48960:OID20260:v1,ADGRE5,ADGRE5,P48960,1,Tissue enhanced,Detected in many,,bone marrow,200.1,Tissue enhanced,Detected in all,,lymphoid tissue,22724087.1,Secreted to blood,"CD markers, G-protein coupled receptors, Predicted intracellular proteins, Predicted membrane proteins, Predicted secreted proteins, Transporters",0.8185385888252443,0.865,0.865
ADGRG2:Q8IZP9:OID20189:v1,ADGRG2,ADGRG2,Q8IZP9,1,Tissue enriched,Detected in many,8,epididymis,1159.4,Group enriched,Detected in some,1764,salivary gland,216268.6,,"Disease related genes, G-protein coupled receptors, Human disease related genes, Plasma proteins, Potential drug targets, Predicted membrane proteins, Transporters",0.8166323987123147,0.9324999999999999,0.9324999999999999
ADH4:P08319:OID20117:v1,ADH4,ADH4,P08319,1,Tissue enriched,Detected in some,31,liver,4815.9,Tissue enriched,Detected in many,,liver,1659068834.2,,"Enzymes, Metabolic proteins, Plasma proteins, Predicted intracellular proteins",0.9128333456414539,1.0,1.0
AGXT:P21549:OID20139:v1,AGXT,AGXT,P21549,1,Tissue enriched,Detected in some,190,liver,1191.5,Tissue enriched,Detected in some,,liver,484375116.1,,"Disease related genes, Enzymes, Human disease related genes, Metabolic proteins, Plasma proteins, Potential drug targets, Predicted intracellular proteins",1.0,1.0,1.0
AHCY:P23526:OID20199:v1,AHCY,AHCY,P23526,1,Low tissue specificity,Detected in all,,,0.0,Low tissue specificity,Detected in all,,,0.0,,"Disease related genes, Enzymes, Essential proteins, Human disease related genes, Metabolic proteins, Plasma proteins, Potential drug targets, Predicted intracellular proteins",0.5025,0.5025,0.5025
AK1:P00568:OID20122:v1,AK1,AK1,P00568,1,Tissue enhanced,Detected in all,,skeletal muscle,1262.8,Group enriched,Detected in all,,skeletal muscle,1650807628.7,,"Disease related genes, Enzymes, Human disease related genes, Metabolic proteins, Plasma proteins, Potential drug targets, Predicted intracellular proteins",0.865,0.9324999999999999,0.9324999999999999
ALCAM:Q13740:OID20273:v1,ALCAM,ALCAM,Q13740,1,Tissue enriched,Detected in many,5,parathyroid gland,412.8,Low tissue specificity,Detected in many,,,0.0,Secreted to blood,"Cancer-related genes, CD markers, Plasma proteins, Predicted membrane proteins, Predicted secreted proteins, Transporters",0.7603103292289346,0.5525,0.7603103292289346
AMY2A:P04746:OID20333:v1,AMY2A,AMY2A,P04746,1,Tissue enriched,Detected in some,4661,pancreas,145041.3,Tissue enriched,Detected in many,,pancreas,4295702774.4,Secreted to digestive system,"Enzymes, Essential proteins, FDA approved drug targets, Metabolic proteins, Predicted secreted proteins",1.0,1.0,1.0
AMY2B:P19961:OID20340:v1,AMY2B,AMY2B,P19961,1,Tissue enriched,Detected in all,129,pancreas,33016.8,Tissue enriched,Detected in many,,pancreas,105879832.2,Secreted to digestive system,"Enzymes, Metabolic proteins, Plasma proteins, Predicted secreted proteins",1.0,1.0,1.0
ANG:P03950:OID20403:v1,ANG,ANG,P03950,1,Tissue enriched,Detected in all,50,liver,2816.4,Tissue enriched,Detected in many,,blood vessel,36948837.1,Secreted to blood,"Cancer-related genes, Disease related genes, Human disease related genes, Plasma proteins, Predicted secreted proteins",0.9481805061063473,1.0,1.0
ANGPTL1:O95841:OID20211:v1,ANGPTL1,ANGPTL1,O95841,1,Tissue enhanced,Detected in many,,placenta,125.3,Tissue enriched,Detected in single,3154,salivary gland,315377.8,Secreted to blood,Predicted secreted proteins,0.805073289150264,1.0,1.0
ANGPTL3:Q9Y5C1:OID20407:v1,ANGPTL3,ANGPTL3,Q9Y5C1,1,Tissue enriched,Detected in some,13,liver,631.8,Tissue enriched,Detected in some,,liver,1957341.7,Secreted to blood,"Disease related genes, FDA approved drug targets, Human disease related genes, Plasma proteins, Predicted secreted proteins",0.836864046901688,1.0,1.0
ANPEP:P15144:OID20350:v1,ANPEP,ANPEP,P15144,1,Group enriched,Detected in many,6,intestine,2245.0,Tissue enhanced,Detected in all,,intestine,473504322.8,,"CD markers, Enzymes, Metabolic proteins, Plasma proteins, Predicted membrane proteins",0.7300732973134807,0.865,0.865
ANXA4:P09525:OID20123:v1,ANXA4,ANXA4,P09525,1,Tissue enhanced,Detected in all,,gallbladder,535.2,Tissue enhanced,Detected in all,,pancreas,1490358751.4,,"Cancer-related genes, FDA approved drug targets, Predicted intracellular proteins",0.8469287969119311,0.865,0.865
AOC3:Q16853:OID20389:v1,AOC3,AOC3,Q16853,1,Tissue enhanced,Detected in all,,adipose tissue,397.0,Tissue enhanced,Detected in all,,blood vessel,1150330047.7,,"Cancer-related genes, Enzymes, FDA approved drug targets, Metabolic proteins, Plasma proteins, Predicted intracellular proteins",0.8383004628622179,0.865,0.865
APLP1:P51693:OID20164:v1,APLP1,APLP1,P51693,1,Tissue enriched,Detected in many,8,brain,1120.2,Tissue enriched,Detected in single,545867,cerebral cortex,54586681.5,,"Plasma proteins, Predicted intracellular proteins, Predicted membrane proteins",0.8166323987123147,1.0,1.0
APOM:O95445:OID20374:v1,APOM,APOM,O95445,1,Tissue enriched,Detected in many,4,liver,448.8,Low tissue specificity,Detected in all,,,0.0,Secreted to blood,"Plasma proteins, Predicted intracellular proteins, Predicted secreted proteins",0.7488984015460489,0.5025,0.7488984015460489
ART3:Q13508:OID20346:v1,ART3,ART3,Q13508,1,Group enriched,Detected in many,10,skeletal muscle,190.7,Group enriched,Detected in some,,heart muscle,96554238.0,Intracellular and membrane,"Enzymes, Metabolic proteins, Predicted intracellular proteins, Predicted membrane proteins",0.716503589427228,0.9324999999999999,0.9324999999999999
AXL:P30530:OID20363:v1,AXL,AXL,P30530,1,Low tissue specificity,Detected in all,,,0.0,Low tissue specificity,Detected in many,,,0.0,,"Disease related genes, Enzymes, FDA approved drug targets, Plasma proteins, Predicted membrane proteins",0.5025,0.5525,0.5525
AZU1:P20160:OID20309:v1,AZU1,AZU1,P20160,1,Tissue enriched,Detected in some,46,bone marrow,1507.5,Tissue enhanced,Detected in all,,lung,77998765.9,Secreted to blood,"Enzymes, Plasma proteins, Predicted intracellular proteins, Predicted secreted proteins",0.9419862343098311,0.865,0.9419862343098311
BAG6:P46379:OID20114:v1,BAG6,BAG6,P46379,1,Low tissue specificity,Detected in all,,,0.0,Low tissue specificity,Detected in all,,,0.0,Intracellular and membrane,Predicted intracellular proteins,0.5025,0.5025,0.5025
BLMH:Q13867:OID20336:v1,BLMH,BLMH,Q13867,1,Tissue enhanced,Detected in all,,skin 1,128.4,Low tissue specificity,Detected in all,,,0.0,,"Cancer-related genes, Enzymes, Plasma proteins, Predicted intracellular proteins",0.8057752493003899,0.5025,0.8057752493003899
BMP6:P22004:OID20111:v1,BMP6,BMP6,P22004,1,Tissue enhanced,Detected in many,,ovary,19.2,Not detected,Not detected,,,0.0,Secreted to blood,Predicted secreted proteins,0.755,0.35,0.755
BOC:Q9BWV1:OID20116:v1,BOC,BOC,Q9BWV1,1,Low tissue specificity,Detected in many,,,0.0,Group enriched,Detected in some,79,ovary,11683.9,Intracellular and membrane,"Predicted intracellular proteins, Predicted membrane proteins",0.5525,0.9148227024167896,0.9148227024167896
BPIFB1:Q8TDL5:OID20308:v1,BPIFB1,BPIFB1,Q8TDL5,1,Group enriched,Detected in some,4,cervix,532.0,Tissue enhanced,Detected in all,,blood vessel,67017268.3,Secreted in other tissues,"Plasma proteins, Predicted secreted proteins",0.6863115411800902,0.865,0.865
C1QTNF1:Q9BXJ1:OID20367:v1,C1QTNF1,C1QTNF1,Q9BXJ1,1,Tissue enhanced,Detected in many,,blood vessel,292.8,Group enriched,Detected in some,745,salivary gland,110948.8,Secreted to blood,"Predicted intracellular proteins, Predicted secreted proteins",0.8295129823033914,0.9324999999999999,0.9324999999999999
C2:P06681:OID20410:v1,C2,C2,P06681,1,Tissue enriched,Detected in many,6,liver,454.7,Tissue enhanced,Detected in many,,intestine,101247584.0,Secreted to blood,"Disease related genes, Enzymes, Human disease related genes, Plasma proteins, Potential drug targets, Predicted intracellular proteins, Predicted secreted proteins",0.7747929235360984,0.865,0.865
CA1:P00915:OID20409:v1,CA1,CA1,P00915,1,Group enriched,Detected in many,63,intestine,1982.3,Low tissue specificity,Detected in all,,,0.0,,"Enzymes, FDA approved drug targets, Metabolic proteins, Plasma proteins, Predicted intracellular proteins",0.8979000147697447,0.5025,0.8979000147697447
CA13:Q8N1Q1:OID20225:v1,CA13,CA13,Q8N1Q1,1,Tissue enhanced,Detected in many,,intestine,13.8,Low tissue specificity,Detected in many,,,0.0,,"Enzymes, FDA approved drug targets, Metabolic proteins, Predicted intracellular proteins",0.755,0.5525,0.755
CA3:P07451:OID20271:v1,CA3,CA3,P07451,1,Tissue enriched,Detected in many,5,skeletal muscle,4941.5,Tissue enriched,Detected in all,,skeletal muscle,16090304584.4,,"Enzymes, FDA approved drug targets, Metabolic proteins, Plasma proteins, Predicted intracellular proteins",0.7858828684844481,1.0,1.0
CA4:P22748:OID20241:v1,CA4,CA4,P22748,1,Tissue enhanced,Detected in many,,intestine,247.2,Tissue enhanced,Detected in many,,heart muscle,127124526.2,,"Disease related genes, Enzymes, FDA approved drug targets, Human disease related genes, Metabolic proteins, Predicted intracellular proteins, Predicted membrane proteins",0.8246303544968798,0.865,0.865
CA5A:P35218:OID20075:v1,CA5A,CA5A,P35218,1,Tissue enriched,Detected in single,57,liver,30.1,Tissue enriched,Detected in single,82974,liver,8297367.3,,"Disease related genes, Enzymes, Essential proteins, FDA approved drug targets, Human disease related genes, Metabolic proteins, Predicted intracellular proteins",0.9579345487306867,1.0,1.0
CANT1:Q8WVQ1:OID20181:v1,CANT1,CANT1,Q8WVQ1,1,Low tissue specificity,Detected in all,,,0.0,Tissue enhanced,Detected in many,,intestine,15745012.0,,"Cancer-related genes, Disease related genes, Enzymes, Human disease related genes, Metabolic proteins, Potential drug targets, Predicted intracellular proteins, Predicted membrane proteins",0.5025,0.865,0.865
CASP3:P42574:OID20305:v1,CASP3,CASP3,P42574,1,Low tissue specificity,Detected in all,,,0.0,Tissue enhanced,Detected in many,,liver,14434052.4,,"Cancer-related genes, Enzymes, FDA approved drug targets, Plasma proteins, Predicted intracellular proteins",0.5025,0.865,0.865
CBLIF:P27352:OID20179:v1,CBLIF,CBLIF,P27352,1,Tissue enriched,Detected in single,2568,stomach 1,1485.0,Tissue enriched,Detected in some,,Stomach,11024223.7,Secreted to digestive system,"Disease related genes, Human disease related genes, Metabolic proteins, Predicted secreted proteins",1.0,1.0,1.0
CCDC80:Q76M96:OID20226:v1,CCDC80,CCDC80,Q76M96,1,Low tissue specificity,Detected in all,,,0.0,Group enriched,Detected in many,,blood vessel,2050155.2,Secreted to extracellular matrix,"Predicted intracellular proteins, Predicted secreted proteins",0.5025,0.9324999999999999,0.9324999999999999
CCL14:Q16627:OID20401:v1,CCL14,CCL14,Q16627,1,Tissue enhanced,Detected in many,,lymphoid tissue,696.1,Tissue enhanced,Detected in many,,kidney,11424204.7,Secreted to blood,"Cancer-related genes, Plasma proteins, Predicted secreted proteins",0.8545255825867153,0.865,0.865
CCL15:Q16663:OID20328:v1,CCL15,CCL15,Q16663,1,Group enriched,Detected in some,6,intestine,77.7,Not detected,Not detected,,,0.0,Secreted to blood,"Plasma proteins, Predicted intracellular proteins, Predicted secreted proteins",0.6800732973134807,0.35,0.6800732973134807
CCL16:O15467:OID20334:v1,CCL16,CCL16,O15467,1,Tissue enriched,Detected in some,44,liver,112.4,Not detected,Not detected,,,0.0,Secreted to blood,"Cancer-related genes, Plasma proteins, Predicted secreted proteins",0.8886884246159413,0.35,0.8886884246159413
CCL18:P55774:OID20395:v1,CCL18,CCL18,P55774,1,Tissue enriched,Detected in some,5,lung,46.6,Group enriched,Detected in some,,lung,744049.0,Secreted to blood,"Cancer-related genes, Plasma proteins, Predicted secreted proteins",0.7358828684844482,0.9324999999999999,0.9324999999999999
CCL27:Q9Y4X3:OID20121:v1,CCL27,CCL27,Q9Y4X3,1,Tissue enriched,Detected in some,18,skin 1,456.6,Not detected,Not detected,,,0.0,Secreted to blood,Predicted secreted proteins,0.8506394746882938,0.35,0.8506394746882938
CCL5:P13501:OID20412:v1,CCL5,CCL5,P13501,1,Tissue enhanced,Detected in many,,lymphoid tissue,126.6,Group enriched,Detected in some,841,bone marrow,96590.8,Secreted to blood,"Cancer-related genes, Human disease related genes, Plasma proteins, Predicted membrane proteins, Predicted secreted proteins",0.8053697345121664,0.9324999999999999,0.9324999999999999
CCN3:P48745:OID20299:v1,CCN3,CCN3,P48745,1,Group enriched,Detected in many,33,adrenal gland,1044.7,Tissue enriched,Detected in some,1,blood vessel,6706620.7,Secreted to blood,"Plasma proteins, Predicted secreted proteins, Transporters",0.8499309758784808,1.0,1.0
CD14:P08571:OID20378:v1,CD14,CD14,P08571,1,Tissue enhanced,Detected in all,,liver,425.8,Low tissue specificity,Detected in all,,,0.0,Secreted to blood,"Cancer-related genes, CD markers, Human disease related genes, Plasma proteins, Predicted secreted proteins, Transporters",0.8403229261388805,0.5025,0.8403229261388805
CD163:Q86VB7:OID20360:v1,CD163,CD163,Q86VB7,1,Tissue enhanced,Detected in all,,lymphoid tissue,224.8,Tissue enhanced,Detected in all,,lymphoid tissue,54790663.4,Secreted to blood,"CD markers, Plasma proteins, Predicted intracellular proteins, Predicted membrane proteins, Predicted secreted proteins",0.8218922280449719,0.865,0.865
CD209:Q9NNX6:OID20262:v1,CD209,CD209,Q9NNX6,1,Tissue enhanced,Detected in many,,adipose tissue,32.0,Group enriched,Detected in some,,lymphoid tissue,39565044.3,Intracellular and membrane,"CD markers, Predicted intracellular proteins, Predicted membrane proteins",0.7662196169397996,0.9324999999999999,0.9324999999999999
CD2AP:Q9Y5K6:OID20177:v1,CD2AP,CD2AP,Q9Y5K6,1,Low tissue specificity,Detected in all,,,0.0,Low tissue specificity,Detected in all,,,0.0,,"Disease related genes, Human disease related genes, Potential drug targets, Predicted intracellular proteins, Transporters",0.5025,0.5025,0.5025
CD46:P15529:OID20380:v1,CD46,CD46,P15529,1,Low tissue specificity,Detected in all,,,0.0,Low tissue specificity,Detected in many,,,0.0,,"Cancer-related genes, CD markers, Disease related genes, Human disease related genes, Plasma proteins, Predicted intracellular proteins, Predicted membrane proteins",0.5025,0.5525,0.5525
CD55:P08174:OID20377:v1,CD55,CD55,P08174,1,Low tissue specificity,Detected in all,,,0.0,Tissue enhanced,Detected in all,,skin,44003355.9,Secreted to blood,"Blood group antigen proteins, CD markers, Disease related genes, Human disease related genes, Plasma proteins, Predicted intracellular proteins, Predicted membrane proteins, Predicted secreted proteins",0.5025,0.865,0.865
CD59:P13987:OID20339:v1,CD59,CD59,P13987,1,Low tissue specificity,Detected in all,,,0.0,Low tissue specificity,Detected in all,,,0.0,Intracellular and membrane,"Cancer-related genes, CD markers, Disease related genes, Human disease related genes, Plasma proteins, Predicted intracellular proteins, Predicted membrane proteins",0.5025,0.5025,0.5025
CD69:Q07108:OID20206:v1,CD69,CD69,Q07108,1,Group enriched,Detected in many,5,bone marrow,159.6,Not detected,Not detected,,,0.0,,"CD markers, Predicted membrane proteins",0.6654112973040356,0.35,0.6654112973040356
CD93:Q9NPY3:OID20397:v1,CD93,CD93,Q9NPY3,1,Tissue enhanced,Detected in all,,placenta,129.3,Tissue enhanced,Detected in many,,lung,2600547.4,,"CD markers, Plasma proteins, Predicted membrane proteins",0.8059758962269461,0.865,0.865
CDH1:P12830:OID20353:v1,CDH1,CDH1,P12830,1,Tissue enhanced,Detected in many,,parathyroid gland,186.0,Low tissue specificity,Detected in all,,,0.0,,"Cancer-related genes, CD markers, Disease related genes, Human disease related genes, Plasma proteins, Potential drug targets, Predicted membrane proteins, Transporters",0.8164341957111143,0.5025,0.8164341957111143
CDH17:Q12864:OID20134:v1,CDH17,CDH17,Q12864,1,Tissue enriched,Detected in some,11,intestine,295.7,Tissue enriched,Detected in many,,intestine,286334198.1,,"Cancer-related genes, Plasma proteins, Predicted intracellular proteins, Predicted membrane proteins",0.8032468624314097,1.0,1.0
CDH2:P19022:OID20170:v1,CDH2,CDH2,P19022,1,Tissue enhanced,Detected in many,,heart muscle,183.5,Tissue enriched,Detected in many,,heart muscle,757947250.0,,"CD markers, Disease related genes, Human disease related genes, Plasma proteins, Predicted intracellular proteins, Predicted membrane proteins",0.8160445696843142,1.0,1.0
CDH5:P33151:OID20243:v1,CDH5,CDH5,P33151,1,Tissue enhanced,Detected in many,,placenta,221.7,Tissue enhanced,Detected in many,,lung,245021582.0,,"Cancer-related genes, CD markers, Plasma proteins, Predicted intracellular proteins, Predicted membrane proteins",0.8214920379124858,0.865,0.865
CDH6:P55285:OID20157:v1,CDH6,CDH6,P55285,1,Tissue enhanced,Detected in many,,kidney,13.8,Tissue enhanced,Detected in many,,kidney,12354431.3,,"Plasma proteins, Predicted membrane proteins",0.755,0.865,0.865
CDHR5:Q9HBB8:OID20193:v1,CDHR5,CDHR5,Q9HBB8,1,Group enriched,Detected in some,5,intestine,296.9,Group enriched,Detected in some,,kidney,20583493.5,,"Plasma proteins, Predicted intracellular proteins, Predicted membrane proteins",0.6832970401894651,0.9324999999999999,0.9324999999999999
CEACAM8:P31997:OID20102:v1,CEACAM8,CEACAM8,P31997,1,Tissue enriched,Detected in some,36,bone marrow,204.8,Tissue enriched,Detected in many,,bone marrow,509237153.3,Intracellular and membrane,"CD markers, Plasma proteins, Predicted intracellular proteins",0.8780509901219576,1.0,1.0
CEBPB:P17676:OID20052:v1,CEBPB,CEBPB,P17676,1,Low tissue specificity,Detected in all,,,0.0,Group enriched,Detected in some,,bone marrow,2387403.4,,"Predicted intracellular proteins, Transcription factors",0.5025,0.9324999999999999,0.9324999999999999
CELA3A:P09093:OID20298:v1,CELA3A,CELA3A,P09093,1,Tissue enriched,Detected in many,5205,pancreas,247619.6,Tissue enriched,Detected in many,,pancreas,624239795.1,Secreted to digestive system,"Enzymes, Predicted intracellular proteins, Predicted secreted proteins",1.0,1.0,1.0
CEP43:O95684:OID20084:v1,CEP43,CEP43,O95684,1,Tissue enhanced,Detected in all,,testis,43.6,Tissue enhanced,Detected in many,,lymphoid tissue,4462887.2,,"Cancer-related genes, Disease related genes, Predicted intracellular proteins, Predicted membrane proteins",0.7749397497909875,0.865,0.865
CES1:P23141:OID20244:v1,CES1,CES1,P23141,1,Tissue enriched,Detected in many,9,liver,2354.1,Tissue enriched,Detected in all,,liver,3098626102.5,Intracellular and membrane,"Enzymes, Metabolic proteins, Plasma proteins, Predicted intracellular proteins",0.8246226950319173,1.0,1.0
CGREF1:Q99674:OID20152:v1,CGREF1,CGREF1,Q99674,1,Tissue enhanced,Detected in many,,brain,44.6,Group enriched,Detected in many,,salivary gland,20333095.1,Secreted in brain,"Plasma proteins, Predicted intracellular proteins, Predicted membrane proteins, Predicted secreted proteins",0.7755816558421534,0.9324999999999999,0.9324999999999999
CHI3L1:P36222:OID20399:v1,CHI3L1,CHI3L1,P36222,1,Tissue enhanced,Detected in many,,liver,423.6,Tissue enriched,Detected in many,,bone marrow,76985208.5,Secreted to blood,"Cancer-related genes, Disease related genes, Human disease related genes, Metabolic proteins, Plasma proteins, Predicted intracellular proteins, Predicted secreted proteins",0.8401733197243088,1.0,1.0
CHIT1:Q13231:OID20312:v1,CHIT1,CHIT1,Q13231,1,Tissue enhanced,Detected in many,,bone marrow,47.0,Group enriched,Detected in some,,bone marrow,14913776.4,Secreted to blood,"Candidate cardiovascular disease genes, Enzymes, Metabolic proteins, Plasma proteins, Predicted secreted proteins",0.7770665339721783,0.9324999999999999,0.9324999999999999
CHL1:O00533:OID20366:v1,CHL1,CHL1,O00533,1,Tissue enhanced,Detected in many,,brain,62.8,Tissue enriched,Detected in all,,cerebral cortex,84780761.7,Secreted in brain,"Plasma proteins, Predicted membrane proteins, Predicted secreted proteins",0.785303971499844,1.0,1.0
CHRDL2:Q6WN34:OID20223:v1,CHRDL2,CHRDL2,Q6WN34,1,Tissue enhanced,Detected in many,,endometrium 1,118.1,Not detected,Not detected,,,0.0,Secreted to extracellular matrix,"Predicted intracellular proteins, Predicted secreted proteins",0.8033740957392914,0.35,0.8033740957392914
CLC:Q05315:OID20126:v1,CLC,CLC,Q05315,1,Tissue enriched,Detected in many,11,bone marrow,426.7,Tissue enriched,Detected in many,,bone marrow,164725669.5,,Predicted intracellular proteins,0.813833444228494,1.0,1.0
CLEC1A:Q8NC01:OID20099:v1,CLEC1A,CLEC1A,Q8NC01,1,Tissue enhanced,Detected in many,,lymphoid tissue,46.8,Not detected,Not detected,,,0.0,,"Predicted intracellular proteins, Predicted membrane proteins",0.776945662077203,0.35,0.776945662077203
CLEC5A:Q9NY25:OID20165:v1,CLEC5A,CLEC5A,Q9NY25,1,Tissue enriched,Detected in many,6,bone marrow,39.0,Tissue enriched,Detected in single,3942,bone marrow,394235.0,,"Predicted intracellular proteins, Predicted membrane proteins",0.7043618452341109,1.0,1.0
CLTA:P09496:OID20118:v1,CLTA,CLTA,P09496,1,Low tissue specificity,Detected in all,,,0.0,Tissue enhanced,Detected in all,,cerebral cortex,467065344.2,,"Plasma proteins, Predicted intracellular proteins, Transporters",0.5025,0.865,0.865
CLUL1:Q15846:OID20198:v1,CLUL1,CLUL1,Q15846,1,Tissue enriched,Detected in many,10,retina,275.9,Not detected,Not detected,,,0.0,Secreted in other tissues,"Predicted intracellular proteins, Predicted secreted proteins",0.7946487720070551,0.35,0.7946487720070551
CNDP1:Q96KN2:OID20347:v1,CNDP1,CNDP1,Q96KN2,1,Tissue enriched,Detected in some,5,brain,56.2,Tissue enhanced,Detected in many,,cerebral cortex,26500352.3,Secreted to blood,"Enzymes, Metabolic proteins, Plasma proteins, Predicted intracellular proteins, Predicted secreted proteins",0.7358828684844482,0.865,0.865
CNPY2:Q9Y2B0:OID20069:v1,CNPY2,CNPY2,Q9Y2B0,1,Low tissue specificity,Detected in all,,,0.0,Low tissue specificity,Detected in all,,,0.0,Intracellular and membrane,"Plasma proteins, Predicted intracellular proteins",0.5025,0.5025,0.5025
CNST:Q6PJW8:OID20127:v1,CNST,CNST,Q6PJW8,1,Low tissue specificity,Detected in all,,,0.0,Group enriched,Detected in some,137,fallopian tube,18101.9,,"Predicted intracellular proteins, Predicted membrane proteins",0.5025,0.9324999999999999,0.9324999999999999
CNTN1:Q12860:OID20307:v1,CNTN1,CNTN1,Q12860,1,Tissue enhanced,Detected in many,,brain,120.8,Tissue enriched,Detected in all,,cerebral cortex,1718372633.4,Intracellular and membrane,"Disease related genes, Human disease related genes, Plasma proteins, Predicted intracellular proteins",0.8040230369633063,1.0,1.0
COL18A1:P39060:OID20332:v1,COL18A1,COL18A1,P39060,1,Tissue enhanced,Detected in all,,liver,547.3,Tissue enriched,Detected in all,,blood vessel,1132362763.3,Secreted to extracellular matrix,"Cancer-related genes, Disease related genes, Human disease related genes, Plasma proteins, Predicted intracellular proteins, Predicted secreted proteins",0.847574799189359,1.0,1.0
COL1A1:P02452:OID20335:v1,COL1A1,COL1A1,P02452,1,Tissue enhanced,Detected in many,,cervix,1248.6,Group enriched,Detected in all,,skin,58314872273.5,Secreted to extracellular matrix,"Cancer-related genes, Disease related genes, FDA approved drug targets, Human disease related genes, Plasma proteins, Predicted intracellular proteins, Predicted secreted proteins",0.865,0.9324999999999999,0.9324999999999999
COL4A1:P02462:OID20208:v1,COL4A1,COL4A1,P02462,1,Tissue enhanced,Detected in many,,placenta,846.2,Tissue enriched,Detected in all,,blood vessel,308327365.9,Secreted to extracellular matrix,"Disease related genes, Human disease related genes, Predicted intracellular proteins, Predicted secreted proteins",0.8601708233869445,1.0,1.0
COL6A3:P12111:OID20292:v1,COL6A3,COL6A3,P12111,1,Tissue enhanced,Detected in many,,smooth muscle,391.7,Tissue enhanced,Detected in all,,skin,13807487261.7,Secreted to extracellular matrix,"Disease related genes, Human disease related genes, Plasma proteins, Predicted intracellular proteins, Predicted secreted proteins",0.8379123742955021,0.865,0.865
COMP:P49747:OID20405:v1,COMP,COMP,P49747,1,Tissue enriched,Detected in many,4,blood vessel,333.9,Tissue enriched,Detected in some,,blood vessel,152172542.8,Secreted to extracellular matrix,"Disease related genes, Human disease related genes, Plasma proteins, Predicted intracellular proteins, Predicted secreted proteins",0.7403593501786969,1.0,1.0
COMT:P21964:OID20086:v1,COMT,COMT,P21964,1,Low tissue specificity,Detected in all,,,0.0,Low tissue specificity,Detected in all,,,0.0,,"Disease related genes, Enzymes, FDA approved drug targets, Human disease related genes, Metabolic proteins, Plasma proteins, Predicted intracellular proteins",0.5025,0.5025,0.5025
CORO1A:P31146:OID20286:v1,CORO1A,CORO1A,P31146,1,Group enriched,Detected in many,4,lymphoid tissue,544.1,Tissue enhanced,Detected in all,,lymphoid tissue,787802333.3,,"Disease related genes, Human disease related genes, Plasma proteins, Predicted intracellular proteins",0.6869613786868896,0.865,0.865
CPA1:P15085:OID20280:v1,CPA1,CPA1,P15085,1,Tissue enriched,Detected in many,5428,pancreas,223994.4,Tissue enriched,Detected in many,,pancreas,2585492917.9,Secreted to digestive system,"Enzymes, Metabolic proteins, Predicted intracellular proteins, Predicted secreted proteins",1.0,1.0,1.0
CPB1:P15086:OID20289:v1,CPB1,CPB1,P15086,1,Tissue enriched,Detected in many,2700,pancreas,213987.3,Tissue enriched,Detected in many,,pancreas,3785392309.5,Secreted to digestive system,"Enzymes, Plasma proteins, Predicted secreted proteins",1.0,1.0,1.0
CR2:P20023:OID20393:v1,CR2,CR2,P20023,1,Tissue enriched,Detected in some,10,lymphoid tissue,163.6,Tissue enriched,Detected in single,131399,lymphoid tissue,13139895.5,,"CD markers, Disease related genes, Human disease related genes, Plasma proteins, Predicted intracellular proteins, Predicted membrane proteins",0.7818507972688543,1.0,1.0
CRTAC1:Q9NQ79:OID20279:v1,CRTAC1,CRTAC1,Q9NQ79,1,Tissue enhanced,Detected in many,,blood vessel,61.8,Low tissue specificity,Detected in all,,,0.0,Secreted to extracellular matrix,"Plasma proteins, Predicted intracellular proteins, Predicted secreted proteins",0.7848466353406887,0.5025,0.7848466353406887
CST3:P01034:OID20400:v1,CST3,CST3,P01034,1,Tissue enhanced,Detected in all,,brain,4698.8,Tissue enriched,Detected in all,,salivary gland,424078045.9,Secreted to blood,"Cancer-related genes, Disease related genes, Human disease related genes, Plasma proteins, Predicted secreted proteins",0.865,1.0,1.0
CST6:Q15828:OID20293:v1,CST6,CST6,Q15828,1,Tissue enriched,Detected in many,21,skin 1,1026.8,Group enriched,Detected in all,,skin,273319592.0,Secreted in other tissues,"Cancer-related genes, Disease related genes, Human disease related genes, Plasma proteins, Predicted secreted proteins",0.8844174663971451,0.9324999999999999,0.9324999999999999
CSTB:P04080:OID20294:v1,CSTB,CSTB,P04080,1,Tissue enriched,Detected in all,4,esophagus,20478.4,Low tissue specificity,Detected in all,,,0.0,,"Cancer-related genes, Disease related genes, Human disease related genes, Plasma proteins, Potential drug targets, Predicted intracellular proteins, Transporters",0.7720560259036267,0.5025,0.7720560259036267
CTF1:Q16619:OID20061:v1,CTF1,CTF1,Q16619,1,Low tissue specificity,Detected in all,,,0.0,Tissue enhanced,Detected in many,,skeletal muscle,296625.9,Secreted to blood,"Predicted intracellular proteins, Predicted secreted proteins",0.5025,0.865,0.865
CTSB:P07858:OID20276:v1,CTSB,CTSB,P07858,1,Tissue enhanced,Detected in all,,thyroid gland,991.2,Low tissue specificity,Detected in all,,,0.0,Secreted to blood,"Cancer-related genes, Candidate cardiovascular disease genes, Disease related genes, Enzymes, Human disease related genes, Metabolic proteins, Plasma proteins, Potential drug targets, Predicted intracellular proteins, Predicted secreted proteins",0.8647443800010182,0.5025,0.8647443800010182
CTSD:P07339:OID20358:v1,CTSD,CTSD,P07339,1,Low tissue specificity,Detected in all,,,0.0,Low tissue specificity,Detected in all,,,0.0,Secreted to blood,"Cancer-related genes, Disease related genes, Enzymes, Human disease related genes, Metabolic proteins, Plasma proteins, Potential drug targets, Predicted intracellular proteins, Predicted secreted proteins",0.5025,0.5025,0.5025
CTSH:P09668:OID20113:v1,CTSH,CTSH,P09668,1,Tissue enhanced,Detected in all,,lung,329.6,Tissue enhanced,Detected in all,,lung,126303449.6,Intracellular and membrane,"Cancer-related genes, Enzymes, Human disease related genes, Metabolic proteins, Plasma proteins, Predicted intracellular proteins",0.8329292251841047,0.865,0.865
CTSL:P07711:OID20228:v1,CTSL,CTSL,P07711,1,Tissue enhanced,Detected in all,,placenta,529.1,Tissue enriched,Detected in all,,kidney,61858970.7,Intracellular and membrane,"Cancer-related genes, Enzymes, Metabolic proteins, Plasma proteins, Predicted intracellular proteins",0.84659757780882,1.0,1.0
CTSZ:Q9UBR2:OID20365:v1,CTSZ,CTSZ,Q9UBR2,1,Low tissue specificity,Detected in all,,,0.0,Low tissue specificity,Detected in all,,,0.0,Intracellular and membrane,"Enzymes, Metabolic proteins, Plasma proteins, Predicted intracellular proteins",0.5025,0.5025,0.5025
CXCL16:Q9H2A7:OID20282:v1,CXCL16,CXCL16,Q9H2A7,1,Low tissue specificity,Detected in all,,,0.0,Not detected,Not detected,,,0.0,Secreted to blood,"Predicted intracellular proteins, Predicted membrane proteins, Predicted secreted proteins, Transporters",0.5025,0.35,0.5025
CXCL5:P42830:OID20207:v1,CXCL5,CXCL5,P42830,1,Group enriched,Detected in many,4,salivary gland,56.3,Not detected,Not detected,,,0.0,Secreted to blood,"Cancer-related genes, Plasma proteins, Predicted secreted proteins",0.621749377036635,0.35,0.621749377036635
DCN:P07585:OID20106:v1,DCN,DCN,P07585,1,Low tissue specificity,Detected in all,,,0.0,Tissue enriched,Detected in all,,skin,6524677189.6,Secreted to extracellular matrix,"Cancer-related genes, Disease related genes, Human disease related genes, Plasma proteins, Predicted intracellular proteins, Predicted secreted proteins",0.5025,1.0,1.0
DCTPP1:Q9H773:OID20148:v1,DCTPP1,DCTPP1,Q9H773,1,Low tissue specificity,Detected in all,,,0.0,Low tissue specificity,Detected in all,,,0.0,,"Enzymes, Metabolic proteins, Predicted intracellular proteins",0.5025,0.5025,0.5025
DDC:P20711:OID20215:v1,DDC,DDC,P20711,1,Tissue enhanced,Detected in many,,kidney,294.0,Group enriched,Detected in many,,intestine,38239545.2,,"Disease related genes, Enzymes, FDA approved drug targets, Human disease related genes, Metabolic proteins, Predicted intracellular proteins",0.8296309801982436,0.9324999999999999,0.9324999999999999
DEFA1_DEFA1B:P59665:OID20344:v1,DEFA1_DEFA1B,DEFA1;DEFA1B,P59665;P59665,0,,,,,0.0,,,,,0.0,,,0.4475,0.4475,0.4475
DIABLO:Q9NR28:OID20184:v1,DIABLO,DIABLO,Q9NR28,1,Low tissue specificity,Detected in all,,,0.0,Low tissue specificity,Detected in all,,,0.0,,"Disease related genes, Human disease related genes, Plasma proteins, Predicted intracellular proteins, Predicted membrane proteins",0.5025,0.5025,0.5025
DKK3:Q9UBP4:OID20264:v1,DKK3,DKK3,Q9UBP4,1,Tissue enhanced,Detected in many,,heart muscle,1240.0,Tissue enriched,Detected in many,,cerebral cortex,35939267.7,Secreted in other tissues,"Plasma proteins, Predicted secreted proteins",0.865,1.0,1.0
DLK1:P80370:OID20295:v1,DLK1,DLK1,P80370,1,Group enriched,Detected in many,4,placenta,1533.9,Not detected,Not detected,,,0.0,,"Predicted intracellular proteins, Predicted membrane proteins",0.7045560259036265,0.35,0.7045560259036265
DNAJB8:Q8NHS0:OID20093:v1,DNAJB8,DNAJB8,Q8NHS0,1,Tissue enriched,Detected in single,580,testis,57.9,Not detected,Not detected,,,0.0,,Predicted intracellular proteins,1.0,0.35,1.0
DOK2:O60496:OID20138:v1,DOK2,DOK2,O60496,1,Tissue enhanced,Detected in many,,lymphoid tissue,44.0,Tissue enhanced,Detected in many,,lymphoid tissue,5965511.8,,Predicted intracellular proteins,0.7751982227294404,0.865,0.865
DPP4:P27487:OID20406:v1,DPP4,DPP4,P27487,1,Tissue enhanced,Detected in many,,parathyroid gland,146.6,Tissue enhanced,Detected in many,,salivary gland,142050620.0,Secreted to blood,"CD markers, Enzymes, FDA approved drug targets, Plasma proteins, Predicted intracellular proteins, Predicted secreted proteins, Transporters",0.8095848368252959,0.865,0.865
DPP7:Q9UHL4:OID20142:v1,DPP7,DPP7,Q9UHL4,1,Low tissue specificity,Detected in all,,,0.0,Low tissue specificity,Detected in all,,,0.0,Secreted - unknown location,"Enzymes, Plasma proteins, Predicted secreted proteins",0.5025,0.5025,0.5025
DPT:Q07507:OID20278:v1,DPT,DPT,Q07507,1,Tissue enhanced,Detected in many,,intestine,431.1,Tissue enhanced,Detected in all,,skin,3652997666.5,Secreted to extracellular matrix,Predicted secreted proteins,0.8406801981482226,0.865,0.865
EDIL3:O43854:OID20081:v1,EDIL3,EDIL3,O43854,1,Tissue enhanced,Detected in many,,brain,174.8,Tissue enhanced,Detected in some,,bone marrow,2444354.0,Secreted to blood,Predicted secreted proteins,0.8146462720236671,0.865,0.865
EFEMP1:Q12805:OID20414:v1,EFEMP1,EFEMP1,Q12805,1,Tissue enhanced,Detected in many,,blood vessel,977.9,Tissue enriched,Detected in many,,blood vessel,453270233.7,Secreted to extracellular matrix,"Disease related genes, Human disease related genes, Plasma proteins, Predicted intracellular proteins, Predicted secreted proteins",0.8643537102484901,1.0,1.0
EGFR:P00533:OID20319:v1,EGFR,EGFR,P00533,1,Tissue enhanced,Detected in many,,placenta,61.8,Low tissue specificity,Detected in all,,,0.0,Secreted to blood,"Cancer-related genes, Disease related genes, Enzymes, FDA approved drug targets, Human disease related genes, Metabolic proteins, Plasma proteins, Predicted membrane proteins, Predicted secreted proteins, RAS pathway related proteins, Transporters",0.7848466353406887,0.5025,0.7848466353406887
EIF4EBP1:Q13541:OID20162:v1,EIF4EBP1,EIF4EBP1,Q13541,1,Tissue enhanced,Detected in all,,pancreas,309.6,Tissue enhanced,Detected in many,,salivary gland,16902571.6,,"Cancer-related genes, Predicted intracellular proteins",0.8311227267146795,0.865,0.865
ENG:P17813:OID20287:v1,ENG,ENG,P17813,1,Tissue enhanced,Detected in all,,heart muscle,518.6,Tissue enhanced,Detected in all,,ovary,10331372.8,,"Cancer-related genes, Candidate cardiovascular disease genes, CD markers, Disease related genes, Human disease related genes, Plasma proteins, Predicted membrane proteins",0.846018417487275,0.865,0.865
ENPP2:Q13822:OID20288:v1,ENPP2,ENPP2,Q13822,1,Tissue enriched,Detected in all,4,choroid plexus,1260.1,Low tissue specificity,Detected in many,,,0.0,Secreted to blood,"Cancer-related genes, Enzymes, Metabolic proteins, Plasma proteins, Predicted intracellular proteins, Predicted secreted proteins",0.7720560259036267,0.5525,0.7720560259036267
ENTPD5:O75356:OID20104:v1,ENTPD5,ENTPD5,O75356,1,Tissue enhanced,Detected in all,,liver,246.5,Tissue enriched,Detected in some,,liver,53502139.1,Secreted to blood,"Enzymes, Metabolic proteins, Plasma proteins, Predicted intracellular proteins, Predicted secreted proteins",0.8245485947340289,1.0,1.0
ENTPD6:O75354:OID20100:v1,ENTPD6,ENTPD6,O75354,1,Low tissue specificity,Detected in all,,,0.0,Group enriched,Detected in some,1975,salivary gland,299079.4,Secreted to blood,"Enzymes, Metabolic proteins, Predicted intracellular proteins, Predicted membrane proteins, Predicted secreted proteins",0.5025,0.9324999999999999,0.9324999999999999
EPHB4:P54760:OID20242:v1,EPHB4,EPHB4,P54760,1,Low tissue specificity,Detected in many,,,0.0,Low tissue specificity,Detected in many,,,0.0,,"Cancer-related genes, Disease related genes, Enzymes, Human disease related genes, Plasma proteins, Potential drug targets, Predicted intracellular proteins, Predicted membrane proteins, Transporters",0.5525,0.5525,0.5525
ESAM:Q96AP7:OID20270:v1,ESAM,ESAM,Q96AP7,1,Low tissue specificity,Detected in all,,,0.0,Low tissue specificity,Detected in many,,,0.0,,"Plasma proteins, Predicted membrane proteins",0.5025,0.5525,0.5525
F7:P08709:OID20372:v1,F7,F7,P08709,1,Tissue enriched,Detected in some,95,liver,128.6,Low tissue specificity,Detected in many,,,0.0,Secreted to blood,"Candidate cardiovascular disease genes, Disease related genes, Enzymes, FDA approved drug targets, Human disease related genes, Plasma proteins, Predicted secreted proteins",0.9461495449976113,0.5525,0.9461495449976113
F9:P00740:OID20349:v1,F9,F9,P00740,1,Tissue enriched,Detected in single,2787,liver,659.1,Group enriched,Detected in many,,kidney,102581062.4,Secreted to blood,"Candidate cardiovascular disease genes, Disease related genes, Enzymes, FDA approved drug targets, Human disease related genes, Plasma proteins, Predicted secreted proteins",1.0,0.9324999999999999,1.0
FABP2:P12104:OID20200:v1,FABP2,FABP2,P12104,1,Tissue enriched,Detected in some,172,intestine,517.8,Tissue enriched,Detected in some,,intestine,122819433.9,,"Cancer-related genes, Metabolic proteins, Plasma proteins, Predicted intracellular proteins",0.9809738122753845,1.0,1.0
FABP4:P15090:OID20245:v1,FABP4,FABP4,P15090,1,Group enriched,Detected in many,8,adipose tissue,3555.6,Group enriched,Detected in all,,intestine,624889636.1,,"Cancer-related genes, Metabolic proteins, Plasma proteins, Predicted intracellular proteins",0.7491323987123146,0.9324999999999999,0.9324999999999999
FABP6:P51161:OID20076:v1,FABP6,FABP6,P51161,1,Tissue enriched,Detected in many,84,intestine,4264.5,Tissue enriched,Detected in many,,intestine,1722455599.3,Intracellular and membrane,"Metabolic proteins, Predicted intracellular proteins",0.9869203326538165,1.0,1.0
FADD:Q13158:OID20151:v1,FADD,FADD,Q13158,1,Low tissue specificity,Detected in all,,,0.0,Low tissue specificity,Detected in all,,,0.0,,"Cancer-related genes, Disease related genes, Predicted intracellular proteins",0.5025,0.5025,0.5025
FAM3C:Q92520:OID20233:v1,FAM3C,FAM3C,Q92520,1,Low tissue specificity,Detected in all,,,0.0,Low tissue specificity,Detected in all,,,0.0,Secreted in other tissues,"Plasma proteins, Predicted intracellular proteins, Predicted secreted proteins",0.5025,0.5025,0.5025
FAP:Q12884:OID20330:v1,FAP,FAP,Q12884,1,Tissue enhanced,Detected in many,,endometrium 1,29.4,Group enriched,Detected in some,3627,skin,538235.3,Secreted to blood,"Cancer-related genes, Enzymes, Plasma proteins, Predicted intracellular proteins, Predicted secreted proteins",0.7638439369315873,0.9324999999999999,0.9324999999999999
FAS:P25445:OID20316:v1,FAS,FAS,P25445,1,Low tissue specificity,Detected in many,,,0.0,Low tissue specificity,Detected in many,,,0.0,Secreted to blood,"Cancer-related genes, Candidate cardiovascular disease genes, CD markers, Disease related genes, Human disease related genes, Predicted intracellular proteins, Predicted membrane proteins, Predicted secreted proteins",0.5525,0.5525,0.5525
FBP1:P09467:OID20227:v1,FBP1,FBP1,P09467,1,Tissue enhanced,Detected in many,,liver,819.2,Group enriched,Detected in all,,liver,805610255.6,,"Disease related genes, Enzymes, Human disease related genes, Metabolic proteins, Plasma proteins, Potential drug targets, Predicted intracellular proteins",0.8592332135755149,0.9324999999999999,0.9324999999999999
FCGR2A:P12318:OID20391:v1,FCGR2A,FCGR2A,P12318,1,Tissue enhanced,Detected in all,,placenta,126.7,Group enriched,Detected in some,20840,lymphoid tissue,2469023.6,,"CD markers, FDA approved drug targets, Human disease related genes, Plasma proteins, Predicted intracellular proteins, Predicted membrane proteins",0.8053924127560128,0.9324999999999999,0.9324999999999999
FCGR3B:O75015:OID20387:v1,FCGR3B,FCGR3B,O75015,1,Tissue enhanced,Detected in many,,lymphoid tissue,77.5,Group enriched,Detected in many,,bone marrow,4268496.4,Secreted to blood,"CD markers, FDA approved drug targets, Human disease related genes, Plasma proteins, Predicted intracellular proteins, Predicted membrane proteins, Predicted secreted proteins, Transporters",0.7913063681997069,0.9324999999999999,0.9324999999999999
FCN2:Q15485:OID20382:v1,FCN2,FCN2,Q15485,1,Group enriched,Detected in some,8,liver,93.1,Low tissue specificity,Detected in many,,,0.0,Secreted to blood,"Plasma proteins, Predicted secreted proteins",0.6991323987123147,0.5525,0.6991323987123147
FCRL1:Q96LA6:OID20172:v1,FCRL1,FCRL1,Q96LA6,1,Group enriched,Detected in some,16,lymphoid tissue,25.5,Tissue enriched,Detected in single,26839,lymphoid tissue,2683854.5,,"CD markers, Predicted intracellular proteins, Predicted membrane proteins",0.7473643067501899,1.0,1.0
FETUB:Q9UGM5:OID20404:v1,FETUB,FETUB,Q9UGM5,1,Tissue enriched,Detected in some,27,liver,219.3,Low tissue specificity,Detected in many,,,0.0,Secreted to blood,"Plasma proteins, Predicted intracellular proteins, Predicted secreted proteins",0.8588850042092524,0.5525,0.8588850042092524
FUCA1:P04066:OID20261:v1,FUCA1,FUCA1,P04066,1,Low tissue specificity,Detected in all,,,0.0,Low tissue specificity,Detected in all,,,0.0,Intracellular and membrane,"Disease related genes, Enzymes, Human disease related genes, Metabolic proteins, Plasma proteins, Potential drug targets, Predicted intracellular proteins",0.5025,0.5025,0.5025
GAS6:Q14393:OID20318:v1,GAS6,GAS6,Q14393,1,Tissue enriched,Detected in all,4,blood vessel,838.0,Tissue enhanced,Detected in many,,fallopian tube,8480269.3,Secreted to blood,Predicted secreted proteins,0.7669452909452348,0.865,0.865
GDF15:Q99988:OID20251:v1,GDF15,GDF15,Q99988,1,Tissue enhanced,Detected in many,,kidney,328.4,Tissue enriched,Detected in single,1494,skeletal muscle,149368.1,Secreted to blood,"Cancer-related genes, Disease related genes, Plasma proteins, Predicted secreted proteins",0.8328239567888717,1.0,1.0
GDF2:Q9UK05:OID20202:v1,GDF2,GDF2,Q9UK05,1,Tissue enriched,Detected in single,118,liver,17.4,Not detected,Not detected,,,0.0,Secreted to blood,"Disease related genes, Human disease related genes, Plasma proteins, Predicted secreted proteins",1.0,0.35,1.0
GGH:Q92820:OID20416:v1,GGH,GGH,Q92820,1,Tissue enhanced,Detected in all,,liver,176.5,Low tissue specificity,Detected in all,,,0.0,Intracellular and membrane,"Enzymes, Metabolic proteins, Plasma proteins, Predicted intracellular proteins",0.8149248641570341,0.5025,0.8149248641570341
GHRL:Q9UBU3:OID20175:v1,GHRL,GHRL,Q9UBU3,1,Tissue enriched,Detected in many,20,stomach 1,356.3,Tissue enriched,Detected in some,,Stomach,342217403.8,Secreted to blood,"Human disease related genes, Plasma proteins, Predicted intracellular proteins, Predicted secreted proteins",0.8510670743318178,1.0,1.0
GLO1:Q04760:OID20107:v1,GLO1,GLO1,Q04760,1,Low tissue specificity,Detected in all,,,0.0,Low tissue specificity,Detected in all,,,0.0,,"Cancer-related genes, Enzymes, Metabolic proteins, Plasma proteins, Predicted intracellular proteins",0.5025,0.5025,0.5025
GLRX:P35754:OID20195:v1,GLRX,GLRX,P35754,1,Tissue enhanced,Detected in all,,skeletal muscle,806.3,Tissue enhanced,Detected in all,,skeletal muscle,319969388.2,,"Metabolic proteins, Plasma proteins, Predicted intracellular proteins",0.8587742924800823,0.865,0.865
GP1BA:P07359:OID20381:v1,GP1BA,GP1BA,P07359,1,Tissue enhanced,Detected in some,,lymphoid tissue,13.7,Tissue enriched,Detected in many,,lymphoid tissue,55837290.4,,"CD markers, Disease related genes, Human disease related genes, Plasma proteins, Predicted membrane proteins",0.8150000000000001,1.0,1.0
GP2:P55259:OID20090:v1,GP2,GP2,P55259,1,Tissue enriched,Detected in many,968,pancreas,33354.1,Tissue enriched,Detected in many,,pancreas,467018071.3,Secreted to digestive system,"Predicted intracellular proteins, Predicted membrane proteins, Predicted secreted proteins",1.0,1.0,1.0
GPNMB:Q14956:OID20173:v1,GPNMB,GPNMB,Q14956,1,Tissue enhanced,Detected in all,,skin 1,548.1,Low tissue specificity,Detected in all,,,0.0,Intracellular and membrane,"Disease related genes, Human disease related genes, Plasma proteins, Predicted intracellular proteins, Predicted membrane proteins",0.8476170062707042,0.5025,0.8476170062707042
GPR37:O15354:OID20095:v1,GPR37,GPR37,O15354,1,Group enriched,Detected in some,7,brain,67.2,Tissue enriched,Detected in single,10780,cerebral cortex,1078041.8,,"G-protein coupled receptors, Predicted membrane proteins, Transporters",0.6902000073848723,1.0,1.0
GRAP2:O75791:OID20192:v1,GRAP2,GRAP2,O75791,1,Tissue enriched,Detected in many,18,lymphoid tissue,171.9,Group enriched,Detected in many,,intestine,10908570.8,,"Plasma proteins, Predicted intracellular proteins",0.8224641499455386,0.9324999999999999,0.9324999999999999
GRK5:P34947:OID20066:v1,GRK5,GRK5,P34947,1,Low tissue specificity,Detected in many,,,0.0,Group enriched,Detected in some,,intestine,1825786.7,,"Enzymes, Predicted intracellular proteins",0.5525,0.9324999999999999,0.9324999999999999
GSTA1:P08263:OID20166:v1,GSTA1,GSTA1,P08263,1,Tissue enhanced,Detected in many,,liver,2438.9,Group enriched,Detected in many,,kidney,1005889323.0,,"Enzymes, Metabolic proteins, Plasma proteins, Predicted intracellular proteins",0.865,0.9324999999999999,0.9324999999999999
GUSB:P08236:OID20296:v1,GUSB,GUSB,P08236,1,Low tissue specificity,Detected in all,,,0.0,Tissue enhanced,Detected in all,,liver,138777553.5,Intracellular and membrane,"Cancer-related genes, Disease related genes, Enzymes, Human disease related genes, Metabolic proteins, Plasma proteins, Potential drug targets, Predicted intracellular proteins",0.5025,0.865,0.865
GYS1:P13807:OID20097:v1,GYS1,GYS1,P13807,1,Group enriched,Detected in all,5,skeletal muscle,299.1,Group enriched,Detected in all,,skeletal muscle,147772266.1,,"Disease related genes, Enzymes, Human disease related genes, Metabolic proteins, Plasma proteins, Potential drug targets, Predicted intracellular proteins",0.6835100421836628,0.9324999999999999,0.9324999999999999
GZMH:P20718:OID20096:v1,GZMH,GZMH,P20718,1,Tissue enhanced,Detected in many,,bone marrow,31.9,Group enriched,Detected in some,5162,lung,591903.6,Secreted to blood,"Enzymes, Predicted secreted proteins",0.7661317601901508,0.9324999999999999,0.9324999999999999
HEBP1:Q9NRV9:OID20063:v1,HEBP1,HEBP1,Q9NRV9,1,Low tissue specificity,Detected in all,,,0.0,Low tissue specificity,Detected in all,,,0.0,,Predicted intracellular proteins,0.5025,0.5025,0.5025
HMOX1:P09601:OID20217:v1,HMOX1,HMOX1,P09601,1,Tissue enriched,Detected in all,5,lymphoid tissue,740.2,Group enriched,Detected in all,,lymphoid tissue,127127002.7,,"Cancer-related genes, Disease related genes, Enzymes, Human disease related genes, Metabolic proteins, Potential drug targets, Predicted intracellular proteins, Predicted membrane proteins",0.777184215992,0.9324999999999999,0.9324999999999999
HNRNPK:P61978:OID20051:v1,HNRNPK,HNRNPK,P61978,1,Low tissue specificity,Detected in all,,,0.0,Low tissue specificity,Detected in all,,,0.0,,"Disease related genes, Essential proteins, Human disease related genes, Plasma proteins, Predicted intracellular proteins",0.5025,0.5025,0.5025
HSPB1:P04792:OID20230:v1,HSPB1,HSPB1,P04792,1,Tissue enhanced,Detected in all,,esophagus,6918.5,Low tissue specificity,Detected in all,,,0.0,,"Cancer-related genes, Disease related genes, Human disease related genes, Plasma proteins, Predicted intracellular proteins",0.865,0.5025,0.865
HSPG2:P98160:OID20383:v1,HSPG2,HSPG2,P98160,1,Tissue enhanced,Detected in many,,blood vessel,245.5,Tissue enhanced,Detected in all,,blood vessel,7111798325.0,Secreted to extracellular matrix,"Disease related genes, Human disease related genes, Plasma proteins, Predicted intracellular proteins, Predicted secreted proteins",0.824431393048477,0.865,0.865
HYAL1:Q12794:OID20357:v1,HYAL1,HYAL1,Q12794,1,Tissue enhanced,Detected in many,,liver,197.5,Group enriched,Detected in some,6979,liver,1081426.5,Secreted to blood,"Disease related genes, Enzymes, Human disease related genes, Metabolic proteins, Plasma proteins, Potential drug targets, Predicted intracellular proteins, Predicted secreted proteins",0.8181618727000659,0.9324999999999999,0.9324999999999999
HYOU1:Q9Y4L1:OID20300:v1,HYOU1,HYOU1,Q9Y4L1,1,Low tissue specificity,Detected in all,,,0.0,Tissue enhanced,Detected in all,,pancreas,408049415.4,Intracellular and membrane,"Disease related genes, Essential proteins, Human disease related genes, Plasma proteins, Potential drug targets, Predicted intracellular proteins, Transporters",0.5025,0.865,0.865
ICAM1:P05362:OID20411:v1,ICAM1,ICAM1,P05362,1,Tissue enhanced,Detected in all,,lung,233.5,Group enriched,Detected in all,,lung,137496284.8,,"Cancer-related genes, Candidate cardiovascular disease genes, CD markers, FDA approved drug targets, Human disease related genes, Plasma proteins, Predicted intracellular proteins, Predicted membrane proteins, Transporters",0.8229866636524987,0.9324999999999999,0.9324999999999999
ICAM2:P13598:OID20248:v1,ICAM2,ICAM2,P13598,1,Tissue enhanced,Detected in all,,lymphoid tissue,156.5,Group enriched,Detected in all,,lymphoid tissue,5452957.8,,"CD markers, Plasma proteins, Predicted intracellular proteins, Predicted membrane proteins",0.8114641782746027,0.9324999999999999,0.9324999999999999
ICAM3:P32942:OID20277:v1,ICAM3,ICAM3,P32942,1,Tissue enhanced,Detected in many,,bone marrow,167.4,Group enriched,Detected in many,,bone marrow,27776183.2,,"CD markers, Plasma proteins, Predicted membrane proteins",0.8134013332520202,0.9324999999999999,0.9324999999999999
ICAM5:Q9UMF0:OID20145:v1,ICAM5,ICAM5,Q9UMF0,1,Tissue enriched,Detected in some,4,brain,22.8,Tissue enriched,Detected in some,,cerebral cortex,167677438.2,,"Plasma proteins, Predicted membrane proteins",0.7220560259036266,1.0,1.0
IGFBP1:P08833:OID20246:v1,IGFBP1,IGFBP1,P08833,1,Tissue enriched,Detected in some,6,liver,1120.5,Not detected,Not detected,,,0.0,Secreted to blood,"Candidate cardiovascular disease genes, Plasma proteins, Predicted secreted proteins",0.7975732973134806,0.35,0.7975732973134806
IGFBP2:P18065:OID20325:v1,IGFBP2,IGFBP2,P18065,1,Tissue enhanced,Detected in all,,blood vessel,1281.4,Group enriched,Detected in some,,blood vessel,390886.4,Secreted to blood,"Cancer-related genes, Plasma proteins, Predicted intracellular proteins, Predicted secreted proteins",0.865,0.9324999999999999,0.9324999999999999
IGFBP3:P17936:OID20398:v1,IGFBP3,IGFBP3,P17936,1,Tissue enhanced,Detected in all,,placenta,1748.7,Group enriched,Detected in many,,intestine,2361028.5,Secreted to blood,"Cancer-related genes, Plasma proteins, Predicted intracellular proteins, Predicted secreted proteins",0.865,0.9324999999999999,0.9324999999999999
IGFBP6:P24592:OID20413:v1,IGFBP6,IGFBP6,P24592,1,Tissue enhanced,Detected in many,,blood vessel,786.7,Tissue enhanced,Detected in many,,blood vessel,9358360.9,Secreted to blood,"Plasma proteins, Predicted intracellular proteins, Predicted secreted proteins",0.8580627882951233,0.865,0.865
IGFBP7:Q16270:OID20236:v1,IGFBP7,IGFBP7,Q16270,1,Tissue enhanced,Detected in all,,blood vessel,4198.0,Tissue enriched,Detected in all,,blood vessel,721172340.5,Secreted to blood,"Disease related genes, Plasma proteins, Predicted secreted proteins",0.865,1.0,1.0
IGFBPL1:Q8WX77:OID20155:v1,IGFBPL1,IGFBPL1,Q8WX77,1,Tissue enhanced,Detected in some,,thyroid gland,15.5,Tissue enriched,Detected in single,105,Stomach,10517.1,Secreted to blood,Predicted secreted proteins,0.8150000000000001,1.0,1.0
IGSF8:Q969P0:OID20167:v1,IGSF8,IGSF8,Q969P0,1,Tissue enhanced,Detected in all,,brain,153.9,Tissue enriched,Detected in many,,cerebral cortex,791630166.6,,"CD markers, Predicted intracellular proteins, Predicted membrane proteins",0.8109823053069095,1.0,1.0
IL18BP:O95998:OID20348:v1,IL18BP,IL18BP,O95998,1,Tissue enhanced,Detected in all,,lymphoid tissue,44.3,Not detected,Not detected,,,0.0,Secreted to blood,"Disease related genes, Human disease related genes, Predicted intracellular proteins, Predicted secreted proteins",0.7753905741134716,0.35,0.7753905741134716
IL19:Q9UHD0:OID20158:v1,IL19,IL19,Q9UHD0,1,Group enriched,Detected in some,4,cervix,18.7,Not detected,Not detected,,,0.0,Secreted to blood,Predicted secreted proteins,0.6545560259036266,0.35,0.6545560259036266
IL1RL1:Q01638:OID20250:v1,IL1RL1,IL1RL1,Q01638,1,Group enriched,Detected in many,4,placenta,187.6,Not detected,Not detected,,,0.0,Secreted to blood,"Candidate cardiovascular disease genes, Enzymes, Plasma proteins, Predicted intracellular proteins, Predicted membrane proteins, Predicted secreted proteins",0.6562368580526206,0.35,0.6562368580526206
IL2RA:P01589:OID20267:v1,IL2RA,IL2RA,P01589,1,Tissue enhanced,Detected in many,,adipose tissue,17.5,Not detected,Not detected,,,0.0,,"Cancer-related genes, CD markers, Disease related genes, FDA approved drug targets, Human disease related genes, Plasma proteins, Predicted membrane proteins",0.755,0.35,0.755
IL6R:P08887:OID20385:v1,IL6R,IL6R,P08887,1,Tissue enhanced,Detected in all,,skeletal muscle,90.6,Not detected,Not detected,,,0.0,Secreted to blood,"Cancer-related genes, Candidate cardiovascular disease genes, CD markers, Disease related genes, FDA approved drug targets, Human disease related genes, Plasma proteins, Predicted intracellular proteins, Predicted membrane proteins, Predicted secreted proteins",0.7957741095459128,0.35,0.7957741095459128
IL6ST:P40189:OID20147:v1,IL6ST,IL6ST,P40189,1,Low tissue specificity,Detected in all,,,0.0,Tissue enhanced,Detected in many,,blood vessel,4220775.3,Secreted to blood,"Cancer-related genes, Candidate cardiovascular disease genes, CD markers, Disease related genes, Human disease related genes, Plasma proteins, Predicted membrane proteins, Predicted secreted proteins",0.5025,0.865,0.865
IRAG2:Q12912:OID20085:v1,IRAG2,IRAG2,Q12912,1,Group enriched,Detected in many,4,lymphoid tissue,167.0,Tissue enriched,Detected in some,,lymphoid tissue,20991531.9,,"Predicted intracellular proteins, Predicted membrane proteins, Transporters",0.6528885154209672,1.0,1.0
ITGB1:P05556:OID20376:v1,ITGB1,ITGB1,P05556,1,Low tissue specificity,Detected in all,,,0.0,Low tissue specificity,Detected in all,,,0.0,,"Cancer-related genes, CD markers, FDA approved drug targets, Plasma proteins, Predicted intracellular proteins, Predicted membrane proteins, Transporters",0.5025,0.5025,0.5025
ITGB1BP2:Q9UKP3:OID20112:v1,ITGB1BP2,ITGB1BP2,Q9UKP3,1,Tissue enhanced,Detected in many,,heart muscle,85.6,Tissue enriched,Detected in some,,heart muscle,4441180.2,,Predicted intracellular proteins,0.794149172552064,1.0,1.0
ITGB2:P05107:OID20315:v1,ITGB2,ITGB2,P05107,1,Tissue enhanced,Detected in all,,bone marrow,343.1,Tissue enhanced,Detected in all,,lymphoid tissue,288864689.0,,"CD markers, Disease related genes, Human disease related genes, Plasma proteins, Predicted intracellular proteins, Predicted membrane proteins",0.8340878457661042,0.865,0.865
ITIH3:Q06033:OID20352:v1,ITIH3,ITIH3,Q06033,1,Tissue enriched,Detected in many,13,liver,798.4,Tissue enriched,Detected in many,,skin,77932931.0,Secreted to blood,"Plasma proteins, Predicted secreted proteins",0.8436295795422009,1.0,1.0
KIT:P10721:OID20370:v1,KIT,KIT,P10721,1,Tissue enhanced,Detected in many,,breast,79.2,Tissue enriched,Detected in some,,cerebral cortex,2247494.4,,"Cancer-related genes, CD markers, Disease related genes, Enzymes, FDA approved drug targets, Human disease related genes, Plasma proteins, Predicted intracellular proteins, Predicted membrane proteins, RAS pathway related proteins",0.7919265925604919,1.0,1.0
KITLG:P21583:OID20196:v1,KITLG,KITLG,P21583,1,Low tissue specificity,Detected in many,,,0.0,Not detected,Not detected,,,0.0,Intracellular and membrane,"Cancer-related genes, Disease related genes, Human disease related genes, Plasma proteins, Predicted intracellular proteins, Predicted membrane proteins, RAS pathway related proteins",0.5525,0.35,0.5525
KYAT1:Q16773:OID20232:v1,KYAT1,KYAT1,Q16773,1,Low tissue specificity,Detected in all,,,0.0,Low tissue specificity,Detected in many,,,0.0,,"Enzymes, Metabolic proteins, Predicted intracellular proteins",0.5025,0.5525,0.5525
LACTB2:Q53H82:OID20150:v1,LACTB2,LACTB2,Q53H82,1,Tissue enhanced,Detected in all,,liver,89.6,Low tissue specificity,Detected in many,,,0.0,,Predicted intracellular proteins,0.795456337125794,0.5525,0.795456337125794
LBP:P18428:OID20355:v1,LBP,LBP,P18428,1,Tissue enriched,Detected in many,24,liver,1320.7,Tissue enhanced,Detected in many,,blood vessel,12826933.2,Secreted to blood,"Plasma proteins, Predicted secreted proteins, Transporters",0.8941120518072532,0.865,0.8941120518072532
LCN2:P80188:OID20392:v1,LCN2,LCN2,P80188,1,Tissue enhanced,Detected in many,,bone marrow,2617.2,Tissue enriched,Detected in all,,bone marrow,165611649.4,Secreted in other tissues,"Candidate cardiovascular disease genes, Plasma proteins, Predicted secreted proteins",0.865,1.0,1.0
LDLR:P01130:OID20240:v1,LDLR,LDLR,P01130,1,Tissue enhanced,Detected in all,,adrenal gland,112.1,Group enriched,Detected in some,,intestine,2193197.9,,"Disease related genes, Human disease related genes, Metabolic proteins, Plasma proteins, Predicted intracellular proteins, Predicted membrane proteins",0.8018777018191036,0.9324999999999999,0.9324999999999999
LEP:P41159:OID20187:v1,LEP,LEP,P41159,1,Group enriched,Detected in many,16,adipose tissue,288.5,Group enriched,Detected in some,4113,bone marrow,488132.9,Secreted to blood,"Cancer-related genes, Candidate cardiovascular disease genes, Disease related genes, Human disease related genes, Plasma proteins, Predicted secreted proteins",0.761450469251817,0.9324999999999999,0.9324999999999999
LEPR:P48357:OID20128:v1,LEPR,LEPR,P48357,1,Tissue enriched,Detected in all,4,liver,121.9,Tissue enriched,Detected in single,4725,liver,472457.4,Intracellular and membrane,"Cancer-related genes, Candidate cardiovascular disease genes, CD markers, Disease related genes, FDA approved drug targets, Human disease related genes, Plasma proteins, Predicted membrane proteins",0.7113393315139867,1.0,1.0
LGALS1:P09382:OID20154:v1,LGALS1,LGALS1,P09382,1,Low tissue specificity,Detected in all,,,0.0,Low tissue specificity,Detected in all,,,0.0,Secreted to blood,"Plasma proteins, Predicted intracellular proteins, Predicted secreted proteins",0.5025,0.5025,0.5025
LGALS3:P17931:OID20284:v1,LGALS3,LGALS3,P17931,1,Tissue enhanced,Detected in all,,intestine,1118.6,Low tissue specificity,Detected in all,,,0.0,Secreted to blood,"Cancer-related genes, Plasma proteins, Predicted intracellular proteins, Predicted secreted proteins",0.865,0.5025,0.865
LILRA5:A6NI73:OID20209:v1,LILRA5,LILRA5,A6NI73,1,Tissue enhanced,Detected in many,,lymphoid tissue,73.4,Tissue enriched,Detected in some,,bone marrow,3382656.7,Secreted to blood,"CD markers, Predicted membrane proteins, Predicted secreted proteins",0.7897534781446156,1.0,1.0
LILRB1:Q8NHL6:OID20323:v1,LILRB1,LILRB1,Q8NHL6,1,Tissue enriched,Detected in many,5,lymphoid tissue,48.0,,,,,0.0,Intracellular and membrane,Predicted membrane proteins,0.6985463055994177,0.4475,0.6985463055994177
LILRB2:Q8N423:OID20301:v1,LILRB2,LILRB2,Q8N423,1,Group enriched,Detected in many,5,lymphoid tissue,48.8,Group enriched,Detected in some,4585,lymphoid tissue,619662.2,,"CD markers, Predicted membrane proteins",0.6315151219472918,0.9324999999999999,0.9324999999999999
LILRB5:O75023:OID20324:v1,LILRB5,LILRB5,O75023,1,Tissue enhanced,Detected in many,,lymphoid tissue,45.4,Group enriched,Detected in many,,bone marrow,3171500.7,,"CD markers, Plasma proteins, Predicted membrane proteins",0.7760851255199003,0.9324999999999999,0.9324999999999999
LPL:P06858:OID20188:v1,LPL,LPL,P06858,1,Tissue enhanced,Detected in many,,adipose tissue,880.1,Tissue enriched,Detected in many,,heart muscle,60180885.7,Secreted to blood,"Candidate cardiovascular disease genes, Disease related genes, Enzymes, FDA approved drug targets, Human disease related genes, Metabolic proteins, Plasma proteins, Predicted intracellular proteins, Predicted secreted proteins",0.861306609323448,1.0,1.0
LRP11:Q86VZ4:OID20185:v1,LRP11,LRP11,Q86VZ4,1,Low tissue specificity,Detected in all,,,0.0,Tissue enriched,Detected in some,,pancreas,1762163.0,,"Predicted intracellular proteins, Predicted membrane proteins",0.5025,1.0,1.0
LTBP2:Q14767:OID20254:v1,LTBP2,LTBP2,Q14767,1,Tissue enriched,Detected in many,5,blood vessel,337.5,Group enriched,Detected in many,,intestine,136107269.5,Secreted to extracellular matrix,"Disease related genes, Human disease related genes, Plasma proteins, Predicted intracellular proteins, Predicted secreted proteins",0.7544957163391999,0.9324999999999999,0.9324999999999999
MARCO:Q9UEW3:OID20210:v1,MARCO,MARCO,Q9UEW3,1,Tissue enhanced,Detected in many,,lung,188.3,Tissue enriched,Detected in some,,lymphoid tissue,2082705.1,,"Plasma proteins, Predicted intracellular proteins, Predicted membrane proteins",0.8167880783354416,1.0,1.0
MB:P02144:OID20263:v1,MB,MB,P02144,1,Group enriched,Detected in many,38,skeletal muscle,38156.8,Group enriched,Detected in all,,skeletal muscle,8497427414.3,,"Candidate cardiovascular disease genes, FDA approved drug targets, Plasma proteins, Predicted intracellular proteins, Transporters",0.8603359896488658,0.9324999999999999,0.9324999999999999
MCAM:P43121:OID20343:v1,MCAM,MCAM,P43121,1,Group enriched,Detected in all,4,blood vessel,1211.4,Tissue enhanced,Detected in all,,intestine,221882992.2,,"CD markers, Plasma proteins, Predicted membrane proteins",0.7045560259036265,0.865,0.865
MCFD2:Q8NI22:OID20171:v1,MCFD2,MCFD2,Q8NI22,1,Low tissue specificity,Detected in all,,,0.0,Tissue enhanced,Detected in all,,liver,92510392.1,Intracellular and membrane,"Disease related genes, Human disease related genes, Plasma proteins, Potential drug targets, Predicted intracellular proteins, Transporters",0.5025,0.865,0.865
MEGF9:Q9H1U4:OID20285:v1,MEGF9,MEGF9,Q9H1U4,1,Tissue enhanced,Detected in all,,retina,63.2,Tissue enriched,Detected in some,,cerebral cortex,9685483.6,,"Plasma proteins, Predicted membrane proteins",0.7854849019437464,1.0,1.0
MEP1B:Q16820:OID20168:v1,MEP1B,MEP1B,Q16820,1,Tissue enriched,Detected in some,56,intestine,342.8,Tissue enriched,Detected in some,1,intestine,32241513.5,Secreted to digestive system,"Enzymes, Predicted membrane proteins, Predicted secreted proteins, Transporters",0.9256781955045288,1.0,1.0
MET:P08581:OID20269:v1,MET,MET,P08581,1,Tissue enhanced,Detected in many,,liver,40.1,Group enriched,Detected in some,,liver,110974.2,Secreted to blood,"Cancer-related genes, Disease related genes, Enzymes, FDA approved drug targets, Human disease related genes, Plasma proteins, Predicted intracellular proteins, Predicted membrane proteins, Predicted secreted proteins, RAS pathway related proteins, Transporters",0.7725738896574503,0.9324999999999999,0.9324999999999999
MFAP5:Q13361:OID20239:v1,MFAP5,MFAP5,Q13361,1,Tissue enhanced,Detected in all,,endometrium 1,184.8,Low tissue specificity,Detected in many,,,0.0,Secreted to extracellular matrix,"Disease related genes, Human disease related genes, Plasma proteins, Predicted intracellular proteins, Predicted secreted proteins",0.8162478295516402,0.5525,0.8162478295516402
MMP7:P09237:OID20087:v1,MMP7,MMP7,P09237,1,Tissue enhanced,Detected in many,,gallbladder,479.1,Tissue enriched,Detected in some,,intestine,965337.4,Secreted to extracellular matrix,"Cancer-related genes, Enzymes, Plasma proteins, Predicted secreted proteins",0.8437295862351869,1.0,1.0
MNDA:P41218:OID20156:v1,MNDA,MNDA,P41218,1,Group enriched,Detected in all,4,bone marrow,276.9,Group enriched,Detected in many,,bone marrow,55203676.3,,Predicted intracellular proteins,0.6674583582775141,0.9324999999999999,0.9324999999999999
MPHOSPH8:Q99549:OID20092:v1,MPHOSPH8,MPHOSPH8,Q99549,1,Low tissue specificity,Detected in all,,,0.0,Tissue enhanced,Detected in many,,bone marrow,1320641.8,,Predicted intracellular proteins,0.5025,0.865,0.865
MSMB:P08118:OID20275:v1,MSMB,MSMB,P08118,1,Tissue enriched,Detected in many,17,prostate,8771.6,Not detected,Not detected,,,0.0,Secreted in male reproductive system,"Cancer-related genes, Disease related genes, Human disease related genes, Predicted membrane proteins, Predicted secreted proteins",0.8691990678406054,0.35,0.8691990678406054
MSTN:O14793:OID20115:v1,MSTN,MSTN,O14793,1,Group enriched,Detected in some,4,tongue,14.3,Not detected,Not detected,,,0.0,Secreted in other tissues,"Disease related genes, Human disease related genes, Predicted secreted proteins",0.6545560259036266,0.35,0.6545560259036266
NADK:O95544:OID20178:v1,NADK,NADK,O95544,1,Low tissue specificity,Detected in all,,,0.0,Tissue enhanced,Detected in many,,intestine,5380250.0,,"Enzymes, Metabolic proteins, Predicted intracellular proteins",0.5025,0.865,0.865
NCAM1:P13591:OID20354:v1,NCAM1,NCAM1,P13591,1,Tissue enhanced,Detected in many,,brain,187.4,Tissue enriched,Detected in all,,cerebral cortex,1309697881.6,Secreted in other tissues,"Cancer-related genes, CD markers, Plasma proteins, Predicted intracellular proteins, Predicted membrane proteins, Predicted secreted proteins, Transporters",0.8166501172635773,1.0,1.0
NECTIN2:Q92692:OID20222:v1,NECTIN2,NECTIN2,Q92692,1,Low tissue specificity,Detected in all,,,0.0,Low tissue specificity,Detected in all,,,0.0,,"CD markers, Plasma proteins, Predicted intracellular proteins, Predicted membrane proteins",0.5025,0.5025,0.5025
NID1:P14543:OID20362:v1,NID1,NID1,P14543,1,Tissue enhanced,Detected in all,,placenta,216.7,Low tissue specificity,Detected in all,,,0.0,Secreted to extracellular matrix,"Plasma proteins, Predicted secreted proteins",0.8208346804943065,0.5025,0.8208346804943065
NOTCH1:P46531:OID20311:v1,NOTCH1,NOTCH1,P46531,1,Low tissue specificity,Detected in many,,,0.0,Tissue enhanced,Detected in many,,lymphoid tissue,8932014.3,,"Cancer-related genes, Disease related genes, Human disease related genes, Plasma proteins, Potential drug targets, Predicted membrane proteins, Transporters",0.5525,0.865,0.865
NOTCH3:Q9UM47:OID20253:v1,NOTCH3,NOTCH3,Q9UM47,1,Tissue enhanced,Detected in many,,blood vessel,200.8,Tissue enhanced,Detected in all,,intestine,30712954.6,,"Cancer-related genes, Disease related genes, Human disease related genes, Plasma proteins, Predicted intracellular proteins, Predicted membrane proteins",0.8186391803573482,0.865,0.865
NPDC1:Q9NQX5:OID20205:v1,NPDC1,NPDC1,Q9NQX5,1,Low tissue specificity,Detected in all,,,0.0,Tissue enriched,Detected in single,25266,cerebral cortex,2526615.2,,"Predicted intracellular proteins, Predicted membrane proteins",0.5025,1.0,1.0
NPPB:P16860:OID20049:v1,NPPB,NPPB,P16860,1,Tissue enriched,Detected in some,535,heart muscle,4819.9,Not detected,Not detected,,,0.0,Secreted to blood,"Candidate cardiovascular disease genes, Plasma proteins, Predicted secreted proteins",1.0,0.35,1.0
NPTXR:O95502:OID20191:v1,NPTXR,NPTXR,O95502,1,Tissue enriched,Detected in many,8,brain,179.3,Tissue enriched,Detected in some,1,cerebral cortex,40185981.5,Intracellular and membrane,"Plasma proteins, Predicted intracellular proteins",0.7670103552656997,1.0,1.0
NRCAM:Q92823:OID20229:v1,NRCAM,NRCAM,Q92823,1,Tissue enhanced,Detected in many,,brain,101.7,Tissue enriched,Detected in many,,cerebral cortex,529841320.3,Secreted in brain,"Disease related genes, Plasma proteins, Predicted membrane proteins, Predicted secreted proteins",0.7990852951041811,1.0,1.0
NRP1:O14786:OID20390:v1,NRP1,NRP1,O14786,1,Low tissue specificity,Detected in all,,,0.0,Group enriched,Detected in all,,skeletal muscle,13871393.6,Secreted in other tissues,"Cancer-related genes, CD markers, Plasma proteins, Predicted intracellular proteins, Predicted membrane proteins, Predicted secreted proteins, Transporters",0.5025,0.9324999999999999,0.9324999999999999
NTRK2:Q16620:OID20136:v1,NTRK2,NTRK2,Q16620,1,Tissue enhanced,Detected in many,,brain,233.3,Tissue enriched,Detected in single,95008,cerebral cortex,9500763.5,,"Cancer-related genes, Disease related genes, Enzymes, FDA approved drug targets, Human disease related genes, Plasma proteins, Predicted intracellular proteins, Predicted membrane proteins, RAS pathway related proteins, Transporters",0.8229619633295074,1.0,1.0
NTproBNP:NTproBNP:OID20125:v1,NTproBNP,NPPB,P16860,1,Tissue enriched,Detected in some,535,heart muscle,4819.9,Not detected,Not detected,,,0.0,Secreted to blood,"Candidate cardiovascular disease genes, Plasma proteins, Predicted secreted proteins",1.0,0.35,1.0
OLR1:P78380:OID20183:v1,OLR1,OLR1,P78380,1,Tissue enhanced,Detected in many,,placenta,107.4,Tissue enriched,Detected in some,,bone marrow,14795242.9,Intracellular and membrane,"Disease related genes, Human disease related genes, Predicted intracellular proteins, Predicted membrane proteins",0.8006489914227349,1.0,1.0
OSMR:Q99650:OID20356:v1,OSMR,OSMR,Q99650,1,Low tissue specificity,Detected in many,,,0.0,Group enriched,Detected in some,285,lymphoid tissue,42480.6,Intracellular and membrane,"Disease related genes, Human disease related genes, Plasma proteins, Predicted intracellular proteins, Predicted membrane proteins",0.5525,0.9324999999999999,0.9324999999999999
PAG1:Q9NWQ8:OID20108:v1,PAG1,PAG1,Q9NWQ8,1,Low tissue specificity,Detected in many,,,0.0,Low tissue specificity,Detected in many,,,0.0,,Predicted intracellular proteins,0.5525,0.5525,0.5525
PAM:P19021:OID20291:v1,PAM,PAM,P19021,1,Tissue enhanced,Detected in all,,heart muscle,1159.0,Tissue enhanced,Detected in many,,salivary gland,27063193.6,Secreted in other tissues,"Enzymes, Metabolic proteins, Plasma proteins, Predicted intracellular proteins, Predicted membrane proteins, Predicted secreted proteins",0.865,0.865,0.865
PCDH17:O14917:OID20132:v1,PCDH17,PCDH17,O14917,1,Tissue enhanced,Detected in many,,lymphoid tissue,23.6,Tissue enriched,Detected in some,,cerebral cortex,700700.7,,"Predicted intracellular proteins, Predicted membrane proteins",0.7577155918900849,1.0,1.0
PCOLCE:Q15113:OID20384:v1,PCOLCE,PCOLCE,Q15113,1,Low tissue specificity,Detected in many,,,0.0,Group enriched,Detected in all,,blood vessel,133429735.3,Secreted to extracellular matrix,"Plasma proteins, Predicted secreted proteins",0.5525,0.9324999999999999,0.9324999999999999
PCSK9:Q8NBP7:OID20235:v1,PCSK9,PCSK9,Q8NBP7,1,Tissue enriched,Detected in some,5,liver,47.5,Group enriched,Detected in some,83,lung,10905.9,Secreted to blood,"Disease related genes, Enzymes, FDA approved drug targets, Human disease related genes, Plasma proteins, Predicted intracellular proteins, Predicted secreted proteins",0.7358828684844482,0.9185228349262196,0.9185228349262196
PDCD6:O75340:OID20163:v1,PDCD6,PDCD6,O75340,1,Low tissue specificity,Detected in all,,,0.0,Low tissue specificity,Detected in all,,,0.0,,"Plasma proteins, Predicted intracellular proteins, Transporters",0.5025,0.5025,0.5025
PDGFA:P04085:OID20313:v1,PDGFA,PDGFA,P04085,1,Tissue enhanced,Detected in all,,blood vessel,101.8,Tissue enriched,Detected in some,,pancreas,521240.7,Secreted to blood,"Cancer-related genes, Candidate cardiovascular disease genes, Human disease related genes, Predicted intracellular proteins, Predicted secreted proteins, RAS pathway related proteins",0.7991134690984142,1.0,1.0
PDGFRA:P16234:OID20133:v1,PDGFRA,PDGFRA,P16234,1,Tissue enhanced,Detected in all,,ovary,188.3,Tissue enriched,Detected in many,,ovary,6193217.7,Intracellular and membrane,"Cancer-related genes, CD markers, Disease related genes, Enzymes, FDA approved drug targets, Human disease related genes, Plasma proteins, Predicted intracellular proteins, Predicted membrane proteins, RAS pathway related proteins",0.8167880783354416,1.0,1.0
PDGFRB:P09619:OID20268:v1,PDGFRB,PDGFRB,P09619,1,Low tissue specificity,Detected in many,,,0.0,Low tissue specificity,Detected in all,,,0.0,,"Cancer-related genes, CD markers, Disease related genes, Enzymes, FDA approved drug targets, Human disease related genes, Plasma proteins, Predicted intracellular proteins, Predicted membrane proteins, RAS pathway related proteins, Transporters",0.5525,0.5025,0.5525
PEAR1:Q5VY43:OID20257:v1,PEAR1,PEAR1,Q5VY43,1,Low tissue specificity,Detected in many,,,0.0,Tissue enhanced,Detected in some,,lymphoid tissue,1224066.2,,"Plasma proteins, Predicted intracellular proteins, Predicted membrane proteins",0.5525,0.865,0.865
PGLYRP1:O75594:OID20338:v1,PGLYRP1,PGLYRP1,O75594,1,Tissue enriched,Detected in some,14,bone marrow,594.9,Tissue enriched,Detected in some,,bone marrow,13106500.7,Secreted to blood,"Metabolic proteins, Plasma proteins, Predicted secreted proteins",0.8403570183772001,1.0,1.0
PI3:P19957:OID20326:v1,PI3,PI3,P19957,1,Tissue enhanced,Detected in many,,esophagus,2187.8,Tissue enhanced,Detected in many,,intestine,2836799.3,Secreted to blood,"Plasma proteins, Predicted secreted proteins",0.865,0.865,0.865
PILRB:Q9UKJ0:OID20197:v1,PILRB,PILRB,Q9UKJ0,1,Low tissue specificity,Detected in all,,,0.0,Not detected,Not detected,,,0.0,Intracellular and membrane,"Predicted intracellular proteins, Predicted membrane proteins",0.5025,0.35,0.5025
PLA2G1B:P04054:OID20252:v1,PLA2G1B,PLA2G1B,P04054,1,Tissue enriched,Detected in many,2921,pancreas,110913.6,Tissue enriched,Detected in single,1798930,pancreas,179893026.5,Secreted to digestive system,"Candidate cardiovascular disease genes, Enzymes, FDA approved drug targets, Metabolic proteins, Predicted intracellular proteins, Predicted secreted proteins, RAS pathway related proteins",1.0,1.0,1.0
PLA2G2A:P14555:OID20274:v1,PLA2G2A,PLA2G2A,P14555,1,Tissue enhanced,Detected in many,,heart muscle,2383.2,Group enriched,Detected in some,73172,intestine,9905612.8,Secreted to blood,"Enzymes, FDA approved drug targets, Metabolic proteins, Predicted intracellular proteins, Predicted secreted proteins, RAS pathway related proteins",0.865,0.9324999999999999,0.9324999999999999
PLAT:P00750:OID20247:v1,PLAT,PLAT,P00750,1,Tissue enhanced,Detected in many,,parathyroid gland,231.2,Tissue enhanced,Detected in many,,ovary,1709121.7,Secreted to blood,"Cancer-related genes, Candidate cardiovascular disease genes, Disease related genes, Enzymes, FDA approved drug targets, Plasma proteins, Predicted secreted proteins",0.822701329494973,0.865,0.865
PLIN3:O60664:OID20143:v1,PLIN3,PLIN3,O60664,1,Low tissue specificity,Detected in all,,,0.0,Tissue enhanced,Detected in all,,ovary,208090058.9,,"FDA approved drug targets, Metabolic proteins, Plasma proteins, Predicted intracellular proteins",0.5025,0.865,0.865
PLPBP:O94903:OID20144:v1,PLPBP,PLPBP,O94903,1,Low tissue specificity,Detected in all,,,0.0,Low tissue specificity,Detected in all,,,0.0,,"Disease related genes, Human disease related genes, Predicted intracellular proteins",0.5025,0.5025,0.5025
PLTP:P55058:OID20238:v1,PLTP,PLTP,P55058,1,Low tissue specificity,Detected in all,,,0.0,Tissue enhanced,Detected in many,,salivary gland,10346653.0,Secreted to blood,"Plasma proteins, Predicted intracellular proteins, Predicted secreted proteins, Transporters",0.5025,0.865,0.865
PLXNB2:O15031:OID20317:v1,PLXNB2,PLXNB2,O15031,1,Low tissue specificity,Detected in all,,,0.0,Low tissue specificity,Detected in all,,,0.0,,"Plasma proteins, Predicted intracellular proteins, Predicted membrane proteins",0.5025,0.5025,0.5025
PLXNB3:Q9ULL4:OID20160:v1,PLXNB3,PLXNB3,Q9ULL4,1,Tissue enhanced,Detected in many,,brain,85.1,Tissue enriched,Detected in some,,cerebral cortex,5272235.9,,"Plasma proteins, Predicted intracellular proteins, Predicted membrane proteins",0.7939815474352473,1.0,1.0
PM20D1:Q6GTS8:OID20149:v1,PM20D1,PM20D1,Q6GTS8,1,Group enriched,Detected in some,9,pancreas,73.6,Tissue enhanced,Detected in many,,intestine,15268930.1,Secreted to digestive system,"Enzymes, Predicted secreted proteins",0.7071226950319174,0.865,0.865
PON2:Q15165:OID20088:v1,PON2,PON2,Q15165,1,Tissue enhanced,Detected in all,,brain,229.4,Low tissue specificity,Detected in all,,,0.0,Secreted to blood,"Candidate cardiovascular disease genes, Enzymes, Metabolic proteins, Predicted intracellular proteins, Predicted secreted proteins",0.8224760460483711,0.5025,0.8224760460483711
PPIB:P23284:OID20331:v1,PPIB,PPIB,P23284,1,Low tissue specificity,Detected in all,,,0.0,Low tissue specificity,Detected in all,,,0.0,Secreted to blood,"Disease related genes, Enzymes, Human disease related genes, Metabolic proteins, Plasma proteins, Potential drug targets, Predicted intracellular proteins, Predicted secreted proteins",0.5025,0.5025,0.5025
PPP1R2:P41236:OID20176:v1,PPP1R2,PPP1R2,P41236,1,Low tissue specificity,Detected in all,,,0.0,Low tissue specificity,Detected in many,,,0.0,,"Essential proteins, Predicted intracellular proteins",0.5025,0.5525,0.5525
PRCP:P42785:OID20337:v1,PRCP,PRCP,P42785,1,Low tissue specificity,Detected in all,,,0.0,Low tissue specificity,Detected in all,,,0.0,Intracellular and membrane,"Enzymes, Plasma proteins, Predicted intracellular proteins",0.5025,0.5025,0.5025
PRKAR1A:P10644:OID20146:v1,PRKAR1A,PRKAR1A,P10644,1,Low tissue specificity,Detected in all,,,0.0,Low tissue specificity,Detected in all,,,0.0,,"Cancer-related genes, Disease related genes, Human disease related genes, Plasma proteins, Predicted intracellular proteins",0.5025,0.5025,0.5025
PROC:P04070:OID20402:v1,PROC,PROC,P04070,1,Tissue enriched,Detected in some,41,liver,584.1,Tissue enhanced,Detected in many,,ovary,3894329.2,Secreted to blood,"Cancer-related genes, Candidate cardiovascular disease genes, Disease related genes, Enzymes, FDA approved drug targets, Human disease related genes, Plasma proteins, Predicted intracellular proteins, Predicted secreted proteins",0.9179114830389251,0.865,0.9179114830389251
PRSS2:P07478:OID20364:v1,PRSS2,PRSS2,P07478,1,Tissue enriched,Detected in many,460,pancreas,229146.3,Tissue enriched,Detected in many,,pancreas,913130852.6,Secreted to digestive system,"Enzymes, Human disease related genes, Plasma proteins, Predicted secreted proteins",1.0,1.0,1.0
PRSS27:Q9BQR3:OID20212:v1,PRSS27,PRSS27,Q9BQR3,1,Group enriched,Detected in some,4,esophagus,374.0,Tissue enhanced,Detected in many,,skin,24397.3,Secreted to digestive system,"Enzymes, Predicted secreted proteins",0.6761332844775044,0.865,0.865
PRTN3:P24158:OID20329:v1,PRTN3,PRTN3,P24158,1,Tissue enriched,Detected in some,52,bone marrow,1978.0,Tissue enriched,Detected in all,,bone marrow,588508363.3,Secreted to blood,"Candidate cardiovascular disease genes, Disease related genes, Enzymes, Plasma proteins, Potential drug targets, Predicted intracellular proteins, Predicted secreted proteins",0.9510976993281925,1.0,1.0
PTGDS:P41222:OID20408:v1,PTGDS,PTGDS,P41222,1,Tissue enhanced,Detected in all,,heart muscle,4605.2,Tissue enhanced,Detected in all,,cerebral cortex,206655559.2,Secreted to blood,"Enzymes, Metabolic proteins, Plasma proteins, Predicted intracellular proteins, Predicted secreted proteins",0.865,0.865,0.865
PTN:P21246:OID20083:v1,PTN,PTN,P21246,1,Tissue enhanced,Detected in many,,parathyroid gland,366.1,Not detected,Not detected,,,0.0,Secreted to blood,"Cancer-related genes, Predicted secreted proteins",0.835960888876364,0.35,0.835960888876364
PTPRF:P10586:OID20310:v1,PTPRF,PTPRF,P10586,1,Low tissue specificity,Detected in all,,,0.0,Tissue enhanced,Detected in many,,cerebral cortex,40676562.9,Intracellular and membrane,"Disease related genes, Enzymes, Plasma proteins, Potential drug targets, Predicted intracellular proteins, Predicted membrane proteins",0.5025,0.865,0.865
PTPRS:Q13332:OID20306:v1,PTPRS,PTPRS,Q13332,1,Low tissue specificity,Detected in all,,,0.0,Tissue enhanced,Detected in many,,liver,11812813.7,Secreted - unknown location,"Enzymes, Plasma proteins, Predicted membrane proteins, Predicted secreted proteins",0.5025,0.865,0.865
QDPR:P09417:OID20174:v1,QDPR,QDPR,P09417,1,Group enriched,Detected in all,5,brain,782.0,Tissue enhanced,Detected in all,,cerebral cortex,317253421.9,,"Disease related genes, Enzymes, Human disease related genes, Metabolic proteins, Plasma proteins, Potential drug targets, Predicted intracellular proteins",0.71127240961971,0.865,0.865
QPCT:Q16769:OID20320:v1,QPCT,QPCT,Q16769,1,Tissue enhanced,Detected in many,,adrenal gland,162.3,Group enriched,Detected in all,,skin,8264932.7,Secreted to blood,"Enzymes, Metabolic proteins, Plasma proteins, Predicted intracellular proteins, Predicted secreted proteins",0.8125110685715056,0.9324999999999999,0.9324999999999999
RARRES2:Q99969:OID20373:v1,RARRES2,RARRES2,Q99969,1,Tissue enhanced,Detected in many,,adrenal gland,2645.8,Tissue enhanced,Detected in many,,blood vessel,8687074.3,Secreted to blood,"Plasma proteins, Predicted secreted proteins",0.865,0.865,0.865
RCOR1:Q9UKL0:OID20073:v1,RCOR1,RCOR1,Q9UKL0,1,Low tissue specificity,Detected in all,,,0.0,Group enriched,Detected in many,,bone marrow,3312624.3,,Predicted intracellular proteins,0.5025,0.9324999999999999,0.9324999999999999
REG1A:P05451:OID20415:v1,REG1A,REG1A,P05451,1,Tissue enriched,Detected in many,15,pancreas,108891.6,Tissue enriched,Detected in many,,pancreas,818798436.2,Secreted to digestive system,"Plasma proteins, Predicted secreted proteins, Transporters",0.860266676513163,1.0,1.0
REG1B:P48304:OID20266:v1,REG1B,REG1B,P48304,1,Tissue enriched,Detected in many,15,pancreas,40073.0,Tissue enriched,Detected in single,148919,pancreas,14891948.6,Secreted to digestive system,"Predicted intracellular proteins, Predicted secreted proteins",0.860266676513163,1.0,1.0
REG3A:Q06141:OID20258:v1,REG3A,REG3A,Q06141,1,Group enriched,Detected in many,62,pancreas,11381.6,Tissue enriched,Detected in some,,intestine,45196718.2,Secreted to digestive system,"Plasma proteins, Predicted secreted proteins, Transporters",0.8967056960257953,1.0,1.0
REN:P00797:OID20201:v1,REN,REN,P00797,1,Tissue enriched,Detected in some,9,kidney,134.7,Tissue enriched,Detected in single,106,kidney,10591.2,Secreted to blood,"Candidate cardiovascular disease genes, Disease related genes, Enzymes, FDA approved drug targets, Human disease related genes, Predicted intracellular proteins, Predicted secreted proteins",0.7746226950319174,1.0,1.0
RETN:Q9HD89:OID20327:v1,RETN,RETN,Q9HD89,1,Tissue enriched,Detected in many,4,bone marrow,233.2,Tissue enriched,Detected in many,,bone marrow,77229077.8,Secreted to blood,"Candidate cardiovascular disease genes, Plasma proteins, Predicted secreted proteins",0.7300056311638793,1.0,1.0
RNASE3:P12724:OID20203:v1,RNASE3,RNASE3,P12724,1,Tissue enriched,Detected in some,95,bone marrow,856.4,Tissue enhanced,Detected in many,,bone marrow,64668464.3,Secreted to blood,Predicted secreted proteins,0.9916668203938964,0.865,0.9916668203938964
RNASET2:O00584:OID20321:v1,RNASET2,RNASET2,O00584,1,Low tissue specificity,Detected in all,,,0.0,Low tissue specificity,Detected in all,,,0.0,Secreted to blood,"Disease related genes, Enzymes, Human disease related genes, Potential drug targets, Predicted intracellular proteins, Predicted secreted proteins",0.5025,0.5025,0.5025
ROR1:Q01973:OID20224:v1,ROR1,ROR1,Q01973,1,Tissue enhanced,Detected in many,,parathyroid gland,23.1,Tissue enriched,Detected in some,,intestine,8749231.6,Intracellular and membrane,"Disease related genes, Enzymes, Human disease related genes, Potential drug targets, Predicted intracellular proteins, Predicted membrane proteins",0.7571211402675382,1.0,1.0
S100A11:P31949:OID20130:v1,S100A11,S100A11,P31949,1,Tissue enhanced,Detected in all,,esophagus,4984.0,Low tissue specificity,Detected in all,,,0.0,,"Plasma proteins, Predicted intracellular proteins",0.865,0.5025,0.865
S100P:P25815:OID20103:v1,S100P,S100P,P25815,1,Group enriched,Detected in many,6,urinary bladder,1656.2,Tissue enriched,Detected in all,,bone marrow,489208547.8,,"Plasma proteins, Predicted intracellular proteins",0.7300732973134807,1.0,1.0
SCARF1:Q14162:OID20297:v1,SCARF1,SCARF1,Q14162,1,Tissue enhanced,Detected in many,,lymphoid tissue,25.8,Tissue enhanced,Detected in some,,lymphoid tissue,310701.3,,Predicted membrane proteins,0.7601952122359957,0.865,0.865
SDC1:P18827:OID20169:v1,SDC1,SDC1,P18827,1,Tissue enhanced,Detected in many,,liver,471.7,Group enriched,Detected in many,,kidney,36997753.4,Secreted to blood,"Cancer-related genes, CD markers, Metabolic proteins, Plasma proteins, Predicted intracellular proteins, Predicted membrane proteins, Predicted secreted proteins, Transporters",0.843279911055393,0.9324999999999999,0.9324999999999999
SDC4:P31431:OID20216:v1,SDC4,SDC4,P31431,1,Tissue enhanced,Detected in all,,liver,383.9,Tissue enhanced,Detected in many,,kidney,12674874.0,Secreted to blood,"Cancer-related genes, Predicted membrane proteins, Predicted secreted proteins, Transporters",0.8373315923185726,0.865,0.865
SELE:P16581:OID20290:v1,SELE,SELE,P16581,1,Tissue enhanced,Detected in many,,urinary bladder,52.2,Not detected,Not detected,,,0.0,,"Cancer-related genes, Candidate cardiovascular disease genes, CD markers, Plasma proteins, Predicted intracellular proteins, Predicted membrane proteins",0.7800441294644271,0.35,0.7800441294644271
SELP:P16109:OID20379:v1,SELP,SELP,P16109,1,Low tissue specificity,Detected in many,,,0.0,Group enriched,Detected in many,,bone marrow,9419681.3,,"Cancer-related genes, Candidate cardiovascular disease genes, CD markers, Disease related genes, FDA approved drug targets, Plasma proteins, Predicted intracellular proteins, Predicted membrane proteins",0.5525,0.9324999999999999,0.9324999999999999
SEMA3F:Q13275:OID20186:v1,SEMA3F,SEMA3F,Q13275,1,Tissue enhanced,Detected in all,,esophagus,96.2,Group enriched,Detected in some,196,skin,22481.4,Secreted to blood,"Plasma proteins, Predicted intracellular proteins, Predicted secreted proteins",0.7974919137431025,0.9324999999999999,0.9324999999999999
SEMA7A:O75326:OID20283:v1,SEMA7A,SEMA7A,O75326,1,Tissue enhanced,Detected in many,,brain,61.8,Tissue enhanced,Detected in many,,intestine,5925625.4,,"Blood group antigen proteins, CD markers, Disease related genes, Human disease related genes, Plasma proteins, Predicted membrane proteins",0.7848466353406887,0.865,0.865
SERPINA11:Q86U17:OID20281:v1,SERPINA11,SERPINA11,Q86U17,1,Tissue enriched,Detected in some,92,liver,458.6,Group enriched,Detected in some,8063,lymphoid tissue,878336.7,Secreted to blood,"Plasma proteins, Predicted secreted proteins",0.9712081208905206,0.9324999999999999,0.9712081208905206
SERPINA12:Q8IW75:OID20219:v1,SERPINA12,SERPINA12,Q8IW75,1,Tissue enriched,Detected in some,16,skin 1,413.1,Tissue enhanced,Detected in all,,intestine,99913169.3,Secreted in other tissues,Predicted secreted proteins,0.8393127474038852,0.865,0.865
SERPINB5:P36952:OID20064:v1,SERPINB5,SERPINB5,P36952,1,Tissue enhanced,Detected in many,,skin 1,242.0,Tissue enriched,Detected in all,,skin,446205330.7,Intracellular and membrane,"Plasma proteins, Predicted intracellular proteins",0.8240174096144431,1.0,1.0
SERPINE1:P05121:OID20342:v1,SERPINE1,SERPINE1,P05121,1,Tissue enhanced,Detected in all,,blood vessel,620.0,Group enriched,Detected in some,,lymphoid tissue,2478275.4,Secreted to blood,"Cancer-related genes, Candidate cardiovascular disease genes, Disease related genes, FDA approved drug targets, Human disease related genes, Plasma proteins, Predicted secreted proteins",0.8511791679504636,0.9324999999999999,0.9324999999999999
SFTPD:P35247:OID20214:v1,SFTPD,SFTPD,P35247,1,Tissue enriched,Detected in many,26,lung,479.1,Tissue enriched,Detected in some,6,lung,20511954.6,Secreted in other tissues,Predicted secreted proteins,0.878678184303659,0.7975732973134806,0.878678184303659
SIGLEC7:Q9Y286:OID20190:v1,SIGLEC7,SIGLEC7,Q9Y286,1,Tissue enhanced,Detected in many,,lymphoid tissue,18.2,Group enriched,Detected in some,10945,lymphoid tissue,1286358.5,Intracellular and membrane,"CD markers, Predicted intracellular proteins, Predicted membrane proteins",0.755,0.9324999999999999,0.9324999999999999
SIRPA:P78324:OID20304:v1,SIRPA,SIRPA,P78324,1,Tissue enhanced,Detected in all,,brain,159.6,Tissue enriched,Detected in all,,cerebral cortex,648760960.7,,"CD markers, Plasma proteins, Predicted membrane proteins",0.8120284288195875,1.0,1.0
SLITRK6:Q9H5Y7:OID20094:v1,SLITRK6,SLITRK6,Q9H5Y7,1,Tissue enhanced,Detected in many,,salivary gland,26.2,Not detected,Not detected,,,0.0,,"Disease related genes, Human disease related genes, Predicted membrane proteins",0.7606240908475075,0.35,0.7606240908475075
SNAP23:O00161:OID20218:v1,SNAP23,SNAP23,O00161,1,Low tissue specificity,Detected in all,,,0.0,Low tissue specificity,Detected in all,,,0.0,,"Predicted intracellular proteins, Predicted membrane proteins, Transporters",0.5025,0.5025,0.5025
SNX9:Q9Y5X1:OID20135:v1,SNX9,SNX9,Q9Y5X1,1,Low tissue specificity,Detected in all,,,0.0,Low tissue specificity,Detected in all,,,0.0,,"Plasma proteins, Predicted intracellular proteins",0.5025,0.5025,0.5025
SOD1:P00441:OID20386:v1,SOD1,SOD1,P00441,1,Tissue enhanced,Detected in all,,liver,1537.1,Tissue enhanced,Detected in all,,liver,3661543590.7,,"Cancer-related genes, Disease related genes, Enzymes, Essential proteins, Human disease related genes, Metabolic proteins, Plasma proteins, Potential drug targets, Predicted intracellular proteins",0.865,0.865,0.865
SORT1:Q99523:OID20213:v1,SORT1,SORT1,Q99523,1,Low tissue specificity,Detected in all,,,0.0,Group enriched,Detected in many,,intestine,12452564.7,,"Disease related genes, Potential drug targets, Predicted intracellular proteins, Predicted membrane proteins, Transporters",0.5025,0.9324999999999999,0.9324999999999999
SOST:Q9BQB4:OID20204:v1,SOST,SOST,Q9BQB4,1,Tissue enriched,Detected in some,5,blood vessel,66.6,Not detected,Not detected,,,0.0,Secreted to extracellular matrix,"Disease related genes, FDA approved drug targets, Human disease related genes, Predicted secreted proteins",0.7358828684844482,0.35,0.7358828684844482
SPARCL1:Q14515:OID20361:v1,SPARCL1,SPARCL1,Q14515,1,Low tissue specificity,Detected in many,,,0.0,Tissue enhanced,Detected in many,,cerebral cortex,67105284.7,Secreted in other tissues,"Cancer-related genes, Plasma proteins, Predicted intracellular proteins, Predicted secreted proteins, Transporters",0.5525,0.865,0.865
SPON2:Q9BUD6:OID20221:v1,SPON2,SPON2,Q9BUD6,1,Tissue enhanced,Detected in many,,cervix,186.3,Group enriched,Detected in some,,Stomach,509050.9,Secreted to blood,"Plasma proteins, Predicted intracellular proteins, Predicted secreted proteins",0.8164806003859555,0.9324999999999999,0.9324999999999999
SPP1:P10451:OID20322:v1,SPP1,SPP1,P10451,1,Tissue enhanced,Detected in many,,kidney,3270.9,Group enriched,Detected in some,,kidney,6664696.5,Secreted to blood,"Cancer-related genes, Plasma proteins, Predicted secreted proteins",0.865,0.9324999999999999,0.9324999999999999
SSC4D:Q8WTU2:OID20182:v1,SSC4D,SSC4D,Q8WTU2,1,Tissue enhanced,Detected in some,,parathyroid gland,6.6,Not detected,Not detected,,,0.0,Secreted - unknown location,Predicted secreted proteins,0.8150000000000001,0.35,0.8150000000000001
SSC5D:A1L4H1:OID20351:v1,SSC5D,SSC5D,A1L4H1,1,Low tissue specificity,Detected in many,,,0.0,Low tissue specificity,Detected in many,,,0.0,Secreted in other tissues,"Predicted intracellular proteins, Predicted secreted proteins",0.5525,0.5525,0.5525
ST6GAL1:P15907:OID20302:v1,ST6GAL1,ST6GAL1,P15907,1,Group enriched,Detected in all,5,liver,463.6,Group enriched,Detected in many,,liver,4208594.7,Secreted to blood,"Enzymes, Metabolic proteins, Predicted intracellular proteins, Predicted secreted proteins",0.6961624254814041,0.9324999999999999,0.9324999999999999
STK11:Q15831:OID20077:v1,STK11,STK11,Q15831,1,Low tissue specificity,Detected in all,,,0.0,Group enriched,Detected in many,,intestine,724334.3,,"Cancer-related genes, Disease related genes, Enzymes, Human disease related genes, Potential drug targets, Predicted intracellular proteins",0.5025,0.9324999999999999,0.9324999999999999
STK4:Q13043:OID20140:v1,STK4,STK4,Q13043,1,Tissue enhanced,Detected in all,,bone marrow,46.4,Tissue enhanced,Detected in many,,lymphoid tissue,82138795.9,,"Disease related genes, Enzymes, Potential drug targets, Predicted intracellular proteins, RAS pathway related proteins",0.7767023936137878,0.865,0.865
SUSD1:Q6UWL2:OID20072:v1,SUSD1,SUSD1,Q6UWL2,1,Low tissue specificity,Detected in all,,,0.0,Not detected,Not detected,,,0.0,Intracellular and membrane,"Predicted intracellular proteins, Predicted membrane proteins",0.5025,0.35,0.5025
TCN2:P20062:OID20341:v1,TCN2,TCN2,P20062,1,Tissue enhanced,Detected in all,,kidney,108.1,Not detected,Not detected,,,0.0,Secreted to blood,"Disease related genes, Human disease related genes, Predicted intracellular proteins, Predicted secreted proteins",0.8008353290201483,0.35,0.8008353290201483
TFF3:Q07654:OID20371:v1,TFF3,TFF3,Q07654,1,Group enriched,Detected in many,4,thyroid gland,558.7,Not detected,Not detected,,,0.0,Secreted to blood,"Cancer-related genes, Plasma proteins, Predicted intracellular proteins, Predicted secreted proteins",0.6877265429652981,0.35,0.6877265429652981
TFPI:P10646:OID20388:v1,TFPI,TFPI,P10646,1,Tissue enhanced,Detected in all,,liver,254.3,Low tissue specificity,Detected in many,,,0.0,Secreted to blood,"Candidate cardiovascular disease genes, FDA approved drug targets, Plasma proteins, Predicted secreted proteins",0.8254468388671568,0.5525,0.8254468388671568
TFRC:P02786:OID20369:v1,TFRC,TFRC,P02786,1,Low tissue specificity,Detected in all,,,0.0,Tissue enriched,Detected in all,,bone marrow,260198939.3,Secreted to blood,"Cancer-related genes, CD markers, Disease related genes, Enzymes, Essential proteins, FDA approved drug targets, Human disease related genes, Metabolic proteins, Plasma proteins, Predicted intracellular proteins, Predicted membrane proteins, Predicted secreted proteins, Transporters",0.5025,1.0,1.0
TGFBI:Q15582:OID20417:v1,TGFBI,TGFBI,Q15582,1,Tissue enhanced,Detected in all,,choroid plexus,469.7,Tissue enhanced,Detected in all,,skin,454823843.3,Secreted to blood,"Disease related genes, Human disease related genes, Plasma proteins, Predicted intracellular proteins, Predicted secreted proteins",0.8431571685488912,0.865,0.865
TGFBR3:Q03167:OID20255:v1,TGFBR3,TGFBR3,Q03167,1,Low tissue specificity,Detected in all,,,0.0,Low tissue specificity,Detected in many,,,0.0,Secreted to blood,"Cancer-related genes, Plasma proteins, Predicted membrane proteins, Predicted secreted proteins",0.5025,0.5525,0.5525
TGM2:P21980:OID20141:v1,TGM2,TGM2,P21980,1,Tissue enhanced,Detected in all,,blood vessel,775.7,Low tissue specificity,Detected in all,,,0.0,Secreted to extracellular matrix,"Disease related genes, Enzymes, Metabolic proteins, Potential drug targets, Predicted intracellular proteins, Predicted secreted proteins",0.8576556778466303,0.5025,0.8576556778466303
THBD:P07204:OID20231:v1,THBD,THBD,P07204,1,Low tissue specificity,Detected in many,,,0.0,Group enriched,Detected in some,,lymphoid tissue,813854.8,,"Candidate cardiovascular disease genes, CD markers, Disease related genes, Human disease related genes, Predicted membrane proteins",0.5525,0.9324999999999999,0.9324999999999999
THBS4:P35443:OID20368:v1,THBS4,THBS4,P35443,1,Tissue enhanced,Detected in many,,smooth muscle,234.9,Group enriched,Detected in many,,skeletal muscle,48334341.5,Secreted to extracellular matrix,"Cancer-related genes, Plasma proteins, Predicted intracellular proteins, Predicted secreted proteins",0.8231589783088278,0.9324999999999999,0.9324999999999999
THOP1:P52888:OID20194:v1,THOP1,THOP1,P52888,1,Low tissue specificity,Detected in all,,,0.0,Low tissue specificity,Detected in all,,,0.0,,"Enzymes, Metabolic proteins, Plasma proteins, Predicted intracellular proteins",0.5025,0.5025,0.5025
THPO:P40225:OID20098:v1,THPO,THPO,P40225,1,Tissue enriched,Detected in many,5,liver,33.7,Not detected,Not detected,,,0.0,Secreted to blood,"Cancer-related genes, Disease related genes, Human disease related genes, Predicted membrane proteins, Predicted secreted proteins",0.6885566440126153,0.35,0.6885566440126153
TIA1:P31483:OID20068:v1,TIA1,TIA1,P31483,1,Low tissue specificity,Detected in all,,,0.0,Tissue enhanced,Detected in many,,bone marrow,21571286.5,,"Disease related genes, Human disease related genes, Predicted intracellular proteins",0.5025,0.865,0.865
TIE1:P35590:OID20303:v1,TIE1,TIE1,P35590,1,Low tissue specificity,Detected in many,,,0.0,Tissue enriched,Detected in some,,lung,118174.7,Intracellular and membrane,"Cancer-related genes, Disease related genes, Enzymes, Human disease related genes, Plasma proteins, Potential drug targets, Predicted intracellular proteins, Predicted membrane proteins",0.5525,1.0,1.0
TIMD4:Q96H15:OID20375:v1,TIMD4,TIMD4,Q96H15,1,Group enriched,Detected in many,6,testis,137.3,Group enriched,Detected in some,96767,bone marrow,12708414.0,Intracellular and membrane,"Plasma proteins, Predicted membrane proteins",0.6727741282484384,0.9324999999999999,0.9324999999999999
TIMP1:P01033:OID20418:v1,TIMP1,TIMP1,P01033,1,Tissue enhanced,Detected in all,,blood vessel,2942.8,Tissue enhanced,Detected in many,,blood vessel,10335043.2,Secreted to blood,"Cancer-related genes, Candidate cardiovascular disease genes, Plasma proteins, Predicted intracellular proteins, Predicted secreted proteins",0.865,0.865,0.865
TINAGL1:Q9GZM7:OID20180:v1,TINAGL1,TINAGL1,Q9GZM7,1,Tissue enhanced,Detected in many,,blood vessel,305.7,Tissue enhanced,Detected in many,,blood vessel,1000790351.5,Secreted to extracellular matrix,"Enzymes, Predicted intracellular proteins, Predicted secreted proteins",0.8307569346147133,0.865,0.865
TNC:P24821:OID20359:v1,TNC,TNC,P24821,1,Tissue enhanced,Detected in all,,smooth muscle,447.3,Low tissue specificity,Detected in all,,,0.0,Secreted to extracellular matrix,"Cancer-related genes, Disease related genes, Human disease related genes, Plasma proteins, Predicted intracellular proteins, Predicted secreted proteins",0.8417456754852878,0.5025,0.8417456754852878
TNFRSF10C:O14798:OID20265:v1,TNFRSF10C,TNFRSF10C,O14798,1,Tissue enhanced,Detected in many,,lymphoid tissue,22.4,Tissue enriched,Detected in some,,bone marrow,440585.9,,"Cancer-related genes, CD markers, Predicted membrane proteins",0.7562678513877185,1.0,1.0
TNFSF13B:Q9Y275:OID20272:v1,TNFSF13B,TNFSF13B,Q9Y275,1,Tissue enhanced,Detected in many,,lymphoid tissue,24.4,Tissue enriched,Detected in some,,lymphoid tissue,412929.9,Secreted to blood,"Cancer-related genes, CD markers, FDA approved drug targets, Plasma proteins, Predicted intracellular proteins, Predicted membrane proteins, Predicted secreted proteins",0.758642031808954,1.0,1.0
TP53INP1:Q96A56:OID20120:v1,TP53INP1,TP53INP1,Q96A56,1,Tissue enhanced,Detected in all,,liver,95.3,Tissue enriched,Detected in single,4187,lymphoid tissue,418693.2,,Predicted intracellular proteins,0.7972226208543126,1.0,1.0
TSHB:P01222:OID20129:v1,TSHB,TSHB,P01222,1,Tissue enriched,Detected in single,2474,pituitary gland,1603.2,Not detected,Not detected,,,0.0,Secreted to blood,"Disease related genes, Human disease related genes, Predicted secreted proteins",1.0,0.35,1.0
TSPAN1:O60635:OID20078:v1,TSPAN1,TSPAN1,O60635,1,Tissue enhanced,Detected in many,,intestine,556.4,Not detected,Not detected,,,0.0,,Predicted membrane proteins,0.8480513114745288,0.35,0.8480513114745288
TYMP:P19971:OID20234:v1,TYMP,TYMP,P19971,1,Low tissue specificity,Detected in many,,,0.0,Tissue enhanced,Detected in all,,lymphoid tissue,175841641.8,,"Cancer-related genes, Disease related genes, Enzymes, FDA approved drug targets, Human disease related genes, Metabolic proteins, Plasma proteins, Predicted intracellular proteins",0.5525,0.865,0.865
TYRO3:Q06418:OID20161:v1,TYRO3,TYRO3,Q06418,1,Tissue enhanced,Detected in many,,ovary,44.4,Group enriched,Detected in some,12808,cerebral cortex,1927558.6,,"Cancer-related genes, Enzymes, Plasma proteins, Predicted intracellular proteins, Predicted membrane proteins",0.7754544082667669,0.9324999999999999,0.9324999999999999
UMOD:P07911:OID20237:v1,UMOD,UMOD,P07911,1,Tissue enriched,Detected in some,515,kidney,2126.7,Tissue enriched,Detected in single,2161369,kidney,216136911.6,Secreted in other tissues,"Disease related genes, Human disease related genes, Plasma proteins, Predicted membrane proteins, Predicted secreted proteins",1.0,1.0,1.0
USP8:P40818:OID20110:v1,USP8,USP8,P40818,1,Low tissue specificity,Detected in all,,,0.0,Low tissue specificity,Detected in many,,,0.0,,"Cancer-related genes, Disease related genes, Enzymes, Essential proteins, Human disease related genes, Metabolic proteins, Potential drug targets, Predicted intracellular proteins",0.5025,0.5525,0.5525
VAMP5:O95183:OID20071:v1,VAMP5,VAMP5,O95183,1,Low tissue specificity,Detected in all,,,0.0,Low tissue specificity,Detected in many,,,0.0,,Predicted membrane proteins,0.5025,0.5525,0.5525
VASN:Q6EMK4:OID20345:v1,VASN,VASN,Q6EMK4,1,Tissue enhanced,Detected in many,,blood vessel,118.0,Tissue enriched,Detected in many,,skin,15481313.6,Secreted - unknown location,"Plasma proteins, Predicted membrane proteins, Predicted secreted proteins",0.8033497792516882,1.0,1.0
VCAM1:P19320:OID20396:v1,VCAM1,VCAM1,P19320,1,Tissue enriched,Detected in all,5,lymphoid tissue,366.8,Tissue enriched,Detected in many,,bone marrow,72771298.9,Secreted to blood,"Cancer-related genes, CD markers, Plasma proteins, Predicted membrane proteins, Predicted secreted proteins",0.7568989054078419,1.0,1.0
VSIR:Q9H7M9:OID20131:v1,VSIR,VSIR,Q9H7M9,1,Tissue enhanced,Detected in many,,lymphoid tissue,87.9,Group enriched,Detected in some,,heart muscle,10036489.7,,Predicted membrane proteins,0.7949079873541163,0.9324999999999999,0.9324999999999999
VSTM2L:Q96N03:OID20067:v1,VSTM2L,VSTM2L,Q96N03,1,Group enriched,Detected in many,4,brain,98.0,Tissue enriched,Detected in single,102,cerebral cortex,10225.4,Secreted - unknown location,Predicted secreted proteins,0.6375791247663147,1.0,1.0
VWF:P04275:OID20256:v1,VWF,VWF,P04275,1,Low tissue specificity,Detected in many,,,0.0,Low tissue specificity,Detected in all,,,0.0,Secreted to blood,"Cancer-related genes, Candidate cardiovascular disease genes, Disease related genes, FDA approved drug targets, Human disease related genes, Plasma proteins, Predicted secreted proteins",0.5525,0.5025,0.5525
WASF1:Q92558:OID20091:v1,WASF1,WASF1,Q92558,1,Tissue enhanced,Detected in all,,brain,99.1,Tissue enriched,Detected in many,,cerebral cortex,46473917.5,,"Disease related genes, Human disease related genes, Predicted intracellular proteins",0.7983429781040146,1.0,1.0
XG:P55808:OID20259:v1,XG,XG,P55808,1,Tissue enhanced,Detected in many,,skin 1,33.7,Not detected,Not detected,,,0.0,,"Blood group antigen proteins, Predicted membrane proteins",0.7676737755281672,0.35,0.7676737755281672
ZBTB17:Q13105:OID20082:v1,ZBTB17,ZBTB17,Q13105,1,Low tissue specificity,Detected in all,,,0.0,Tissue enriched,Detected in single,503,lymphoid tissue,50274.8,,"Essential proteins, Predicted intracellular proteins, Transcription factors",0.5025,1.0,1.0
AAMDC:Q9H7C9:OID30236:v1,AAMDC,AAMDC,Q9H7C9,1,Tissue enhanced,Detected in all,,skeletal muscle,621.6,Group enriched,Detected in all,,skeletal muscle,593886056.8,,Predicted intracellular proteins,0.8512536582502708,0.9324999999999999,0.9324999999999999
ABRAXAS2:Q15018:OID30130:v1,ABRAXAS2,ABRAXAS2,Q15018,1,Low tissue specificity,Detected in all,,,0.0,Low tissue specificity,Detected in all,,,0.0,,Predicted intracellular proteins,0.5025,0.5025,0.5025
ACADSB:P45954:OID30356:v1,ACADSB,ACADSB,P45954,1,Tissue enhanced,Detected in all,,liver,336.7,Tissue enriched,Detected in all,,liver,292954924.4,,"Disease related genes, Enzymes, Human disease related genes, Metabolic proteins, Plasma proteins, Potential drug targets, Predicted intracellular proteins",0.8335443502734541,1.0,1.0
ACSL1:P33121:OID30080:v1,ACSL1,ACSL1,P33121,1,Tissue enhanced,Detected in all,,liver,1068.9,Tissue enriched,Detected in all,,liver,551915842.4,,"Enzymes, Metabolic proteins, Plasma proteins, Predicted intracellular proteins, Predicted membrane proteins",0.865,1.0,1.0
ACTN2:P35609:OID30192:v1,ACTN2,ACTN2,P35609,1,Group enriched,Detected in many,35,skeletal muscle,1961.6,Group enriched,Detected in many,,skeletal muscle,10878966609.7,,"Disease related genes, Human disease related genes, Plasma proteins, Potential drug targets, Predicted intracellular proteins, Transporters",0.8542657369688962,0.9324999999999999,0.9324999999999999
ACY3:Q96HD9:OID30086:v1,ACY3,ACY3,Q96HD9,1,Group enriched,Detected in some,4,intestine,73.0,Tissue enriched,Detected in many,,kidney,377841095.8,,"Enzymes, Metabolic proteins, Predicted intracellular proteins",0.6545560259036266,1.0,1.0
ADAMTSL2:Q86TH1:OID30370:v1,ADAMTSL2,ADAMTSL2,Q86TH1,1,Tissue enhanced,Detected in many,,heart muscle,71.2,Tissue enriched,Detected in many,,lymphoid tissue,320904.8,Secreted in other tissues,"Disease related genes, Human disease related genes, Plasma proteins, Predicted membrane proteins, Predicted secreted proteins",0.7888845546729031,1.0,1.0
ADAMTSL4:Q6UY14:OID30275:v1,ADAMTSL4,ADAMTSL4,Q6UY14,1,Low tissue specificity,Detected in many,,,0.0,Group enriched,Detected in many,,skin,3647872.9,Secreted to extracellular matrix,"Disease related genes, Human disease related genes, Predicted secreted proteins",0.5525,0.9324999999999999,0.9324999999999999
ADAMTSL5:Q6ZMM2:OID30355:v1,ADAMTSL5,ADAMTSL5,Q6ZMM2,1,Tissue enhanced,Detected in many,,cervix,31.4,,,,,0.0,Secreted to extracellular matrix,"Predicted intracellular proteins, Predicted secreted proteins",0.7656884318202138,0.4475,0.7656884318202138
ADGRF5:Q8IZF2:OID30349:v1,ADGRF5,ADGRF5,Q8IZF2,1,Tissue enhanced,Detected in many,,lung,99.9,Group enriched,Detected in some,4500,lung,522644.4,,"G-protein coupled receptors, Plasma proteins, Predicted membrane proteins",0.7985734173450257,0.9324999999999999,0.9324999999999999
AHNAK:Q09666:OID30260:v1,AHNAK,AHNAK,Q09666,1,Low tissue specificity,Detected in all,,,0.0,Low tissue specificity,Detected in all,,,0.0,,"Plasma proteins, Predicted intracellular proteins",0.5025,0.5025,0.5025
AHNAK2:Q8IVF2:OID30244:v1,AHNAK2,AHNAK2,Q8IVF2,1,Tissue enhanced,Detected in many,,skin 1,294.4,Tissue enhanced,Detected in all,,lymphoid tissue,211201627.3,,"Cancer-related genes, Predicted intracellular proteins",0.829670206189055,0.865,0.865
AIF1L:Q9BQI0:OID30204:v1,AIF1L,AIF1L,Q9BQI0,1,Tissue enhanced,Detected in all,,kidney,358.0,Group enriched,Detected in all,,kidney,197446490.5,,Predicted intracellular proteins,0.8353149866051961,0.9324999999999999,0.9324999999999999
ANK2:Q01484:OID30161:v1,ANK2,ANK2,Q01484,1,Tissue enhanced,Detected in many,,skeletal muscle,120.2,Tissue enriched,Detected in many,,cerebral cortex,871796207.5,,"Disease related genes, Human disease related genes, Plasma proteins, Potential drug targets, Predicted intracellular proteins, Transporters",0.8038800797503693,1.0,1.0
ANXA2:P07355:OID30263:v1,ANXA2,ANXA2,P07355,1,Tissue enhanced,Detected in all,,esophagus,1962.5,Low tissue specificity,Detected in all,,,0.0,Secreted to blood,"Cancer-related genes, Disease related genes, FDA approved drug targets, Plasma proteins, Predicted intracellular proteins, Predicted secreted proteins, Transporters",0.865,0.5025,0.865
APOBR:Q0VD83:OID30246:v1,APOBR,APOBR,Q0VD83,1,Group enriched,Detected in many,6,lymphoid tissue,35.2,Group enriched,Detected in many,,skin,47213295.3,,Predicted intracellular proteins,0.6339721686289701,0.9324999999999999,0.9324999999999999
ARL13B:Q3SXY8:OID30166:v1,ARL13B,ARL13B,Q3SXY8,1,Tissue enhanced,Detected in many,,retina,16.8,Tissue enriched,Detected in single,352,fallopian tube,35221.4,,"Disease related genes, Human disease related genes, Predicted intracellular proteins",0.755,1.0,1.0
ARL2BP:Q9Y2Y0:OID30121:v1,ARL2BP,ARL2BP,Q9Y2Y0,1,Low tissue specificity,Detected in all,,,0.0,Low tissue specificity,Detected in many,,,0.0,,"Disease related genes, Human disease related genes, Predicted intracellular proteins",0.5025,0.5525,0.5525
ASAH1:Q13510:OID30415:v1,ASAH1,ASAH1,Q13510,1,Tissue enhanced,Detected in all,,heart muscle,537.2,Low tissue specificity,Detected in all,,,0.0,Intracellular and membrane,"Disease related genes, Enzymes, Human disease related genes, Metabolic proteins, Potential drug targets, Predicted intracellular proteins, Predicted membrane proteins",0.8470365735695161,0.5025,0.8470365735695161
ASPN:Q9BXN1:OID30315:v1,ASPN,ASPN,Q9BXN1,1,Tissue enhanced,Detected in many,,blood vessel,129.3,Tissue enhanced,Detected in many,,skin,271487655.7,Secreted to extracellular matrix,"Disease related genes, Human disease related genes, Plasma proteins, Predicted intracellular proteins, Predicted secreted proteins",0.8059758962269461,0.865,0.865
ASRGL1:Q7L266:OID30283:v1,ASRGL1,ASRGL1,Q7L266,1,Tissue enhanced,Detected in all,,brain,123.8,Group enriched,Detected in all,,fallopian tube,137765147.8,,"Enzymes, Metabolic proteins, Predicted intracellular proteins",0.8047274215141196,0.9324999999999999,0.9324999999999999
ASS1:P00966:OID30170:v1,ASS1,ASS1,P00966,1,Group enriched,Detected in many,6,liver,1907.1,Tissue enriched,Detected in all,,liver,1333875014.3,,"Disease related genes, Enzymes, Human disease related genes, Metabolic proteins, Plasma proteins, Potential drug targets, Predicted intracellular proteins",0.7300732973134807,1.0,1.0
ATP1B1:P05026:OID30124:v1,ATP1B1,ATP1B1,P05026,1,Tissue enhanced,Detected in all,,kidney,1376.9,Group enriched,Detected in all,,cerebral cortex,614480670.2,,"Metabolic proteins, Predicted intracellular proteins, Predicted membrane proteins, Transporters",0.865,0.9324999999999999,0.9324999999999999
ATP2B4:P23634:OID30062:v1,ATP2B4,ATP2B4,P23634,1,Tissue enhanced,Detected in all,,smooth muscle,164.7,Tissue enhanced,Detected in all,,cerebral cortex,200355169.9,,"Enzymes, FDA approved drug targets, Metabolic proteins, Predicted intracellular proteins, Predicted membrane proteins, Transporters",0.8129334290379613,0.865,0.865
ATP6V1G1:O75348:OID30242:v1,ATP6V1G1,ATP6V1G1,O75348,1,Low tissue specificity,Detected in all,,,0.0,Tissue enriched,Detected in all,,kidney,132504247.4,,"Essential proteins, Metabolic proteins, Plasma proteins, Predicted intracellular proteins, Transporters",0.5025,1.0,1.0
ATP6V1G2:O95670:OID30167:v1,ATP6V1G2,ATP6V1G2,O95670,1,Tissue enriched,Detected in many,45,brain,578.2,Tissue enriched,Detected in some,,cerebral cortex,129493985.5,,"Metabolic proteins, Predicted intracellular proteins",0.9245171771184428,1.0,1.0
B3GNT7:Q8NFL0:OID30281:v1,B3GNT7,B3GNT7,Q8NFL0,1,Tissue enhanced,Detected in many,,intestine,66.9,Tissue enriched,Detected in single,348,pancreas,34826.7,,"Metabolic proteins, Predicted intracellular proteins",0.7871069836548095,1.0,1.0
BCAT1:P54687:OID30312:v1,BCAT1,BCAT1,P54687,1,Tissue enhanced,Detected in many,,pancreas,54.8,Tissue enriched,Detected in many,,pancreas,85919280.1,,"Enzymes, Metabolic proteins, Predicted intracellular proteins",0.7814254340428594,1.0,1.0
BDNF:P23560:OID30373:v1,BDNF,BDNF,P23560,1,Tissue enhanced,Detected in some,,brain,4.9,Group enriched,Detected in some,5671,cerebral cortex,670129.8,Secreted to blood,"Cancer-related genes, Human disease related genes, Plasma proteins, Predicted membrane proteins, Predicted secreted proteins, RAS pathway related proteins",0.8150000000000001,0.9324999999999999,0.9324999999999999
BECN1:Q14457:OID30220:v1,BECN1,BECN1,Q14457,1,Low tissue specificity,Detected in all,,,0.0,Low tissue specificity,Detected in many,,,0.0,,"Predicted intracellular proteins, Transporters",0.5025,0.5525,0.5525
BGLAP:P02818:OID30389:v1,BGLAP,BGLAP,P02818,1,Group enriched,Detected in many,7,intestine,17.8,Tissue enriched,Detected in single,20170,bone marrow,2017046.5,Secreted to blood,"FDA approved drug targets, Predicted secreted proteins",0.6302000073848723,1.0,1.0
BNIP2:Q12982:OID30292:v1,BNIP2,BNIP2,Q12982,1,Tissue enhanced,Detected in all,,bone marrow,122.0,Tissue enhanced,Detected in many,,blood vessel,6916560.3,,Predicted intracellular proteins,0.804306850773748,0.865,0.865
BOLA2_BOLA2B:Q9H3K6:OID30267:v1,BOLA2_BOLA2B,BOLA2B;BOLA2,Q9H3K6;Q9H3K6,0,,,,,0.0,,,,,0.0,,,0.4475,0.4475,0.4475
BPIFA2:Q96DR5:OID30279:v1,BPIFA2,BPIFA2,Q96DR5,1,Tissue enriched,Detected in some,1613,salivary gland,6453.2,Tissue enriched,Detected in all,,salivary gland,1137183218.2,Secreted to digestive system,Predicted secreted proteins,1.0,1.0,1.0
BPIFB2:Q8N4F0:OID30311:v1,BPIFB2,BPIFB2,Q8N4F0,1,Tissue enriched,Detected in some,26,salivary gland,2419.0,Tissue enriched,Detected in many,,salivary gland,160202012.8,Secreted in other tissues,"Plasma proteins, Predicted secreted proteins, Transporters",0.899948598068472,1.0,1.0
BRDT:Q58F21:OID30179:v1,BRDT,BRDT,Q58F21,1,Tissue enriched,Detected in some,48,testis,122.8,Not detected,Not detected,,,0.0,,"Disease related genes, Human disease related genes, Predicted intracellular proteins",0.8951465946269613,0.35,0.8951465946269613
CALCOCO2:Q13137:OID30249:v1,CALCOCO2,CALCOCO2,Q13137,1,Low tissue specificity,Detected in all,,,0.0,Tissue enhanced,Detected in many,,intestine,6308351.4,,Predicted intracellular proteins,0.5025,0.865,0.865
CBS:P35520:OID30200:v1,CBS,CBS,P35520,1,Tissue enhanced,Detected in many,,liver,177.4,Tissue enhanced,Detected in some,,liver,110349427.0,,"Disease related genes, Enzymes, Human disease related genes, Metabolic proteins, Plasma proteins, Potential drug targets, Predicted intracellular proteins",0.8150712758156322,0.865,0.865
CCER2:I3L3R5:OID30221:v1,CCER2,CCER2,I3L3R5,1,Tissue enhanced,Detected in many,,brain,4.7,Not detected,Not detected,,,0.0,Secreted - unknown location,"Predicted intracellular proteins, Predicted secreted proteins",0.755,0.35,0.755
CD2:P06729:OID30097:v1,CD2,CD2,P06729,1,Tissue enriched,Detected in many,9,lymphoid tissue,232.5,Tissue enriched,Detected in single,72341,lymphoid tissue,7234119.0,,"CD markers, FDA approved drug targets, Predicted intracellular proteins, Predicted membrane proteins",0.782485645774814,1.0,1.0
CD248:Q9HCU0:OID30394:v1,CD248,CD248,Q9HCU0,1,Tissue enhanced,Detected in many,,adipose tissue,219.6,Tissue enhanced,Detected in many,,skin,27149388.5,,"CD markers, Predicted membrane proteins",0.821217763669252,0.865,0.865
CD80:P33681:OID30291:v1,CD80,CD80,P33681,1,Tissue enhanced,Detected in some,,lymphoid tissue,6.4,Not detected,Not detected,,,0.0,Intracellular and membrane,"CD markers, FDA approved drug targets, Predicted intracellular proteins, Predicted membrane proteins",0.8150000000000001,0.35,0.8150000000000001
CDA:P32320:OID30345:v1,CDA,CDA,P32320,1,Tissue enhanced,Detected in many,,bone marrow,182.8,Group enriched,Detected in many,,liver,4492839.4,,"Enzymes, FDA approved drug targets, Metabolic proteins, Plasma proteins, Predicted intracellular proteins",0.8159345280435144,0.9324999999999999,0.9324999999999999
CEACAM6:P40199:OID30362:v1,CEACAM6,CEACAM6,P40199,1,Tissue enhanced,Detected in many,,lung,270.1,Tissue enriched,Detected in all,,bone marrow,292400836.9,,"Cancer-related genes, CD markers, Predicted intracellular proteins, Predicted membrane proteins",0.8271851675291311,1.0,1.0
CELA2A:P08217:OID30411:v1,CELA2A,CELA2A,P08217,1,Tissue enriched,Detected in many,5457,pancreas,153459.5,Tissue enriched,Detected in some,,pancreas,1006272280.2,Secreted to digestive system,"Disease related genes, Enzymes, Human disease related genes, Potential drug targets, Predicted secreted proteins",1.0,1.0,1.0
CEP112:Q8N8E3:OID30115:v1,CEP112,CEP112,Q8N8E3,1,Tissue enhanced,Detected in all,,testis,43.8,Not detected,Not detected,,,0.0,,"Disease related genes, Human disease related genes, Predicted intracellular proteins",0.7750692747354337,0.35,0.7750692747354337
CEP170:Q5SW79:OID30240:v1,CEP170,CEP170,Q5SW79,1,Group enriched,Detected in all,5,testis,85.1,Group enriched,Detected in many,,heart muscle,101569668.0,,"Predicted intracellular proteins, Predicted membrane proteins",0.6473644159196954,0.9324999999999999,0.9324999999999999
CHGA:P10645:OID30403:v1,CHGA,CHGA,P10645,1,Tissue enriched,Detected in many,5,parathyroid gland,6179.1,Tissue enhanced,Detected in many,,Stomach,211165459.0,Intracellular and membrane,"Cancer-related genes, Candidate cardiovascular disease genes, Plasma proteins, Predicted intracellular proteins",0.7858828684844481,0.865,0.865
CHMP6:Q96FZ7:OID30327:v1,CHMP6,CHMP6,Q96FZ7,1,Low tissue specificity,Detected in all,,,0.0,Low tissue specificity,Detected in many,,,0.0,,"Essential proteins, Predicted intracellular proteins",0.5025,0.5525,0.5525
CILP:O75339:OID30399:v1,CILP,CILP,O75339,1,Low tissue specificity,Detected in many,,,0.0,Tissue enhanced,Detected in many,,heart muscle,20784482.7,Secreted to extracellular matrix,"Disease related genes, Human disease related genes, Predicted secreted proteins",0.5525,0.865,0.865
CKB:P12277:OID30400:v1,CKB,CKB,P12277,1,Tissue enhanced,Detected in all,,brain,1487.2,Tissue enhanced,Detected in all,,cerebral cortex,1891701315.7,,"Cancer-related genes, Candidate cardiovascular disease genes, Enzymes, FDA approved drug targets, Metabolic proteins, Plasma proteins, Predicted intracellular proteins",0.865,0.865,0.865
CLEC4M:Q9H2X3:OID30405:v1,CLEC4M,CLEC4M,Q9H2X3,1,Group enriched,Detected in some,5,liver,58.6,Tissue enriched,Detected in some,,lymphoid tissue,61237000.8,Intracellular and membrane,"CD markers, Predicted intracellular proteins, Predicted membrane proteins, Transporters",0.6683828684844482,1.0,1.0
CMC1:Q7Z7K0:OID30360:v1,CMC1,CMC1,Q7Z7K0,1,Low tissue specificity,Detected in all,,,0.0,Group enriched,Detected in many,,heart muscle,2010391.1,,Predicted intracellular proteins,0.5025,0.9324999999999999,0.9324999999999999
CNP:P09543:OID30285:v1,CNP,CNP,P09543,1,Tissue enriched,Detected in all,18,brain,1112.6,Tissue enriched,Detected in all,,cerebral cortex,2520002251.3,,"Disease related genes, Enzymes, Human disease related genes, Metabolic proteins, Plasma proteins, Potential drug targets, Predicted intracellular proteins",0.8732994000801519,1.0,1.0
COCH:O43405:OID30305:v1,COCH,COCH,O43405,1,Tissue enriched,Detected in many,5,pancreas,473.2,Group enriched,Detected in many,,lung,7722599.7,Secreted in other tissues,"Disease related genes, Human disease related genes, Plasma proteins, Potential drug targets, Predicted intracellular proteins, Predicted secreted proteins, Transporters",0.7642544960917615,0.9324999999999999,0.9324999999999999
COL15A1:P39059:OID30396:v1,COL15A1,COL15A1,P39059,1,Tissue enhanced,Detected in many,,placenta,215.4,Tissue enhanced,Detected in many,,blood vessel,350299536.5,Secreted to extracellular matrix,"Plasma proteins, Predicted intracellular proteins, Predicted secreted proteins",0.8206612940749156,0.865,0.865
COL2A1:P02458:OID30286:v1,COL2A1,COL2A1,P02458,1,Group enriched,Detected in some,4,epididymis,18.0,Tissue enriched,Detected in many,,skin,22822072.9,Secreted to extracellular matrix,"Cancer-related genes, Disease related genes, FDA approved drug targets, Human disease related genes, Predicted secreted proteins",0.6545560259036266,1.0,1.0
COL3A1:P02461:OID30379:v1,COL3A1,COL3A1,P02461,1,Tissue enhanced,Detected in many,,cervix,2222.3,Tissue enriched,Detected in all,,skin,18303180900.8,Secreted to extracellular matrix,"Disease related genes, FDA approved drug targets, Human disease related genes, Plasma proteins, Predicted intracellular proteins, Predicted secreted proteins",0.865,1.0,1.0
COMMD1:Q8N668:OID30222:v1,COMMD1,COMMD1,Q8N668,1,Low tissue specificity,Detected in all,,,0.0,Tissue enhanced,Detected in many,,heart muscle,6147168.5,,Predicted intracellular proteins,0.5025,0.865,0.865
COQ7:Q99807:OID30217:v1,COQ7,COQ7,Q99807,1,Low tissue specificity,Detected in all,,,0.0,Tissue enhanced,Detected in all,,heart muscle,57528847.2,,"Disease related genes, Enzymes, Human disease related genes, Metabolic proteins, Potential drug targets, Predicted intracellular proteins, Predicted membrane proteins",0.5025,0.865,0.865
COX6B1:P14854:OID30317:v1,COX6B1,COX6B1,P14854,1,Tissue enhanced,Detected in all,,tongue,2287.9,Tissue enriched,Detected in all,,heart muscle,2173873101.4,,"Disease related genes, Essential proteins, Human disease related genes, Metabolic proteins, Plasma proteins, Predicted intracellular proteins",0.865,1.0,1.0
CPQ:Q9Y646:OID30406:v1,CPQ,CPQ,Q9Y646,1,Tissue enhanced,Detected in all,,thyroid gland,212.0,Group enriched,Detected in all,,kidney,154342575.7,Secreted to blood,"Enzymes, Plasma proteins, Predicted intracellular proteins, Predicted secreted proteins",0.8202028502085821,0.9324999999999999,0.9324999999999999
CPTP:Q5TA50:OID30106:v1,CPTP,CPTP,Q5TA50,1,Low tissue specificity,Detected in all,,,0.0,Tissue enhanced,Detected in many,,cerebral cortex,616799.3,,Predicted intracellular proteins,0.5025,0.865,0.865
CPXM2:Q8N436:OID30322:v1,CPXM2,CPXM2,Q8N436,1,Tissue enhanced,Detected in many,,blood vessel,199.4,Tissue enriched,Detected in many,,blood vessel,112877655.0,Secreted - unknown location,"Enzymes, Predicted intracellular proteins, Predicted secreted proteins",0.8184376465374,1.0,1.0
CRYBB1:P53674:OID30319:v1,CRYBB1,CRYBB1,P53674,1,Tissue enhanced,Detected in some,,epididymis,9.1,Tissue enriched,Detected in some,,bone marrow,20370598.3,,"Disease related genes, Human disease related genes, Plasma proteins, Predicted intracellular proteins",0.8150000000000001,1.0,1.0
CRYZL1:O95825:OID30272:v1,CRYZL1,CRYZL1,O95825,1,Low tissue specificity,Detected in all,,,0.0,Low tissue specificity,Detected in all,,,0.0,,Predicted intracellular proteins,0.5025,0.5025,0.5025
CSDE1:O75534:OID30183:v1,CSDE1,CSDE1,O75534,1,Tissue enhanced,Detected in all,,skeletal muscle,1250.0,Low tissue specificity,Detected in all,,,0.0,,"Cancer-related genes, Plasma proteins, Predicted intracellular proteins",0.865,0.5025,0.865
CSF2:P04141:OID30072:v1,CSF2,CSF2,P04141,1,Tissue enhanced,Detected in single,,lung,1.9,Not detected,Not detected,,,0.0,Secreted to blood,"Cancer-related genes, Predicted secreted proteins",0.865,0.35,0.865
CSPG4:Q6UVK1:OID30397:v1,CSPG4,CSPG4,Q6UVK1,1,Tissue enhanced,Detected in many,,blood vessel,124.5,Group enriched,Detected in many,,blood vessel,468315224.9,,Predicted membrane proteins,0.8048893407836603,0.9324999999999999,0.9324999999999999
CSRP3:P50461:OID30176:v1,CSRP3,CSRP3,P50461,1,Tissue enhanced,Detected in some,,heart muscle,2447.5,Group enriched,Detected in many,,skeletal muscle,295724636.3,,"Disease related genes, Human disease related genes, Plasma proteins, Predicted intracellular proteins",0.865,0.9324999999999999,0.9324999999999999
CTHRC1:Q96CG8:OID30393:v1,CTHRC1,CTHRC1,Q96CG8,1,Tissue enhanced,Detected in many,,placenta,84.5,Group enriched,Detected in many,,skin,25356812.0,Secreted in other tissues,"Disease related genes, Human disease related genes, Predicted intracellular proteins, Predicted secreted proteins",0.7937791076117379,0.9324999999999999,0.9324999999999999
CYTL1:Q9NRR1:OID30374:v1,CYTL1,CYTL1,Q9NRR1,1,Tissue enriched,Detected in many,5,blood vessel,198.0,Tissue enriched,Detected in single,17763,blood vessel,1776316.4,Secreted in other tissues,"Plasma proteins, Predicted secreted proteins",0.7391175683343436,1.0,1.0
DDT:P30046:OID30372:v1,DDT,DDT,P30046,1,Tissue enhanced,Detected in all,,liver,1021.2,Low tissue specificity,Detected in all,,,0.0,,"Enzymes, Plasma proteins, Predicted intracellular proteins",0.865,0.5025,0.865
DLL4:Q9NR61:OID30255:v1,DLL4,DLL4,Q9NR61,1,Low tissue specificity,Detected in many,,,0.0,Not detected,Not detected,,,0.0,,"Disease related genes, Human disease related genes, Predicted membrane proteins",0.5525,0.35,0.5525
DMP1:Q13316:OID30213:v1,DMP1,DMP1,Q13316,1,Not detected,Not detected,,,0.0,Not detected,Not detected,,,0.0,Secreted to extracellular matrix,"Disease related genes, Human disease related genes, Predicted secreted proteins",0.35,0.35,0.35
DNAJC6:O75061:OID30247:v1,DNAJC6,DNAJC6,O75061,1,Group enriched,Detected in many,6,brain,90.0,Tissue enriched,Detected in some,,cerebral cortex,106874771.3,,"Disease related genes, Enzymes, Human disease related genes, Potential drug targets, Predicted intracellular proteins",0.6606571622965697,1.0,1.0
DTYMK:P23919:OID30308:v1,DTYMK,DTYMK,P23919,1,Low tissue specificity,Detected in all,,,0.0,Low tissue specificity,Detected in all,,,0.0,,"Disease related genes, Enzymes, Essential proteins, Metabolic proteins, Potential drug targets, Predicted intracellular proteins",0.5025,0.5025,0.5025
ECHDC3:Q96DC8:OID30293:v1,ECHDC3,ECHDC3,Q96DC8,1,Tissue enhanced,Detected in all,,liver,157.5,Group enriched,Detected in all,,kidney,203126687.3,,Predicted intracellular proteins,0.8116473989924836,0.9324999999999999,0.9324999999999999
ECHS1:P30084:OID30239:v1,ECHS1,ECHS1,P30084,1,Tissue enhanced,Detected in all,,liver,1285.7,Group enriched,Detected in all,,liver,1033045571.1,,"Disease related genes, Enzymes, FDA approved drug targets, Human disease related genes, Metabolic proteins, Plasma proteins, Predicted intracellular proteins",0.865,0.9324999999999999,0.9324999999999999
ECI2:O75521:OID30142:v1,ECI2,ECI2,O75521,1,Tissue enhanced,Detected in all,,liver,395.0,Tissue enhanced,Detected in all,,liver,65385572.5,,"Enzymes, Metabolic proteins, Predicted intracellular proteins",0.838154624887333,0.865,0.865
EDN1:P05305:OID30224:v1,EDN1,EDN1,P05305,1,Tissue enhanced,Detected in many,,adipose tissue,41.8,Not detected,Not detected,,,0.0,Secreted to blood,"Cancer-related genes, Candidate cardiovascular disease genes, Disease related genes, Human disease related genes, Plasma proteins, Predicted secreted proteins",0.7737471830331801,0.35,0.7737471830331801
EEF1D:P29692:OID30335:v1,EEF1D,EEF1D,P29692,1,Low tissue specificity,Detected in all,,,0.0,Low tissue specificity,Detected in all,,,0.0,,"Plasma proteins, Predicted intracellular proteins",0.5025,0.5025,0.5025
EHBP1:Q8NDI1:OID30302:v1,EHBP1,EHBP1,Q8NDI1,1,Low tissue specificity,Detected in all,,,0.0,Tissue enriched,Detected in many,,intestine,56836078.1,,"Disease related genes, Human disease related genes, Plasma proteins, Predicted intracellular proteins",0.5025,1.0,1.0
EHD3:Q9NZN3:OID30229:v1,EHD3,EHD3,Q9NZN3,1,Tissue enhanced,Detected in all,,brain,41.0,Tissue enriched,Detected in many,,cerebral cortex,67716930.1,,"Plasma proteins, Predicted intracellular proteins",0.7732009634926958,1.0,1.0
EIF2AK3:Q9NZJ5:OID30060:v1,EIF2AK3,EIF2AK3,Q9NZJ5,1,Tissue enhanced,Detected in many,,pancreas,20.1,Group enriched,Detected in some,,pancreas,2977592.4,,"Disease related genes, Enzymes, Human disease related genes, Potential drug targets, Predicted intracellular proteins, Predicted membrane proteins",0.755,0.9324999999999999,0.9324999999999999
EIF2S2:P20042:OID30270:v1,EIF2S2,EIF2S2,P20042,1,Low tissue specificity,Detected in all,,,0.0,Low tissue specificity,Detected in all,,,0.0,,"Cancer-related genes, Essential proteins, Plasma proteins, Predicted intracellular proteins",0.5025,0.5025,0.5025
EIF5:P55010:OID30156:v1,EIF5,EIF5,P55010,1,Low tissue specificity,Detected in all,,,0.0,Low tissue specificity,Detected in all,,,0.0,,"Essential proteins, Predicted intracellular proteins",0.5025,0.5025,0.5025
ELN:P15502:OID30301:v1,ELN,ELN,P15502,1,Tissue enriched,Detected in many,6,blood vessel,1227.9,Tissue enriched,Detected in many,,blood vessel,183129359.6,Secreted to extracellular matrix,"Disease related genes, Human disease related genes, Plasma proteins, Predicted intracellular proteins, Predicted secreted proteins",0.7975732973134806,1.0,1.0
ENO3:P13929:OID30209:v1,ENO3,ENO3,P13929,1,Group enriched,Detected in all,27,skeletal muscle,13830.4,Tissue enriched,Detected in all,,skeletal muscle,2887512549.4,,"Candidate cardiovascular disease genes, Disease related genes, Enzymes, Human disease related genes, Metabolic proteins, Plasma proteins, Potential drug targets, Predicted intracellular proteins",0.8352066355700623,1.0,1.0
ENOX2:Q16206:OID30152:v1,ENOX2,ENOX2,Q16206,1,Low tissue specificity,Detected in all,,,0.0,Not detected,Not detected,,,0.0,Intracellular and membrane,Predicted intracellular proteins,0.5025,0.35,0.5025
ENPEP:Q07075:OID30135:v1,ENPEP,ENPEP,Q07075,1,Tissue enhanced,Detected in many,,intestine,154.1,Tissue enhanced,Detected in many,,kidney,64806836.5,,"CD markers, Enzymes, Plasma proteins, Predicted membrane proteins",0.8110196585724657,0.865,0.865
ENPP6:Q6UWR7:OID30273:v1,ENPP6,ENPP6,Q6UWR7,1,Group enriched,Detected in many,4,kidney,28.6,Group enriched,Detected in many,,cerebral cortex,151967581.8,Intracellular and membrane,"Enzymes, Metabolic proteins, Predicted intracellular proteins",0.6026279497030642,0.9324999999999999,0.9324999999999999
ENTR1:Q96C92:OID30231:v1,ENTR1,ENTR1,Q96C92,1,Low tissue specificity,Detected in all,,,0.0,Tissue enriched,Detected in many,,fallopian tube,2068426.9,,Predicted intracellular proteins,0.5025,1.0,1.0
EPPK1:P58107:OID30250:v1,EPPK1,EPPK1,P58107,1,Tissue enriched,Detected in many,5,skin 1,15.2,Low tissue specificity,Detected in all,,,0.0,,"Plasma proteins, Predicted intracellular proteins",0.6758828684844481,0.5025,0.6758828684844481
EXOSC10:Q01780:OID30083:v1,EXOSC10,EXOSC10,Q01780,1,Low tissue specificity,Detected in all,,,0.0,Tissue enhanced,Detected in many,,liver,8423623.5,,"Essential proteins, Predicted intracellular proteins",0.5025,0.865,0.865
EXTL1:Q92935:OID30114:v1,EXTL1,EXTL1,Q92935,1,Group enriched,Detected in many,7,brain,30.8,Not detected,Not detected,,,0.0,,"Enzymes, Metabolic proteins, Predicted intracellular proteins",0.6403473248187971,0.35,0.6403473248187971
FABP3:P05413:OID30351:v1,FABP3,FABP3,P05413,1,Group enriched,Detected in many,12,heart muscle,1397.8,Group enriched,Detected in all,,heart muscle,6858556761.7,,"Candidate cardiovascular disease genes, Metabolic proteins, Plasma proteins, Predicted intracellular proteins",0.7770197902927083,0.9324999999999999,0.9324999999999999
FAM172A:Q8WUF8:OID30248:v1,FAM172A,FAM172A,Q8WUF8,1,Low tissue specificity,Detected in all,,,0.0,Tissue enhanced,Detected in many,,lymphoid tissue,1549453.2,Intracellular and membrane,Predicted intracellular proteins,0.5025,0.865,0.865
FAM20A:Q96MK3:OID30348:v1,FAM20A,FAM20A,Q96MK3,1,Tissue enhanced,Detected in many,,liver,23.6,Tissue enriched,Detected in single,20960,salivary gland,2096010.5,Secreted in other tissues,"Disease related genes, Human disease related genes, Predicted intracellular proteins, Predicted secreted proteins",0.7577155918900849,1.0,1.0
FBLN2:P98095:OID30378:v1,FBLN2,FBLN2,P98095,1,Tissue enhanced,Detected in many,,heart muscle,287.6,Group enriched,Detected in many,,skin,197633343.4,Secreted to extracellular matrix,"Plasma proteins, Predicted intracellular proteins, Predicted secreted proteins",0.8289960261232858,0.9324999999999999,0.9324999999999999
FCAMR:Q8WWV6:OID30332:v1,FCAMR,FCAMR,Q8WWV6,1,Group enriched,Detected in some,4,kidney,35.6,Tissue enriched,Detected in single,59,lymphoid tissue,5907.1,,"CD markers, Predicted membrane proteins",0.6545560259036266,0.9605055635163655,0.9605055635163655
FDX1:P10109:OID30078:v1,FDX1,FDX1,P10109,1,Tissue enriched,Detected in all,7,adrenal gland,300.4,Tissue enhanced,Detected in all,,liver,132728141.9,,Predicted intracellular proteins,0.7729523131486674,0.865,0.865
FGFBP2:Q9BYJ0:OID30395:v1,FGFBP2,FGFBP2,Q9BYJ0,1,Tissue enhanced,Detected in many,,bone marrow,51.4,Tissue enriched,Detected in some,,intestine,124983.0,Secreted to blood,"Plasma proteins, Predicted secreted proteins",0.7796055032429272,1.0,1.0
FSHB:P01225:OID30233:v1,FSHB,FSHB,P01225,1,Tissue enriched,Detected in single,271,pituitary gland,198.9,Not detected,Not detected,,,0.0,Secreted to blood,"Cancer-related genes, Disease related genes, Human disease related genes, Predicted secreted proteins",1.0,0.35,1.0
FSTL1:Q12841:OID30254:v1,FSTL1,FSTL1,Q12841,1,Low tissue specificity,Detected in all,,,0.0,Tissue enhanced,Detected in many,,heart muscle,12532885.7,Secreted to blood,"Plasma proteins, Predicted intracellular proteins, Predicted secreted proteins",0.5025,0.865,0.865
GADD45GIP1:Q8TAE8:OID30237:v1,GADD45GIP1,GADD45GIP1,Q8TAE8,1,Low tissue specificity,Detected in all,,,0.0,Low tissue specificity,Detected in many,,,0.0,,"Predicted intracellular proteins, Ribosomal proteins",0.5025,0.5525,0.5525
GALNT5:Q7Z7M9:OID30295:v1,GALNT5,GALNT5,Q7Z7M9,1,Tissue enhanced,Detected in many,,intestine,12.7,Tissue enhanced,Detected in some,,salivary gland,6240182.0,,"Enzymes, Metabolic proteins, Predicted intracellular proteins",0.755,0.865,0.865
GASK1A:Q9UFP1:OID30109:v1,GASK1A,GASK1A,Q9UFP1,1,Low tissue specificity,Detected in many,,,0.0,Not detected,Not detected,,,0.0,Secreted - unknown location,"Predicted intracellular proteins, Predicted secreted proteins",0.5525,0.35,0.5525
GATD3:P0DPI2:OID30253:v1,GATD3,GATD3,P0DPI2,1,Tissue enhanced,Detected in all,,tongue,357.4,Not detected,Not detected,,,0.0,,Predicted intracellular proteins,0.835266563772401,0.35,0.835266563772401
GBP6:Q6ZN66:OID30139:v1,GBP6,GBP6,Q6ZN66,1,Tissue enriched,Detected in some,5,esophagus,276.3,Group enriched,Detected in some,29523,Stomach,4691466.3,,Predicted intracellular proteins,0.7487226314316946,0.9324999999999999,0.9324999999999999
GET3:O43681:OID30303:v1,GET3,GET3,O43681,1,Low tissue specificity,Detected in all,,,0.0,Low tissue specificity,Detected in all,,,0.0,,"Essential proteins, Predicted intracellular proteins, Transporters",0.5025,0.5025,0.5025
GGACT:Q9BVM4:OID30290:v1,GGACT,GGACT,Q9BVM4,1,Tissue enriched,Detected in many,6,kidney,67.5,Tissue enriched,Detected in many,,kidney,42536729.6,,"Enzymes, Metabolic proteins, Predicted intracellular proteins",0.7199349639317054,1.0,1.0
GGCT:O75223:OID30304:v1,GGCT,GGCT,O75223,1,Low tissue specificity,Detected in all,,,0.0,Low tissue specificity,Detected in all,,,0.0,,"Enzymes, Metabolic proteins, Plasma proteins, Predicted intracellular proteins",0.5025,0.5025,0.5025
GIP:P09681:OID30288:v1,GIP,GIP,P09681,1,Tissue enriched,Detected in some,209,intestine,243.9,Tissue enriched,Detected in some,88,intestine,15260203.1,Secreted to blood,"FDA approved drug targets, Plasma proteins, Predicted secreted proteins",0.9592428777593219,0.9904077366286219,0.9904077366286219
GM2A:P17900:OID30413:v1,GM2A,GM2A,P17900,1,Low tissue specificity,Detected in all,,,0.0,Tissue enriched,Detected in all,,kidney,440543691.5,Intracellular and membrane,"Disease related genes, Human disease related genes, Metabolic proteins, Plasma proteins, Predicted intracellular proteins",0.5025,1.0,1.0
GMFG:O60234:OID30340:v1,GMFG,GMFG,O60234,1,Tissue enhanced,Detected in all,,bone marrow,544.6,Group enriched,Detected in all,,bone marrow,446319563.6,,"Plasma proteins, Predicted intracellular proteins",0.8474318942509603,0.9324999999999999,0.9324999999999999
GNPDA1:P46926:OID30197:v1,GNPDA1,GNPDA1,P46926,1,Low tissue specificity,Detected in all,,,0.0,Low tissue specificity,Detected in all,,,0.0,,"Enzymes, Metabolic proteins, Predicted intracellular proteins",0.5025,0.5025,0.5025
GOT1:P17174:OID30417:v1,GOT1,GOT1,P17174,1,Tissue enhanced,Detected in all,,tongue,944.6,Tissue enhanced,Detected in all,,heart muscle,1072998185.6,,"Cancer-related genes, Enzymes, Metabolic proteins, Plasma proteins, Predicted intracellular proteins",0.8633517975530454,0.865,0.865
GP1BB:P13224:OID30174:v1,GP1BB,GP1BB,P13224,1,Tissue enriched,Detected in many,4,brain,92.5,Tissue enriched,Detected in many,,lymphoid tissue,58829984.5,,"CD markers, Disease related genes, Human disease related genes, Predicted membrane proteins",0.7034244586024185,1.0,1.0
GRHPR:Q9UBQ7:OID30289:v1,GRHPR,GRHPR,Q9UBQ7,1,Tissue enhanced,Detected in all,,liver,610.0,Tissue enriched,Detected in all,,liver,477162613.6,,"Disease related genes, Enzymes, Human disease related genes, Metabolic proteins, Plasma proteins, Potential drug targets, Predicted intracellular proteins",0.8507092099542559,1.0,1.0
GRP:P07492:OID30264:v1,GRP,GRP,P07492,1,Tissue enhanced,Detected in many,,brain,12.4,Tissue enriched,Detected in some,,Stomach,1885361.4,Secreted in other tissues,"Predicted intracellular proteins, Predicted secreted proteins",0.755,1.0,1.0
GSTM4:Q03013:OID30164:v1,GSTM4,GSTM4,Q03013,1,Tissue enhanced,Detected in all,,intestine,128.0,Group enriched,Detected in many,,cerebral cortex,1168484.0,,"Enzymes, Metabolic proteins, Predicted intracellular proteins",0.8056856245328587,0.9324999999999999,0.9324999999999999
HADH:Q16836:OID30132:v1,HADH,HADH,Q16836,1,Low tissue specificity,Detected in all,,,0.0,Tissue enhanced,Detected in all,,heart muscle,533892070.3,,"Disease related genes, Enzymes, FDA approved drug targets, Human disease related genes, Metabolic proteins, Predicted intracellular proteins",0.5025,0.865,0.865
HBZ:P02008:OID30307:v1,HBZ,HBZ,P02008,1,Group enriched,Detected in some,7,testis,13.9,Low tissue specificity,Detected in many,,,0.0,,Predicted intracellular proteins,0.6902000073848723,0.5525,0.6902000073848723
HCG22:E2RYF7:OID30088:v1,HCG22,HCG22,E2RYF7,1,Not detected,Not detected,,,0.0,,,,,0.0,,"Human disease related genes, Predicted intracellular proteins",0.35,0.4475,0.4475
HEPH:Q9BQS7:OID30337:v1,HEPH,HEPH,Q9BQS7,1,Tissue enhanced,Detected in many,,intestine,55.1,Group enriched,Detected in many,,intestine,20462441.6,,"Metabolic proteins, Predicted membrane proteins, Transporters",0.7815806557380175,0.9324999999999999,0.9324999999999999
HMGCL:P35914:OID30214:v1,HMGCL,HMGCL,P35914,1,Tissue enhanced,Detected in all,,liver,321.5,Tissue enriched,Detected in many,,liver,73477047.8,,"Disease related genes, Enzymes, Human disease related genes, Metabolic proteins, Plasma proteins, Potential drug targets, Predicted intracellular proteins",0.8322111204041994,1.0,1.0
HPSE:Q9Y251:OID30409:v1,HPSE,HPSE,Q9Y251,1,Low tissue specificity,Detected in many,,,0.0,Group enriched,Detected in many,,bone marrow,60752123.4,Secreted to extracellular matrix,"Enzymes, Metabolic proteins, Predicted secreted proteins",0.5525,0.9324999999999999,0.9324999999999999
HRC:P23327:OID30211:v1,HRC,HRC,P23327,1,Group enriched,Detected in many,26,heart muscle,692.1,Tissue enriched,Detected in many,,heart muscle,545669819.0,Intracellular and membrane,Predicted intracellular proteins,0.8218075924999486,1.0,1.0
HS1BP3:Q53T59:OID30243:v1,HS1BP3,HS1BP3,Q53T59,1,Low tissue specificity,Detected in all,,,0.0,Low tissue specificity,Detected in many,,,0.0,,Predicted intracellular proteins,0.5025,0.5525,0.5525
HSBP1:O75506:OID30232:v1,HSBP1,HSBP1,O75506,1,Low tissue specificity,Detected in all,,,0.0,Tissue enhanced,Detected in all,,fallopian tube,225598637.3,,Predicted intracellular proteins,0.5025,0.865,0.865
HSDL2:Q6YN16:OID30256:v1,HSDL2,HSDL2,Q6YN16,1,Tissue enhanced,Detected in all,,tongue,169.3,Tissue enhanced,Detected in all,,heart muscle,146590599.9,,"Plasma proteins, Predicted intracellular proteins",0.8137261236438867,0.865,0.865
IDO1:P14902:OID30230:v1,IDO1,IDO1,P14902,1,Tissue enhanced,Detected in many,,placenta,104.2,Tissue enriched,Detected in many,,heart muscle,8730170.7,,"Cancer-related genes, Enzymes, Metabolic proteins, Predicted intracellular proteins",0.7997815474430572,1.0,1.0
IGDCC4:Q8TDY8:OID30402:v1,IGDCC4,IGDCC4,Q8TDY8,1,Tissue enhanced,Detected in many,,tongue,13.1,Tissue enriched,Detected in some,,skeletal muscle,2548927.4,,"Plasma proteins, Predicted membrane proteins",0.755,1.0,1.0
IGF2BP3:O00425:OID30112:v1,IGF2BP3,IGF2BP3,O00425,1,Tissue enhanced,Detected in some,,placenta,27.2,Tissue enriched,Detected in single,93,skin,9295.2,,Predicted intracellular proteins,0.8150000000000001,0.9945529034381217,0.9945529034381217
IGHMBP2:P38935:OID30123:v1,IGHMBP2,IGHMBP2,P38935,1,Low tissue specificity,Detected in many,,,0.0,Tissue enhanced,Detected in some,,Stomach,251907.5,,"Disease related genes, Enzymes, Human disease related genes, Potential drug targets, Predicted intracellular proteins",0.5525,0.865,0.865
IGSF21:Q96ID5:OID30210:v1,IGSF21,IGSF21,Q96ID5,1,Tissue enriched,Detected in many,8,brain,97.3,Tissue enriched,Detected in some,2,cerebral cortex,119453732.8,Intracellular and membrane,Predicted intracellular proteins,0.7494500821793744,0.7333161993561574,0.7494500821793744
IGSF9:Q9P2J2:OID30330:v1,IGSF9,IGSF9,Q9P2J2,1,Tissue enhanced,Detected in many,,retina,26.2,Tissue enriched,Detected in single,9325,fallopian tube,932546.1,,Predicted membrane proteins,0.7606240908475075,1.0,1.0
INPP5D:Q92835:OID30259:v1,INPP5D,INPP5D,Q92835,1,Tissue enhanced,Detected in many,,lymphoid tissue,95.6,Tissue enhanced,Detected in many,,lymphoid tissue,77358055.9,,"Enzymes, Metabolic proteins, Plasma proteins, Predicted intracellular proteins",0.797312663778508,0.865,0.865
ITGBL1:O95965:OID30408:v1,ITGBL1,ITGBL1,O95965,1,Tissue enriched,Detected in many,4,blood vessel,156.8,Not detected,Not detected,,,0.0,Secreted - unknown location,"Predicted intracellular proteins, Predicted secreted proteins, Transporters",0.7185752922572499,0.35,0.7185752922572499
ITPA:Q9BY32:OID30082:v1,ITPA,ITPA,Q9BY32,1,Low tissue specificity,Detected in all,,,0.0,Low tissue specificity,Detected in many,,,0.0,,"Disease related genes, Enzymes, Human disease related genes, Metabolic proteins, Potential drug targets, Predicted intracellular proteins",0.5025,0.5525,0.5525
ITPR1:Q14643:OID30216:v1,ITPR1,ITPR1,Q14643,1,Low tissue specificity,Detected in all,,,0.0,Tissue enhanced,Detected in many,,cerebral cortex,71976220.1,,"Disease related genes, Human disease related genes, Plasma proteins, Potential drug targets, Predicted intracellular proteins, Predicted membrane proteins, Transporters",0.5025,0.865,0.865
KHK:P50053:OID30241:v1,KHK,KHK,P50053,1,Group enriched,Detected in many,12,liver,173.3,Group enriched,Detected in many,,liver,368999345.7,,"Disease related genes, Enzymes, Metabolic proteins, Plasma proteins, Potential drug targets, Predicted intracellular proteins",0.7264179993007143,0.9324999999999999,0.9324999999999999
KIF22:Q14807:OID30175:v1,KIF22,KIF22,Q14807,1,Tissue enhanced,Detected in all,,lymphoid tissue,53.6,Tissue enriched,Detected in some,,intestine,1258942.9,,"Disease related genes, Human disease related genes, Plasma proteins, Predicted intracellular proteins",0.7807960880223146,1.0,1.0
KLK3:P07288:OID30364:v1,KLK3,KLK3,P07288,1,Tissue enriched,Detected in many,318,prostate,7518.2,Low tissue specificity,Detected in all,,,0.0,Secreted in male reproductive system,"Cancer-related genes, Enzymes, FDA approved drug targets, Plasma proteins, Predicted secreted proteins",1.0,0.5025,1.0
L3HYPDH:Q96EM0:OID30314:v1,L3HYPDH,L3HYPDH,Q96EM0,1,Low tissue specificity,Detected in all,,,0.0,Tissue enhanced,Detected in all,,heart muscle,7380686.5,,"Enzymes, Predicted intracellular proteins",0.5025,0.865,0.865
LAMB1:P07942:OID30280:v1,LAMB1,LAMB1,P07942,1,Tissue enhanced,Detected in many,,placenta,145.0,Tissue enhanced,Detected in all,,heart muscle,320518445.5,Secreted to extracellular matrix,"Cancer-related genes, Disease related genes, Human disease related genes, Plasma proteins, Predicted intracellular proteins, Predicted secreted proteins",0.809269315698662,0.865,0.865
LAMP1:P11279:OID30416:v1,LAMP1,LAMP1,P11279,1,Low tissue specificity,Detected in all,,,0.0,Low tissue specificity,Detected in all,,,0.0,,"CD markers, Plasma proteins, Predicted membrane proteins, Transporters",0.5025,0.5025,0.5025
LCP1:P13796:OID30367:v1,LCP1,LCP1,P13796,1,Tissue enhanced,Detected in all,,bone marrow,669.6,Group enriched,Detected in all,,lymphoid tissue,1542150648.0,,"Cancer-related genes, Disease related genes, Plasma proteins, Predicted intracellular proteins",0.8534036426800837,0.9324999999999999,0.9324999999999999
LECT2:O14960:OID30320:v1,LECT2,LECT2,O14960,1,Tissue enriched,Detected in some,53,liver,445.4,Group enriched,Detected in many,,blood vessel,1210265.8,Secreted to blood,"Plasma proteins, Predicted intracellular proteins, Predicted secreted proteins",0.9291379902765894,0.9324999999999999,0.9324999999999999
LILRA3:Q8N6C8:OID30376:v1,LILRA3,LILRA3,Q8N6C8,0,,,,,0.0,,,,,0.0,,,0.4475,0.4475,0.4475
LILRA6:Q6PI73:OID30346:v1,LILRA6,LILRA6,Q6PI73,1,Group enriched,Detected in some,4,lymphoid tissue,16.2,Tissue enriched,Detected in some,,lung,47245.8,,Predicted membrane proteins,0.6545560259036266,1.0,1.0
LIPF:P07098:OID30266:v1,LIPF,LIPF,P07098,1,Tissue enriched,Detected in many,143,stomach 1,35389.5,Tissue enriched,Detected in many,,Stomach,4576212087.6,Secreted to digestive system,"Enzymes, FDA approved drug targets, Metabolic proteins, Predicted secreted proteins",1.0,1.0,1.0
LMOD1:P29536:OID30212:v1,LMOD1,LMOD1,P29536,1,Tissue enhanced,Detected in many,,blood vessel,897.6,Tissue enhanced,Detected in many,,blood vessel,208220975.4,,"Disease related genes, Human disease related genes, Plasma proteins, Predicted intracellular proteins",0.8618759411463768,0.865,0.865
LONP1:P36776:OID30219:v1,LONP1,LONP1,P36776,1,Tissue enhanced,Detected in all,,adrenal gland,190.0,Low tissue specificity,Detected in all,,,0.0,,"Disease related genes, Enzymes, Essential proteins, Human disease related genes, Potential drug targets, Predicted intracellular proteins",0.8170468911061054,0.5025,0.8170468911061054
LPP:Q93052:OID30190:v1,LPP,LPP,Q93052,1,Tissue enhanced,Detected in all,,blood vessel,128.4,Tissue enhanced,Detected in all,,blood vessel,447941886.6,,"Cancer-related genes, Disease related genes, Human disease related genes, Plasma proteins, Predicted intracellular proteins",0.8057752493003899,0.865,0.865
LRCH4:O75427:OID30191:v1,LRCH4,LRCH4,O75427,1,Low tissue specificity,Detected in all,,,0.0,Tissue enriched,Detected in many,,lymphoid tissue,8440244.6,,"Predicted intracellular proteins, Predicted membrane proteins",0.5025,1.0,1.0
LRRC59:Q96AG4:OID30361:v1,LRRC59,LRRC59,Q96AG4,1,Low tissue specificity,Detected in all,,,0.0,Group enriched,Detected in all,,pancreas,162678754.8,,"Predicted intracellular proteins, Predicted membrane proteins, Transporters",0.5025,0.9324999999999999,0.9324999999999999
M6PR:P20645:OID30208:v1,M6PR,M6PR,P20645,1,Low tissue specificity,Detected in all,,,0.0,Low tissue specificity,Detected in all,,,0.0,,"FDA approved drug targets, Predicted intracellular proteins, Predicted membrane proteins, Transporters",0.5025,0.5025,0.5025
MAMDC2:Q7Z304:OID30309:v1,MAMDC2,MAMDC2,Q7Z304,1,Tissue enhanced,Detected in many,,endometrium 1,72.0,Tissue enhanced,Detected in many,,blood vessel,13832902.7,Secreted in other tissues,Predicted secreted proteins,0.7892035526863396,0.865,0.865
MAN1A2:O60476:OID30262:v1,MAN1A2,MAN1A2,O60476,1,Low tissue specificity,Detected in all,,,0.0,Tissue enhanced,Detected in many,,cerebral cortex,5086781.3,,"Enzymes, Metabolic proteins, Plasma proteins, Predicted intracellular proteins, Predicted membrane proteins",0.5025,0.865,0.865
MAN2B2:Q9Y2E5:OID30306:v1,MAN2B2,MAN2B2,Q9Y2E5,1,Low tissue specificity,Detected in all,,,0.0,Low tissue specificity,Detected in many,,,0.0,Secreted to blood,"Enzymes, Metabolic proteins, Plasma proteins, Predicted secreted proteins",0.5025,0.5525,0.5525
MANSC4:A6NHS7:OID30141:v1,MANSC4,MANSC4,A6NHS7,1,Tissue enhanced,Detected in single,,testis,1.3,Not detected,Not detected,,,0.0,,Predicted membrane proteins,0.865,0.35,0.865
MAP1LC3B2:A6NCE7:OID30074:v1,MAP1LC3B2,MAP1LC3B2,A6NCE7,1,Tissue enhanced,Detected in many,,brain,5.8,Not detected,Not detected,,,0.0,,Predicted intracellular proteins,0.755,0.35,0.755
MECR:Q9BV79:OID30274:v1,MECR,MECR,Q9BV79,1,Low tissue specificity,Detected in all,,,0.0,Tissue enhanced,Detected in all,,heart muscle,30648477.5,,"Disease related genes, Enzymes, Human disease related genes, Metabolic proteins, Potential drug targets, Predicted intracellular proteins",0.5025,0.865,0.865
MEGF11:A6BM72:OID30099:v1,MEGF11,MEGF11,A6BM72,1,Group enriched,Detected in some,4,brain,23.8,Not detected,Not detected,,,0.0,,"Predicted intracellular proteins, Predicted membrane proteins",0.6545560259036266,0.35,0.6545560259036266
MELTF:P08582:OID30347:v1,MELTF,MELTF,P08582,1,Tissue enhanced,Detected in many,,salivary gland,67.1,Low tissue specificity,Detected in all,,,0.0,Intracellular and membrane,"CD markers, Plasma proteins, Predicted intracellular proteins",0.7871921271773332,0.5025,0.7871921271773332
MMP15:P51511:OID30299:v1,MMP15,MMP15,P51511,1,Tissue enhanced,Detected in many,,liver,50.7,Group enriched,Detected in some,,liver,8091837.9,,"Cancer-related genes, Enzymes, Plasma proteins, Predicted intracellular proteins, Predicted membrane proteins",0.7792161766495771,0.9324999999999999,0.9324999999999999
MMUT:P22033:OID30159:v1,MMUT,MMUT,P22033,1,Tissue enhanced,Detected in all,,liver,186.1,Tissue enriched,Detected in all,,liver,225467995.6,,"Disease related genes, Enzymes, FDA approved drug targets, Human disease related genes, Metabolic proteins, Plasma proteins, Predicted intracellular proteins",0.8164496722026829,1.0,1.0
MTR:Q99707:OID30110:v1,MTR,MTR,Q99707,1,Low tissue specificity,Detected in all,,,0.0,Group enriched,Detected in many,,heart muscle,34379667.1,,"Disease related genes, Enzymes, FDA approved drug targets, Human disease related genes, Metabolic proteins, Predicted intracellular proteins",0.5025,0.9324999999999999,0.9324999999999999
MUC2:Q02817:OID30377:v1,MUC2,MUC2,Q02817,1,Tissue enriched,Detected in some,40,intestine,436.8,,,,,0.0,Intracellular and membrane,Predicted intracellular proteins,0.9076882395475132,0.4475,0.9076882395475132
MYBPC1:Q00872:OID30296:v1,MYBPC1,MYBPC1,Q00872,1,Group enriched,Detected in many,85,skeletal muscle,10574.4,Tissue enriched,Detected in some,4,skeletal muscle,3460292330.4,,"Disease related genes, Human disease related genes, Predicted intracellular proteins",0.9203073330912219,0.7720560259036267,0.9203073330912219
MYBPC2:Q14324:OID30199:v1,MYBPC2,MYBPC2,Q14324,1,Group enriched,Detected in some,13,skeletal muscle,4065.8,Tissue enriched,Detected in single,3138351,skeletal muscle,313835067.3,,Predicted intracellular proteins,0.7826399664417714,1.0,1.0
MYDGF:Q969H8:OID30313:v1,MYDGF,MYDGF,Q969H8,1,Low tissue specificity,Detected in all,,,0.0,Low tissue specificity,Detected in all,,,0.0,Secreted to blood,"Plasma proteins, Predicted intracellular proteins, Predicted secreted proteins",0.5025,0.5025,0.5025
MYH9:P35579:OID30382:v1,MYH9,MYH9,P35579,1,Tissue enhanced,Detected in all,,blood vessel,530.2,Low tissue specificity,Detected in all,,,0.0,,"Cancer-related genes, Disease related genes, Human disease related genes, Plasma proteins, Predicted intracellular proteins",0.8466575866015671,0.5025,0.8466575866015671
MYL3:P08590:OID30251:v1,MYL3,MYL3,P08590,1,Tissue enhanced,Detected in all,,heart muscle,8764.4,Group enriched,Detected in many,,skeletal muscle,10967770230.1,,"Candidate cardiovascular disease genes, Disease related genes, Human disease related genes, Plasma proteins, Predicted intracellular proteins",0.865,0.9324999999999999,0.9324999999999999
MYL4:P12829:OID30245:v1,MYL4,MYL4,P12829,1,Tissue enriched,Detected in many,48,heart muscle,6049.7,Tissue enriched,Detected in many,,heart muscle,681865486.1,,"Disease related genes, Human disease related genes, Plasma proteins, Predicted intracellular proteins",0.9451465946269613,1.0,1.0
MYOM2:P54296:OID30131:v1,MYOM2,MYOM2,P54296,1,Group enriched,Detected in some,6,skeletal muscle,372.0,Group enriched,Detected in many,,skeletal muscle,2109087408.7,,Predicted intracellular proteins,0.7014957492254517,0.9324999999999999,0.9324999999999999
NAA10:P41227:OID30188:v1,NAA10,NAA10,P41227,1,Low tissue specificity,Detected in all,,,0.0,Low tissue specificity,Detected in all,,,0.0,,"Disease related genes, Enzymes, Essential proteins, Human disease related genes, Metabolic proteins, Potential drug targets, Predicted intracellular proteins",0.5025,0.5025,0.5025
NAGK:Q9UJ70:OID30271:v1,NAGK,NAGK,Q9UJ70,1,Low tissue specificity,Detected in all,,,0.0,Low tissue specificity,Detected in all,,,0.0,,"Enzymes, Metabolic proteins, Predicted intracellular proteins",0.5025,0.5025,0.5025
NEB:P20929:OID30105:v1,NEB,NEB,P20929,1,Group enriched,Detected in many,71,skeletal muscle,7182.0,Tissue enriched,Detected in many,,skeletal muscle,1798739755.0,,"Cancer-related genes, Disease related genes, Human disease related genes, Plasma proteins, Predicted intracellular proteins",0.9068324060971871,1.0,1.0
NECAP2:Q9NVZ3:OID30089:v1,NECAP2,NECAP2,Q9NVZ3,1,Low tissue specificity,Detected in all,,,0.0,Group enriched,Detected in many,,lymphoid tissue,17821507.2,,Predicted intracellular proteins,0.5025,0.9324999999999999,0.9324999999999999
NFE2:Q16621:OID30268:v1,NFE2,NFE2,Q16621,1,Group enriched,Detected in many,6,bone marrow,106.1,Tissue enriched,Detected in single,40747,bone marrow,4074731.7,,"Predicted intracellular proteins, Transcription factors",0.6653730185149604,1.0,1.0
NFKB1:P19838:OID30160:v1,NFKB1,NFKB1,P19838,1,Low tissue specificity,Detected in all,,,0.0,Tissue enhanced,Detected in all,,lymphoid tissue,97150351.0,,"Cancer-related genes, Disease related genes, FDA approved drug targets, Human disease related genes, Plasma proteins, Predicted intracellular proteins, RAS pathway related proteins, Transcription factors",0.5025,0.865,0.865
NFX1:Q12986:OID30158:v1,NFX1,NFX1,Q12986,1,Low tissue specificity,Detected in all,,,0.0,Tissue enriched,Detected in some,,cerebral cortex,2300272.3,,"Plasma proteins, Predicted intracellular proteins, Transcription factors",0.5025,1.0,1.0
NIT1:Q86X76:OID30252:v1,NIT1,NIT1,Q86X76,1,Low tissue specificity,Detected in all,,,0.0,Low tissue specificity,Detected in all,,,0.0,,"Enzymes, Predicted intracellular proteins",0.5025,0.5025,0.5025
NIT2:Q9NQR4:OID30336:v1,NIT2,NIT2,Q9NQR4,1,Tissue enhanced,Detected in all,,liver,24.7,Group enriched,Detected in all,,liver,386396537.3,,"Enzymes, Metabolic proteins, Plasma proteins, Predicted intracellular proteins",0.7589819430737694,0.9324999999999999,0.9324999999999999
NOP56:O00567:OID30055:v1,NOP56,NOP56,O00567,1,Low tissue specificity,Detected in all,,,0.0,Low tissue specificity,Detected in all,,,0.0,,"Disease related genes, Essential proteins, Human disease related genes, Plasma proteins, Predicted intracellular proteins",0.5025,0.5025,0.5025
NOTCH2:Q04721:OID30407:v1,NOTCH2,NOTCH2,Q04721,1,Low tissue specificity,Detected in all,,,0.0,Low tissue specificity,Detected in many,,,0.0,,"Cancer-related genes, Disease related genes, Human disease related genes, Plasma proteins, Predicted intracellular proteins, Predicted membrane proteins",0.5025,0.5525,0.5525
NPC2:P61916:OID30418:v1,NPC2,NPC2,P61916,1,Tissue enriched,Detected in all,9,epididymis,15839.4,Tissue enhanced,Detected in all,,kidney,228914193.9,Secreted to blood,"Disease related genes, Human disease related genes, Plasma proteins, Potential drug targets, Predicted intracellular proteins, Predicted secreted proteins, Transporters",0.8246226950319173,0.865,0.865
NPL:Q9BXD5:OID30329:v1,NPL,NPL,Q9BXD5,1,Tissue enhanced,Detected in all,,kidney,42.4,Group enriched,Detected in many,,bone marrow,6202745.0,,"Enzymes, Metabolic proteins, Predicted intracellular proteins",0.7741501887545669,0.9324999999999999,0.9324999999999999
NPTX2:P47972:OID30390:v1,NPTX2,NPTX2,P47972,1,Tissue enriched,Detected in many,4,pituitary gland,200.0,Group enriched,Detected in some,75304,pancreas,9885335.3,Secreted to blood,Predicted secreted proteins,0.7255802159338516,0.9324999999999999,0.9324999999999999
NT5C:Q8TCD5:OID30294:v1,NT5C,NT5C,Q8TCD5,1,Low tissue specificity,Detected in all,,,0.0,Low tissue specificity,Detected in all,,,0.0,,"Metabolic proteins, Predicted intracellular proteins",0.5025,0.5025,0.5025
NUDT15:Q9NV35:OID30102:v1,NUDT15,NUDT15,Q9NV35,1,Low tissue specificity,Detected in all,,,0.0,Tissue enriched,Detected in many,,Stomach,85057896.3,,"Enzymes, Predicted intracellular proteins",0.5025,1.0,1.0
OPLAH:O14841:OID30201:v1,OPLAH,OPLAH,O14841,1,Tissue enhanced,Detected in many,,testis,62.9,Tissue enhanced,Detected in all,,liver,103426948.1,,"Disease related genes, Enzymes, Human disease related genes, Metabolic proteins, Potential drug targets, Predicted intracellular proteins",0.7853493102354852,0.865,0.865
OXCT1:P55809:OID30227:v1,OXCT1,OXCT1,P55809,1,Tissue enhanced,Detected in all,,heart muscle,230.2,Group enriched,Detected in all,,heart muscle,230845361.9,,"Disease related genes, Enzymes, Human disease related genes, Metabolic proteins, Potential drug targets, Predicted intracellular proteins",0.8225763885293885,0.9324999999999999,0.9324999999999999
PACS2:Q86VP3:OID30186:v1,PACS2,PACS2,Q86VP3,1,Group enriched,Detected in all,5,brain,95.7,Tissue enhanced,Detected in many,,cerebral cortex,1373364.8,,"Disease related genes, Human disease related genes, Potential drug targets, Predicted intracellular proteins, Transporters",0.6507254844402681,0.865,0.865
PAGR1:Q9BTK6:OID30206:v1,PAGR1,PAGR1,Q9BTK6,1,Tissue enhanced,Detected in all,,brain,54.3,Tissue enhanced,Detected in many,,lymphoid tissue,135307.8,,Predicted intracellular proteins,0.7811648672360615,0.865,0.865
PALM3:A6NDB9:OID30182:v1,PALM3,PALM3,A6NDB9,1,Tissue enhanced,Detected in many,,liver,55.4,Low tissue specificity,Detected in many,,,0.0,,Predicted intracellular proteins,0.7817350495801996,0.5525,0.7817350495801996
PDAP1:Q13442:OID30323:v1,PDAP1,PDAP1,Q13442,1,Low tissue specificity,Detected in all,,,0.0,Low tissue specificity,Detected in all,,,0.0,,"Cancer-related genes, Essential proteins, Plasma proteins, Predicted intracellular proteins",0.5025,0.5025,0.5025
PDIA4:P13667:OID30375:v1,PDIA4,PDIA4,P13667,1,Low tissue specificity,Detected in all,,,0.0,Tissue enriched,Detected in all,,pancreas,3394873722.2,Intracellular and membrane,"Enzymes, Metabolic proteins, Plasma proteins, Predicted intracellular proteins",0.5025,1.0,1.0
PDZD2:O15018:OID30151:v1,PDZD2,PDZD2,O15018,1,Tissue enhanced,Detected in many,,heart muscle,17.6,Group enriched,Detected in some,12864,cerebral cortex,1689211.2,Intracellular and membrane,Predicted intracellular proteins,0.755,0.9324999999999999,0.9324999999999999
PECR:Q9BY49:OID30228:v1,PECR,PECR,Q9BY49,1,Tissue enriched,Detected in many,5,liver,149.7,Tissue enriched,Detected in many,,liver,34176187.6,,"Enzymes, Metabolic proteins, Predicted intracellular proteins",0.7310694112359207,1.0,1.0
PGD:P52209:OID30344:v1,PGD,PGD,P52209,1,Group enriched,Detected in all,4,esophagus,483.2,Low tissue specificity,Detected in all,,,0.0,,"Enzymes, Essential proteins, Metabolic proteins, Plasma proteins, Predicted intracellular proteins",0.683531781795682,0.5025,0.683531781795682
PGLYRP4:Q96LB8:OID30101:v1,PGLYRP4,PGLYRP4,Q96LB8,1,Group enriched,Detected in some,5,skin 1,13.5,Not detected,Not detected,,,0.0,Secreted in other tissues,"Metabolic proteins, Predicted secreted proteins",0.6683828684844482,0.35,0.6683828684844482
PKD1:P98161:OID30328:v1,PKD1,PKD1,P98161,1,Tissue enhanced,Detected in all,,brain,199.9,Tissue enriched,Detected in single,347,blood vessel,34687.5,Secreted - unknown location,"Disease related genes, Human disease related genes, Plasma proteins, Potential drug targets, Predicted intracellular proteins, Predicted membrane proteins, Predicted secreted proteins, Transporters",0.8185097840698434,1.0,1.0
PKD2:Q13563:OID30184:v1,PKD2,PKD2,Q13563,1,Tissue enhanced,Detected in all,,blood vessel,106.7,Tissue enhanced,Detected in some,,ovary,11439967.9,Secreted - unknown location,"Disease related genes, Human disease related genes, Plasma proteins, Potential drug targets, Predicted membrane proteins, Predicted secreted proteins, Transporters, Voltage-gated ion channels",0.8004614466320992,0.865,0.865
PMM2:O15305:OID30125:v1,PMM2,PMM2,O15305,1,Low tissue specificity,Detected in all,,,0.0,Low tissue specificity,Detected in all,,,0.0,,"Disease related genes, Enzymes, Human disease related genes, Metabolic proteins, Potential drug targets, Predicted intracellular proteins",0.5025,0.5025,0.5025
PNMA1:Q8ND90:OID30194:v1,PNMA1,PNMA1,Q8ND90,1,Low tissue specificity,Detected in all,,,0.0,Group enriched,Detected in some,,intestine,2013873.3,,Predicted intracellular proteins,0.5025,0.9324999999999999,0.9324999999999999
POMC:P01189:OID30282:v1,POMC,POMC,P01189,1,Tissue enriched,Detected in many,636,pituitary gland,30726.6,Tissue enriched,Detected in some,,intestine,43527482.1,Secreted to blood,"Cancer-related genes, Disease related genes, Human disease related genes, Predicted secreted proteins",1.0,1.0,1.0
POSTN:Q15063:OID30410:v1,POSTN,POSTN,Q15063,1,Tissue enhanced,Detected in many,,skin 1,195.7,Tissue enhanced,Detected in many,,skin,8526685246.7,Secreted to extracellular matrix,"Cancer-related genes, Plasma proteins, Predicted secreted proteins",0.8178981674442503,0.865,0.865
PPIF:P30405:OID30385:v1,PPIF,PPIF,P30405,1,Low tissue specificity,Detected in all,,,0.0,Tissue enhanced,Detected in many,,heart muscle,92598584.6,,"Enzymes, FDA approved drug targets, Metabolic proteins, Plasma proteins, Predicted intracellular proteins, Transporters",0.5025,0.865,0.865
PPM1F:P49593:OID30350:v1,PPM1F,PPM1F,P49593,1,Low tissue specificity,Detected in all,,,0.0,Low tissue specificity,Detected in all,,,0.0,,"Disease related genes, Enzymes, Plasma proteins, Potential drug targets, Predicted intracellular proteins",0.5025,0.5025,0.5025
PRAP1:Q96NZ9:OID30391:v1,PRAP1,PRAP1,Q96NZ9,1,Group enriched,Detected in many,5,intestine,1069.3,Group enriched,Detected in many,,liver,4234296.9,Secreted to digestive system,Predicted secreted proteins,0.7183828684844482,0.9324999999999999,0.9324999999999999
PRG2:P13727:OID30381:v1,PRG2,PRG2,P13727,1,Tissue enriched,Detected in some,12,placenta,2458.0,Group enriched,Detected in many,,bone marrow,190193335.9,Secreted in female reproductive system,"FDA approved drug targets, Plasma proteins, Predicted secreted proteins",0.8445197902927084,0.9324999999999999,0.9324999999999999
PRG3:Q9Y2Y8:OID30383:v1,PRG3,PRG3,Q9Y2Y8,1,Tissue enriched,Detected in some,12,bone marrow,45.8,Tissue enriched,Detected in single,4139,bone marrow,413878.2,Secreted in other tissues,Predicted secreted proteins,0.7945197902927085,1.0,1.0
PROCR:Q9UNN8:OID30149:v1,PROCR,PROCR,Q9UNN8,1,Tissue enhanced,Detected in many,,adipose tissue,120.1,Low tissue specificity,Detected in all,,,0.0,,"Candidate cardiovascular disease genes, CD markers, FDA approved drug targets, Plasma proteins, Predicted intracellular proteins, Predicted membrane proteins",0.8038561847619805,0.5025,0.8038561847619805
PRRT3:Q5FWE3:OID30276:v1,PRRT3,PRRT3,Q5FWE3,1,Group enriched,Detected in many,4,parathyroid gland,14.3,Group enriched,Detected in some,111964,skin,20622922.4,Intracellular and membrane,"Predicted intracellular proteins, Predicted membrane proteins",0.5945560259036266,0.9324999999999999,0.9324999999999999
PSAP:P07602:OID30419:v1,PSAP,PSAP,P07602,1,Low tissue specificity,Detected in all,,,0.0,Low tissue specificity,Detected in all,,,0.0,Intracellular and membrane,"Disease related genes, Human disease related genes, Metabolic proteins, Plasma proteins, Potential drug targets, Predicted intracellular proteins, Transporters",0.5025,0.5025,0.5025
PTGR1:Q14914:OID30297:v1,PTGR1,PTGR1,Q14914,1,Tissue enhanced,Detected in all,,liver,555.5,Tissue enhanced,Detected in all,,liver,6024300398.2,,"Enzymes, Metabolic proteins, Plasma proteins, Predicted intracellular proteins",0.8480045318627503,0.865,0.865
PTPRB:P23467:OID30324:v1,PTPRB,PTPRB,P23467,1,Low tissue specificity,Detected in many,,,0.0,Group enriched,Detected in many,,lung,359364.1,,"Cancer-related genes, Enzymes, Plasma proteins, Predicted intracellular proteins, Predicted membrane proteins",0.5525,0.9324999999999999,0.9324999999999999
PTPRC:P08575:OID30380:v1,PTPRC,PTPRC,P08575,1,Tissue enhanced,Detected in all,,lymphoid tissue,273.8,Tissue enriched,Detected in many,,lymphoid tissue,171192495.2,Intracellular and membrane,"Cancer-related genes, CD markers, Disease related genes, Enzymes, Human disease related genes, Plasma proteins, Potential drug targets, Predicted intracellular proteins, Predicted membrane proteins, Transporters",0.8275775914688014,1.0,1.0
PTPRZ1:P23471:OID30343:v1,PTPRZ1,PTPRZ1,P23471,1,Tissue enriched,Detected in many,5,brain,150.5,Tissue enhanced,Detected in some,,Stomach,124605878.5,Secreted in brain,"Enzymes, Plasma proteins, Predicted membrane proteins, Predicted secreted proteins",0.7312226810938357,0.865,0.865
PYDC1:Q8WXC3:OID30202:v1,PYDC1,PYDC1,Q8WXC3,1,Group enriched,Detected in some,13,brain,25.5,Tissue enriched,Detected in some,,skin,56330.6,,Predicted intracellular proteins,0.7326399664417714,1.0,1.0
PYY:P10082:OID30150:v1,PYY,PYY,P10082,1,Tissue enriched,Detected in some,33,intestine,66.2,Not detected,Not detected,,,0.0,Secreted to blood,Predicted secreted proteins,0.8674309758784807,0.35,0.8674309758784807
RAB10:P61026:OID30357:v1,RAB10,RAB10,P61026,1,Low tissue specificity,Detected in all,,,0.0,Low tissue specificity,Detected in all,,,0.0,,"Enzymes, Predicted intracellular proteins",0.5025,0.5025,0.5025
RAB11FIP3:O75154:OID30325:v1,RAB11FIP3,RAB11FIP3,O75154,1,Tissue enhanced,Detected in all,,kidney,151.2,Tissue enhanced,Detected in some,,intestine,2361397.8,,"Cancer-related genes, Predicted intracellular proteins",0.8104732612734498,0.865,0.865
RAB27B:O00194:OID30354:v1,RAB27B,RAB27B,O00194,1,Tissue enhanced,Detected in many,,stomach 1,41.7,Tissue enhanced,Detected in all,,lymphoid tissue,19108964.0,,"Enzymes, Plasma proteins, Predicted intracellular proteins",0.7736794665653681,0.865,0.865
RAB33A:Q14088:OID30122:v1,RAB33A,RAB33A,Q14088,1,Tissue enhanced,Detected in many,,brain,44.4,Tissue enriched,Detected in some,,cerebral cortex,2342889.6,,Predicted intracellular proteins,0.7754544082667669,1.0,1.0
RAB39B:Q96DA2:OID30069:v1,RAB39B,RAB39B,Q96DA2,1,Tissue enhanced,Detected in many,,brain,11.2,Group enriched,Detected in some,,intestine,2956528.5,,"Disease related genes, Human disease related genes, Plasma proteins, Predicted intracellular proteins",0.755,0.9324999999999999,0.9324999999999999
RANBP1:P43487:OID30258:v1,RANBP1,RANBP1,P43487,1,Low tissue specificity,Detected in all,,,0.0,Low tissue specificity,Detected in all,,,0.0,,"Essential proteins, Plasma proteins, Predicted intracellular proteins",0.5025,0.5025,0.5025
RBPMS2:Q6ZRY4:OID30257:v1,RBPMS2,RBPMS2,Q6ZRY4,1,Tissue enhanced,Detected in all,,heart muscle,283.6,Group enriched,Detected in many,,heart muscle,3138460.1,,Predicted intracellular proteins,0.8285919891837839,0.9324999999999999,0.9324999999999999
RECK:O95980:OID30234:v1,RECK,RECK,O95980,1,Low tissue specificity,Detected in all,,,0.0,Group enriched,Detected in many,,skin,7453448.0,,"Plasma proteins, Predicted membrane proteins",0.5025,0.9324999999999999,0.9324999999999999
RILPL2:Q969X0:OID30342:v1,RILPL2,RILPL2,Q969X0,1,Tissue enhanced,Detected in all,,bone marrow,109.8,Tissue enriched,Detected in many,,cerebral cortex,6833506.6,,Predicted intracellular proteins,0.80128293157569,1.0,1.0
RIPK4:P57078:OID30138:v1,RIPK4,RIPK4,P57078,1,Tissue enhanced,Detected in many,,esophagus,69.6,Tissue enhanced,Detected in some,,liver,29085.7,,"Disease related genes, Enzymes, Human disease related genes, Potential drug targets, Predicted intracellular proteins",0.788235815439411,0.865,0.865
RNASE10:Q5GAN6:OID30238:v1,RNASE10,RNASE10,Q5GAN6,1,Not detected,Not detected,,,0.0,Not detected,Not detected,,,0.0,Secreted - unknown location,Predicted secreted proteins,0.35,0.35,0.35
RNF149:Q8NC42:OID30235:v1,RNF149,RNF149,Q8NC42,1,Low tissue specificity,Detected in all,,,0.0,Group enriched,Detected in many,,lung,1184137.2,,"Enzymes, Metabolic proteins, Predicted membrane proteins",0.5025,0.9324999999999999,0.9324999999999999
RNF5:Q99942:OID30218:v1,RNF5,RNF5,Q99942,1,Low tissue specificity,Detected in all,,,0.0,Not detected,Not detected,,,0.0,,"Enzymes, Metabolic proteins, Predicted membrane proteins",0.5025,0.35,0.5025
ROBO4:Q8WZ75:OID30226:v1,ROBO4,ROBO4,Q8WZ75,1,Low tissue specificity,Detected in many,,,0.0,Tissue enriched,Detected in some,,heart muscle,1803650.9,,"Disease related genes, Human disease related genes, Plasma proteins, Predicted membrane proteins",0.5525,1.0,1.0
RPL14:P50914:OID30284:v1,RPL14,RPL14,P50914,1,Low tissue specificity,Detected in all,,,0.0,Tissue enhanced,Detected in all,,pancreas,163951874.7,,"Essential proteins, Plasma proteins, Predicted intracellular proteins, Ribosomal proteins",0.5025,0.865,0.865
RPS10:P46783:OID30070:v1,RPS10,RPS10,P46783,1,Low tissue specificity,Detected in all,,,0.0,Low tissue specificity,Detected in all,,,0.0,,"Disease related genes, Essential proteins, Human disease related genes, Plasma proteins, Predicted intracellular proteins, Predicted membrane proteins, Ribosomal proteins",0.5025,0.5025,0.5025
SARG:Q9BW04:OID30331:v1,SARG,C1orf116,Q9BW04,1,Tissue enhanced,Detected in many,,esophagus,98.1,Group enriched,Detected in many,,Stomach,10363770.8,,Predicted intracellular proteins,0.7980523252930248,0.9324999999999999,0.9324999999999999
SBSN:Q6UWP8:OID30398:v1,SBSN,SBSN,Q6UWP8,1,Tissue enhanced,Detected in many,,skin 1,2318.1,Tissue enhanced,Detected in all,,skin,1225777610.8,Secreted - unknown location,"Plasma proteins, Predicted intracellular proteins, Predicted secreted proteins",0.865,0.865,0.865
SCN4B:Q8IWT1:OID30277:v1,SCN4B,SCN4B,Q8IWT1,1,Tissue enhanced,Detected in many,,tongue,53.0,Tissue enriched,Detected in single,2822,cerebral cortex,282203.4,,"Disease related genes, FDA approved drug targets, Human disease related genes, Predicted membrane proteins, Transporters",0.7804762087809883,1.0,1.0
SCPEP1:Q9HB40:OID30278:v1,SCPEP1,SCPEP1,Q9HB40,1,Tissue enhanced,Detected in all,,parathyroid gland,283.0,Tissue enhanced,Detected in all,,kidney,64893433.8,Secreted to blood,"Enzymes, Predicted intracellular proteins, Predicted secreted proteins",0.8285308943103382,0.865,0.865
SEC31A:O94979:OID30269:v1,SEC31A,SEC31A,O94979,1,Low tissue specificity,Detected in all,,,0.0,Low tissue specificity,Detected in all,,,0.0,,"Disease related genes, Human disease related genes, Plasma proteins, Potential drug targets, Predicted intracellular proteins, Transporters",0.5025,0.5025,0.5025
SEL1L:Q9UBV2:OID30196:v1,SEL1L,SEL1L,Q9UBV2,1,Tissue enriched,Detected in all,6,pancreas,380.4,Tissue enriched,Detected in all,,pancreas,39441579.9,Intracellular and membrane,"Predicted intracellular proteins, Predicted membrane proteins, Transporters",0.7696404464026964,1.0,1.0
SERPINE2:P07093:OID30359:v1,SERPINE2,SERPINE2,P07093,1,Group enriched,Detected in all,4,placenta,1024.8,Tissue enhanced,Detected in many,,intestine,21614982.8,Secreted in female reproductive system,"Plasma proteins, Predicted secreted proteins",0.7045560259036265,0.865,0.865
SGSH:P51688:OID30341:v1,SGSH,SGSH,P51688,1,Low tissue specificity,Detected in all,,,0.0,Low tissue specificity,Detected in all,,,0.0,Intracellular and membrane,"Disease related genes, Enzymes, Human disease related genes, Metabolic proteins, Potential drug targets, Predicted intracellular proteins",0.5025,0.5025,0.5025
SHD:Q96IW2:OID30098:v1,SHD,SHD,Q96IW2,1,Group enriched,Detected in some,7,heart muscle,21.3,Tissue enriched,Detected in single,45,cerebral cortex,4491.6,,Predicted intracellular proteins,0.6902000073848723,0.9403552537536637,0.9403552537536637
SHISA5:Q8N114:OID30387:v1,SHISA5,SHISA5,Q8N114,1,Low tissue specificity,Detected in all,,,0.0,Not detected,Not detected,,,0.0,,"Predicted intracellular proteins, Predicted membrane proteins",0.5025,0.35,0.5025
SIGLEC8:Q9NYZ4:OID30261:v1,SIGLEC8,SIGLEC8,Q9NYZ4,1,Tissue enhanced,Detected in some,,brain,8.8,Tissue enriched,Detected in single,5341,lymphoid tissue,534136.4,,"CD markers, Plasma proteins, Predicted membrane proteins",0.8150000000000001,1.0,1.0
SIL1:Q9H173:OID30207:v1,SIL1,SIL1,Q9H173,1,Low tissue specificity,Detected in all,,,0.0,Tissue enriched,Detected in many,,liver,1941024.4,Intracellular and membrane,"Disease related genes, Human disease related genes, Predicted intracellular proteins",0.5025,1.0,1.0
SLC4A1:P02730:OID30369:v1,SLC4A1,SLC4A1,P02730,1,Tissue enriched,Detected in some,10,bone marrow,379.7,Tissue enhanced,Detected in all,,bone marrow,1756142829.9,,"Blood group antigen proteins, CD markers, Disease related genes, Human disease related genes, Metabolic proteins, Plasma proteins, Potential drug targets, Predicted membrane proteins, Transporters",0.8038647665930748,0.865,0.865
SLC51B:Q86UW2:OID30107:v1,SLC51B,SLC51B,Q86UW2,1,Tissue enhanced,Detected in many,,intestine,100.8,Tissue enriched,Detected in single,9006,kidney,900583.1,,"Disease related genes, Human disease related genes, Metabolic proteins, Potential drug targets, Predicted membrane proteins, Transporters",0.7988304875998116,1.0,1.0
SLURP1:P55000:OID30404:v1,SLURP1,SLURP1,P55000,1,Group enriched,Detected in some,5,esophagus,1037.0,Not detected,Not detected,,,0.0,Secreted in other tissues,"Disease related genes, Human disease related genes, Plasma proteins, Potential drug targets, Predicted secreted proteins, Transporters",0.7183828684844482,0.35,0.7183828684844482
SNED1:Q8TER0:OID30205:v1,SNED1,SNED1,Q8TER0,1,Low tissue specificity,Detected in all,,,0.0,Tissue enhanced,Detected in some,,skin,782545.5,Secreted to blood,"Predicted intracellular proteins, Predicted secreted proteins",0.5025,0.865,0.865
SNX5:Q9Y5X3:OID30215:v1,SNX5,SNX5,Q9Y5X3,1,Low tissue specificity,Detected in all,,,0.0,Low tissue specificity,Detected in all,,,0.0,,Predicted intracellular proteins,0.5025,0.5025,0.5025
SPESP1:Q6UW49:OID30298:v1,SPESP1,SPESP1,Q6UW49,1,Tissue enriched,Detected in many,6,testis,68.1,Not detected,Not detected,,,0.0,Secreted in male reproductive system,Predicted secreted proteins,0.7201874257944872,0.35,0.7201874257944872
SPINK8:P0C7L1:OID30153:v1,SPINK8,SPINK8,P0C7L1,1,Group enriched,Detected in some,5,breast,14.9,Not detected,Not detected,,,0.0,Secreted to blood,Predicted secreted proteins,0.6683828684844482,0.35,0.6683828684844482
SRPX:P78539:OID30310:v1,SRPX,SRPX,P78539,1,Tissue enhanced,Detected in many,,adipose tissue,206.2,Group enriched,Detected in many,,blood vessel,14276780.5,Secreted - unknown location,"Plasma proteins, Predicted secreted proteins",0.8194036423569224,0.9324999999999999,0.9324999999999999
STAB2:Q8WWQ8:OID30401:v1,STAB2,STAB2,Q8WWQ8,1,Tissue enriched,Detected in some,5,lymphoid tissue,63.4,Tissue enriched,Detected in many,,lymphoid tissue,84115723.8,,"Plasma proteins, Predicted intracellular proteins, Predicted membrane proteins",0.7358828684844482,1.0,1.0
SYTL4:Q96C24:OID30339:v1,SYTL4,SYTL4,Q96C24,1,Tissue enhanced,Detected in all,,ovary,49.2,Tissue enhanced,Detected in many,,fallopian tube,4575983.8,,"Predicted intracellular proteins, Transporters",0.7783638449123196,0.865,0.865
TALDO1:P37837:OID30414:v1,TALDO1,TALDO1,P37837,1,Low tissue specificity,Detected in all,,,0.0,Low tissue specificity,Detected in all,,,0.0,,"Disease related genes, Enzymes, Human disease related genes, Metabolic proteins, Plasma proteins, Potential drug targets, Predicted intracellular proteins",0.5025,0.5025,0.5025
TCOF1:Q13428:OID30316:v1,TCOF1,TCOF1,Q13428,1,Low tissue specificity,Detected in all,,,0.0,Low tissue specificity,Detected in all,,,0.0,,"Disease related genes, Essential proteins, Human disease related genes, Plasma proteins, Predicted intracellular proteins",0.5025,0.5025,0.5025
TCTN3:Q6NUS6:OID30326:v1,TCTN3,TCTN3,Q6NUS6,1,Low tissue specificity,Detected in all,,,0.0,Tissue enriched,Detected in some,,fallopian tube,940732.3,Intracellular and membrane,"Disease related genes, Human disease related genes, Predicted intracellular proteins, Predicted membrane proteins",0.5025,1.0,1.0
TEF:Q10587:OID30103:v1,TEF,TEF,Q10587,1,Low tissue specificity,Detected in many,,,0.0,Not detected,Not detected,,,0.0,,"Plasma proteins, Predicted intracellular proteins, Transcription factors",0.5525,0.35,0.5525
TIMM10:P62072:OID30358:v1,TIMM10,TIMM10,P62072,1,Low tissue specificity,Detected in all,,,0.0,Tissue enhanced,Detected in all,,heart muscle,53615313.9,,"Essential proteins, Predicted intracellular proteins",0.5025,0.865,0.865
TIMP2:P16035:OID30318:v1,TIMP2,TIMP2,P16035,1,Low tissue specificity,Detected in all,,,0.0,Tissue enriched,Detected in all,,blood vessel,16352136.9,Secreted to extracellular matrix,"Cancer-related genes, Candidate cardiovascular disease genes, Plasma proteins, Predicted intracellular proteins, Predicted secreted proteins",0.5025,1.0,1.0
TMEM132A:Q24JP5:OID30287:v1,TMEM132A,TMEM132A,Q24JP5,1,Tissue enhanced,Detected in many,,choroid plexus,107.2,Tissue enriched,Detected in some,,Stomach,10277327.3,,"Predicted intracellular proteins, Predicted membrane proteins, Transporters",0.8005955310625933,1.0,1.0
TNFSF8:P32971:OID30384:v1,TNFSF8,TNFSF8,P32971,1,Tissue enhanced,Detected in many,,lymphoid tissue,25.0,Not detected,Not detected,,,0.0,,"Cancer-related genes, CD markers, Predicted membrane proteins",0.7593179094379268,0.35,0.7593179094379268
TNN:Q9UQP3:OID30412:v1,TNN,TNN,Q9UQP3,1,Tissue enhanced,Detected in some,,adipose tissue,11.3,Not detected,Not detected,,,0.0,Secreted to extracellular matrix,"Plasma proteins, Predicted secreted proteins",0.8150000000000001,0.35,0.8150000000000001
TOMM20:Q15388:OID30353:v1,TOMM20,TOMM20,Q15388,1,Low tissue specificity,Detected in all,,,0.0,Tissue enhanced,Detected in many,,intestine,34487081.6,,"Essential proteins, Predicted membrane proteins",0.5025,0.865,0.865
TOR1AIP1:Q5JTV8:OID30195:v1,TOR1AIP1,TOR1AIP1,Q5JTV8,1,Low tissue specificity,Detected in all,,,0.0,Tissue enhanced,Detected in all,,lymphoid tissue,35550435.8,,"Disease related genes, Human disease related genes, Plasma proteins, Predicted intracellular proteins, Predicted membrane proteins",0.5025,0.865,0.865
TPK1:Q9H3S4:OID30338:v1,TPK1,TPK1,Q9H3S4,1,Tissue enhanced,Detected in all,,intestine,13.1,Tissue enriched,Detected in some,,salivary gland,763688.7,,"Disease related genes, Enzymes, FDA approved drug targets, Human disease related genes, Metabolic proteins, Predicted intracellular proteins",0.7416035235555547,1.0,1.0
TPM3:P06753:OID30058:v1,TPM3,TPM3,P06753,1,Group enriched,Detected in all,12,skeletal muscle,8344.9,Tissue enriched,Detected in all,,skeletal muscle,6536546203.9,,"Cancer-related genes, Disease related genes, Human disease related genes, Plasma proteins, Predicted intracellular proteins",0.7770197902927083,1.0,1.0
TPR:P12270:OID30143:v1,TPR,TPR,P12270,1,Low tissue specificity,Detected in all,,,0.0,Low tissue specificity,Detected in all,,,0.0,,"Cancer-related genes, Disease related genes, Essential proteins, Human disease related genes, Metabolic proteins, Plasma proteins, Potential drug targets, Predicted intracellular proteins, Transporters",0.5025,0.5025,0.5025
TREH:O43280:OID30388:v1,TREH,TREH,O43280,1,Tissue enriched,Detected in some,5,intestine,62.4,Group enriched,Detected in some,,kidney,16171435.4,Intracellular and membrane,"Disease related genes, Enzymes, Human disease related genes, Metabolic proteins, Potential drug targets, Predicted intracellular proteins",0.7358828684844482,0.9324999999999999,0.9324999999999999
TSPAN15:O95858:OID30095:v1,TSPAN15,TSPAN15,O95858,1,Tissue enhanced,Detected in many,,brain,98.0,Group enriched,Detected in many,,lung,2618221.4,,"Predicted membrane proteins, Transporters",0.7980230988626882,0.9324999999999999,0.9324999999999999
TTN:Q8WZ42:OID30108:v1,TTN,TTN,Q8WZ42,1,Tissue enhanced,Detected in many,,skeletal muscle,861.9,Group enriched,Detected in many,,skeletal muscle,3609567921.4,,"Disease related genes, Enzymes, Human disease related genes, Plasma proteins, Potential drug targets, Predicted intracellular proteins, Predicted membrane proteins",0.8607023812671588,0.9324999999999999,0.9324999999999999
TWF2:Q6IBS0:OID30386:v1,TWF2,TWF2,Q6IBS0,1,Low tissue specificity,Detected in many,,,0.0,Low tissue specificity,Detected in all,,,0.0,,"Plasma proteins, Predicted intracellular proteins",0.5525,0.5025,0.5525
UBE2L6:O14933:OID30321:v1,UBE2L6,UBE2L6,O14933,1,Low tissue specificity,Detected in all,,,0.0,Tissue enhanced,Detected in many,,skin,49791885.5,,"Enzymes, Metabolic proteins, Predicted intracellular proteins",0.5025,0.865,0.865
UGDH:O60701:OID30081:v1,UGDH,UGDH,O60701,1,Tissue enhanced,Detected in all,,liver,128.7,Group enriched,Detected in all,,liver,905368662.6,,"Disease related genes, Enzymes, Human disease related genes, Metabolic proteins, Plasma proteins, Potential drug targets, Predicted intracellular proteins",0.8058422862507396,0.9324999999999999,0.9324999999999999
UPB1:Q9UBR1:OID30352:v1,UPB1,UPB1,Q9UBR1,1,Tissue enriched,Detected in some,6,liver,152.4,Tissue enriched,Detected in many,,liver,430153800.4,,"Disease related genes, Enzymes, Human disease related genes, Metabolic proteins, Potential drug targets, Predicted intracellular proteins",0.7475732973134807,1.0,1.0
USP47:Q96K76:OID30119:v1,USP47,USP47,Q96K76,1,Low tissue specificity,Detected in all,,,0.0,Low tissue specificity,Detected in all,,,0.0,,"Enzymes, Metabolic proteins, Predicted intracellular proteins",0.5025,0.5025,0.5025
VIPR1:P32241:OID30193:v1,VIPR1,VIPR1,P32241,1,Tissue enhanced,Detected in many,,lung,124.0,Not detected,Not detected,,,0.0,,"G-protein coupled receptors, Predicted membrane proteins, Transporters",0.8047737766509893,0.35,0.8047737766509893
VIT:Q6UXI7:OID30334:v1,VIT,VIT,Q6UXI7,1,Tissue enhanced,Detected in many,,tongue,38.4,Tissue enriched,Detected in some,,skin,1747043.0,Secreted to extracellular matrix,"Predicted intracellular proteins, Predicted secreted proteins",0.7713510265931894,1.0,1.0
VSIG10L:Q86VR7:OID30189:v1,VSIG10L,VSIG10L,Q86VR7,1,Tissue enhanced,Detected in some,,esophagus,69.2,Tissue enhanced,Detected in many,,Stomach,3956093.2,,Predicted membrane proteins,0.8150000000000001,0.865,0.865
YOD1:Q5VVQ6:OID30181:v1,YOD1,YOD1,Q5VVQ6,1,Tissue enhanced,Detected in all,,bone marrow,55.3,Low tissue specificity,Detected in all,,,0.0,,"Enzymes, Predicted intracellular proteins",0.7816836764047127,0.5025,0.7816836764047127
ZP3:P21754:OID30265:v1,ZP3,ZP3,P21754,1,Tissue enhanced,Detected in many,,ovary,19.1,Tissue enriched,Detected in single,92958,ovary,9295839.5,Secreted in female reproductive system,"Disease related genes, Human disease related genes, Predicted membrane proteins, Predicted secreted proteins",0.755,1.0,1.0
ADA:P00813:OID20645:v1,ADA,ADA,P00813,1,Group enriched,Detected in many,8,intestine,454.0,Tissue enriched,Detected in all,,intestine,410509839.0,,"Disease related genes, Enzymes, FDA approved drug targets, Human disease related genes, Metabolic proteins, Plasma proteins, Predicted intracellular proteins, Predicted membrane proteins",0.7263075225790668,1.0,1.0
ADAM23:O75077:OID20651:v1,ADAM23,ADAM23,O75077,1,Tissue enhanced,Detected in many,,parathyroid gland,77.8,Tissue enriched,Detected in single,352881,cerebral cortex,35288102.4,Secreted in brain,"Predicted intracellular proteins, Predicted membrane proteins, Predicted secreted proteins",0.7914167896055119,1.0,1.0
ADGRE2:Q9UHX3:OID20755:v1,ADGRE2,ADGRE2,Q9UHX3,1,Tissue enhanced,Detected in many,,lymphoid tissue,18.3,Tissue enriched,Detected in some,,lymphoid tissue,206105.7,,"CD markers, Disease related genes, G-protein coupled receptors, Human disease related genes, Potential drug targets, Predicted membrane proteins",0.755,1.0,1.0
AGER:Q15109:OID20756:v1,AGER,AGER,Q15109,1,Tissue enriched,Detected in many,17,lung,687.2,Tissue enriched,Detected in some,,lung,405407833.9,Secreted in other tissues,"Cancer-related genes, Plasma proteins, Predicted membrane proteins, Predicted secreted proteins, Transporters",0.858352676619032,1.0,1.0
AGRN:O00468:OID20786:v1,AGRN,AGRN,O00468,1,Low tissue specificity,Detected in many,,,0.0,Low tissue specificity,Detected in all,,,0.0,Secreted to extracellular matrix,"Disease related genes, Human disease related genes, Plasma proteins, Potential drug targets, Predicted intracellular proteins, Predicted secreted proteins, Transporters",0.5525,0.5025,0.5525
AGRP:O00253:OID20658:v1,AGRP,AGRP,O00253,1,Group enriched,Detected in some,9,brain,36.4,Not detected,Not detected,,,0.0,Secreted in brain,"Disease related genes, Human disease related genes, Plasma proteins, Predicted secreted proteins",0.7071226950319174,0.35,0.7071226950319174
ALDH3A1:P30838:OID20512:v1,ALDH3A1,ALDH3A1,P30838,1,Tissue enhanced,Detected in many,,esophagus,504.2,Tissue enhanced,Detected in many,,skin,17185634.9,,"Enzymes, Metabolic proteins, Predicted intracellular proteins",0.8452048151749089,0.865,0.865
AMN:Q9BXJ7:OID20492:v1,AMN,AMN,Q9BXJ7,1,Group enriched,Detected in many,9,intestine,86.9,Tissue enriched,Detected in some,,kidney,150800092.1,Secreted in other tissues,"Disease related genes, Human disease related genes, Metabolic proteins, Predicted intracellular proteins, Predicted membrane proteins, Predicted secreted proteins",0.686703204043262,1.0,1.0
ANGPT1:Q15389:OID20740:v1,ANGPT1,ANGPT1,Q15389,1,Tissue enhanced,Detected in many,,seminal vesicle,31.7,Tissue enriched,Detected in some,1,bone marrow,529103.8,Secreted to blood,"Cancer-related genes, Disease related genes, Human disease related genes, Plasma proteins, Predicted intracellular proteins, Predicted secreted proteins, RAS pathway related proteins",0.7659552427115923,1.0,1.0
ANGPTL2:Q9UKU9:OID20726:v1,ANGPTL2,ANGPTL2,Q9UKU9,1,Low tissue specificity,Detected in many,,,0.0,Tissue enhanced,Detected in many,,blood vessel,4073935.0,Secreted to blood,"Predicted intracellular proteins, Predicted secreted proteins",0.5525,0.865,0.865
ANGPTL4:Q9BY76:OID20703:v1,ANGPTL4,ANGPTL4,Q9BY76,1,Tissue enhanced,Detected in many,,adipose tissue,188.0,Tissue enhanced,Detected in some,,heart muscle,875239.8,Secreted to blood,"Plasma proteins, Predicted intracellular proteins, Predicted secreted proteins",0.8167421643261507,0.865,0.865
ANXA11:P50995:OID20583:v1,ANXA11,ANXA11,P50995,1,Low tissue specificity,Detected in all,,,0.0,Low tissue specificity,Detected in all,,,0.0,,"Cancer-related genes, Disease related genes, Human disease related genes, Plasma proteins, Potential drug targets, Predicted intracellular proteins, Transporters",0.5025,0.5025,0.5025
AOC1:P19801:OID20452:v1,AOC1,AOC1,P19801,1,Group enriched,Detected in many,16,placenta,466.7,Group enriched,Detected in some,76862,intestine,8329759.1,Secreted in other tissues,"Enzymes, Metabolic proteins, Predicted secreted proteins",0.775336380187748,0.9324999999999999,0.9324999999999999
ARNT:P27540:OID20432:v1,ARNT,ARNT,P27540,1,Low tissue specificity,Detected in all,,,0.0,Group enriched,Detected in some,,lymphoid tissue,691649.1,,"Cancer-related genes, Predicted intracellular proteins, Transcription factors",0.5025,0.9324999999999999,0.9324999999999999
ARTN:Q5T4W7:OID20446:v1,ARTN,ARTN,Q5T4W7,1,Low tissue specificity,Detected in many,,,0.0,Not detected,Not detected,,,0.0,Secreted in other tissues,"Predicted intracellular proteins, Predicted secreted proteins",0.5525,0.35,0.5525
ATP5IF1:Q9UII2:OID20760:v1,ATP5IF1,ATP5IF1,Q9UII2,1,Low tissue specificity,Detected in all,,,0.0,Tissue enhanced,Detected in all,,heart muscle,1210926921.3,,"Predicted intracellular proteins, Transporters",0.5025,0.865,0.865
AXIN1:O15169:OID20582:v1,AXIN1,AXIN1,O15169,1,Low tissue specificity,Detected in all,,,0.0,Tissue enriched,Detected in single,2332,cerebral cortex,233196.1,,"Cancer-related genes, Disease related genes, Human disease related genes, Plasma proteins, Predicted intracellular proteins",0.5025,1.0,1.0
B4GALT1:P15291:OID20780:v1,B4GALT1,B4GALT1,P15291,1,Low tissue specificity,Detected in all,,,0.0,Tissue enhanced,Detected in all,,salivary gland,6736828.6,Intracellular and membrane,"Disease related genes, Enzymes, Human disease related genes, Metabolic proteins, Plasma proteins, Potential drug targets, Predicted membrane proteins",0.5025,0.865,0.865
BACH1:O14867:OID20505:v1,BACH1,BACH1,O14867,1,Tissue enhanced,Detected in all,,bone marrow,84.3,Group enriched,Detected in some,10471,lung,1671506.4,,"Plasma proteins, Predicted intracellular proteins, Transcription factors",0.7937113118505656,0.9324999999999999,0.9324999999999999
BANK1:Q8NDB2:OID20594:v1,BANK1,BANK1,Q8NDB2,1,Tissue enriched,Detected in many,4,lymphoid tissue,90.3,Group enriched,Detected in some,70062,lymphoid tissue,8010588.2,,"Disease related genes, Human disease related genes, Predicted intracellular proteins",0.70273516944817,0.9324999999999999,0.9324999999999999
BCL2L11:O43521-2:OID20513:v1,BCL2L11,BCL2L11,O43521,1,Low tissue specificity,Detected in all,,,0.0,Tissue enriched,Detected in some,,bone marrow,1632720.3,,"Predicted intracellular proteins, Transporters",0.5025,1.0,1.0
BCR:P11274:OID20558:v1,BCR,BCR,P11274,1,Low tissue specificity,Detected in all,,,0.0,Tissue enhanced,Detected in many,,skin,16326214.5,,"Cancer-related genes, Disease related genes, Enzymes, FDA approved drug targets, Human disease related genes, Predicted intracellular proteins",0.5025,0.865,0.865
BID:P55957:OID20517:v1,BID,BID,P55957,1,Tissue enhanced,Detected in all,,bone marrow,97.6,Tissue enhanced,Detected in many,,liver,32802371.8,,Predicted intracellular proteins,0.7979058971771363,0.865,0.865
BSG:P35613:OID20626:v1,BSG,BSG,P35613,1,Tissue enhanced,Detected in all,,heart muscle,1787.2,Tissue enhanced,Detected in all,,heart muscle,137634602.3,,"Blood group antigen proteins, CD markers, Predicted intracellular proteins, Predicted membrane proteins, Transporters",0.865,0.865,0.865
BTN2A1:Q7KYR7:OID20713:v1,BTN2A1,BTN2A1,Q7KYR7,1,Low tissue specificity,Detected in all,,,0.0,Tissue enhanced,Detected in many,,cerebral cortex,3926382.6,,"Predicted intracellular proteins, Predicted membrane proteins",0.5025,0.865,0.865
BTN3A2:P78410:OID20540:v1,BTN3A2,BTN3A2,P78410,1,Tissue enhanced,Detected in all,,lymphoid tissue,83.3,Group enriched,Detected in some,256,lymphoid tissue,41046.5,,"Predicted intracellular proteins, Predicted membrane proteins",0.7933699308096541,0.9324999999999999,0.9324999999999999
C1QA:P02745:OID20654:v1,C1QA,C1QA,P02745,1,Tissue enhanced,Detected in all,,lymphoid tissue,1056.2,Tissue enriched,Detected in many,,intestine,28172659.7,Secreted to blood,"Disease related genes, Human disease related genes, Plasma proteins, Predicted intracellular proteins, Predicted secreted proteins",0.865,1.0,1.0
CASP2:P42575:OID20555:v1,CASP2,CASP2,P42575,1,Low tissue specificity,Detected in all,,,0.0,Group enriched,Detected in some,,lung,753003.6,,"Cancer-related genes, Enzymes, Plasma proteins, Predicted intracellular proteins",0.5025,0.9324999999999999,0.9324999999999999
CCL11:P51671:OID20668:v1,CCL11,CCL11,P51671,1,Tissue enhanced,Detected in many,,intestine,42.9,Not detected,Not detected,,,0.0,Secreted to blood,"Cancer-related genes, Human disease related genes, Predicted secreted proteins",0.7744817934891585,0.35,0.7744817934891585
CCL13:Q99616:OID20655:v1,CCL13,CCL13,Q99616,1,Tissue enhanced,Detected in many,,intestine,30.8,Not detected,Not detected,,,0.0,Secreted to blood,"Cancer-related genes, Predicted intracellular proteins, Predicted secreted proteins",0.7651473174339248,0.35,0.7651473174339248
CCL17:Q92583:OID20745:v1,CCL17,CCL17,Q92583,1,Tissue enriched,Detected in many,4,lymphoid tissue,19.6,Not detected,Not detected,,,0.0,Secreted to blood,Predicted secreted proteins,0.6620560259036266,0.35,0.6620560259036266
CCL20:P78556:OID20671:v1,CCL20,CCL20,P78556,1,Group enriched,Detected in many,4,urinary bladder,179.3,Not detected,Not detected,,,0.0,Secreted to blood,Predicted secreted proteins,0.6549339824570115,0.35,0.6549339824570115
CCL21:O00585:OID20686:v1,CCL21,CCL21,O00585,1,Tissue enriched,Detected in many,5,lymphoid tissue,2551.0,Tissue enriched,Detected in some,,lymphoid tissue,570833.0,Secreted to blood,"Cancer-related genes, Plasma proteins, Predicted secreted proteins",0.7858828684844481,1.0,1.0
CCL22:O00626:OID20765:v1,CCL22,CCL22,O00626,1,Tissue enhanced,Detected in some,,lymphoid tissue,13.8,Not detected,Not detected,,,0.0,Secreted to blood,Predicted secreted proteins,0.8150000000000001,0.35,0.8150000000000001
CCL23:P55773:OID20693:v1,CCL23,CCL23,P55773,1,Low tissue specificity,Detected in many,,,0.0,Not detected,Not detected,,,0.0,Secreted to blood,"Cancer-related genes, Plasma proteins, Predicted secreted proteins",0.5525,0.35,0.5525
CCL24:O00175:OID20772:v1,CCL24,CCL24,O00175,1,Group enriched,Detected in some,5,lymphoid tissue,76.9,Tissue enriched,Detected in single,4653,intestine,465337.8,Secreted to blood,Predicted secreted proteins,0.6683828684844482,1.0,1.0
CCL25:O15444:OID20674:v1,CCL25,CCL25,O15444,1,Group enriched,Detected in some,997,lymphoid tissue,718.3,Not detected,Not detected,,,0.0,Secreted to blood,Predicted secreted proteins,0.9229331164443307,0.35,0.9229331164443307
CCL26:Q9Y258:OID20546:v1,CCL26,CCL26,Q9Y258,1,Group enriched,Detected in many,4,choroid plexus,45.8,Not detected,Not detected,,,0.0,Secreted to blood,"Human disease related genes, Predicted secreted proteins",0.6158896403036674,0.35,0.6158896403036674
CCL28:Q9NRJ3:OID20569:v1,CCL28,CCL28,Q9NRJ3,1,Tissue enriched,Detected in many,5,salivary gland,283.0,Not detected,Not detected,,,0.0,Secreted to blood,"Predicted intracellular proteins, Predicted secreted proteins",0.7494137627947863,0.35,0.7494137627947863
CCL3:P10147:OID20610:v1,CCL3,CCL3,P10147,1,Tissue enhanced,Detected in many,,bone marrow,72.7,Not detected,Not detected,,,0.0,Secreted to blood,"Cancer-related genes, Predicted secreted proteins",0.7894798212282619,0.35,0.7894798212282619
CCL4:P13236:OID20695:v1,CCL4,CCL4,P13236,1,Tissue enhanced,Detected in many,,bone marrow,181.9,Not detected,Not detected,,,0.0,Secreted to blood,"Cancer-related genes, Predicted secreted proteins",0.8157924284993401,0.35,0.8157924284993401
CCL7:P80098:OID20523:v1,CCL7,CCL7,P80098,1,Tissue enriched,Detected in some,8,bone marrow,24.4,Not detected,Not detected,,,0.0,Secreted to blood,"Cancer-related genes, Predicted membrane proteins, Predicted secreted proteins",0.7666323987123148,0.35,0.7666323987123148
CCN2:P29279:OID20709:v1,CCN2,CCN2,P29279,1,Tissue enhanced,Detected in all,,blood vessel,1230.3,Group enriched,Detected in some,9885,blood vessel,1636350.2,Secreted in other tissues,"Cancer-related genes, Plasma proteins, Predicted secreted proteins",0.865,0.9324999999999999,0.9324999999999999
CD160:O95971:OID20647:v1,CD160,CD160,O95971,1,Group enriched,Detected in some,5,brain,15.2,Not detected,Not detected,,,0.0,Secreted to blood,"CD markers, Predicted secreted proteins",0.6683828684844482,0.35,0.6683828684844482
CD200:P41217:OID20603:v1,CD200,CD200,P41217,1,Tissue enhanced,Detected in many,,brain,63.9,Tissue enriched,Detected in many,,cerebral cortex,24321338.3,,"CD markers, Predicted intracellular proteins, Predicted membrane proteins",0.7857988344355059,1.0,1.0
CD200R1:Q8TD46:OID20595:v1,CD200R1,CD200R1,Q8TD46,1,Tissue enhanced,Detected in many,,lymphoid tissue,7.5,Group enriched,Detected in some,,liver,555948.8,Intracellular and membrane,"Predicted intracellular proteins, Predicted membrane proteins",0.755,0.9324999999999999,0.9324999999999999
CD22:P20273:OID20637:v1,CD22,CD22,P20273,1,Tissue enhanced,Detected in many,,lymphoid tissue,215.0,Tissue enriched,Detected in some,,lymphoid tissue,12182918.5,,"CD markers, FDA approved drug targets, Plasma proteins, Predicted intracellular proteins, Predicted membrane proteins",0.8206077348056331,1.0,1.0
CD244:Q9BZW8:OID20628:v1,CD244,CD244,Q9BZW8,1,Tissue enhanced,Detected in many,,lymphoid tissue,15.9,Not detected,Not detected,,,0.0,,"CD markers, Human disease related genes, Plasma proteins, Predicted membrane proteins",0.755,0.35,0.755
CD276:Q5ZPR3:OID20680:v1,CD276,CD276,Q5ZPR3,1,Low tissue specificity,Detected in many,,,0.0,Tissue enhanced,Detected in many,,ovary,12441216.3,,"CD markers, Predicted intracellular proteins, Predicted membrane proteins",0.5525,0.865,0.865
CD4:P01730:OID20584:v1,CD4,CD4,P01730,1,Tissue enhanced,Detected in all,,lymphoid tissue,204.2,Tissue enhanced,Detected in some,,lymphoid tissue,1971944.4,,"CD markers, Disease related genes, FDA approved drug targets, Human disease related genes, Predicted intracellular proteins, Predicted membrane proteins, Transporters",0.8191228566756082,0.865,0.865
CD40:P25942:OID20724:v1,CD40,CD40,P25942,1,Tissue enhanced,Detected in many,,lymphoid tissue,52.9,Tissue enriched,Detected in single,15582,lymphoid tissue,1558164.4,Secreted to blood,"Cancer-related genes, CD markers, Disease related genes, Human disease related genes, Predicted membrane proteins, Predicted secreted proteins",0.780422550235895,1.0,1.0
CD40LG:P29965:OID20616:v1,CD40LG,CD40LG,P29965,1,Tissue enhanced,Detected in some,,lymphoid tissue,14.1,Not detected,Not detected,,,0.0,Secreted to blood,"Cancer-related genes, Candidate cardiovascular disease genes, CD markers, Disease related genes, Human disease related genes, Predicted intracellular proteins, Predicted membrane proteins, Predicted secreted proteins",0.8150000000000001,0.35,0.8150000000000001
CD48:P09326:OID20692:v1,CD48,CD48,P09326,1,Group enriched,Detected in many,4,lymphoid tissue,265.6,Tissue enriched,Detected in many,,lymphoid tissue,30895551.3,Secreted to blood,"CD markers, Plasma proteins, Predicted membrane proteins, Predicted secreted proteins, Transporters",0.6662566387106788,1.0,1.0
CD58:P19256:OID20716:v1,CD58,CD58,P19256,1,Low tissue specificity,Detected in all,,,0.0,Low tissue specificity,Detected in all,,,0.0,,"CD markers, Human disease related genes, Predicted membrane proteins",0.5025,0.5025,0.5025
CD6:P30203:OID20649:v1,CD6,CD6,P30203,1,Tissue enhanced,Detected in many,,lymphoid tissue,40.4,Group enriched,Detected in some,1693,lymphoid tissue,175069.5,Secreted to blood,"CD markers, Predicted membrane proteins, Predicted secreted proteins",0.7727844271439118,0.9324999999999999,0.9324999999999999
CD70:P32970:OID20599:v1,CD70,CD70,P32970,1,Tissue enhanced,Detected in some,,lymphoid tissue,3.2,Tissue enriched,Detected in single,8466,lymphoid tissue,846624.9,,"Cancer-related genes, CD markers, Disease related genes, Human disease related genes, Predicted intracellular proteins, Predicted membrane proteins",0.8150000000000001,1.0,1.0
CD79B:P40259:OID20635:v1,CD79B,CD79B,P40259,1,Tissue enriched,Detected in many,4,lymphoid tissue,247.5,Tissue enriched,Detected in some,,lymphoid tissue,4840659.0,,"Cancer-related genes, CD markers, Disease related genes, FDA approved drug targets, Human disease related genes, Predicted membrane proteins",0.7317213497344823,1.0,1.0
CD83:Q01151:OID20565:v1,CD83,CD83,Q01151,1,Tissue enhanced,Detected in all,,bone marrow,197.9,Not detected,Not detected,,,0.0,,"CD markers, Predicted membrane proteins",0.8182201490695995,0.35,0.8182201490695995
CD84:Q9UIB8:OID20607:v1,CD84,CD84,Q9UIB8,1,Tissue enhanced,Detected in many,,lymphoid tissue,22.6,Tissue enhanced,Detected in many,,bone marrow,3089446.6,,"CD markers, Predicted membrane proteins",0.7565142254432398,0.865,0.865
CDON:Q4KMG0:OID20754:v1,CDON,CDON,Q4KMG0,1,Tissue enhanced,Detected in many,,ovary,13.5,Not detected,Not detected,,,0.0,,"Disease related genes, Human disease related genes, Predicted membrane proteins",0.755,0.35,0.755
CDSN:Q15517:OID20667:v1,CDSN,CDSN,Q15517,1,Tissue enriched,Detected in some,88,skin 1,663.9,,,,,0.0,Secreted in other tissues,"Human disease related genes, Predicted secreted proteins",0.9785642673211945,0.4475,0.9785642673211945
CEACAM21:Q3KPI0:OID20548:v1,CEACAM21,CEACAM21,Q3KPI0,1,Tissue enhanced,Detected in some,,bone marrow,16.5,Not detected,Not detected,,,0.0,,Predicted membrane proteins,0.8150000000000001,0.35,0.8150000000000001
CHRDL1:Q9BU40:OID20771:v1,CHRDL1,CHRDL1,Q9BU40,1,Tissue enhanced,Detected in many,,seminal vesicle,211.4,Not detected,Not detected,,,0.0,Secreted in other tissues,"Disease related genes, Human disease related genes, Predicted secreted proteins",0.820121189289017,0.35,0.820121189289017
CKAP4:Q07065:OID20617:v1,CKAP4,CKAP4,Q07065,1,Low tissue specificity,Detected in all,,,0.0,Low tissue specificity,Detected in all,,,0.0,,"Predicted intracellular proteins, Predicted membrane proteins, Transporters",0.5025,0.5025,0.5025
CKMT1A_CKMT1B:P12532:OID20721:v1,CKMT1A_CKMT1B,CKMT1B;CKMT1A,P12532;P12532,0,,,,,0.0,,,,,0.0,,,0.4475,0.4475,0.4475
CLEC4A:Q9UMR7:OID20573:v1,CLEC4A,CLEC4A,Q9UMR7,1,Tissue enhanced,Detected in many,,lymphoid tissue,25.3,Not detected,Not detected,,,0.0,,"CD markers, Predicted intracellular proteins, Predicted membrane proteins",0.7596500214184123,0.35,0.7596500214184123
CLEC4C:Q8WTT0:OID20547:v1,CLEC4C,CLEC4C,Q8WTT0,1,Tissue enhanced,Detected in some,,lymphoid tissue,5.1,Not detected,Not detected,,,0.0,,"CD markers, Predicted intracellular proteins, Predicted membrane proteins",0.8150000000000001,0.35,0.8150000000000001
CLEC4D:Q8WXI8:OID20609:v1,CLEC4D,CLEC4D,Q8WXI8,1,Tissue enriched,Detected in some,9,bone marrow,61.1,Not detected,Not detected,,,0.0,,"CD markers, Predicted intracellular proteins",0.7746226950319174,0.35,0.7746226950319174
CLEC4G:Q6UXB4:OID20590:v1,CLEC4G,CLEC4G,Q6UXB4,1,Tissue enhanced,Detected in many,,liver,51.0,Tissue enriched,Detected in some,,lymphoid tissue,77846100.1,,"Predicted intracellular proteins, Predicted membrane proteins",0.7793836724502492,1.0,1.0
CLEC7A:Q9BXN2:OID20636:v1,CLEC7A,CLEC7A,Q9BXN2,1,Group enriched,Detected in all,5,bone marrow,79.1,Not detected,Not detected,,,0.0,,"CD markers, Disease related genes, Human disease related genes, Predicted intracellular proteins, Predicted membrane proteins",0.6452733427909851,0.35,0.6452733427909851
CLIP2:Q9UDT6:OID20559:v1,CLIP2,CLIP2,Q9UDT6,1,Tissue enriched,Detected in all,4,brain,78.2,Group enriched,Detected in many,,cerebral cortex,39556802.3,,"Disease related genes, Human disease related genes, Plasma proteins, Predicted intracellular proteins",0.6986193919072965,0.9324999999999999,0.9324999999999999
CLSTN2:Q9H4D0:OID20664:v1,CLSTN2,CLSTN2,Q9H4D0,1,Tissue enhanced,Detected in many,,ovary,39.7,Tissue enriched,Detected in some,,ovary,2433920.9,,Predicted membrane proteins,0.7722907697793814,1.0,1.0
CNTNAP2:Q9UHC6:OID20556:v1,CNTNAP2,CNTNAP2,Q9UHC6,1,Group enriched,Detected in some,6,brain,34.8,Tissue enriched,Detected in single,1121095,cerebral cortex,112109464.2,,"Disease related genes, Human disease related genes, Plasma proteins, Predicted intracellular proteins, Predicted membrane proteins",0.6800732973134807,1.0,1.0
COL9A1:P20849:OID20550:v1,COL9A1,COL9A1,P20849,1,Tissue enhanced,Detected in some,,choroid plexus,23.9,Tissue enriched,Detected in single,222,lymphoid tissue,22226.3,Secreted to extracellular matrix,"Disease related genes, Human disease related genes, Predicted secreted proteins",0.8150000000000001,1.0,1.0
COLEC12:Q5KU26:OID20738:v1,COLEC12,COLEC12,Q5KU26,1,Tissue enhanced,Detected in many,,cervix,25.9,Tissue enhanced,Detected in many,,skin,88231208.4,,Predicted membrane proteins,0.7603030290339557,0.865,0.865
CRELD2:Q6UXH1:OID20751:v1,CRELD2,CRELD2,Q6UXH1,1,Low tissue specificity,Detected in all,,,0.0,Tissue enriched,Detected in many,,pancreas,6214555.7,Intracellular and membrane,"Enzymes, Predicted intracellular proteins",0.5025,1.0,1.0
CRHBP:P24387:OID20747:v1,CRHBP,CRHBP,P24387,1,Tissue enhanced,Detected in many,,liver,155.7,Tissue enriched,Detected in some,,cerebral cortex,11110094.7,Secreted to blood,"Plasma proteins, Predicted secreted proteins",0.8113167621608057,1.0,1.0
CRIM1:Q9NZV1:OID20701:v1,CRIM1,CRIM1,Q9NZV1,1,Tissue enhanced,Detected in all,,placenta,153.9,Not detected,Not detected,,,0.0,Intracellular and membrane,"Predicted intracellular proteins, Predicted membrane proteins, Transporters",0.8109823053069095,0.35,0.8109823053069095
CRKL:P46109:OID20742:v1,CRKL,CRKL,P46109,1,Low tissue specificity,Detected in all,,,0.0,Low tissue specificity,Detected in all,,,0.0,,"Essential proteins, Plasma proteins, Predicted intracellular proteins",0.5025,0.5025,0.5025
CRLF1:O75462:OID20699:v1,CRLF1,CRLF1,O75462,1,Tissue enhanced,Detected in many,,blood vessel,231.1,Not detected,Not detected,,,0.0,Secreted in other tissues,"Disease related genes, Human disease related genes, Predicted intracellular proteins, Predicted secreted proteins",0.8226888596361588,0.35,0.8226888596361588
CSF1:P09603:OID20719:v1,CSF1,CSF1,P09603,1,Low tissue specificity,Detected in all,,,0.0,Group enriched,Detected in many,,lymphoid tissue,181478.6,Secreted to blood,"Cancer-related genes, Candidate cardiovascular disease genes, Disease related genes, Plasma proteins, Predicted intracellular proteins, Predicted membrane proteins, Predicted secreted proteins, RAS pathway related proteins",0.5025,0.9324999999999999,0.9324999999999999
CSF3:P09919:OID20491:v1,CSF3,CSF3,P09919,1,Tissue enhanced,Detected in many,,lung,142.1,Not detected,Not detected,,,0.0,Secreted to blood,"Cancer-related genes, Plasma proteins, Predicted secreted proteins",0.8086885182673796,0.35,0.8086885182673796
CST7:O76096:OID20704:v1,CST7,CST7,O76096,1,Tissue enriched,Detected in many,7,bone marrow,1033.4,Group enriched,Detected in some,,bone marrow,1909399.7,Secreted to blood,"Plasma proteins, Predicted secreted proteins",0.8077000073848724,0.9324999999999999,0.9324999999999999
CTRC:Q99895:OID20752:v1,CTRC,CTRC,Q99895,1,Tissue enriched,Detected in some,5525,pancreas,12512.5,Tissue enriched,Detected in some,,pancreas,518517965.4,Secreted to digestive system,"Disease related genes, Enzymes, Human disease related genes, Potential drug targets, Predicted secreted proteins",1.0,1.0,1.0
CTSC:P53634:OID20679:v1,CTSC,CTSC,P53634,1,Low tissue specificity,Detected in all,,,0.0,Tissue enhanced,Detected in all,,kidney,167916625.0,Intracellular and membrane,"Disease related genes, Enzymes, Human disease related genes, Metabolic proteins, Plasma proteins, Potential drug targets, Predicted intracellular proteins, Predicted membrane proteins",0.5025,0.865,0.865
CTSO:P43234:OID20660:v1,CTSO,CTSO,P43234,1,Low tissue specificity,Detected in all,,,0.0,Tissue enhanced,Detected in many,,blood vessel,1046720.6,Intracellular and membrane,"Enzymes, Metabolic proteins, Predicted intracellular proteins",0.5025,0.865,0.865
CXADR:P78310:OID20561:v1,CXADR,CXADR,P78310,1,Tissue enhanced,Detected in many,,skin 1,50.3,Tissue enhanced,Detected in many,,cerebral cortex,19515253.7,Secreted - unknown location,"Predicted membrane proteins, Predicted secreted proteins, Transporters",0.7789913306509635,0.865,0.865
CXCL1:P09341:OID20762:v1,CXCL1,CXCL1,P09341,1,Tissue enhanced,Detected in many,,lymphoid tissue,167.5,Not detected,Not detected,,,0.0,Secreted to blood,"Cancer-related genes, Plasma proteins, Predicted secreted proteins",0.8134185186350061,0.35,0.8134185186350061
CXCL10:P02778:OID20697:v1,CXCL10,CXCL10,P02778,1,Tissue enhanced,Detected in many,,lymphoid tissue,90.0,Not detected,Not detected,,,0.0,Secreted to blood,"Cancer-related genes, Human disease related genes, Plasma proteins, Predicted secreted proteins",0.7955838649830891,0.35,0.7955838649830891
CXCL12:P48061:OID20464:v1,CXCL12,CXCL12,P48061,1,Low tissue specificity,Detected in all,,,0.0,Group enriched,Detected in some,,skin,2240433.2,Secreted to blood,Predicted secreted proteins,0.5025,0.9324999999999999,0.9324999999999999
CXCL14:O95715:OID20458:v1,CXCL14,CXCL14,O95715,1,Tissue enhanced,Detected in many,,skin 1,767.1,Tissue enriched,Detected in some,,skin,22012894.2,Secreted to blood,Predicted secreted proteins,0.8573333551480653,1.0,1.0
CXCL17:Q6UXB2:OID20622:v1,CXCL17,CXCL17,Q6UXB2,1,Group enriched,Detected in many,4,stomach 1,338.0,Tissue enhanced,Detected in some,,blood vessel,1760987.9,Secreted to blood,Predicted secreted proteins,0.6732116025879653,0.865,0.865
CXCL3:P19876:OID20788:v1,CXCL3,CXCL3,P19876,1,Tissue enhanced,Detected in many,,adipose tissue,19.5,Not detected,Not detected,,,0.0,Secreted to blood,"Plasma proteins, Predicted secreted proteins",0.755,0.35,0.755
CXCL6:P80162:OID20613:v1,CXCL6,CXCL6,P80162,1,Group enriched,Detected in many,5,lymphoid tissue,95.0,Not detected,Not detected,,,0.0,Secreted to blood,Predicted secreted proteins,0.6505151654689488,0.35,0.6505151654689488
CXCL8:P10145:OID20631:v1,CXCL8,CXCL8,P10145,1,Tissue enriched,Detected in many,7,bone marrow,2989.3,Not detected,Not detected,,,0.0,Secreted to blood,"Cancer-related genes, Candidate cardiovascular disease genes, Plasma proteins, Predicted secreted proteins",0.8077000073848724,0.35,0.8077000073848724
CXCL9:Q07325:OID20675:v1,CXCL9,CXCL9,Q07325,1,Tissue enriched,Detected in many,10,lymphoid tissue,290.0,Tissue enriched,Detected in single,92,lymphoid tissue,9167.8,Secreted to blood,"Cancer-related genes, Human disease related genes, Plasma proteins, Predicted secreted proteins",0.7960865661850531,0.9937417976008631,0.9937417976008631
DAG1:Q14118:OID20774:v1,DAG1,DAG1,Q14118,1,Low tissue specificity,Detected in all,,,0.0,Tissue enhanced,Detected in all,,heart muscle,814508863.4,Intracellular and membrane,"Disease related genes, Human disease related genes, Plasma proteins, Potential drug targets, Predicted membrane proteins, Transporters",0.5025,0.865,0.865
DAPP1:Q9UN19:OID20524:v1,DAPP1,DAPP1,Q9UN19,1,Tissue enhanced,Detected in many,,lymphoid tissue,36.1,Group enriched,Detected in some,,lymphoid tissue,3300529.7,,Predicted intracellular proteins,0.7696097910561985,0.9324999999999999,0.9324999999999999
DBNL:Q9UJU6:OID20681:v1,DBNL,DBNL,Q9UJU6,1,Low tissue specificity,Detected in all,,,0.0,Low tissue specificity,Detected in all,,,0.0,,"Plasma proteins, Predicted intracellular proteins",0.5025,0.5025,0.5025
DECR1:Q16698:OID20579:v1,DECR1,DECR1,Q16698,1,Tissue enhanced,Detected in all,,liver,70.1,Tissue enhanced,Detected in all,,heart muscle,810898322.7,,"Disease related genes, Enzymes, Metabolic proteins, Plasma proteins, Potential drug targets, Predicted intracellular proteins",0.788440112524354,0.865,0.865
DFFA:O00273:OID20620:v1,DFFA,DFFA,O00273,1,Low tissue specificity,Detected in all,,,0.0,Low tissue specificity,Detected in all,,,0.0,,"Plasma proteins, Predicted intracellular proteins",0.5025,0.5025,0.5025
DNAJA2:O60884:OID20627:v1,DNAJA2,DNAJA2,O60884,1,Low tissue specificity,Detected in all,,,0.0,Low tissue specificity,Detected in all,,,0.0,,Predicted intracellular proteins,0.5025,0.5025,0.5025
DNER:Q8NFT8:OID20712:v1,DNER,DNER,Q8NFT8,1,Tissue enhanced,Detected in many,,choroid plexus,144.6,Tissue enriched,Detected in single,5848,cerebral cortex,584814.9,,"Cancer-related genes, Predicted membrane proteins",0.8091898951363933,1.0,1.0
DNPH1:O43598:OID20744:v1,DNPH1,DNPH1,O43598,1,Low tissue specificity,Detected in all,,,0.0,Tissue enhanced,Detected in all,,kidney,208492073.1,,Predicted intracellular proteins,0.5025,0.865,0.865
DPP10:Q8N608:OID20527:v1,DPP10,DPP10,Q8N608,1,Group enriched,Detected in some,4,brain,20.3,Tissue enriched,Detected in some,,cerebral cortex,47940306.2,,"Disease related genes, Enzymes, Potential drug targets, Predicted intracellular proteins, Predicted membrane proteins, Transporters",0.6545560259036266,1.0,1.0
EDAR:Q9UNE0:OID20525:v1,EDAR,EDAR,Q9UNE0,1,Tissue enhanced,Detected in some,,esophagus,3.5,Not detected,Not detected,,,0.0,,"Disease related genes, Human disease related genes, Plasma proteins, Predicted membrane proteins",0.8150000000000001,0.35,0.8150000000000001
EGF:P01133:OID20698:v1,EGF,EGF,P01133,1,Group enriched,Detected in some,4,kidney,102.9,Tissue enriched,Detected in single,389,kidney,38908.0,,"Cancer-related genes, Disease related genes, FDA approved drug targets, Human disease related genes, Plasma proteins, Predicted membrane proteins, RAS pathway related proteins",0.6545560259036266,1.0,1.0
EGLN1:Q9GZT9:OID20572:v1,EGLN1,EGLN1,Q9GZT9,1,Group enriched,Detected in all,5,skeletal muscle,396.2,Tissue enriched,Detected in many,,intestine,14005444.8,,"Disease related genes, Enzymes, FDA approved drug targets, Human disease related genes, Plasma proteins, Predicted intracellular proteins",0.6916250842912214,1.0,1.0
EIF4G1:Q04637:OID20625:v1,EIF4G1,EIF4G1,Q04637,1,Low tissue specificity,Detected in all,,,0.0,Low tissue specificity,Detected in all,,,0.0,,"Cancer-related genes, Disease related genes, Essential proteins, Human disease related genes, Plasma proteins, Predicted intracellular proteins",0.5025,0.5025,0.5025
ENPP5:Q9UJA9:OID20736:v1,ENPP5,ENPP5,Q9UJA9,1,Tissue enriched,Detected in many,5,epididymis,230.1,Tissue enhanced,Detected in some,,cerebral cortex,2137393.2,Intracellular and membrane,Predicted membrane proteins,0.7434467332079785,0.865,0.865
ENPP7:Q6UWV6:OID20689:v1,ENPP7,ENPP7,Q6UWV6,1,Tissue enriched,Detected in some,9,intestine,98.5,Group enriched,Detected in some,,intestine,4781357.2,Intracellular and membrane,"Enzymes, Metabolic proteins, Predicted intracellular proteins",0.7746226950319174,0.9324999999999999,0.9324999999999999
EPCAM:P16422:OID20743:v1,EPCAM,EPCAM,P16422,1,Tissue enhanced,Detected in many,,intestine,756.2,Tissue enhanced,Detected in many,,intestine,20770505.4,,"Cancer-related genes, CD markers, Disease related genes, FDA approved drug targets, Human disease related genes, Plasma proteins, Predicted intracellular proteins, Predicted membrane proteins",0.8569196043600865,0.865,0.865
EPHA1:P21709:OID20677:v1,EPHA1,EPHA1,P21709,1,Group enriched,Detected in many,5,parathyroid gland,194.2,Tissue enriched,Detected in single,27,lymphoid tissue,2709.1,,"Cancer-related genes, Enzymes, Plasma proteins, Predicted membrane proteins",0.6710594315539437,0.9027066355700621,0.9027066355700621
EPO:P01588:OID20522:v1,EPO,EPO,P01588,1,Tissue enriched,Detected in some,6,liver,34.4,Not detected,Not detected,,,0.0,Secreted to blood,"Cancer-related genes, Candidate cardiovascular disease genes, Disease related genes, Human disease related genes, Predicted secreted proteins",0.7475732973134807,0.35,0.7475732973134807
ERBB3:P21860:OID20705:v1,ERBB3,ERBB3,P21860,1,Low tissue specificity,Detected in many,,,0.0,Tissue enriched,Detected in single,470,lung,46964.9,Secreted - unknown location,"Cancer-related genes, Disease related genes, Enzymes, Human disease related genes, Plasma proteins, Potential drug targets, Predicted intracellular proteins, Predicted membrane proteins, Predicted secreted proteins, Transporters",0.5525,1.0,1.0
ESM1:Q9NQ30:OID20758:v1,ESM1,ESM1,Q9NQ30,1,Tissue enhanced,Detected in many,,kidney,18.6,Not detected,Not detected,,,0.0,Secreted to blood,Predicted secreted proteins,0.755,0.35,0.755
F2R:P25116:OID20691:v1,F2R,F2R,P25116,1,Tissue enhanced,Detected in many,,lymphoid tissue,65.4,Not detected,Not detected,,,0.0,,"FDA approved drug targets, G-protein coupled receptors, Predicted intracellular proteins, Predicted membrane proteins, Transporters",0.7864602975645998,0.35,0.7864602975645998
FABP1:P07148:OID20778:v1,FABP1,FABP1,P07148,1,Group enriched,Detected in many,12,liver,12176.2,Tissue enriched,Detected in all,,liver,4167857595.3,,"Cancer-related genes, Metabolic proteins, Plasma proteins, Predicted intracellular proteins",0.7770197902927083,1.0,1.0
FABP9:Q0Z7S8:OID20501:v1,FABP9,FABP9,Q0Z7S8,1,Tissue enriched,Detected in some,33,skin 1,33.5,Tissue enriched,Detected in single,70,bone marrow,7026.9,,"Metabolic proteins, Predicted intracellular proteins",0.8674309758784807,0.973271722053662,0.973271722053662
FASLG:P48023:OID20665:v1,FASLG,FASLG,P48023,1,Tissue enhanced,Detected in some,,lymphoid tissue,5.3,Not detected,Not detected,,,0.0,Secreted to blood,"Cancer-related genes, CD markers, Disease related genes, Human disease related genes, Plasma proteins, Potential drug targets, Predicted membrane proteins, Predicted secreted proteins, RAS pathway related proteins, Transporters",0.8150000000000001,0.35,0.8150000000000001
FCAR:P24071:OID20564:v1,FCAR,FCAR,P24071,1,Tissue enhanced,Detected in some,,bone marrow,24.7,Group enriched,Detected in some,5309430,lymphoid tissue,645030050.8,Intracellular and membrane,"CD markers, Predicted intracellular proteins, Predicted membrane proteins",0.8150000000000001,0.9324999999999999,0.9324999999999999
FCRL2:Q96LA5:OID20639:v1,FCRL2,FCRL2,Q96LA5,1,Group enriched,Detected in some,11,lymphoid tissue,33.2,Tissue enriched,Detected in single,2454,lymphoid tissue,245426.7,,"CD markers, Predicted membrane proteins",0.7209495376127389,1.0,1.0
FCRL3:Q96P31:OID20443:v1,FCRL3,FCRL3,Q96P31,1,Tissue enriched,Detected in some,6,lymphoid tissue,46.2,Tissue enriched,Detected in single,6064,lymphoid tissue,606376.3,,"CD markers, Disease related genes, Predicted intracellular proteins, Predicted membrane proteins",0.7475732973134807,1.0,1.0
FCRL6:Q6DN72:OID20529:v1,FCRL6,FCRL6,Q6DN72,1,Tissue enhanced,Detected in many,,lymphoid tissue,12.0,Tissue enriched,Detected in single,71030,skin,7102995.6,,"Predicted intracellular proteins, Predicted membrane proteins",0.755,1.0,1.0
FGF19:O95750:OID20715:v1,FGF19,FGF19,O95750,1,Tissue enriched,Detected in some,21,gallbladder,222.8,Not detected,Not detected,,,0.0,Secreted to blood,"Cancer-related genes, Predicted secreted proteins, RAS pathway related proteins",0.8410521413483416,0.35,0.8410521413483416
FGF2:P09038:OID20503:v1,FGF2,FGF2,P09038,1,Low tissue specificity,Detected in many,,,0.0,Tissue enhanced,Detected in many,,Stomach,18848515.8,Secreted in other tissues,"Cancer-related genes, Candidate cardiovascular disease genes, FDA approved drug targets, Predicted intracellular proteins, Predicted secreted proteins, RAS pathway related proteins, Transporters",0.5525,0.865,0.865
FGF5:P12034:OID20490:v1,FGF5,FGF5,P12034,1,Tissue enhanced,Detected in some,,brain,2.8,Not detected,Not detected,,,0.0,Secreted in brain,"Disease related genes, Human disease related genes, Predicted secreted proteins, RAS pathway related proteins",0.8150000000000001,0.35,0.8150000000000001
FIS1:Q9Y3D6:OID20722:v1,FIS1,FIS1,Q9Y3D6,1,Low tissue specificity,Detected in all,,,0.0,Low tissue specificity,Detected in all,,,0.0,,"Plasma proteins, Predicted intracellular proteins, Predicted membrane proteins",0.5025,0.5025,0.5025
FKBP1B:P68106:OID20618:v1,FKBP1B,FKBP1B,P68106,1,Tissue enhanced,Detected in all,,brain,73.7,Group enriched,Detected in many,,bone marrow,2708293.5,,"Enzymes, Metabolic proteins, Predicted intracellular proteins",0.7898699723734098,0.9324999999999999,0.9324999999999999
FLT3LG:P49771:OID20661:v1,FLT3LG,FLT3LG,P49771,1,Low tissue specificity,Detected in all,,,0.0,Not detected,Not detected,,,0.0,Secreted to blood,"Predicted intracellular proteins, Predicted membrane proteins, Predicted secreted proteins, RAS pathway related proteins",0.5025,0.35,0.5025
FOXO1:Q12778:OID20515:v1,FOXO1,FOXO1,Q12778,1,Tissue enhanced,Detected in all,,skeletal muscle,84.4,Tissue enhanced,Detected in many,,intestine,707114.3,,"Cancer-related genes, Disease related genes, Human disease related genes, Predicted intracellular proteins, Transcription factors",0.7937452295776906,0.865,0.865
FST:P19883:OID20770:v1,FST,FST,P19883,1,Tissue enhanced,Detected in many,,liver,66.8,Tissue enriched,Detected in single,204,ovary,20436.4,Secreted to blood,"Cancer-related genes, Candidate cardiovascular disease genes, Plasma proteins, Predicted intracellular proteins, Predicted secreted proteins",0.7870643178006758,1.0,1.0
FSTL3:O95633:OID20782:v1,FSTL3,FSTL3,O95633,1,Low tissue specificity,Detected in all,,,0.0,Not detected,Not detected,,,0.0,Secreted in other tissues,"Cancer-related genes, Disease related genes, Predicted intracellular proteins, Predicted secreted proteins",0.5025,0.35,0.5025
FXYD5:Q96DB9:OID20463:v1,FXYD5,FXYD5,Q96DB9,1,Low tissue specificity,Detected in all,,,0.0,Not detected,Not detected,,,0.0,,"Plasma proteins, Predicted membrane proteins, Transporters",0.5025,0.35,0.5025
GAL:P22466:OID20727:v1,GAL,GAL,P22466,1,Tissue enriched,Detected in many,9,pituitary gland,957.4,Group enriched,Detected in many,,intestine,8514399.7,Secreted to blood,"Disease related genes, Human disease related genes, Plasma proteins, Predicted secreted proteins",0.8233637256997233,0.9324999999999999,0.9324999999999999
GALNT3:Q14435:OID20471:v1,GALNT3,GALNT3,Q14435,1,Tissue enhanced,Detected in many,,stomach 1,73.0,Group enriched,Detected in many,,intestine,43437230.0,,"Disease related genes, Enzymes, Human disease related genes, Metabolic proteins, Potential drug targets, Predicted intracellular proteins, Predicted membrane proteins",0.7895974196707783,0.9324999999999999,0.9324999999999999
GBP2:P32456:OID20489:v1,GBP2,GBP2,P32456,1,Low tissue specificity,Detected in many,,,0.0,Low tissue specificity,Detected in many,,,0.0,,Predicted intracellular proteins,0.5525,0.5525,0.5525
GLOD4:Q9HC38:OID20710:v1,GLOD4,GLOD4,Q9HC38,1,Low tissue specificity,Detected in all,,,0.0,Low tissue specificity,Detected in all,,,0.0,,"Metabolic proteins, Predicted intracellular proteins",0.5025,0.5025,0.5025
GMPR:P36959:OID20641:v1,GMPR,GMPR,P36959,1,Tissue enhanced,Detected in all,,skeletal muscle,343.9,Low tissue specificity,Detected in all,,,0.0,,"Enzymes, Metabolic proteins, Plasma proteins, Predicted intracellular proteins",0.8341550708222406,0.5025,0.8341550708222406
GOPC:Q9HD26:OID20551:v1,GOPC,GOPC,Q9HD26,1,Low tissue specificity,Detected in all,,,0.0,Low tissue specificity,Detected in many,,,0.0,,"Cancer-related genes, Disease related genes, Potential drug targets, Predicted intracellular proteins, Transporters",0.5025,0.5525,0.5525
GZMA:P12544:OID20663:v1,GZMA,GZMA,P12544,1,Tissue enhanced,Detected in many,,lymphoid tissue,63.9,Group enriched,Detected in some,,lymphoid tissue,5605314.3,Secreted to blood,"Enzymes, Predicted secreted proteins",0.7857988344355059,0.9324999999999999,0.9324999999999999
GZMB:P10144:OID20604:v1,GZMB,GZMB,P10144,1,Group enriched,Detected in many,4,bone marrow,62.9,Tissue enriched,Detected in some,,lymphoid tissue,1007313.8,Secreted to blood,"Enzymes, Plasma proteins, Predicted intracellular proteins, Predicted secreted proteins",0.6249053361391117,1.0,1.0
HCLS1:P14317:OID20648:v1,HCLS1,HCLS1,P14317,1,Tissue enhanced,Detected in all,,lymphoid tissue,290.6,Tissue enriched,Detected in many,,lymphoid tissue,189071839.0,,"Plasma proteins, Predicted intracellular proteins",0.8292953956659911,1.0,1.0
HEXIM1:O94992:OID20589:v1,HEXIM1,HEXIM1,O94992,1,Low tissue specificity,Detected in all,,,0.0,Low tissue specificity,Detected in many,,,0.0,,Predicted intracellular proteins,0.5025,0.5525,0.5525
HGF:P14210:OID20656:v1,HGF,HGF,P14210,1,Tissue enriched,Detected in many,10,placenta,292.9,Tissue enriched,Detected in single,98,ovary,9841.7,Secreted to blood,"Cancer-related genes, Candidate cardiovascular disease genes, Disease related genes, Enzymes, Human disease related genes, Plasma proteins, Potential drug targets, Predicted secreted proteins, RAS pathway related proteins",0.7963736311213587,0.9984831959811689,0.9984831959811689
HLA-DRA:P01903:OID20520:v1,HLA-DRA,HLA-DRA,P01903,1,Tissue enhanced,Detected in many,,lymphoid tissue,1196.6,Group enriched,Detected in all,,lung,164250826.7,,"Plasma proteins, Predicted membrane proteins",0.865,0.9324999999999999,0.9324999999999999
HLA-E:P13747:OID20532:v1,HLA-E,HLA-E,P13747,1,Low tissue specificity,Detected in many,,,0.0,Tissue enhanced,Detected in many,,lymphoid tissue,19305177.4,Secreted to blood,"Plasma proteins, Predicted membrane proteins, Predicted secreted proteins",0.5525,0.865,0.865
HPCAL1:P37235:OID20615:v1,HPCAL1,HPCAL1,P37235,1,Tissue enriched,Detected in all,4,brain,410.9,Tissue enriched,Detected in many,,cerebral cortex,111874539.2,,"Plasma proteins, Predicted intracellular proteins",0.7463502596335087,1.0,1.0
HSD11B1:P28845:OID20575:v1,HSD11B1,HSD11B1,P28845,1,Tissue enriched,Detected in many,13,liver,904.9,Tissue enriched,Detected in some,,liver,40950668.5,,"Disease related genes, Enzymes, FDA approved drug targets, Human disease related genes, Metabolic proteins, Predicted intracellular proteins",0.8472501300579746,1.0,1.0
HSPA1A:P0DMV8:OID20718:v1,HSPA1A,HSPA1A,P0DMV8,1,Low tissue specificity,Detected in many,,,0.0,Not detected,Not detected,,,0.0,Intracellular and membrane,"Disease related genes, Predicted intracellular proteins",0.5525,0.35,0.5525
ICA1:Q05084:OID20484:v1,ICA1,ICA1,Q05084,1,Low tissue specificity,Detected in all,,,0.0,Tissue enhanced,Detected in many,,cerebral cortex,3753849.7,,"Predicted intracellular proteins, Predicted membrane proteins",0.5025,0.865,0.865
ICAM4:Q14773:OID20578:v1,ICAM4,ICAM4,Q14773,1,Group enriched,Detected in some,6,bone marrow,12.6,Tissue enriched,Detected in single,111,bone marrow,11109.2,Intracellular and membrane,"Blood group antigen proteins, CD markers, Predicted intracellular proteins, Predicted membrane proteins",0.6800732973134807,1.0,1.0
IDS:P22304:OID20619:v1,IDS,IDS,P22304,1,Tissue enriched,Detected in all,6,brain,432.1,Tissue enhanced,Detected in all,,intestine,71508009.4,Intracellular and membrane,"Disease related genes, Enzymes, Human disease related genes, Metabolic proteins, Potential drug targets, Predicted intracellular proteins",0.7733204136070574,0.865,0.865
IFNG:P01579:OID20495:v1,IFNG,IFNG,P01579,1,Group enriched,Detected in some,5,bone marrow,10.9,Not detected,Not detected,,,0.0,Secreted to blood,"Cancer-related genes, Disease related genes, FDA approved drug targets, Human disease related genes, Plasma proteins, Predicted secreted proteins",0.6683828684844482,0.35,0.6683828684844482
IFNGR1:P15260:OID20678:v1,IFNGR1,IFNGR1,P15260,1,Low tissue specificity,Detected in all,,,0.0,Tissue enhanced,Detected in many,,kidney,1555527.1,,"CD markers, Disease related genes, FDA approved drug targets, Human disease related genes, Predicted intracellular proteins, Predicted membrane proteins",0.5025,0.865,0.865
IFNLR1:Q8IU57:OID20506:v1,IFNLR1,IFNLR1,Q8IU57,1,Low tissue specificity,Detected in many,,,0.0,Not detected,Not detected,,,0.0,Intracellular and membrane,"Human disease related genes, Predicted intracellular proteins, Predicted membrane proteins",0.5525,0.35,0.5525
IKBKG:Q9Y6K9:OID20544:v1,IKBKG,IKBKG,Q9Y6K9,1,Low tissue specificity,Detected in all,,,0.0,Tissue enriched,Detected in many,,lymphoid tissue,6568542.7,,"Disease related genes, Human disease related genes, Predicted intracellular proteins, RAS pathway related proteins",0.5025,1.0,1.0
IL10:P22301:OID20431:v1,IL10,IL10,P22301,1,Tissue enhanced,Detected in many,,lymphoid tissue,6.5,Not detected,Not detected,,,0.0,Secreted to blood,"Cancer-related genes, Candidate cardiovascular disease genes, Human disease related genes, Plasma proteins, Predicted intracellular proteins, Predicted secreted proteins",0.755,0.35,0.755
IL10RA:Q13651:OID20420:v1,IL10RA,IL10RA,Q13651,1,Tissue enhanced,Detected in many,,lymphoid tissue,71.6,Not detected,Not detected,,,0.0,,"CD markers, Disease related genes, Human disease related genes, Potential drug targets, Predicted membrane proteins, Transporters",0.7890444930730475,0.35,0.7890444930730475
IL10RB:Q08334:OID20696:v1,IL10RB,IL10RB,Q08334,1,Low tissue specificity,Detected in all,,,0.0,Tissue enriched,Detected in some,,lymphoid tissue,1213737.1,,"CD markers, Disease related genes, Human disease related genes, Plasma proteins, Potential drug targets, Predicted membrane proteins, Transporters",0.5025,1.0,1.0
IL11:P20809:OID20455:v1,IL11,IL11,P20809,1,Tissue enhanced,Detected in many,,brain,7.1,Not detected,Not detected,,,0.0,Secreted to blood,"Cancer-related genes, Predicted intracellular proteins, Predicted secreted proteins",0.755,0.35,0.755
IL12B:P29460:OID20666:v1,IL12B,IL12B,P29460,1,Tissue enhanced,Detected in single,,lymphoid tissue,1.2,Not detected,Not detected,,,0.0,Secreted to blood,"Disease related genes, FDA approved drug targets, Human disease related genes, Plasma proteins, Predicted intracellular proteins, Predicted secreted proteins",0.865,0.35,0.865
IL12RB1:P42701:OID20486:v1,IL12RB1,IL12RB1,P42701,1,Tissue enhanced,Detected in many,,lymphoid tissue,22.7,Not detected,Not detected,,,0.0,Intracellular and membrane,"CD markers, Disease related genes, Human disease related genes, Predicted intracellular proteins, Predicted membrane proteins",0.7566366306014654,0.35,0.7566366306014654
IL13:P35225:OID20430:v1,IL13,IL13,P35225,1,Tissue enriched,Detected in single,45,testis,23.3,Not detected,Not detected,,,0.0,Secreted to blood,"Cancer-related genes, Disease related genes, FDA approved drug targets, Human disease related genes, Plasma proteins, Predicted secreted proteins",0.9403552537536637,0.35,0.9403552537536637
IL15:P40933:OID20562:v1,IL15,IL15,P40933,1,Low tissue specificity,Detected in many,,,0.0,Not detected,Not detected,,,0.0,Secreted to blood,"Cancer-related genes, Predicted intracellular proteins, Predicted secreted proteins",0.5525,0.35,0.5525
IL15RA:Q13261:OID20498:v1,IL15RA,IL15RA,Q13261,1,Low tissue specificity,Detected in many,,,0.0,Not detected,Not detected,,,0.0,Secreted to blood,"CD markers, Predicted intracellular proteins, Predicted membrane proteins, Predicted secreted proteins",0.5525,0.35,0.5525
IL16:Q14005:OID20633:v1,IL16,IL16,Q14005,1,Tissue enhanced,Detected in many,,lymphoid tissue,126.9,Tissue enriched,Detected in many,,lymphoid tissue,138761719.9,Secreted to blood,"Cancer-related genes, Human disease related genes, Plasma proteins, Predicted intracellular proteins, Predicted secreted proteins",0.8054377160153205,1.0,1.0
IL17A:Q16552:OID20469:v1,IL17A,IL17A,Q16552,1,Tissue enhanced,Detected in single,,lymphoid tissue,1.3,Not detected,Not detected,,,0.0,Secreted to blood,"Cancer-related genes, FDA approved drug targets, Plasma proteins, Predicted secreted proteins",0.865,0.35,0.865
IL17C:Q9P0M4:OID20477:v1,IL17C,IL17C,Q9P0M4,1,Tissue enhanced,Detected in some,,endometrium 1,1.9,Not detected,Not detected,,,0.0,Secreted to blood,Predicted secreted proteins,0.8150000000000001,0.35,0.8150000000000001
IL17D:Q8TAD2:OID20481:v1,IL17D,IL17D,Q8TAD2,1,Group enriched,Detected in many,6,brain,148.9,Tissue enriched,Detected in some,,blood vessel,2429874.1,Secreted to blood,Predicted secreted proteins,0.6751057543955694,1.0,1.0
IL17F:Q96PD4:OID20456:v1,IL17F,IL17F,Q96PD4,1,Tissue enhanced,Detected in single,,lymphoid tissue,2.0,Not detected,Not detected,,,0.0,Secreted to blood,"Disease related genes, FDA approved drug targets, Human disease related genes, Predicted secreted proteins",0.865,0.35,0.865
IL17RB:Q9NRM6:OID20585:v1,IL17RB,IL17RB,Q9NRM6,1,Group enriched,Detected in many,4,kidney,55.8,Not detected,Not detected,,,0.0,Intracellular and membrane,Predicted membrane proteins,0.6214956613303018,0.35,0.6214956613303018
IL18:Q14116:OID20694:v1,IL18,IL18,Q14116,1,Tissue enhanced,Detected in all,,skin 1,140.9,Tissue enhanced,Detected in many,,skin,29074064.8,Secreted to blood,"Cancer-related genes, Candidate cardiovascular disease genes, Human disease related genes, Plasma proteins, Predicted intracellular proteins, Predicted secreted proteins",0.8084447376537842,0.865,0.865
IL18R1:Q13478:OID20652:v1,IL18R1,IL18R1,Q13478,1,Tissue enhanced,Detected in many,,lung,11.3,Group enriched,Detected in some,1512,lung,194142.3,,"CD markers, Enzymes, Plasma proteins, Predicted membrane proteins",0.755,0.9324999999999999,0.9324999999999999
IL1A:P01583:OID20488:v1,IL1A,IL1A,P01583,1,Tissue enhanced,Detected in many,,urinary bladder,24.1,Group enriched,Detected in some,,skin,159366.7,Secreted to blood,"Cancer-related genes, Human disease related genes, Plasma proteins, Predicted intracellular proteins, Predicted secreted proteins, Transporters",0.7582980818999971,0.9324999999999999,0.9324999999999999
IL1B:P01584:OID20427:v1,IL1B,IL1B,P01584,1,Tissue enhanced,Detected in many,,bone marrow,190.0,Not detected,Not detected,,,0.0,Secreted to blood,"Cancer-related genes, Candidate cardiovascular disease genes, FDA approved drug targets, Human disease related genes, Plasma proteins, Predicted intracellular proteins, Predicted secreted proteins, Transporters",0.8170468911061054,0.35,0.8170468911061054
IL1R2:P27930:OID20757:v1,IL1R2,IL1R2,P27930,1,Tissue enhanced,Detected in many,,lymphoid tissue,91.9,Not detected,Not detected,,,0.0,Secreted to blood,"Cancer-related genes, CD markers, Plasma proteins, Predicted membrane proteins, Predicted secreted proteins",0.7961820665393178,0.35,0.7961820665393178
IL1RL2:Q9HB29:OID20487:v1,IL1RL2,IL1RL2,Q9HB29,1,Tissue enhanced,Detected in many,,skin 1,11.6,Not detected,Not detected,,,0.0,,"Enzymes, FDA approved drug targets, Predicted intracellular proteins, Predicted membrane proteins",0.755,0.35,0.755
IL1RN:P18510:OID20700:v1,IL1RN,IL1RN,P18510,1,Tissue enriched,Detected in many,4,esophagus,1886.8,Tissue enhanced,Detected in all,,skin,95137238.3,Secreted to blood,"Cancer-related genes, Candidate cardiovascular disease genes, Disease related genes, Human disease related genes, Plasma proteins, Predicted intracellular proteins, Predicted secreted proteins",0.7720560259036267,0.865,0.865
IL22RA1:Q8N6P7:OID20449:v1,IL22RA1,IL22RA1,Q8N6P7,1,Tissue enriched,Detected in many,5,pancreas,189.0,Tissue enriched,Detected in single,9641,pancreas,964076.9,,Predicted membrane proteins,0.7377777971587167,1.0,1.0
IL2RB:P14784:OID20450:v1,IL2RB,IL2RB,P14784,1,Tissue enhanced,Detected in many,,lymphoid tissue,46.4,Tissue enriched,Detected in single,565,lymphoid tissue,56515.2,,"Cancer-related genes, CD markers, Disease related genes, FDA approved drug targets, Human disease related genes, Predicted membrane proteins, Transporters",0.7767023936137878,1.0,1.0
IL32:P24001:OID20605:v1,IL32,IL32,P24001,1,Tissue enhanced,Detected in many,,liver,830.9,Not detected,Not detected,,,0.0,Secreted to blood,"Plasma proteins, Predicted intracellular proteins, Predicted secreted proteins",0.8596432448701351,0.35,0.8596432448701351
IL3RA:P26951:OID20461:v1,IL3RA,IL3RA,P26951,1,Low tissue specificity,Detected in all,,,0.0,Group enriched,Detected in some,11721,lung,1456398.8,,"CD markers, FDA approved drug targets, Predicted intracellular proteins, Predicted membrane proteins",0.5025,0.9324999999999999,0.9324999999999999
IL4R:P24394:OID20576:v1,IL4R,IL4R,P24394,1,Low tissue specificity,Detected in all,,,0.0,Tissue enriched,Detected in some,,bone marrow,1269332.3,Secreted to blood,"Cancer-related genes, CD markers, FDA approved drug targets, Human disease related genes, Plasma proteins, Predicted intracellular proteins, Predicted membrane proteins, Predicted secreted proteins, Transporters",0.5025,1.0,1.0
IL5RA:Q01344:OID20601:v1,IL5RA,IL5RA,Q01344,1,Tissue enhanced,Detected in some,,fallopian tube,10.1,Not detected,Not detected,,,0.0,Intracellular and membrane,"CD markers, FDA approved drug targets, Plasma proteins, Predicted intracellular proteins, Predicted membrane proteins",0.8150000000000001,0.35,0.8150000000000001
IL6:P05231:OID20563:v1,IL6,IL6,P05231,1,Tissue enhanced,Detected in many,,urinary bladder,256.4,Not detected,Not detected,,,0.0,Secreted to blood,"Cancer-related genes, Candidate cardiovascular disease genes, Disease related genes, FDA approved drug targets, Human disease related genes, Plasma proteins, Predicted intracellular proteins, Predicted membrane proteins, Predicted secreted proteins",0.8256839864046295,0.35,0.8256839864046295
IL7:P13232:OID20535:v1,IL7,IL7,P13232,1,Low tissue specificity,Detected in many,,,0.0,Not detected,Not detected,,,0.0,Secreted to blood,"Cancer-related genes, Disease related genes, Human disease related genes, Plasma proteins, Predicted secreted proteins",0.5525,0.35,0.5525
IRAK1:P51617:OID20485:v1,IRAK1,IRAK1,P51617,1,Low tissue specificity,Detected in all,,,0.0,Low tissue specificity,Detected in many,,,0.0,,"Enzymes, Predicted intracellular proteins",0.5025,0.5525,0.5525
IRAK4:Q9NWZ3:OID20577:v1,IRAK4,IRAK4,Q9NWZ3,1,Low tissue specificity,Detected in many,,,0.0,Low tissue specificity,Detected in many,,,0.0,,"Disease related genes, Enzymes, Human disease related genes, Plasma proteins, Potential drug targets, Predicted intracellular proteins",0.5525,0.5525,0.5525
ISM1:B1AKI9:OID20538:v1,ISM1,ISM1,B1AKI9,1,Tissue enhanced,Detected in many,,thyroid gland,34.9,Not detected,Not detected,,,0.0,Secreted in other tissues,Predicted secreted proteins,0.7686579647092106,0.35,0.7686579647092106
ITGA11:Q9UKX5:OID20581:v1,ITGA11,ITGA11,Q9UKX5,1,Tissue enhanced,Detected in many,,blood vessel,74.1,Tissue enriched,Detected in some,,intestine,14138791.1,,"Predicted membrane proteins, Transporters",0.7900245723498718,1.0,1.0
ITGA6:P23229:OID20528:v1,ITGA6,ITGA6,P23229,1,Low tissue specificity,Detected in all,,,0.0,Low tissue specificity,Detected in all,,,0.0,,"Cancer-related genes, CD markers, Disease related genes, Human disease related genes, Plasma proteins, Potential drug targets, Predicted intracellular proteins, Predicted membrane proteins, Transporters",0.5025,0.5025,0.5025
ITGB6:P18564:OID20493:v1,ITGB6,ITGB6,P18564,1,Tissue enhanced,Detected in many,,skeletal muscle,74.9,Low tissue specificity,Detected in many,,,0.0,,"Cancer-related genes, Disease related genes, Human disease related genes, Plasma proteins, Predicted membrane proteins",0.7903313172256118,0.5525,0.7903313172256118
ITM2A:O43736:OID20504:v1,ITM2A,ITM2A,O43736,1,Tissue enhanced,Detected in all,,lymphoid tissue,300.7,Tissue enriched,Detected in some,,lymphoid tissue,76576.9,,"Predicted intracellular proteins, Predicted membrane proteins, Transporters",0.8302811057430792,1.0,1.0
JCHAIN:P01591:OID20494:v1,JCHAIN,JCHAIN,P01591,1,Tissue enhanced,Detected in many,,intestine,7466.4,Tissue enhanced,Detected in all,,intestine,751878530.6,Secreted to blood,"Plasma proteins, Predicted secreted proteins",0.865,0.865,0.865
KLRB1:Q12918:OID20629:v1,KLRB1,KLRB1,Q12918,1,Tissue enhanced,Detected in many,,bone marrow,44.6,Tissue enriched,Detected in single,3641,lymphoid tissue,364073.5,,"CD markers, Predicted membrane proteins",0.7755816558421534,1.0,1.0
KLRD1:Q13241:OID20632:v1,KLRD1,KLRD1,Q13241,1,Tissue enhanced,Detected in many,,lymphoid tissue,16.2,Not detected,Not detected,,,0.0,,"CD markers, Predicted intracellular proteins, Predicted membrane proteins",0.755,0.35,0.755
KRT19:P08727:OID20596:v1,KRT19,KRT19,P08727,1,Tissue enhanced,Detected in many,,esophagus,857.0,Tissue enhanced,Detected in many,,lung,1877543485.5,,"Cancer-related genes, Plasma proteins, Predicted intracellular proteins",0.8605375263777263,0.865,0.865
KYNU:Q16719:OID20669:v1,KYNU,KYNU,Q16719,1,Tissue enhanced,Detected in many,,liver,82.6,Tissue enriched,Detected in many,,liver,32613303.3,,"Disease related genes, Enzymes, Human disease related genes, Metabolic proteins, Plasma proteins, Potential drug targets, Predicted intracellular proteins",0.7931285459238533,1.0,1.0
LAIR1:Q6GTX8:OID20737:v1,LAIR1,LAIR1,Q6GTX8,1,Tissue enhanced,Detected in many,,lymphoid tissue,44.5,Group enriched,Detected in many,,bone marrow,7663812.1,,"CD markers, Predicted intracellular proteins, Predicted membrane proteins",0.7755181019707666,0.9324999999999999,0.9324999999999999
LAMA4:Q16363:OID20769:v1,LAMA4,LAMA4,Q16363,1,Tissue enhanced,Detected in many,,fallopian tube,163.3,Low tissue specificity,Detected in all,,,0.0,Secreted to extracellular matrix,"Disease related genes, Human disease related genes, Plasma proteins, Predicted intracellular proteins, Predicted secreted proteins",0.812687801579459,0.5025,0.812687801579459
LAMP3:Q9UQV4:OID20638:v1,LAMP3,LAMP3,Q9UQV4,1,Tissue enriched,Detected in many,7,lung,207.1,Tissue enriched,Detected in some,,lung,3758053.9,,"CD markers, Predicted intracellular proteins, Predicted membrane proteins",0.7622291201963907,1.0,1.0
LAP3:P28838:OID20436:v1,LAP3,LAP3,P28838,1,Low tissue specificity,Detected in all,,,0.0,Tissue enhanced,Detected in all,,liver,480241322.6,,"Enzymes, Metabolic proteins, Plasma proteins, Predicted intracellular proteins",0.5025,0.865,0.865
LAT:O43561:OID20640:v1,LAT,LAT,O43561,1,Tissue enhanced,Detected in all,,lymphoid tissue,105.7,Tissue enriched,Detected in single,12771,lymphoid tissue,1277149.1,,"Disease related genes, Human disease related genes, Plasma proteins, Predicted intracellular proteins, Predicted membrane proteins, RAS pathway related proteins",0.8001914001142356,1.0,1.0
LGALS4:P56470:OID20748:v1,LGALS4,LGALS4,P56470,1,Tissue enriched,Detected in many,14,intestine,1827.2,Tissue enriched,Detected in many,,intestine,523913672.9,,"Cancer-related genes, Plasma proteins, Predicted intracellular proteins",0.855372225259784,1.0,1.0
LGALS9:O00182:OID20781:v1,LGALS9,LGALS9,O00182,1,Tissue enhanced,Detected in many,,intestine,92.9,Tissue enhanced,Detected in many,,lymphoid tissue,18492193.5,Secreted to blood,"Essential proteins, Predicted intracellular proteins, Predicted secreted proteins",0.7964920135771394,0.865,0.865
LGMN:Q99538:OID20773:v1,LGMN,LGMN,Q99538,1,Low tissue specificity,Detected in all,,,0.0,Tissue enhanced,Detected in all,,lymphoid tissue,40425220.2,Intracellular and membrane,"Cancer-related genes, Enzymes, Metabolic proteins, Predicted intracellular proteins",0.5025,0.865,0.865
LIFR:P42702:OID20606:v1,LIFR,LIFR,P42702,1,Low tissue specificity,Detected in many,,,0.0,Tissue enriched,Detected in single,3571,lymphoid tissue,357072.8,Intracellular and membrane,"Cancer-related genes, CD markers, Disease related genes, Human disease related genes, Plasma proteins, Predicted intracellular proteins, Predicted membrane proteins",0.5525,1.0,1.0
LILRB4:Q8NHJ6:OID20429:v1,LILRB4,LILRB4,Q8NHJ6,1,Tissue enhanced,Detected in many,,lymphoid tissue,17.7,Tissue enriched,Detected in some,,bone marrow,11651598.3,,"CD markers, Predicted intracellular proteins, Predicted membrane proteins",0.755,1.0,1.0
LRRN1:Q6UXK5:OID20438:v1,LRRN1,LRRN1,Q6UXK5,1,Tissue enhanced,Detected in many,,brain,15.7,Not detected,Not detected,,,0.0,,Predicted membrane proteins,0.755,0.35,0.755
LSP1:P33241:OID20530:v1,LSP1,LSP1,P33241,1,Tissue enhanced,Detected in many,,lymphoid tissue,251.1,Tissue enhanced,Detected in many,,lymphoid tissue,320812213.5,,Predicted intracellular proteins,0.825081693759059,0.865,0.865
LTA:P01374:OID20586:v1,LTA,LTA,P01374,1,Group enriched,Detected in some,4,lymphoid tissue,5.4,Not detected,Not detected,,,0.0,Secreted to blood,"Cancer-related genes, Disease related genes, FDA approved drug targets, Human disease related genes, Predicted secreted proteins",0.6545560259036266,0.35,0.6545560259036266
LTBR:P36941:OID20768:v1,LTBR,LTBR,P36941,1,Low tissue specificity,Detected in all,,,0.0,Not detected,Not detected,,,0.0,,"Cancer-related genes, Plasma proteins, Predicted intracellular proteins, Predicted membrane proteins",0.5025,0.35,0.5025
LY6D:Q14210:OID20708:v1,LY6D,LY6D,Q14210,1,Tissue enhanced,Detected in many,,esophagus,2201.7,Tissue enhanced,Detected in all,,intestine,119122272.9,,"Plasma proteins, Predicted membrane proteins",0.865,0.865,0.865
LY75:O60449:OID20580:v1,LY75,LY75,O60449,1,Tissue enriched,Detected in many,4,lymphoid tissue,73.1,Group enriched,Detected in many,,lymphoid tissue,13903465.8,,"CD markers, Predicted membrane proteins",0.6966925391344171,0.9324999999999999,0.9324999999999999
LY9:Q9HBG7:OID20670:v1,LY9,LY9,Q9HBG7,1,Tissue enhanced,Detected in many,,lymphoid tissue,29.2,Tissue enriched,Detected in single,1544,lymphoid tissue,154396.0,Secreted - unknown location,"CD markers, Predicted membrane proteins, Predicted secreted proteins",0.7636528552029054,1.0,1.0
MANF:P55145:OID20707:v1,MANF,MANF,P55145,1,Low tissue specificity,Detected in all,,,0.0,Tissue enhanced,Detected in all,,pancreas,197016865.3,Secreted to blood,"Plasma proteins, Predicted secreted proteins",0.5025,0.865,0.865
MAP2K6:P52564:OID20552:v1,MAP2K6,MAP2K6,P52564,1,Tissue enhanced,Detected in many,,skeletal muscle,41.3,Tissue enhanced,Detected in all,,skeletal muscle,5225583.5,,"Enzymes, Predicted intracellular proteins",0.7734070054784433,0.865,0.865
MAPK9:P45984:OID20557:v1,MAPK9,MAPK9,P45984,1,Low tissue specificity,Detected in all,,,0.0,Tissue enhanced,Detected in many,,cerebral cortex,1141875.1,,"Enzymes, Predicted intracellular proteins, RAS pathway related proteins",0.5025,0.865,0.865
MATN2:O00339:OID20767:v1,MATN2,MATN2,O00339,1,Low tissue specificity,Detected in all,,,0.0,Low tissue specificity,Detected in many,,,0.0,Secreted to extracellular matrix,"Predicted intracellular proteins, Predicted secreted proteins",0.5025,0.5525,0.5525
MEGF10:Q96KG7:OID20746:v1,MEGF10,MEGF10,Q96KG7,1,Tissue enhanced,Detected in some,,brain,12.2,Tissue enriched,Detected in single,6139,bone marrow,613857.9,Intracellular and membrane,"Disease related genes, Human disease related genes, Predicted intracellular proteins, Predicted membrane proteins",0.8150000000000001,1.0,1.0
MEPE:Q9NQ76:OID20753:v1,MEPE,MEPE,Q9NQ76,1,Tissue enriched,Detected in single,55,brain,5.4,Not detected,Not detected,,,0.0,Secreted to extracellular matrix,"Predicted intracellular proteins, Predicted secreted proteins",0.955273304698353,0.35,0.955273304698353
MERTK:Q12866:OID20657:v1,MERTK,MERTK,Q12866,1,Tissue enhanced,Detected in all,,choroid plexus,89.9,Group enriched,Detected in some,,lymphoid tissue,4149250.9,,"Disease related genes, Enzymes, Human disease related genes, Plasma proteins, Potential drug targets, Predicted intracellular proteins, Predicted membrane proteins",0.7955520356486131,0.9324999999999999,0.9324999999999999
METAP1D:Q6UB28:OID20519:v1,METAP1D,METAP1D,Q6UB28,1,Low tissue specificity,Detected in all,,,0.0,Tissue enriched,Detected in many,,salivary gland,10153489.9,,"Enzymes, Predicted intracellular proteins",0.5025,1.0,1.0
MGLL:Q99685:OID20711:v1,MGLL,MGLL,Q99685,1,Low tissue specificity,Detected in all,,,0.0,Tissue enhanced,Detected in many,,cerebral cortex,15992984.7,,"Enzymes, Metabolic proteins, Predicted intracellular proteins",0.5025,0.865,0.865
MGMT:P16455:OID20588:v1,MGMT,MGMT,P16455,1,Tissue enhanced,Detected in all,,liver,125.9,Tissue enhanced,Detected in many,,cerebral cortex,69667525.7,,"Cancer-related genes, Enzymes, Metabolic proteins, Predicted intracellular proteins",0.8052104874013319,0.865,0.865
MICB_MICA:Q29980_Q29983:OID20593:v1,MICB_MICA,MICB;MICA,Q29980;Q29983,0,,,,,0.0,,,,,0.0,,,0.4475,0.4475,0.4475
MILR1:Q7Z6M3:OID20482:v1,MILR1,MILR1,Q7Z6M3,1,Tissue enhanced,Detected in many,,lymphoid tissue,23.9,Tissue enriched,Detected in single,6703,heart muscle,670269.3,,"Essential proteins, Predicted intracellular proteins, Predicted membrane proteins",0.7580664904505212,1.0,1.0
MLN:P12872:OID20541:v1,MLN,MLN,P12872,1,Tissue enriched,Detected in single,410,intestine,239.2,Tissue enriched,Detected in single,58598,intestine,5859796.6,Secreted to blood,Predicted secreted proteins,1.0,1.0,1.0
MMP1:P03956:OID20672:v1,MMP1,MMP1,P03956,1,Tissue enhanced,Detected in some,,gallbladder,70.7,Not detected,Not detected,,,0.0,Secreted to extracellular matrix,"Cancer-related genes, Candidate cardiovascular disease genes, Enzymes, Human disease related genes, Plasma proteins, Predicted secreted proteins",0.8150000000000001,0.35,0.8150000000000001
MMP10:P09238:OID20687:v1,MMP10,MMP10,P09238,1,Tissue enriched,Detected in some,34,endometrium 1,249.7,Not detected,Not detected,,,0.0,Secreted to extracellular matrix,"Cancer-related genes, Enzymes, Predicted secreted proteins",0.8795498061876085,0.35,0.8795498061876085
MPIG6B:O95866:OID20779:v1,MPIG6B,MPIG6B,O95866,1,Tissue enhanced,Detected in some,,skin 1,7.7,Tissue enriched,Detected in some,,lymphoid tissue,96784.8,Intracellular and membrane,"Disease related genes, Human disease related genes, Predicted intracellular proteins, Predicted membrane proteins",0.8150000000000001,1.0,1.0
MVK:Q03426:OID20459:v1,MVK,MVK,Q03426,1,Tissue enhanced,Detected in all,,liver,58.8,Tissue enriched,Detected in many,,liver,26495077.6,,"Disease related genes, Enzymes, Essential proteins, Human disease related genes, Metabolic proteins, Potential drug targets, Predicted intracellular proteins",0.783429609723739,1.0,1.0
MYO9B:Q13459:OID20451:v1,MYO9B,MYO9B,Q13459,1,Tissue enhanced,Detected in all,,lymphoid tissue,145.0,Tissue enhanced,Detected in many,,lymphoid tissue,41898344.5,,"Disease related genes, Human disease related genes, Plasma proteins, Predicted intracellular proteins",0.809269315698662,0.865,0.865
MZB1:Q8WU39:OID20732:v1,MZB1,MZB1,Q8WU39,1,Tissue enhanced,Detected in many,,lymphoid tissue,214.9,Tissue enhanced,Detected in many,,bone marrow,318287216.7,Secreted to blood,Predicted secreted proteins,0.8205943294908349,0.865,0.865
NBN:O60934:OID20442:v1,NBN,NBN,O60934,1,Low tissue specificity,Detected in all,,,0.0,Tissue enhanced,Detected in many,,ovary,3385466.7,,"Cancer-related genes, Disease related genes, Human disease related genes, Predicted intracellular proteins",0.5025,0.865,0.865
NCF2:P19878:OID20567:v1,NCF2,NCF2,P19878,1,Tissue enhanced,Detected in many,,bone marrow,119.1,Tissue enhanced,Detected in many,,bone marrow,23560008.2,,"Disease related genes, Human disease related genes, Plasma proteins, Predicted intracellular proteins",0.8036161437780991,0.865,0.865
NCK2:O43639:OID20683:v1,NCK2,NCK2,O43639,1,Low tissue specificity,Detected in all,,,0.0,Low tissue specificity,Detected in all,,,0.0,,"Plasma proteins, Predicted intracellular proteins",0.5025,0.5025,0.5025
NCLN:Q969V3:OID20448:v1,NCLN,NCLN,Q969V3,1,Low tissue specificity,Detected in all,,,0.0,Tissue enhanced,Detected in all,,pancreas,65458511.9,,"Predicted intracellular proteins, Predicted membrane proteins, Transporters",0.5025,0.865,0.865
NCR1:O76036:OID20566:v1,NCR1,NCR1,O76036,1,Tissue enriched,Detected in single,4,lymphoid tissue,3.3,Not detected,Not detected,,,0.0,,"CD markers, Predicted membrane proteins",0.7720560259036267,0.35,0.7720560259036267
NELL2:Q99435:OID20706:v1,NELL2,NELL2,Q99435,1,Tissue enhanced,Detected in many,,choroid plexus,119.8,Tissue enriched,Detected in some,,cerebral cortex,6007892.5,Secreted to blood,"Plasma proteins, Predicted intracellular proteins, Predicted membrane proteins, Predicted secreted proteins",0.8037843812275502,1.0,1.0
NFASC:O94856:OID20634:v1,NFASC,NFASC,O94856,1,Tissue enhanced,Detected in many,,brain,32.2,Tissue enriched,Detected in many,,cerebral cortex,611889618.3,,"Disease related genes, Human disease related genes, Plasma proteins, Predicted intracellular proteins, Predicted membrane proteins",0.7663945345522775,1.0,1.0
NFATC1:O95644:OID20545:v1,NFATC1,NFATC1,O95644,1,Tissue enhanced,Detected in many,,choroid plexus,33.8,Tissue enriched,Detected in many,,lymphoid tissue,4240687.7,,"Predicted intracellular proteins, Transcription factors",0.767757081418144,1.0,1.0
NFATC3:Q12968:OID20470:v1,NFATC3,NFATC3,Q12968,1,Tissue enhanced,Detected in all,,lymphoid tissue,95.0,Tissue enhanced,Detected in some,,lymphoid tissue,16745191.3,,"Predicted intracellular proteins, Transcription factors",0.7971322969845007,0.865,0.865
NME3:Q13232:OID20789:v1,NME3,NME3,Q13232,1,Low tissue specificity,Detected in all,,,0.0,Low tissue specificity,Detected in all,,,0.0,Intracellular and membrane,"Enzymes, Metabolic proteins, Plasma proteins, Predicted intracellular proteins",0.5025,0.5025,0.5025
NPPC:P23582:OID20568:v1,NPPC,NPPC,P23582,1,Tissue enhanced,Detected in many,,brain,7.6,Not detected,Not detected,,,0.0,Secreted to blood,"Predicted secreted proteins, Transporters",0.755,0.35,0.755
NRTN:Q99748:OID20465:v1,NRTN,NRTN,Q99748,1,Tissue enhanced,Detected in many,,heart muscle,18.9,Not detected,Not detected,,,0.0,Secreted to blood,"Disease related genes, Predicted secreted proteins",0.755,0.35,0.755
NT5C3A:Q9H0P0:OID20553:v1,NT5C3A,NT5C3A,Q9H0P0,1,Tissue enhanced,Detected in all,,skeletal muscle,82.6,Tissue enriched,Detected in all,,skeletal muscle,97845642.3,,"Disease related genes, Enzymes, Human disease related genes, Metabolic proteins, Plasma proteins, Potential drug targets, Predicted intracellular proteins",0.7931285459238533,1.0,1.0
NTF3:P20783:OID20591:v1,NTF3,NTF3,P20783,1,Tissue enhanced,Detected in many,,blood vessel,26.5,Not detected,Not detected,,,0.0,Secreted in other tissues,"Cancer-related genes, Predicted secreted proteins, RAS pathway related proteins",0.7609416308882516,0.35,0.7609416308882516
NUB1:Q9Y5A7:OID20510:v1,NUB1,NUB1,Q9Y5A7,1,Low tissue specificity,Detected in all,,,0.0,Tissue enhanced,Detected in many,,lymphoid tissue,2621201.6,,Predicted intracellular proteins,0.5025,0.865,0.865
NUDC:Q9Y266:OID20623:v1,NUDC,NUDC,Q9Y266,1,Low tissue specificity,Detected in all,,,0.0,Low tissue specificity,Detected in all,,,0.0,,"Essential proteins, Predicted intracellular proteins, Predicted membrane proteins",0.5025,0.5025,0.5025
OMD:Q99983:OID20725:v1,OMD,OMD,Q99983,1,Tissue enhanced,Detected in many,,blood vessel,63.3,Tissue enriched,Detected in many,,blood vessel,53807328.2,Secreted in other tissues,Predicted secreted proteins,0.7855299584147711,1.0,1.0
OSCAR:Q8IYS5:OID20776:v1,OSCAR,OSCAR,Q8IYS5,1,Group enriched,Detected in many,5,lymphoid tissue,28.9,Tissue enhanced,Detected in some,,bone marrow,1291947.1,Intracellular and membrane,"Predicted intracellular proteins, Predicted membrane proteins",0.6167467151958645,0.865,0.865
OSM:P13725:OID20574:v1,OSM,OSM,P13725,1,Tissue enriched,Detected in many,8,bone marrow,111.7,Not detected,Not detected,,,0.0,Secreted to blood,"Cancer-related genes, Plasma proteins, Predicted intracellular proteins, Predicted secreted proteins",0.7534075361130964,0.35,0.7534075361130964
PADI2:Q9Y2J8:OID20467:v1,PADI2,PADI2,Q9Y2J8,1,Tissue enhanced,Detected in many,,tongue,459.8,Group enriched,Detected in many,,cerebral cortex,90031694.3,,"Enzymes, Metabolic proteins, Predicted intracellular proteins",0.8425418090606935,0.9324999999999999,0.9324999999999999
PAPPA:Q13219:OID20421:v1,PAPPA,PAPPA,Q13219,1,Tissue enriched,Detected in many,8,placenta,68.1,Tissue enhanced,Detected in many,,pancreas,807468.8,Secreted in female reproductive system,"Cancer-related genes, Candidate cardiovascular disease genes, Enzymes, Plasma proteins, Predicted secreted proteins",0.7392465271933214,0.865,0.865
PARP1:P09874:OID20500:v1,PARP1,PARP1,P09874,1,Low tissue specificity,Detected in all,,,0.0,Tissue enhanced,Detected in all,,lymphoid tissue,292985496.9,,"Cancer-related genes, Enzymes, FDA approved drug targets, Metabolic proteins, Plasma proteins, Predicted intracellular proteins",0.5025,0.865,0.865
PCDH1:Q08174:OID20614:v1,PCDH1,PCDH1,Q08174,1,Low tissue specificity,Detected in all,,,0.0,Tissue enhanced,Detected in many,,cerebral cortex,70689934.2,,"Plasma proteins, Predicted intracellular proteins, Predicted membrane proteins",0.5025,0.865,0.865
PDGFB:P01127:OID20741:v1,PDGFB,PDGFB,P01127,1,Low tissue specificity,Detected in many,,,0.0,Not detected,Not detected,,,0.0,Secreted to blood,"Cancer-related genes, Candidate cardiovascular disease genes, Disease related genes, Human disease related genes, Plasma proteins, Predicted intracellular proteins, Predicted secreted proteins, RAS pathway related proteins",0.5525,0.35,0.5525
PDLIM7:Q9NR12:OID20729:v1,PDLIM7,PDLIM7,Q9NR12,1,Tissue enhanced,Detected in all,,skeletal muscle,620.5,Tissue enhanced,Detected in all,,blood vessel,486516422.8,,Predicted intracellular proteins,0.8512024667660387,0.865,0.865
PGF:P49763:OID20673:v1,PGF,PGF,P49763,1,Tissue enhanced,Detected in many,,blood vessel,66.8,Not detected,Not detected,,,0.0,Secreted to blood,"Cancer-related genes, Candidate cardiovascular disease genes, FDA approved drug targets, Plasma proteins, Predicted secreted proteins, RAS pathway related proteins",0.7870643178006758,0.35,0.7870643178006758
PIK3AP1:Q6ZUJ8:OID20587:v1,PIK3AP1,PIK3AP1,Q6ZUJ8,1,Tissue enhanced,Detected in many,,liver,77.8,Tissue enhanced,Detected in many,,lymphoid tissue,20318428.9,,Predicted intracellular proteins,0.7914167896055119,0.865,0.865
PKLR:P30613:OID20682:v1,PKLR,PKLR,P30613,1,Tissue enhanced,Detected in some,,liver,86.5,Tissue enriched,Detected in many,,liver,542422717.4,,"Disease related genes, Enzymes, FDA approved drug targets, Human disease related genes, Metabolic proteins, Plasma proteins, Predicted intracellular proteins",0.8150000000000001,1.0,1.0
PLA2G4A:P47712:OID20685:v1,PLA2G4A,PLA2G4A,P47712,1,Tissue enhanced,Detected in many,,parathyroid gland,82.0,Low tissue specificity,Detected in many,,,0.0,,"Disease related genes, Enzymes, Human disease related genes, Metabolic proteins, Potential drug targets, Predicted intracellular proteins, RAS pathway related proteins",0.7929200304236181,0.5525,0.7929200304236181
PLAUR:Q03405:OID20764:v1,PLAUR,PLAUR,Q03405,1,Tissue enriched,Detected in all,6,bone marrow,650.6,Group enriched,Detected in many,,lung,239926.9,Intracellular and membrane,"Cancer-related genes, CD markers, FDA approved drug targets, Predicted intracellular proteins, Predicted membrane proteins",0.7851448954870698,0.9324999999999999,0.9324999999999999
PLXNA4:Q9HCM2:OID20597:v1,PLXNA4,PLXNA4,Q9HCM2,1,Tissue enhanced,Detected in many,,adipose tissue,13.0,Tissue enriched,Detected in many,,cerebral cortex,44010713.8,Intracellular and membrane,"Predicted intracellular proteins, Predicted membrane proteins",0.755,1.0,1.0
PNLIPRP2:P54317:OID20775:v1,PNLIPRP2,PNLIPRP2,P54317,1,Tissue enriched,Detected in some,109,pancreas,8150.3,,,,,0.0,,"Metabolic proteins, Predicted intracellular proteins",1.0,0.4475,1.0
PNPT1:Q8TCS8:OID20445:v1,PNPT1,PNPT1,Q8TCS8,1,Low tissue specificity,Detected in all,,,0.0,Low tissue specificity,Detected in many,,,0.0,,"Disease related genes, Enzymes, Essential proteins, Human disease related genes, Potential drug targets, Predicted intracellular proteins",0.5025,0.5525,0.5525
PON3:Q15166:OID20777:v1,PON3,PON3,Q15166,1,Tissue enriched,Detected in many,20,liver,576.2,Tissue enriched,Detected in many,,intestine,86167533.3,Secreted to blood,"Candidate cardiovascular disease genes, Enzymes, Metabolic proteins, Plasma proteins, Predicted secreted proteins",0.8649512858052462,1.0,1.0
PPP1R9B:Q96SB3:OID20643:v1,PPP1R9B,PPP1R9B,Q96SB3,1,Tissue enhanced,Detected in all,,brain,107.1,Tissue enhanced,Detected in many,,cerebral cortex,33933991.5,,Predicted intracellular proteins,0.8005687638144637,0.865,0.865
PRDX3:P30048:OID20483:v1,PRDX3,PRDX3,P30048,1,Low tissue specificity,Detected in all,,,0.0,Low tissue specificity,Detected in all,,,0.0,,"Disease related genes, Enzymes, Human disease related genes, Metabolic proteins, Plasma proteins, Potential drug targets, Predicted intracellular proteins",0.5025,0.5025,0.5025
PRDX5:P30044:OID20644:v1,PRDX5,PRDX5,P30044,1,Tissue enhanced,Detected in all,,choroid plexus,1322.0,Low tissue specificity,Detected in all,,,0.0,,"Enzymes, FDA approved drug targets, Metabolic proteins, Plasma proteins, Predicted intracellular proteins",0.865,0.5025,0.865
PRELP:P51888:OID20766:v1,PRELP,PRELP,P51888,1,Tissue enhanced,Detected in many,,blood vessel,545.5,Group enriched,Detected in all,,blood vessel,5975728324.0,Secreted to extracellular matrix,"Plasma proteins, Predicted secreted proteins",0.847479607656342,0.9324999999999999,0.9324999999999999
PRKAB1:Q9Y478:OID20444:v1,PRKAB1,PRKAB1,Q9Y478,1,Low tissue specificity,Detected in all,,,0.0,Low tissue specificity,Detected in many,,,0.0,,"FDA approved drug targets, Predicted intracellular proteins",0.5025,0.5525,0.5525
PROK1:P58294:OID20543:v1,PROK1,PROK1,P58294,1,Tissue enhanced,Detected in many,,ovary,190.8,Not detected,Not detected,,,0.0,Secreted to blood,Predicted secreted proteins,0.8171678893043689,0.35,0.8171678893043689
PRSS8:Q16651:OID20763:v1,PRSS8,PRSS8,Q16651,1,Tissue enhanced,Detected in many,,salivary gland,231.3,Tissue enhanced,Detected in many,,skin,12956233.4,Secreted - unknown location,"Enzymes, Predicted membrane proteins, Predicted secreted proteins",0.8227137939846335,0.865,0.865
PSIP1:O75475:OID20534:v1,PSIP1,PSIP1,O75475,1,Low tissue specificity,Detected in all,,,0.0,Tissue enhanced,Detected in all,,ovary,83488253.7,,"Cancer-related genes, Disease related genes, Plasma proteins, Predicted intracellular proteins",0.5025,0.865,0.865
PSMG3:Q9BT73:OID20549:v1,PSMG3,PSMG3,Q9BT73,1,Low tissue specificity,Detected in all,,,0.0,Tissue enhanced,Detected in many,,bone marrow,840932.2,,"Essential proteins, Predicted intracellular proteins",0.5025,0.865,0.865
PSPN:O60542:OID20511:v1,PSPN,PSPN,O60542,1,Low tissue specificity,Detected in many,,,0.0,Not detected,Not detected,,,0.0,Secreted in other tissues,Predicted secreted proteins,0.5525,0.35,0.5525
PTH1R:Q03431:OID20571:v1,PTH1R,PTH1R,Q03431,1,Tissue enriched,Detected in many,7,kidney,583.6,Tissue enriched,Detected in some,,kidney,2052895.8,,"Disease related genes, FDA approved drug targets, G-protein coupled receptors, Human disease related genes, Predicted intracellular proteins, Predicted membrane proteins, Transporters",0.7921305757342274,1.0,1.0
PTPN6:P29350:OID20717:v1,PTPN6,PTPN6,P29350,1,Tissue enhanced,Detected in many,,lymphoid tissue,143.6,Group enriched,Detected in all,,lymphoid tissue,390835598.6,,"Enzymes, Plasma proteins, Predicted intracellular proteins",0.8089903852027492,0.9324999999999999,0.9324999999999999
PTPRM:P28827:OID20598:v1,PTPRM,PTPRM,P28827,1,Low tissue specificity,Detected in all,,,0.0,Tissue enhanced,Detected in many,,liver,28478445.4,,"Enzymes, Plasma proteins, Predicted intracellular proteins, Predicted membrane proteins",0.5025,0.865,0.865
PTX3:P26022:OID20570:v1,PTX3,PTX3,P26022,1,Tissue enhanced,Detected in many,,adipose tissue,230.2,Tissue enhanced,Detected in many,,bone marrow,11551787.0,Secreted to blood,"Plasma proteins, Predicted secreted proteins",0.8225763885293885,0.865,0.865
RAB6A:P20340:OID20608:v1,RAB6A,RAB6A,P20340,1,Low tissue specificity,Detected in all,,,0.0,Low tissue specificity,Detected in all,,,0.0,,Predicted intracellular proteins,0.5025,0.5025,0.5025
RABGAP1L:Q5R372:OID20447:v1,RABGAP1L,RABGAP1L,Q5R372,1,Tissue enhanced,Detected in all,,heart muscle,114.9,Tissue enhanced,Detected in many,,heart muscle,10284951.5,,"Disease related genes, Predicted intracellular proteins, Predicted membrane proteins",0.8025856547861665,0.865,0.865
REG4:Q9BYZ8:OID20784:v1,REG4,REG4,Q9BYZ8,1,Tissue enriched,Detected in some,5,intestine,623.9,Tissue enriched,Detected in single,135734,intestine,13573415.6,Secreted to digestive system,Predicted secreted proteins,0.7722432718442303,1.0,1.0
RGS8:P57771:OID20454:v1,RGS8,RGS8,P57771,1,Group enriched,Detected in some,4,retina,28.2,Not detected,Not detected,,,0.0,,Predicted intracellular proteins,0.6545560259036266,0.35,0.6545560259036266
ROBO1:Q9Y6N7:OID20734:v1,ROBO1,ROBO1,Q9Y6N7,1,Low tissue specificity,Detected in many,,,0.0,Group enriched,Detected in some,,cerebral cortex,4533483.7,,"Predicted intracellular proteins, Predicted membrane proteins",0.5525,0.9324999999999999,0.9324999999999999
SAMD9L:Q8IVG5:OID20536:v1,SAMD9L,SAMD9L,Q8IVG5,1,Tissue enhanced,Detected in all,,lymphoid tissue,34.0,Group enriched,Detected in some,10038,bone marrow,1230400.1,,"Disease related genes, Human disease related genes, Predicted intracellular proteins",0.7679229774411479,0.9324999999999999,0.9324999999999999
SCG3:Q8WXD2:OID20728:v1,SCG3,SCG3,Q8WXD2,1,Tissue enhanced,Detected in some,,brain,155.7,Group enriched,Detected in some,,cerebral cortex,17038866.1,Secreted in brain,"Plasma proteins, Predicted intracellular proteins, Predicted secreted proteins",0.8150000000000001,0.9324999999999999,0.9324999999999999
SCGB1A1:P11684:OID20688:v1,SCGB1A1,SCGB1A1,P11684,1,Tissue enriched,Detected in many,9,lung,2893.8,Tissue enriched,Detected in many,,lung,22545653.5,Secreted in other tissues,"Cancer-related genes, Plasma proteins, Predicted intracellular proteins, Predicted secreted proteins",0.8246226950319173,1.0,1.0
SCGB3A2:Q96PL1:OID20723:v1,SCGB3A2,SCGB3A2,Q96PL1,1,Tissue enriched,Detected in many,122,lung,1193.6,Not detected,Not detected,,,0.0,Secreted in other tissues,"Human disease related genes, Predicted intracellular proteins, Predicted secreted proteins",1.0,0.35,1.0
SCGN:O76038:OID20457:v1,SCGN,SCGN,O76038,1,Tissue enhanced,Detected in many,,pancreas,44.4,Tissue enhanced,Detected in many,,intestine,19712935.4,Intracellular and membrane,"Plasma proteins, Predicted intracellular proteins",0.7754544082667669,0.865,0.865
SCRN1:Q12765:OID20542:v1,SCRN1,SCRN1,Q12765,1,Tissue enhanced,Detected in all,,brain,157.9,Tissue enriched,Detected in all,,cerebral cortex,408046879.4,,"Enzymes, Predicted intracellular proteins",0.8117203638119292,1.0,1.0
SELPLG:Q14242:OID20560:v1,SELPLG,SELPLG,Q14242,1,Tissue enhanced,Detected in many,,lymphoid tissue,75.0,Tissue enhanced,Detected in many,,lymphoid tissue,2201699.7,,"Candidate cardiovascular disease genes, CD markers, Plasma proteins, Predicted membrane proteins",0.7903694328029279,0.865,0.865
SERPINB8:P50452:OID20630:v1,SERPINB8,SERPINB8,P50452,1,Tissue enhanced,Detected in all,,skin 1,55.1,Low tissue specificity,Detected in all,,,0.0,,"Disease related genes, Human disease related genes, Plasma proteins, Predicted intracellular proteins",0.7815806557380175,0.5025,0.7815806557380175
SH2D1A:O60880:OID20514:v1,SH2D1A,SH2D1A,O60880,1,Tissue enriched,Detected in some,54,lymphoid tissue,200.5,Tissue enriched,Detected in some,,lymphoid tissue,314497.5,,"Disease related genes, Human disease related genes, Plasma proteins, Predicted intracellular proteins",0.9075029356665079,1.0,1.0
SHMT1:P34896:OID20714:v1,SHMT1,SHMT1,P34896,1,Tissue enhanced,Detected in all,,liver,375.9,Tissue enriched,Detected in many,,liver,803832634.2,,"Enzymes, Metabolic proteins, Plasma proteins, Predicted intracellular proteins",0.8367235620529885,1.0,1.0
SIGLEC1:Q9BZZ2:OID20690:v1,SIGLEC1,SIGLEC1,Q9BZZ2,1,Low tissue specificity,Detected in many,,,0.0,Tissue enriched,Detected in many,,lymphoid tissue,197552437.1,Intracellular and membrane,"CD markers, Predicted intracellular proteins, Predicted membrane proteins",0.5525,1.0,1.0
SIGLEC10:Q96LC7:OID20537:v1,SIGLEC10,SIGLEC10,Q96LC7,1,Tissue enhanced,Detected in all,,lymphoid tissue,45.5,Tissue enriched,Detected in single,13187,lymphoid tissue,1318724.2,Intracellular and membrane,"Predicted intracellular proteins, Predicted membrane proteins",0.7761474479913114,1.0,1.0
SIRPB1:O00241:OID20739:v1,SIRPB1,SIRPB1,O00241,1,Tissue enhanced,Detected in many,,bone marrow,49.3,Tissue enriched,Detected in some,,bone marrow,92325.5,,"CD markers, Plasma proteins, Predicted intracellular proteins, Predicted membrane proteins, Transporters",0.7784214544373809,1.0,1.0
SIT1:Q9Y3P8:OID20462:v1,SIT1,SIT1,Q9Y3P8,1,Tissue enriched,Detected in some,7,lymphoid tissue,87.5,Tissue enriched,Detected in some,,lymphoid tissue,13089597.9,,Predicted membrane proteins,0.7577000073848724,1.0,1.0
SKAP2:O75563:OID20761:v1,SKAP2,SKAP2,O75563,1,Low tissue specificity,Detected in all,,,0.0,Group enriched,Detected in many,,bone marrow,9679174.7,,Predicted intracellular proteins,0.5025,0.9324999999999999,0.9324999999999999
SLAMF1:Q13291:OID20496:v1,SLAMF1,SLAMF1,Q13291,1,Tissue enriched,Detected in some,8,lymphoid tissue,59.1,Tissue enriched,Detected in single,11286,lymphoid tissue,1128630.2,Secreted to blood,"CD markers, Predicted membrane proteins, Predicted secreted proteins",0.7666323987123148,1.0,1.0
SLAMF7:Q9NQ25:OID20602:v1,SLAMF7,SLAMF7,Q9NQ25,1,Tissue enhanced,Detected in many,,lymphoid tissue,58.0,Tissue enriched,Detected in single,8921,lymphoid tissue,892116.6,,"CD markers, FDA approved drug targets, Predicted intracellular proteins, Predicted membrane proteins",0.7830397213145804,1.0,1.0
SLC39A5:Q6ZMH5:OID20539:v1,SLC39A5,SLC39A5,Q6ZMH5,1,Group enriched,Detected in some,32,pancreas,291.7,Tissue enriched,Detected in some,,liver,2545347.6,,"Disease related genes, Human disease related genes, Metabolic proteins, Potential drug targets, Predicted intracellular proteins, Predicted membrane proteins, Transporters",0.812071390039037,1.0,1.0
SMOC2:Q9H3U7:OID20730:v1,SMOC2,SMOC2,Q9H3U7,1,Tissue enhanced,Detected in many,,blood vessel,407.9,Group enriched,Detected in some,,blood vessel,7493313.4,Secreted to extracellular matrix,"Disease related genes, Human disease related genes, Predicted intracellular proteins, Predicted secreted proteins",0.8390826189221507,0.9324999999999999,0.9324999999999999
SMPDL3A:Q92484:OID20676:v1,SMPDL3A,SMPDL3A,Q92484,1,Low tissue specificity,Detected in all,,,0.0,Tissue enriched,Detected in many,,blood vessel,10974254.4,Secreted to blood,"Predicted intracellular proteins, Predicted secreted proteins",0.5025,1.0,1.0
SPINK4:O60575:OID20509:v1,SPINK4,SPINK4,O60575,1,Tissue enriched,Detected in some,11,intestine,914.5,Not detected,Not detected,,,0.0,Secreted to digestive system,"Predicted intracellular proteins, Predicted secreted proteins",0.8358648630063114,0.35,0.8358648630063114
SPINT2:O43291:OID20720:v1,SPINT2,SPINT2,O43291,1,Low tissue specificity,Detected in many,,,0.0,Tissue enhanced,Detected in many,,salivary gland,2696295.8,,"Cancer-related genes, Disease related genes, Human disease related genes, Plasma proteins, Potential drug targets, Predicted intracellular proteins, Predicted membrane proteins, Transporters",0.5525,0.865,0.865
SPON1:Q9HCB6:OID20759:v1,SPON1,SPON1,Q9HCB6,1,Low tissue specificity,Detected in many,,,0.0,Tissue enhanced,Detected in many,,blood vessel,49773518.4,Secreted to blood,"Essential proteins, Plasma proteins, Predicted secreted proteins",0.5525,0.865,0.865
SPRY2:O43597:OID20475:v1,SPRY2,SPRY2,O43597,1,Low tissue specificity,Detected in all,,,0.0,Tissue enriched,Detected in single,256,cerebral cortex,25607.8,,"Disease related genes, Plasma proteins, Predicted membrane proteins",0.5025,1.0,1.0
SRPK2:P78362:OID20502:v1,SRPK2,SRPK2,P78362,1,Tissue enhanced,Detected in all,,testis,87.6,Tissue enhanced,Detected in many,,cerebral cortex,4862907.9,,"Enzymes, Predicted intracellular proteins",0.7948101322408058,0.865,0.865
STX8:Q9UNK0:OID20531:v1,STX8,STX8,Q9UNK0,1,Low tissue specificity,Detected in all,,,0.0,Low tissue specificity,Detected in all,,,0.0,,"Predicted intracellular proteins, Predicted membrane proteins",0.5025,0.5025,0.5025
SULT2A1:Q06520:OID20508:v1,SULT2A1,SULT2A1,Q06520,1,Tissue enriched,Detected in some,4,liver,1005.4,Tissue enriched,Detected in many,,liver,327949791.7,,"Enzymes, Metabolic proteins, Predicted intracellular proteins",0.7720560259036267,1.0,1.0
TANK:Q92844:OID20474:v1,TANK,TANK,Q92844,1,Low tissue specificity,Detected in all,,,0.0,Tissue enriched,Detected in some,,bone marrow,6290038.3,,Predicted intracellular proteins,0.5025,1.0,1.0
TBC1D5:Q92609:OID20521:v1,TBC1D5,TBC1D5,Q92609,1,Low tissue specificity,Detected in all,,,0.0,Tissue enhanced,Detected in many,,bone marrow,40137361.9,,"Predicted intracellular proteins, Predicted membrane proteins, Transporters",0.5025,0.865,0.865
TFF2:Q03403:OID20787:v1,TFF2,TFF2,Q03403,1,Tissue enriched,Detected in some,5,stomach 1,6462.6,Not detected,Not detected,,,0.0,Secreted to digestive system,"Cancer-related genes, Predicted secreted proteins",0.7858828684844481,0.35,0.7858828684844481
TGFA:P01135:OID20600:v1,TGFA,TGFA,P01135,1,Tissue enhanced,Detected in many,,brain,24.5,Not detected,Not detected,,,0.0,Secreted to blood,"Cancer-related genes, Human disease related genes, Plasma proteins, Predicted membrane proteins, Predicted secreted proteins, RAS pathway related proteins",0.7587557796047696,0.35,0.7587557796047696
TGFB1:P01137:OID20621:v1,TGFB1,TGFB1,P01137,1,Low tissue specificity,Detected in many,,,0.0,,,,,0.0,Secreted to blood,"Human disease related genes, Predicted secreted proteins",0.5525,0.4475,0.5525
TIMP3:P35625:OID20684:v1,TIMP3,TIMP3,P35625,1,Low tissue specificity,Detected in all,,,0.0,Group enriched,Detected in many,,blood vessel,6173280.8,Secreted to extracellular matrix,"Cancer-related genes, Disease related genes, Human disease related genes, Predicted secreted proteins",0.5025,0.9324999999999999,0.9324999999999999
TLR3:O15455:OID20612:v1,TLR3,TLR3,O15455,1,Low tissue specificity,Detected in many,,,0.0,Low tissue specificity,Detected in many,,,0.0,,"CD markers, Disease related genes, Human disease related genes, Potential drug targets, Predicted intracellular proteins, Predicted membrane proteins, Transporters",0.5525,0.5525,0.5525
TNF:P01375:OID20473:v1,TNF,TNF,P01375,1,Tissue enhanced,Detected in some,,bone marrow,19.9,Not detected,Not detected,,,0.0,Secreted to blood,"Cancer-related genes, Candidate cardiovascular disease genes, Disease related genes, FDA approved drug targets, Human disease related genes, Plasma proteins, Predicted intracellular proteins, Predicted secreted proteins",0.8150000000000001,0.35,0.8150000000000001
TNFAIP8:O95379:OID20433:v1,TNFAIP8,TNFAIP8,O95379,1,Tissue enhanced,Detected in all,,lymphoid tissue,110.1,Tissue enhanced,Detected in many,,lymphoid tissue,2655914.6,,Predicted intracellular proteins,0.8013612068197469,0.865,0.865
TNFRSF11A:Q9Y6Q6:OID20646:v1,TNFRSF11A,TNFRSF11A,Q9Y6Q6,1,Tissue enhanced,Detected in many,,intestine,28.5,Not detected,Not detected,,,0.0,Intracellular and membrane,"CD markers, Disease related genes, Human disease related genes, Predicted intracellular proteins, Predicted membrane proteins",0.762973958302258,0.35,0.762973958302258
TNFRSF11B:O00300:OID20735:v1,TNFRSF11B,TNFRSF11B,O00300,1,Group enriched,Detected in many,5,blood vessel,192.4,Not detected,Not detected,,,0.0,Secreted in other tissues,"Cancer-related genes, Candidate cardiovascular disease genes, Disease related genes, Human disease related genes, Plasma proteins, Predicted secreted proteins",0.6707912474525906,0.35,0.6707912474525906
TNFRSF13B:O14836:OID20702:v1,TNFRSF13B,TNFRSF13B,O14836,1,Group enriched,Detected in some,7,skeletal muscle,58.7,Not detected,Not detected,,,0.0,,"CD markers, Disease related genes, Human disease related genes, Predicted intracellular proteins, Predicted membrane proteins",0.6902000073848723,0.35,0.6902000073848723
TNFRSF13C:Q96RJ3:OID20480:v1,TNFRSF13C,TNFRSF13C,Q96RJ3,1,Group enriched,Detected in some,8,lymphoid tissue,55.6,Tissue enriched,Detected in single,38653,lymphoid tissue,3865278.8,,"CD markers, Disease related genes, Human disease related genes, Predicted membrane proteins",0.6991323987123147,1.0,1.0
TNFRSF14:Q92956:OID20783:v1,TNFRSF14,TNFRSF14,Q92956,1,Low tissue specificity,Detected in many,,,0.0,Not detected,Not detected,,,0.0,,"Cancer-related genes, CD markers, Human disease related genes, Predicted intracellular proteins, Predicted membrane proteins",0.5525,0.35,0.5525
TNFRSF4:P43489:OID20653:v1,TNFRSF4,TNFRSF4,P43489,1,Tissue enhanced,Detected in many,,lymphoid tissue,12.7,Not detected,Not detected,,,0.0,,"Cancer-related genes, CD markers, Disease related genes, Human disease related genes, Predicted intracellular proteins, Predicted membrane proteins",0.755,0.35,0.755
TNFSF10:P50591:OID20611:v1,TNFSF10,TNFSF10,P50591,1,Low tissue specificity,Detected in all,,,0.0,Tissue enriched,Detected in some,,salivary gland,102980.7,Secreted to blood,"Cancer-related genes, CD markers, Predicted intracellular proteins, Predicted membrane proteins, Predicted secreted proteins, Transporters",0.5025,1.0,1.0
TNFSF11:O14788:OID20592:v1,TNFSF11,TNFSF11,O14788,1,Tissue enhanced,Detected in some,,lymphoid tissue,11.5,Tissue enriched,Detected in single,4790,lymphoid tissue,479024.9,Secreted to blood,"Cancer-related genes, CD markers, Disease related genes, FDA approved drug targets, Human disease related genes, Predicted intracellular proteins, Predicted membrane proteins, Predicted secreted proteins",0.8150000000000001,1.0,1.0
TNFSF12:O43508:OID20624:v1,TNFSF12,TNFSF12,O43508,1,Low tissue specificity,Detected in many,,,0.0,Tissue enriched,Detected in single,4161,blood vessel,416065.5,Secreted to blood,"Predicted intracellular proteins, Predicted secreted proteins",0.5525,1.0,1.0
TNFSF13:O75888:OID20733:v1,TNFSF13,TNFSF13,O75888,1,Tissue enhanced,Detected in all,,choroid plexus,169.6,Group enriched,Detected in many,,blood vessel,104262542.9,Secreted to blood,"Cancer-related genes, CD markers, Plasma proteins, Predicted intracellular proteins, Predicted secreted proteins",0.8137770748628881,0.9324999999999999,0.9324999999999999
TPP1:O14773:OID20750:v1,TPP1,TPP1,O14773,1,Low tissue specificity,Detected in all,,,0.0,Low tissue specificity,Detected in all,,,0.0,Intracellular and membrane,"Disease related genes, Enzymes, Human disease related genes, Metabolic proteins, Plasma proteins, Potential drug targets, Predicted intracellular proteins",0.5025,0.5025,0.5025
TPSAB1:Q15661:OID20642:v1,TPSAB1,TPSAB1,Q15661,1,Low tissue specificity,Detected in many,,,0.0,Not detected,Not detected,,,0.0,Secreted to blood,"Disease related genes, Enzymes, Metabolic proteins, Potential drug targets, Predicted secreted proteins",0.5525,0.35,0.5525
TRAF2:Q12933:OID20507:v1,TRAF2,TRAF2,Q12933,1,Low tissue specificity,Detected in all,,,0.0,Group enriched,Detected in many,,lung,9341769.6,,"Cancer-related genes, Enzymes, Plasma proteins, Predicted intracellular proteins",0.5025,0.9324999999999999,0.9324999999999999
TREM2:Q9NZC2:OID20731:v1,TREM2,TREM2,Q9NZC2,1,Tissue enhanced,Detected in many,,brain,58.6,Not detected,Not detected,,,0.0,Secreted in brain,"Disease related genes, Human disease related genes, Potential drug targets, Predicted membrane proteins, Predicted secreted proteins, Transporters",0.7833326288062714,0.35,0.7833326288062714
TRIM21:P19474:OID20533:v1,TRIM21,TRIM21,P19474,1,Low tissue specificity,Detected in all,,,0.0,Low tissue specificity,Detected in many,,,0.0,,"Enzymes, Plasma proteins, Predicted intracellular proteins",0.5025,0.5525,0.5525
TRIM5:Q9C035:OID20526:v1,TRIM5,TRIM5,Q9C035,1,Low tissue specificity,Detected in all,,,0.0,Group enriched,Detected in some,3960,lymphoid tissue,508452.8,,"Enzymes, Metabolic proteins, Predicted intracellular proteins",0.5025,0.9324999999999999,0.9324999999999999
VASH1:Q7L8A9:OID20516:v1,VASH1,VASH1,Q7L8A9,1,Tissue enhanced,Detected in all,,retina,62.8,Tissue enriched,Detected in some,,cerebral cortex,37211.1,Secreted to blood,"Enzymes, Predicted intracellular proteins, Predicted secreted proteins",0.785303971499844,1.0,1.0
VEGFA:P15692:OID20650:v1,VEGFA,VEGFA,P15692,1,Low tissue specificity,Detected in all,,,0.0,Group enriched,Detected in many,,kidney,236760.9,Secreted to blood,"Cancer-related genes, Candidate cardiovascular disease genes, Disease related genes, FDA approved drug targets, Human disease related genes, Plasma proteins, Predicted intracellular proteins, Predicted membrane proteins, Predicted secreted proteins, RAS pathway related proteins",0.5025,0.9324999999999999,0.9324999999999999
VEGFD:O43915:OID20662:v1,VEGFD,VEGFD,O43915,1,Tissue enhanced,Detected in many,,lung,40.1,Not detected,Not detected,,,0.0,Secreted to blood,"Cancer-related genes, Plasma proteins, Predicted secreted proteins, RAS pathway related proteins",0.7725738896574503,0.35,0.7725738896574503
WAS:P42768:OID20479:v1,WAS,WAS,P42768,1,Tissue enhanced,Detected in many,,lymphoid tissue,79.9,Tissue enriched,Detected in many,,lymphoid tissue,184502246.5,,"Cancer-related genes, Disease related genes, Human disease related genes, Predicted intracellular proteins",0.7921781663815225,1.0,1.0
WFIKKN2:Q8TEU8:OID20785:v1,WFIKKN2,WFIKKN2,Q8TEU8,1,Tissue enriched,Detected in some,8,choroid plexus,1103.3,Tissue enhanced,Detected in some,,pancreas,31921.5,Secreted in other tissues,"Predicted intracellular proteins, Predicted secreted proteins",0.8166323987123147,0.865,0.865
WNT9A:O14904:OID20460:v1,WNT9A,WNT9A,O14904,1,Tissue enhanced,Detected in many,,skeletal muscle,25.2,Group enriched,Detected in some,40068,heart muscle,6126571.0,Secreted to extracellular matrix,"Plasma proteins, Predicted secreted proteins",0.7595397402306048,0.9324999999999999,0.9324999999999999
YTHDF3:Q7Z739:OID20478:v1,YTHDF3,YTHDF3,Q7Z739,1,Low tissue specificity,Detected in all,,,0.0,Tissue enhanced,Detected in many,,lymphoid tissue,18164201.8,,Predicted intracellular proteins,0.5025,0.865,0.865
A1BG:P04217:OID30771:v1,A1BG,A1BG,P04217,1,Tissue enriched,Detected in single,736,liver,565.1,Low tissue specificity,Detected in all,,,0.0,Secreted to blood,"Plasma proteins, Predicted intracellular proteins, Predicted secreted proteins",1.0,0.5025,1.0
ABO:P16442:OID30675:v1,ABO,ABO,P16442,1,Tissue enhanced,Detected in many,,ovary,14.1,,,,,0.0,Secreted to blood,"Metabolic proteins, Predicted intracellular proteins, Predicted membrane proteins, Predicted secreted proteins",0.755,0.4475,0.755
ACE:P12821:OID30696:v1,ACE,ACE,P12821,1,Tissue enhanced,Detected in many,,intestine,249.7,Tissue enhanced,Detected in many,,intestine,332703328.4,Secreted to blood,"Candidate cardiovascular disease genes, CD markers, Disease related genes, Enzymes, FDA approved drug targets, Human disease related genes, Metabolic proteins, Plasma proteins, Predicted intracellular proteins, Predicted membrane proteins, Predicted secreted proteins",0.8249204829705014,0.865,0.865
ACHE:P22303:OID30585:v1,ACHE,ACHE,P22303,1,Group enriched,Detected in many,9,skeletal muscle,152.9,Tissue enhanced,Detected in many,,lymphoid tissue,3178679.8,Intracellular and membrane,"Blood group antigen proteins, Enzymes, FDA approved drug targets, Metabolic proteins, Predicted intracellular proteins, Predicted membrane proteins",0.7029175076057693,0.865,0.865
ACP1:P24666:OID30524:v1,ACP1,ACP1,P24666,1,Low tissue specificity,Detected in all,,,0.0,Low tissue specificity,Detected in all,,,0.0,,"Enzymes, Plasma proteins, Predicted intracellular proteins",0.5025,0.5025,0.5025
ACRV1:P26436:OID30513:v1,ACRV1,ACRV1,P26436,1,Tissue enriched,Detected in some,33,testis,110.6,Not detected,Not detected,,,0.0,Secreted in male reproductive system,Predicted secreted proteins,0.8674309758784807,0.35,0.8674309758784807
ACYP1:P07311:OID30642:v1,ACYP1,ACYP1,P07311,1,Low tissue specificity,Detected in all,,,0.0,Low tissue specificity,Detected in all,,,0.0,,"Enzymes, Metabolic proteins, Predicted intracellular proteins",0.5025,0.5025,0.5025
ADAM12:O43184:OID30491:v1,ADAM12,ADAM12,O43184,1,Tissue enriched,Detected in some,10,placenta,126.8,Not detected,Not detected,,,0.0,Secreted in female reproductive system,"Predicted membrane proteins, Predicted secreted proteins, Transporters",0.7818507972688543,0.35,0.7818507972688543
ADAMTS1:Q9UHI8:OID30528:v1,ADAMTS1,ADAMTS1,Q9UHI8,1,Tissue enhanced,Detected in all,,ovary,367.9,Group enriched,Detected in some,,intestine,2097795.7,Secreted to extracellular matrix,"Cancer-related genes, Plasma proteins, Predicted intracellular proteins, Predicted secreted proteins, Transporters",0.8361024864364478,0.9324999999999999,0.9324999999999999
ADAMTS4:O75173:OID30471:v1,ADAMTS4,ADAMTS4,O75173,1,Tissue enhanced,Detected in many,,adipose tissue,108.5,Tissue enriched,Detected in single,2974,lymphoid tissue,297446.8,Secreted to extracellular matrix,"Cancer-related genes, Enzymes, Predicted intracellular proteins, Predicted secreted proteins, Transporters",0.8009412715969058,1.0,1.0
ADD1:P35611:OID30655:v1,ADD1,ADD1,P35611,1,Low tissue specificity,Detected in all,,,0.0,Tissue enriched,Detected in all,,cerebral cortex,272875759.5,,"Plasma proteins, Predicted intracellular proteins",0.5025,1.0,1.0
ADGRD1:Q6QNK2:OID30588:v1,ADGRD1,ADGRD1,Q6QNK2,1,Tissue enhanced,Detected in many,,heart muscle,54.6,Not detected,Not detected,,,0.0,,"G-protein coupled receptors, Predicted intracellular proteins, Predicted membrane proteins",0.7813214885926176,0.35,0.7813214885926176
ADH1B:P00325:OID30612:v1,ADH1B,ADH1B,P00325,1,Tissue enhanced,Detected in many,,liver,5476.4,Tissue enriched,Detected in all,,liver,4942934337.1,,"Enzymes, FDA approved drug targets, Human disease related genes, Metabolic proteins, Plasma proteins, Predicted intracellular proteins",0.865,1.0,1.0
ADIPOQ:Q15848:OID30748:v1,ADIPOQ,ADIPOQ,Q15848,1,Group enriched,Detected in many,11,adipose tissue,843.2,Tissue enriched,Detected in many,,heart muscle,69797991.9,Secreted to blood,"Candidate cardiovascular disease genes, Disease related genes, Human disease related genes, Plasma proteins, Potential drug targets, Predicted secreted proteins, Transporters",0.7660176692396743,1.0,1.0
AFAP1:Q8N556:OID30569:v1,AFAP1,AFAP1,Q8N556,1,Low tissue specificity,Detected in many,,,0.0,Group enriched,Detected in many,,intestine,6510129.0,,Predicted intracellular proteins,0.5525,0.9324999999999999,0.9324999999999999
AFM:P43652:OID30741:v1,AFM,AFM,P43652,1,Tissue enriched,Detected in some,12,liver,898.8,Low tissue specificity,Detected in all,,,0.0,Secreted to blood,"Plasma proteins, Predicted secreted proteins",0.8414343641540574,0.5025,0.8414343641540574
AGT:P01019:OID30709:v1,AGT,AGT,P01019,1,Tissue enriched,Detected in many,6,liver,1554.9,Low tissue specificity,Detected in all,,,0.0,Secreted to blood,"Candidate cardiovascular disease genes, Disease related genes, Human disease related genes, Plasma proteins, Predicted membrane proteins, Predicted secreted proteins",0.7975732973134806,0.5025,0.7975732973134806
AHSG:P02765:OID30706:v1,AHSG,AHSG,P02765,1,Tissue enriched,Detected in some,4319,liver,5439.8,Low tissue specificity,Detected in all,,,0.0,Secreted to blood,"Cancer-related genes, Disease related genes, Human disease related genes, Plasma proteins, Predicted secreted proteins",1.0,0.5025,1.0
AKR7L:Q8NHP1:OID30488:v1,AKR7L,AKR7L,Q8NHP1,1,Group enriched,Detected in some,5,intestine,58.4,,,,,0.0,,Predicted intracellular proteins,0.6683828684844482,0.4475,0.6683828684844482
ALPI:P09923:OID30497:v1,ALPI,ALPI,P09923,1,Tissue enriched,Detected in single,139,intestine,133.1,Tissue enriched,Detected in some,,intestine,113118023.3,Intracellular and membrane,"Enzymes, Metabolic proteins, Predicted intracellular proteins",1.0,1.0,1.0
AMOT:Q4VCS5:OID30572:v1,AMOT,AMOT,Q4VCS5,1,Tissue enhanced,Detected in many,,epididymis,137.7,Group enriched,Detected in some,21483,lymphoid tissue,2459739.5,,Predicted intracellular proteins,0.8077844375686372,0.9324999999999999,0.9324999999999999
AMY1A_AMY1B_AMY1C:P0DUB6_P0DTE7_P0DTE8:OID30707:v1,AMY1A_AMY1B_AMY1C,AMY1A;AMY1B;AMY1C,P0DUB6;P0DTE7;P0DTE8,0,,,,,0.0,,,,,0.0,,,0.4475,0.4475,0.4475
ANKMY2:Q8IV38:OID30518:v1,ANKMY2,ANKMY2,Q8IV38,1,Low tissue specificity,Detected in all,,,0.0,Tissue enhanced,Detected in many,,cerebral cortex,7992139.8,,Predicted intracellular proteins,0.5025,0.865,0.865
ANXA1:P04083:OID30617:v1,ANXA1,ANXA1,P04083,1,Tissue enhanced,Detected in all,,esophagus,7699.2,Low tissue specificity,Detected in all,,,0.0,Secreted to blood,"Cancer-related genes, FDA approved drug targets, Plasma proteins, Predicted intracellular proteins, Predicted secreted proteins, Transporters",0.865,0.5025,0.865
APCS:P02743:OID30778:v1,APCS,APCS,P02743,1,Tissue enriched,Detected in some,76,liver,3389.4,Group enriched,Detected in all,,skin,1709559259.9,Secreted to blood,"Disease related genes, Plasma proteins, Potential drug targets, Predicted secreted proteins, Transporters",0.9794240945823349,0.9324999999999999,0.9794240945823349
APOA1:P02647:OID30769:v1,APOA1,APOA1,P02647,1,Tissue enriched,Detected in many,5,liver,20151.0,Low tissue specificity,Detected in all,,,0.0,Secreted to blood,"Cancer-related genes, Candidate cardiovascular disease genes, Disease related genes, Human disease related genes, Plasma proteins, Predicted intracellular proteins, Predicted secreted proteins",0.7858828684844481,0.5025,0.7858828684844481
APOA2:P02652:OID30686:v1,APOA2,APOA2,P02652,1,Tissue enriched,Detected in many,1359,liver,33506.8,Low tissue specificity,Detected in all,,,0.0,Secreted to blood,"Cancer-related genes, Candidate cardiovascular disease genes, Human disease related genes, Plasma proteins, Predicted intracellular proteins, Predicted secreted proteins, Transporters",1.0,0.5025,1.0
APOA4:P06727:OID30733:v1,APOA4,APOA4,P06727,1,Tissue enriched,Detected in some,12,intestine,2929.9,Low tissue specificity,Detected in all,,,0.0,Secreted to blood,"Candidate cardiovascular disease genes, Plasma proteins, Predicted secreted proteins",0.8445197902927084,0.5025,0.8445197902927084
APOC1:P02654:OID30749:v1,APOC1,APOC1,P02654,1,Tissue enriched,Detected in all,9,liver,18659.9,Tissue enhanced,Detected in all,,bone marrow,229157853.0,Secreted to blood,"Cancer-related genes, Candidate cardiovascular disease genes, Metabolic proteins, Plasma proteins, Predicted secreted proteins",0.8246226950319173,0.865,0.865
APOD:P05090:OID30746:v1,APOD,APOD,P05090,1,Tissue enhanced,Detected in many,,breast,4727.6,Low tissue specificity,Detected in all,,,0.0,Secreted to blood,"Cancer-related genes, Candidate cardiovascular disease genes, Plasma proteins, Predicted secreted proteins",0.865,0.5025,0.865
APOE:P02649:OID30727:v1,APOE,APOE,P02649,1,Tissue enhanced,Detected in all,,liver,6533.9,Low tissue specificity,Detected in all,,,0.0,Secreted to blood,"Cancer-related genes, Candidate cardiovascular disease genes, Disease related genes, Human disease related genes, Metabolic proteins, Plasma proteins, Predicted secreted proteins",0.865,0.5025,0.865
APOF:Q13790:OID30701:v1,APOF,APOF,Q13790,1,Tissue enriched,Detected in some,343,liver,389.4,Tissue enhanced,Detected in many,,kidney,3123573.6,Secreted to blood,"Plasma proteins, Predicted secreted proteins",0.9727423260818179,0.865,0.9727423260818179
APOL1:O14791:OID30708:v1,APOL1,APOL1,O14791,1,Tissue enhanced,Detected in many,,liver,168.3,Tissue enhanced,Detected in many,,bone marrow,87548610.4,Secreted to blood,"Candidate cardiovascular disease genes, Disease related genes, Human disease related genes, Plasma proteins, Potential drug targets, Predicted membrane proteins, Predicted secreted proteins, Transporters",0.8135556356553078,0.865,0.865
APPL2:Q8NEU8:OID30590:v1,APPL2,APPL2,Q8NEU8,1,Low tissue specificity,Detected in all,,,0.0,Low tissue specificity,Detected in many,,,0.0,,"Disease related genes, Predicted intracellular proteins",0.5025,0.5525,0.5525
ARHGAP45:Q92619:OID30653:v1,ARHGAP45,ARHGAP45,Q92619,1,Group enriched,Detected in many,6,lymphoid tissue,100.9,Tissue enhanced,Detected in many,,lymphoid tissue,58480364.7,,"Plasma proteins, Predicted intracellular proteins",0.6639322078677499,0.865,0.865
ASGR2:P07307:OID30679:v1,ASGR2,ASGR2,P07307,1,Tissue enriched,Detected in some,34,liver,559.0,Tissue enriched,Detected in some,,liver,22176111.8,,"Plasma proteins, Predicted intracellular proteins, Predicted membrane proteins",0.9028153527075446,1.0,1.0
ATRN:O75882-2:OID30735:v1,ATRN,ATRN,O75882,1,Low tissue specificity,Detected in all,,,0.0,Low tissue specificity,Detected in many,,,0.0,Secreted to blood,"Plasma proteins, Predicted membrane proteins, Predicted secreted proteins",0.5025,0.5525,0.5525
B2M:P61769:OID30725:v1,B2M,B2M,P61769,1,Low tissue specificity,Detected in all,,,0.0,Low tissue specificity,Detected in all,,,0.0,Secreted to blood,"Cancer-related genes, Disease related genes, Human disease related genes, Plasma proteins, Potential drug targets, Predicted secreted proteins, Transporters",0.5025,0.5025,0.5025
BAG4:O95429:OID30474:v1,BAG4,BAG4,O95429,1,Low tissue specificity,Detected in all,,,0.0,Tissue enhanced,Detected in many,,bone marrow,306210.8,,Predicted intracellular proteins,0.5025,0.865,0.865
BCHE:P06276:OID30717:v1,BCHE,BCHE,P06276,1,Tissue enriched,Detected in many,12,liver,490.0,Tissue enhanced,Detected in many,,blood vessel,5527148.5,Secreted to blood,"Disease related genes, Enzymes, FDA approved drug targets, Human disease related genes, Metabolic proteins, Plasma proteins, Predicted intracellular proteins, Predicted secreted proteins",0.8238992682370305,0.865,0.865
BCL2L15:Q5TBC7:OID30498:v1,BCL2L15,BCL2L15,Q5TBC7,1,Tissue enhanced,Detected in some,,intestine,40.7,Group enriched,Detected in some,,bone marrow,8836451.2,,Predicted intracellular proteins,0.8150000000000001,0.9324999999999999,0.9324999999999999
BLNK:Q8WV28:OID30541:v1,BLNK,BLNK,Q8WV28,1,Tissue enhanced,Detected in many,,lymphoid tissue,52.9,Tissue enriched,Detected in single,34143,lymphoid tissue,3414268.5,,"Disease related genes, Human disease related genes, Predicted intracellular proteins",0.780422550235895,1.0,1.0
BMP10:O95393:OID30575:v1,BMP10,BMP10,O95393,1,Tissue enriched,Detected in some,118,heart muscle,727.2,Not detected,Not detected,,,0.0,Secreted to blood,Predicted secreted proteins,0.9907891058884732,0.35,0.9907891058884732
BMPER:Q8N8U9:OID30615:v1,BMPER,BMPER,Q8N8U9,1,Low tissue specificity,Detected in many,,,0.0,Tissue enriched,Detected in single,944,lymphoid tissue,94440.5,Secreted to extracellular matrix,"Disease related genes, Human disease related genes, Plasma proteins, Predicted intracellular proteins, Predicted secreted proteins",0.5525,1.0,1.0
BNIP3L:O60238:OID30525:v1,BNIP3L,BNIP3L,O60238,1,Low tissue specificity,Detected in all,,,0.0,Tissue enhanced,Detected in many,,cerebral cortex,4324671.7,,"Cancer-related genes, Predicted membrane proteins, Transporters",0.5025,0.865,0.865
BTD:P43251:OID30754:v1,BTD,BTD,P43251,1,Tissue enhanced,Detected in all,,liver,93.6,Low tissue specificity,Detected in all,,,0.0,Secreted to blood,"Disease related genes, Enzymes, Human disease related genes, Metabolic proteins, Plasma proteins, Potential drug targets, Predicted intracellular proteins, Predicted secreted proteins",0.796707018743218,0.5025,0.796707018743218
C1QL2:Q7Z5L3:OID30515:v1,C1QL2,C1QL2,Q7Z5L3,1,Tissue enriched,Detected in some,10,brain,26.2,Tissue enriched,Detected in single,46,cerebral cortex,4573.6,Secreted in brain,"Predicted secreted proteins, Transporters",0.7818507972688543,0.9419862343098311,0.9419862343098311
C1QTNF5:Q9BXJ0:OID30618:v1,C1QTNF5,C1QTNF5,Q9BXJ0,1,Tissue enriched,Detected in many,10,choroid plexus,554.7,Group enriched,Detected in many,,lymphoid tissue,2156291.0,Secreted to blood,"Disease related genes, Human disease related genes, Predicted secreted proteins",0.8148136836983628,0.9324999999999999,0.9324999999999999
C1QTNF9:P0C862:OID30620:v1,C1QTNF9,C1QTNF9,P0C862,1,Tissue enhanced,Detected in some,,skeletal muscle,7.9,Not detected,Not detected,,,0.0,Secreted to blood,"Predicted secreted proteins, Transporters",0.8150000000000001,0.35,0.8150000000000001
C1R:P00736:OID30753:v1,C1R,C1R,P00736,1,Tissue enhanced,Detected in all,,liver,1733.3,,,,,0.0,,"Human disease related genes, Predicted intracellular proteins",0.865,0.4475,0.865
C1RL:Q9NZP8:OID30721:v1,C1RL,C1RL,Q9NZP8,1,Tissue enhanced,Detected in all,,liver,134.2,Low tissue specificity,Detected in all,,,0.0,Secreted to blood,"Enzymes, Plasma proteins, Predicted intracellular proteins, Predicted secreted proteins",0.8070445599921904,0.5025,0.8070445599921904
C1S:P09871:OID30731:v1,C1S,C1S,P09871,1,Tissue enriched,Detected in all,4,liver,2663.1,Tissue enhanced,Detected in all,,blood vessel,97523829.3,Secreted to blood,"Disease related genes, Enzymes, FDA approved drug targets, Human disease related genes, Plasma proteins, Predicted intracellular proteins, Predicted secreted proteins",0.7720560259036267,0.865,0.865
C3:P01024:OID30776:v1,C3,C3,P01024,1,Tissue enriched,Detected in all,9,liver,5062.4,Low tissue specificity,Detected in all,,,0.0,Secreted to blood,"Candidate cardiovascular disease genes, Disease related genes, FDA approved drug targets, Human disease related genes, Plasma proteins, Predicted intracellular proteins, Predicted secreted proteins",0.8246226950319173,0.5025,0.8246226950319173
C5:P01031:OID30744:v1,C5,C5,P01031,1,Tissue enriched,Detected in many,30,liver,418.8,Tissue enhanced,Detected in all,,blood vessel,326660042.6,Secreted to blood,"Disease related genes, FDA approved drug targets, Human disease related genes, Plasma proteins, Predicted intracellular proteins, Predicted secreted proteins",0.885269795218366,0.865,0.885269795218366
C7:P10643:OID30766:v1,C7,C7,P10643,1,Tissue enhanced,Detected in many,,adrenal gland,861.4,Low tissue specificity,Detected in all,,,0.0,Secreted to blood,"Cancer-related genes, Disease related genes, Human disease related genes, Plasma proteins, Predicted secreted proteins",0.8606856022851846,0.5025,0.8606856022851846
C8B:P07358:OID30719:v1,C8B,C8B,P07358,1,Tissue enriched,Detected in some,126,liver,607.6,Tissue enhanced,Detected in many,,blood vessel,177837119.4,Secreted to blood,"Disease related genes, Human disease related genes, Plasma proteins, Predicted secreted proteins",0.9855952756250044,0.865,0.9855952756250044
C9:P02748:OID30698:v1,C9,C9,P02748,1,Tissue enriched,Detected in some,263,liver,1222.6,Tissue enriched,Detected in all,,blood vessel,542624984.9,Secreted to blood,"Disease related genes, Human disease related genes, Plasma proteins, Predicted intracellular proteins, Predicted secreted proteins",1.0,1.0,1.0
CACYBP:Q9HB71:OID30649:v1,CACYBP,CACYBP,Q9HB71,1,Low tissue specificity,Detected in all,,,0.0,Tissue enhanced,Detected in all,,cerebral cortex,48705225.9,,"Plasma proteins, Predicted intracellular proteins",0.5025,0.865,0.865
CAT:P04040:OID30712:v1,CAT,CAT,P04040,1,Tissue enhanced,Detected in all,,liver,1138.3,Low tissue specificity,Detected in all,,,0.0,,"Cancer-related genes, Disease related genes, Enzymes, FDA approved drug targets, Human disease related genes, Metabolic proteins, Plasma proteins, Predicted intracellular proteins",0.865,0.5025,0.865
CCNE1:P24864:OID30456:v1,CCNE1,CCNE1,P24864,1,Tissue enhanced,Detected in many,,bone marrow,33.7,Not detected,Not detected,,,0.0,,"Cancer-related genes, Human disease related genes, Predicted intracellular proteins",0.7676737755281672,0.35,0.7676737755281672
CD226:Q15762:OID30556:v1,CD226,CD226,Q15762,1,Group enriched,Detected in many,9,parathyroid gland,58.7,Group enriched,Detected in some,,lymphoid tissue,1008874.9,,"CD markers, Human disease related genes, Predicted intracellular proteins, Predicted membrane proteins",0.6755038549087159,0.9324999999999999,0.9324999999999999
CD300A:Q9UGN4:OID30576:v1,CD300A,CD300A,Q9UGN4,1,Tissue enriched,Detected in many,4,lymphoid tissue,94.5,Tissue enriched,Detected in some,,lymphoid tissue,1279397.8,Intracellular and membrane,"CD markers, Plasma proteins, Predicted intracellular proteins, Predicted membrane proteins",0.7040371539974095,1.0,1.0
CD36:P16671:OID30485:v1,CD36,CD36,P16671,1,Tissue enhanced,Detected in many,,adipose tissue,1439.4,Tissue enhanced,Detected in many,,heart muscle,49674963.6,,"Cancer-related genes, CD markers, Disease related genes, Human disease related genes, Metabolic proteins, Plasma proteins, Potential drug targets, Predicted intracellular proteins, Predicted membrane proteins, Transporters",0.865,0.865,0.865
CD5L:O43866:OID30775:v1,CD5L,CD5L,O43866,1,Tissue enriched,Detected in some,6,lymphoid tissue,540.1,Low tissue specificity,Detected in all,,,0.0,Secreted to blood,"Plasma proteins, Predicted secreted proteins",0.77976543774063,0.5025,0.77976543774063
CD7:P09564:OID30543:v1,CD7,CD7,P09564,1,Tissue enhanced,Detected in many,,lymphoid tissue,51.1,Tissue enriched,Detected in some,,lymphoid tissue,1401130.9,,"CD markers, Predicted intracellular proteins, Predicted membrane proteins",0.7794392897138304,1.0,1.0
CD72:P21854:OID30641:v1,CD72,CD72,P21854,1,Tissue enriched,Detected in many,6,lymphoid tissue,60.4,Tissue enriched,Detected in some,,lymphoid tissue,2539064.1,,"CD markers, Predicted intracellular proteins, Predicted membrane proteins",0.7167672755823462,1.0,1.0
CEBPA:P49715:OID30458:v1,CEBPA,CEBPA,P49715,1,Group enriched,Detected in many,5,liver,198.2,Group enriched,Detected in some,17968,bone marrow,2798006.7,,"Cancer-related genes, Disease related genes, Human disease related genes, Predicted intracellular proteins, Transcription factors",0.6716466479719365,0.9324999999999999,0.9324999999999999
CELSR2:Q9HCU4:OID30593:v1,CELSR2,CELSR2,Q9HCU4,1,Tissue enhanced,Detected in many,,brain,24.4,Tissue enhanced,Detected in some,,kidney,10477659.0,,"Essential proteins, G-protein coupled receptors, Predicted membrane proteins",0.758642031808954,0.865,0.865
CEMIP2:Q9UHN6:OID30499:v1,CEMIP2,CEMIP2,Q9UHN6,1,Tissue enhanced,Detected in all,,parathyroid gland,87.0,Tissue enhanced,Detected in many,,lung,7920669.5,,"Enzymes, Predicted intracellular proteins, Predicted membrane proteins",0.7946134240538782,0.865,0.865
CFB:P00751:OID30755:v1,CFB,CFB,P00751,1,Tissue enriched,Detected in many,19,liver,2370.8,Low tissue specificity,Detected in all,,,0.0,Secreted to blood,"Disease related genes, Enzymes, Human disease related genes, Plasma proteins, Potential drug targets, Predicted secreted proteins",0.877189364160208,0.5025,0.877189364160208
CFD:P00746:OID30738:v1,CFD,CFD,P00746,1,Tissue enhanced,Detected in all,,adipose tissue,1421.6,Group enriched,Detected in all,,skin,146406084.6,Secreted to blood,"Disease related genes, Enzymes, Human disease related genes, Plasma proteins, Potential drug targets, Predicted intracellular proteins, Predicted secreted proteins",0.865,0.9324999999999999,0.9324999999999999
CFH:P08603:OID30790:v1,CFH,CFH,P08603,1,Tissue enriched,Detected in all,5,liver,1585.8,Tissue enhanced,Detected in all,,blood vessel,239181087.9,Secreted to blood,"Cancer-related genes, Disease related genes, Human disease related genes, Plasma proteins, Predicted intracellular proteins, Predicted secreted proteins",0.7858828684844481,0.865,0.865
CFHR2:P36980:OID30720:v1,CFHR2,CFHR2,P36980,1,Tissue enriched,Detected in single,2834,liver,1262.2,Not detected,Not detected,,,0.0,Secreted to blood,"Plasma proteins, Predicted intracellular proteins, Predicted secreted proteins",1.0,0.35,1.0
CFHR4:Q92496:OID30758:v1,CFHR4,CFHR4,Q92496,1,Tissue enriched,Detected in single,536,liver,95.0,Group enriched,Detected in many,,Stomach,566091.3,Secreted to blood,"Plasma proteins, Predicted secreted proteins",1.0,0.9324999999999999,1.0
CFHR5:Q9BXR6:OID30716:v1,CFHR5,CFHR5,Q9BXR6,1,Tissue enriched,Detected in single,1562,liver,156.2,Group enriched,Detected in some,13531,liver,1634344.8,Secreted to blood,"Disease related genes, Human disease related genes, Plasma proteins, Predicted intracellular proteins, Predicted secreted proteins",1.0,0.9324999999999999,1.0
CFI:P05156:OID30772:v1,CFI,CFI,P05156,1,Tissue enriched,Detected in many,5,liver,917.6,Low tissue specificity,Detected in all,,,0.0,Secreted to blood,"Disease related genes, Enzymes, Human disease related genes, Plasma proteins, Potential drug targets, Predicted secreted proteins",0.7833960525482183,0.5025,0.7833960525482183
CFP:P27918:OID30784:v1,CFP,CFP,P27918,1,Group enriched,Detected in many,6,bone marrow,79.3,Tissue enriched,Detected in some,,bone marrow,439969.3,Secreted to blood,"Disease related genes, Human disease related genes, Plasma proteins, Predicted intracellular proteins, Predicted secreted proteins",0.6570359631207456,1.0,1.0
CGB3_CGB5_CGB8:P0DN86:OID30671:v1,CGB3_CGB5_CGB8,CGB5;CGB8;CGB3,P0DN86;P0DN86;P0DN86,0,,,,,0.0,,,,,0.0,,,0.4475,0.4475,0.4475
CHAD:O15335:OID30660:v1,CHAD,CHAD,O15335,1,Tissue enhanced,Detected in many,,liver,36.8,Tissue enhanced,Detected in many,,skin,23563788.4,Secreted to extracellular matrix,"Plasma proteins, Predicted intracellular proteins, Predicted secreted proteins",0.7701509054424875,0.865,0.865
CLEC12A:Q5QGZ9:OID30552:v1,CLEC12A,CLEC12A,Q5QGZ9,1,Tissue enhanced,Detected in many,,bone marrow,75.3,Group enriched,Detected in some,5566,bone marrow,846055.8,,"CD markers, Predicted intracellular proteins, Predicted membrane proteins, Transporters",0.7904834793461885,0.9324999999999999,0.9324999999999999
CLEC3B:P05452:OID30756:v1,CLEC3B,CLEC3B,P05452,1,Tissue enhanced,Detected in many,,adipose tissue,460.6,Group enriched,Detected in all,,skin,225742455.2,Secreted to blood,"Cancer-related genes, Disease related genes, Plasma proteins, Predicted intracellular proteins, Predicted secreted proteins",0.8425920237771689,0.9324999999999999,0.9324999999999999
CLU:P10909:OID30732:v1,CLU,CLU,P10909,1,Tissue enhanced,Detected in all,,liver,9103.3,Tissue enhanced,Detected in all,,blood vessel,1123558748.7,Secreted to blood,"Cancer-related genes, Candidate cardiovascular disease genes, Plasma proteins, Predicted intracellular proteins, Predicted secreted proteins",0.865,0.865,0.865
COL5A1:P20908:OID30587:v1,COL5A1,COL5A1,P20908,1,Tissue enhanced,Detected in many,,cervix,144.7,Tissue enhanced,Detected in many,,skin,190170479.0,Secreted to extracellular matrix,"Cancer-related genes, Disease related genes, Human disease related genes, Plasma proteins, Predicted secreted proteins",0.8092097707134113,0.865,0.865
CPA4:Q9UI42:OID30606:v1,CPA4,CPA4,Q9UI42,1,Tissue enhanced,Detected in many,,skin 1,53.9,Tissue enhanced,Detected in all,,intestine,344455114.8,Secreted in other tissues,"Enzymes, Plasma proteins, Predicted intracellular proteins, Predicted secreted proteins",0.7809547118536606,0.865,0.865
CPB2:Q96IY4:OID30734:v1,CPB2,CPB2,Q96IY4,1,Tissue enriched,Detected in some,84,liver,1387.2,Group enriched,Detected in many,,intestine,109546003.2,Secreted to blood,"Enzymes, FDA approved drug targets, Plasma proteins, Predicted secreted proteins",0.9869203326538165,0.9324999999999999,0.9869203326538165
CPOX:P36551:OID30495:v1,CPOX,CPOX,P36551,1,Low tissue specificity,Detected in all,,,0.0,Tissue enhanced,Detected in all,,bone marrow,21390587.3,,"Disease related genes, Enzymes, Human disease related genes, Metabolic proteins, Potential drug targets, Predicted membrane proteins",0.5025,0.865,0.865
CR1:P17927:OID30697:v1,CR1,CR1,P17927,1,Tissue enhanced,Detected in many,,lymphoid tissue,25.7,Tissue enriched,Detected in many,,lymphoid tissue,37638200.3,,"Blood group antigen proteins, CD markers, Plasma proteins, Predicted membrane proteins",0.7600869923836484,1.0,1.0
CRELD1:Q96HD1:OID30619:v1,CRELD1,CRELD1,Q96HD1,1,Low tissue specificity,Detected in all,,,0.0,Group enriched,Detected in many,,cerebral cortex,8789271.1,Intracellular and membrane,"Disease related genes, Enzymes, Human disease related genes, Potential drug targets, Predicted intracellular proteins, Predicted membrane proteins",0.5025,0.9324999999999999,0.9324999999999999
CRISP3:P54108:OID30715:v1,CRISP3,CRISP3,P54108,1,Group enriched,Detected in many,5,salivary gland,2263.8,Group enriched,Detected in all,,salivary gland,32453210.7,Secreted in other tissues,"Metabolic proteins, Plasma proteins, Predicted intracellular proteins, Predicted secreted proteins",0.7183828684844482,0.9324999999999999,0.9324999999999999
CSF1R:P07333:OID30681:v1,CSF1R,CSF1R,P07333,1,Tissue enhanced,Detected in all,,lymphoid tissue,106.8,Tissue enriched,Detected in many,,intestine,2554923.5,Intracellular and membrane,"Cancer-related genes, CD markers, Disease related genes, Enzymes, FDA approved drug targets, Human disease related genes, Plasma proteins, Predicted intracellular proteins, Predicted membrane proteins, RAS pathway related proteins, Transporters",0.8004883132482175,1.0,1.0
CSF2RB:P32927:OID30553:v1,CSF2RB,CSF2RB,P32927,1,Tissue enhanced,Detected in many,,lymphoid tissue,61.8,Tissue enriched,Detected in single,100,lymphoid tissue,10019.3,,"CD markers, Disease related genes, FDA approved drug targets, Human disease related genes, Plasma proteins, Predicted intracellular proteins, Predicted membrane proteins",0.7848466353406887,1.0,1.0
CSF3R:Q99062:OID30527:v1,CSF3R,CSF3R,Q99062,1,Tissue enhanced,Detected in many,,lymphoid tissue,375.3,Tissue enriched,Detected in single,27089,liver,2708934.0,Intracellular and membrane,"Cancer-related genes, CD markers, Disease related genes, FDA approved drug targets, Human disease related genes, Predicted intracellular proteins, Predicted membrane proteins",0.8366774407844072,1.0,1.0
CSNK1D:P48730:OID30492:v1,CSNK1D,CSNK1D,P48730,1,Low tissue specificity,Detected in all,,,0.0,Tissue enhanced,Detected in many,,ovary,5385547.9,,"Disease related genes, Enzymes, Human disease related genes, Plasma proteins, Potential drug targets, Predicted intracellular proteins",0.5025,0.865,0.865
CST1:P01037:OID30581:v1,CST1,CST1,P01037,1,Tissue enriched,Detected in some,119,salivary gland,26681.9,Tissue enriched,Detected in many,,salivary gland,219727662.4,Secreted to digestive system,"Plasma proteins, Predicted secreted proteins",1.0,1.0,1.0
CTBS:Q01459:OID30710:v1,CTBS,CTBS,Q01459,1,Low tissue specificity,Detected in many,,,0.0,Tissue enhanced,Detected in all,,kidney,80046933.2,Intracellular and membrane,"Plasma proteins, Predicted intracellular proteins",0.5525,0.865,0.865
CTSE:P14091:OID30628:v1,CTSE,CTSE,P14091,1,Tissue enriched,Detected in many,5,stomach 1,1103.2,Group enriched,Detected in some,,Stomach,28406221.7,Intracellular and membrane,"Enzymes, Metabolic proteins, Predicted intracellular proteins",0.7858828684844481,0.9324999999999999,0.9324999999999999
DAAM1:Q9Y4D1:OID30664:v1,DAAM1,DAAM1,Q9Y4D1,1,Low tissue specificity,Detected in all,,,0.0,Tissue enhanced,Detected in many,,intestine,12435014.3,,"Plasma proteins, Predicted intracellular proteins",0.5025,0.865,0.865
DAPK2:Q9UIK4:OID30505:v1,DAPK2,DAPK2,Q9UIK4,1,Tissue enhanced,Detected in many,,skeletal muscle,45.4,Tissue enhanced,Detected in some,,intestine,2826345.8,,"Enzymes, Predicted intracellular proteins, Predicted membrane proteins",0.7760851255199003,0.865,0.865
DBH:P09172:OID30703:v1,DBH,DBH,P09172,1,Tissue enriched,Detected in some,7,adrenal gland,257.4,Tissue enhanced,Detected in many,,intestine,4223748.0,Intracellular and membrane,"Disease related genes, Enzymes, FDA approved drug targets, Human disease related genes, Metabolic proteins, Plasma proteins, Predicted intracellular proteins",0.7684962419983405,0.865,0.865
DBN1:Q16643:OID30549:v1,DBN1,DBN1,Q16643,1,Low tissue specificity,Detected in all,,,0.0,Tissue enhanced,Detected in all,,cerebral cortex,214805989.5,,"Disease related genes, Plasma proteins, Predicted intracellular proteins",0.5025,0.865,0.865
DCTD:P32321:OID30657:v1,DCTD,DCTD,P32321,1,Low tissue specificity,Detected in all,,,0.0,Low tissue specificity,Detected in many,,,0.0,,"Enzymes, Metabolic proteins, Predicted intracellular proteins",0.5025,0.5525,0.5525
DDI2:Q5TDH0:OID30602:v1,DDI2,DDI2,Q5TDH0,1,Low tissue specificity,Detected in all,,,0.0,Low tissue specificity,Detected in all,,,0.0,,"Plasma proteins, Predicted intracellular proteins",0.5025,0.5025,0.5025
DEFB103A_DEFB103B:P81534:OID30534:v1,DEFB103A_DEFB103B,DEFB103B;DEFB103A,P81534;P81534,0,,,,,0.0,,,,,0.0,,,0.4475,0.4475,0.4475
DENR:O43583:OID30493:v1,DENR,DENR,O43583,1,Low tissue specificity,Detected in all,,,0.0,Low tissue specificity,Detected in all,,,0.0,,"Essential proteins, Plasma proteins, Predicted intracellular proteins",0.5025,0.5025,0.5025
DGKA:P23743:OID30546:v1,DGKA,DGKA,P23743,1,Tissue enhanced,Detected in all,,lymphoid tissue,184.5,Tissue enriched,Detected in many,,lymphoid tissue,59202567.6,,"Enzymes, Metabolic proteins, Predicted intracellular proteins",0.8162010499398616,1.0,1.0
DIPK2B:Q9H7Y0:OID30582:v1,DIPK2B,DIPK2B,Q9H7Y0,1,Low tissue specificity,Detected in many,,,0.0,Not detected,Not detected,,,0.0,Secreted - unknown location,"Disease related genes, Predicted secreted proteins",0.5525,0.35,0.5525
DNAJB2:P25686:OID30661:v1,DNAJB2,DNAJB2,P25686,1,Tissue enhanced,Detected in all,,brain,284.8,Tissue enhanced,Detected in all,,cerebral cortex,31587806.7,,"Disease related genes, Human disease related genes, Predicted intracellular proteins",0.8287137934733966,0.865,0.865
DNAJB6:O75190:OID30613:v1,DNAJB6,DNAJB6,O75190,1,Low tissue specificity,Detected in all,,,0.0,Low tissue specificity,Detected in all,,,0.0,,"Disease related genes, Human disease related genes, Predicted intracellular proteins",0.5025,0.5025,0.5025
DTD1:Q8TEA8:OID30580:v1,DTD1,DTD1,Q8TEA8,1,Low tissue specificity,Detected in all,,,0.0,Low tissue specificity,Detected in all,,,0.0,,"Enzymes, Predicted intracellular proteins",0.5025,0.5025,0.5025
ECM1:Q16610:OID30736:v1,ECM1,ECM1,Q16610,1,Tissue enhanced,Detected in many,,esophagus,1332.1,Low tissue specificity,Detected in all,,,0.0,Secreted to extracellular matrix,"Disease related genes, Human disease related genes, Plasma proteins, Predicted secreted proteins",0.865,0.5025,0.865
EDNRB:P24530:OID30421:v1,EDNRB,EDNRB,P24530,1,Tissue enhanced,Detected in many,,placenta,120.1,Tissue enriched,Detected in some,,cerebral cortex,1604097.0,,"Disease related genes, FDA approved drug targets, G-protein coupled receptors, Human disease related genes, Predicted membrane proteins",0.8038561847619805,1.0,1.0
EIF4E:P06730:OID30557:v1,EIF4E,EIF4E,P06730,1,Low tissue specificity,Detected in all,,,0.0,Low tissue specificity,Detected in all,,,0.0,,"Cancer-related genes, Disease related genes, Essential proteins, Human disease related genes, Plasma proteins, Predicted intracellular proteins",0.5025,0.5025,0.5025
EPHA4:P54764:OID30622:v1,EPHA4,EPHA4,P54764,1,Tissue enhanced,Detected in many,,brain,23.6,Group enriched,Detected in some,,cerebral cortex,11485232.3,,"Cancer-related genes, Enzymes, Plasma proteins, Predicted intracellular proteins, Predicted membrane proteins",0.7577155918900849,0.9324999999999999,0.9324999999999999
ERMAP:Q96PL5:OID30539:v1,ERMAP,ERMAP,Q96PL5,1,Low tissue specificity,Detected in all,,,0.0,Group enriched,Detected in some,1067,bone marrow,163705.0,,"Blood group antigen proteins, Predicted intracellular proteins, Predicted membrane proteins",0.5025,0.9324999999999999,0.9324999999999999
ERP29:P30040:OID30578:v1,ERP29,ERP29,P30040,1,Low tissue specificity,Detected in all,,,0.0,Low tissue specificity,Detected in all,,,0.0,Intracellular and membrane,"Plasma proteins, Predicted intracellular proteins",0.5025,0.5025,0.5025
ESR1:P03372:OID30434:v1,ESR1,ESR1,P03372,1,Tissue enhanced,Detected in many,,endometrium 1,103.7,Tissue enriched,Detected in single,2472,fallopian tube,247248.4,,"Cancer-related genes, Disease related genes, FDA approved drug targets, Human disease related genes, Nuclear receptors, Predicted intracellular proteins, Transcription factors",0.7996436301893899,1.0,1.0
EVI5:O60447:OID30519:v1,EVI5,EVI5,O60447,1,Low tissue specificity,Detected in all,,,0.0,Group enriched,Detected in some,778,liver,95117.7,,"Disease related genes, Predicted intracellular proteins, Predicted membrane proteins",0.5025,0.9324999999999999,0.9324999999999999
F10:P00742:OID30684:v1,F10,F10,P00742,1,Tissue enhanced,Detected in many,,liver,149.7,Low tissue specificity,Detected in many,,,0.0,Secreted to blood,"Candidate cardiovascular disease genes, Disease related genes, Enzymes, FDA approved drug targets, Human disease related genes, Plasma proteins, Predicted secreted proteins",0.8101865427514726,0.5525,0.8101865427514726
F11:P03951:OID30773:v1,F11,F11,P03951,1,Tissue enriched,Detected in some,4,liver,227.2,Low tissue specificity,Detected in many,,,0.0,Secreted to blood,"Candidate cardiovascular disease genes, Disease related genes, Enzymes, FDA approved drug targets, Human disease related genes, Plasma proteins, Predicted intracellular proteins, Predicted secreted proteins",0.7292543231622306,0.5525,0.7292543231622306
F12:P00748:OID30739:v1,F12,F12,P00748,1,Tissue enriched,Detected in some,316,liver,593.2,Tissue enhanced,Detected in many,,skeletal muscle,39504479.9,Secreted to blood,"Candidate cardiovascular disease genes, Disease related genes, Enzymes, FDA approved drug targets, Human disease related genes, Plasma proteins, Predicted secreted proteins",0.9849020892202399,0.865,0.9849020892202399
F13B:P05160:OID30781:v1,F13B,F13B,P05160,1,Tissue enriched,Detected in single,210,liver,187.2,Low tissue specificity,Detected in many,,,0.0,Secreted to blood,"Cancer-related genes, Candidate cardiovascular disease genes, Disease related genes, FDA approved drug targets, Human disease related genes, Metabolic proteins, Plasma proteins, Predicted intracellular proteins, Predicted secreted proteins",1.0,0.5525,1.0
F2:P00734:OID30723:v1,F2,F2,P00734,1,Tissue enriched,Detected in single,1206,liver,1138.4,Low tissue specificity,Detected in all,,,0.0,Secreted to blood,"Cancer-related genes, Candidate cardiovascular disease genes, Disease related genes, Enzymes, FDA approved drug targets, Human disease related genes, Metabolic proteins, Plasma proteins, Predicted intracellular proteins, Predicted secreted proteins",1.0,0.5025,1.0
FCN1:O00602:OID30690:v1,FCN1,FCN1,O00602,1,Group enriched,Detected in many,9,bone marrow,150.0,Tissue enriched,Detected in some,,bone marrow,78373360.3,Secreted to blood,"Plasma proteins, Predicted secreted proteins",0.7023668091184858,1.0,1.0
FGA:P02671:OID30788:v1,FGA,FGA,P02671,1,Tissue enriched,Detected in some,384,liver,17201.5,Low tissue specificity,Detected in all,,,0.0,Secreted to blood,"Cancer-related genes, Candidate cardiovascular disease genes, Disease related genes, FDA approved drug targets, Human disease related genes, Metabolic proteins, Plasma proteins, Predicted secreted proteins",1.0,0.5025,1.0
FGFR4:P22455:OID30646:v1,FGFR4,FGFR4,P22455,1,Tissue enhanced,Detected in many,,liver,81.5,Not detected,Not detected,,,0.0,Intracellular and membrane,"Cancer-related genes, CD markers, Disease related genes, Enzymes, FDA approved drug targets, Plasma proteins, Predicted intracellular proteins, Predicted membrane proteins, RAS pathway related proteins, Transporters",0.7927451128111402,0.35,0.7927451128111402
FGL1:Q08830:OID30702:v1,FGL1,FGL1,Q08830,1,Tissue enriched,Detected in some,6,liver,3863.2,Tissue enriched,Detected in some,,pancreas,15973261.7,Secreted to blood,"Plasma proteins, Predicted secreted proteins",0.7975732973134806,1.0,1.0
FN1:P02751:OID30787:v1,FN1,FN1,P02751,1,Tissue enhanced,Detected in many,,placenta,2751.7,Tissue enriched,Detected in all,,blood vessel,5325363728.5,Secreted to blood,"Cancer-related genes, Candidate cardiovascular disease genes, Disease related genes, FDA approved drug targets, Human disease related genes, Plasma proteins, Predicted intracellular proteins, Predicted secreted proteins",0.865,1.0,1.0
FOLH1:Q04609:OID30430:v1,FOLH1,FOLH1,Q04609,1,Tissue enhanced,Detected in many,,intestine,250.9,Group enriched,Detected in many,,salivary gland,18920755.3,Intracellular and membrane,"Cancer-related genes, Enzymes, FDA approved drug targets, Plasma proteins, Predicted intracellular proteins, Predicted membrane proteins",0.8250587185381789,0.9324999999999999,0.9324999999999999
FOXJ3:Q9UPW0:OID30445:v1,FOXJ3,FOXJ3,Q9UPW0,1,Low tissue specificity,Detected in all,,,0.0,Group enriched,Detected in some,,lymphoid tissue,15789.5,,"Predicted intracellular proteins, Transcription factors",0.5025,0.9324999999999999,0.9324999999999999
FUOM:A2VDF0:OID30626:v1,FUOM,FUOM,A2VDF0,1,Tissue enriched,Detected in many,5,liver,233.2,Group enriched,Detected in many,,liver,6337031.7,,"Enzymes, Predicted intracellular proteins",0.7438324737447009,0.9324999999999999,0.9324999999999999
GAPDH:P04406:OID30600:v1,GAPDH,GAPDH,P04406,1,Group enriched,Detected in all,4,skeletal muscle,25843.3,Low tissue specificity,Detected in all,,,0.0,,"Enzymes, Essential proteins, FDA approved drug targets, Metabolic proteins, Plasma proteins, Predicted intracellular proteins",0.7045560259036265,0.5025,0.7045560259036265
GC:P02774:OID30780:v1,GC,GC,P02774,1,Tissue enriched,Detected in some,17,liver,7722.0,Low tissue specificity,Detected in all,,,0.0,Secreted to blood,"Metabolic proteins, Plasma proteins, Predicted secreted proteins",0.8691990678406054,0.5025,0.8691990678406054
GCHFR:P30047:OID30631:v1,GCHFR,GCHFR,P30047,1,Tissue enriched,Detected in all,5,liver,365.5,Tissue enriched,Detected in all,,liver,68698986.1,,Predicted intracellular proteins,0.7567964038440544,1.0,1.0
GHR:P10912:OID30574:v1,GHR,GHR,P10912,1,Tissue enhanced,Detected in many,,liver,199.5,Tissue enriched,Detected in single,3165,liver,316485.7,Secreted to blood,"Disease related genes, FDA approved drug targets, Human disease related genes, Predicted membrane proteins, Predicted secreted proteins",0.8184520884318326,1.0,1.0
GIMAP7:Q8NHV1:OID30639:v1,GIMAP7,GIMAP7,Q8NHV1,1,Tissue enhanced,Detected in all,,lymphoid tissue,159.3,Low tissue specificity,Detected in many,,,0.0,,Predicted intracellular proteins,0.8119743020787528,0.5525,0.8119743020787528
GIT1:Q9Y2X7:OID30533:v1,GIT1,GIT1,Q9Y2X7,1,Tissue enhanced,Detected in all,,brain,127.9,Tissue enriched,Detected in many,,cerebral cortex,56525682.9,,"Plasma proteins, Predicted intracellular proteins",0.8056631749180931,1.0,1.0
GLA:P06280:OID30594:v1,GLA,GLA,P06280,1,Low tissue specificity,Detected in all,,,0.0,Tissue enhanced,Detected in all,,kidney,37904462.7,Intracellular and membrane,"Disease related genes, Enzymes, Human disease related genes, Metabolic proteins, Potential drug targets, Predicted intracellular proteins",0.5025,0.865,0.865
GLRX5:Q86SX6:OID30663:v1,GLRX5,GLRX5,Q86SX6,1,Low tissue specificity,Detected in all,,,0.0,Low tissue specificity,Detected in all,,,0.0,,"Disease related genes, Human disease related genes, Predicted intracellular proteins",0.5025,0.5025,0.5025
GMPR2:Q9P2T1:OID30623:v1,GMPR2,GMPR2,Q9P2T1,1,Low tissue specificity,Detected in all,,,0.0,Low tissue specificity,Detected in many,,,0.0,,"Enzymes, Metabolic proteins, Plasma proteins, Predicted intracellular proteins",0.5025,0.5525,0.5525
GNPDA2:Q8TDQ7:OID30597:v1,GNPDA2,GNPDA2,Q8TDQ7,1,Low tissue specificity,Detected in all,,,0.0,Tissue enhanced,Detected in many,,cerebral cortex,3661262.2,,"Enzymes, Metabolic proteins, Predicted intracellular proteins",0.5025,0.865,0.865
GP5:P40197:OID30611:v1,GP5,GP5,P40197,1,Tissue enhanced,Detected in single,,lymphoid tissue,1.0,Group enriched,Detected in some,53819,lymphoid tissue,7293250.1,,"CD markers, Plasma proteins, Predicted membrane proteins",0.865,0.9324999999999999,0.9324999999999999
GPI:P06744:OID30680:v1,GPI,GPI,P06744,1,Low tissue specificity,Detected in all,,,0.0,Low tissue specificity,Detected in all,,,0.0,Secreted to blood,"Cancer-related genes, Disease related genes, Enzymes, Human disease related genes, Metabolic proteins, Plasma proteins, Potential drug targets, Predicted intracellular proteins, Predicted membrane proteins, Predicted secreted proteins",0.5025,0.5025,0.5025
GSN:P06396:OID30714:v1,GSN,GSN,P06396,1,Tissue enhanced,Detected in all,,heart muscle,2454.2,Low tissue specificity,Detected in all,,,0.0,Secreted to blood,"Cancer-related genes, Disease related genes, Human disease related genes, Plasma proteins, Predicted intracellular proteins, Predicted secreted proteins",0.865,0.5025,0.865
GSR:P00390:OID30700:v1,GSR,GSR,P00390,1,Low tissue specificity,Detected in all,,,0.0,Low tissue specificity,Detected in all,,,0.0,,"Cancer-related genes, Disease related genes, Enzymes, FDA approved drug targets, Human disease related genes, Metabolic proteins, Plasma proteins, Predicted intracellular proteins",0.5025,0.5025,0.5025
HEG1:Q9ULI3:OID30579:v1,HEG1,HEG1,Q9ULI3,1,Low tissue specificity,Detected in all,,,0.0,Group enriched,Detected in some,2742,kidney,520142.2,Intracellular and membrane,"Plasma proteins, Predicted membrane proteins",0.5025,0.9324999999999999,0.9324999999999999
HGFAC:Q04756:OID30718:v1,HGFAC,HGFAC,Q04756,1,Tissue enriched,Detected in some,57,liver,223.6,Tissue enhanced,Detected in many,,blood vessel,1905794.6,Secreted to blood,"Cancer-related genes, Enzymes, Plasma proteins, Predicted secreted proteins",0.9146725200512145,0.865,0.9146725200512145
HMCN2:Q8NDA2:OID30592:v1,HMCN2,HMCN2,Q8NDA2,1,Tissue enhanced,Detected in many,,intestine,37.0,Tissue enhanced,Detected in many,,intestine,15845491.4,Secreted to extracellular matrix,"Predicted intracellular proteins, Predicted secreted proteins",0.7703036697906055,0.865,0.865
HRG:P04196:OID30770:v1,HRG,HRG,P04196,1,Tissue enriched,Detected in some,173,liver,5081.0,Low tissue specificity,Detected in all,,,0.0,Secreted to blood,"Disease related genes, Human disease related genes, Plasma proteins, Predicted secreted proteins",1.0,0.5025,1.0
HS6ST2:Q96MM7:OID30481:v1,HS6ST2,HS6ST2,Q96MM7,1,Tissue enhanced,Detected in many,,ovary,15.1,Group enriched,Detected in some,,kidney,153733.3,Intracellular and membrane,"Disease related genes, Human disease related genes, Metabolic proteins, Predicted intracellular proteins, Predicted membrane proteins",0.755,0.9324999999999999,0.9324999999999999
IDO1:P14902:OID30563:v1,IDO1,IDO1,P14902,1,Tissue enhanced,Detected in many,,placenta,104.2,Tissue enriched,Detected in many,,heart muscle,8730170.7,,"Cancer-related genes, Enzymes, Metabolic proteins, Predicted intracellular proteins",0.7997815474430572,1.0,1.0
IGLC2:P0DOY2:OID30740:v1,IGLC2,IGLC2,P0DOY2,1,Tissue enhanced,Detected in many,,lymphoid tissue,18672.4,Tissue enhanced,Detected in many,,pancreas,88731937.7,Immunoglobulin genes,"Immunoglobulin genes, Predicted intracellular proteins, Predicted secreted proteins",0.865,0.865,0.865
IL20RB:Q6UXL0:OID30461:v1,IL20RB,IL20RB,Q6UXL0,1,Group enriched,Detected in many,8,skin 1,165.8,Not detected,Not detected,,,0.0,,Predicted membrane proteins,0.6972573692278208,0.35,0.6972573692278208
IL31RA:Q8NI17:OID30475:v1,IL31RA,IL31RA,Q8NI17,1,Tissue enhanced,Detected in some,,blood vessel,2.2,Not detected,Not detected,,,0.0,,"Disease related genes, Human disease related genes, Predicted intracellular proteins, Predicted membrane proteins",0.8150000000000001,0.35,0.8150000000000001
IL36A:Q9UHA7:OID30472:v1,IL36A,IL36A,Q9UHA7,1,Group enriched,Detected in some,8,esophagus,385.8,Not detected,Not detected,,,0.0,Secreted to blood,"Predicted intracellular proteins, Predicted secreted proteins",0.7216065406927794,0.35,0.7216065406927794
IL36G:Q9NZH8:OID30551:v1,IL36G,IL36G,Q9NZH8,1,Group enriched,Detected in some,7,lymphoid tissue,36.9,Tissue enhanced,Detected in all,,intestine,134470911.7,Secreted to blood,"Predicted intracellular proteins, Predicted secreted proteins",0.6902000073848723,0.865,0.865
INHBB:P09529:OID30625:v1,INHBB,INHBB,P09529,1,Tissue enhanced,Detected in many,,adipose tissue,49.6,Not detected,Not detected,,,0.0,Secreted to blood,"Cancer-related genes, Predicted secreted proteins",0.7785935983150456,0.35,0.7785935983150456
INSR:P06213:OID30566:v1,INSR,INSR,P06213,1,Low tissue specificity,Detected in all,,,0.0,Low tissue specificity,Detected in all,,,0.0,,"CD markers, Disease related genes, Enzymes, FDA approved drug targets, Human disease related genes, Plasma proteins, Predicted intracellular proteins, Predicted membrane proteins, RAS pathway related proteins",0.5025,0.5025,0.5025
ITGA2:P17301:OID30570:v1,ITGA2,ITGA2,P17301,1,Low tissue specificity,Detected in many,,,0.0,Tissue enhanced,Detected in many,,intestine,19338150.7,,"Cancer-related genes, CD markers, Human disease related genes, Plasma proteins, Predicted membrane proteins",0.5525,0.865,0.865
ITGAL:P20701:OID30537:v1,ITGAL,ITGAL,P20701,1,Tissue enhanced,Detected in many,,lymphoid tissue,58.7,Tissue enriched,Detected in many,,lymphoid tissue,138111528.8,,"CD markers, FDA approved drug targets, Predicted intracellular proteins, Predicted membrane proteins, Transporters",0.7833811598767986,1.0,1.0
ITIH1:P19827:OID30722:v1,ITIH1,ITIH1,P19827,1,Tissue enriched,Detected in some,642,liver,1407.7,Tissue enhanced,Detected in all,,skin,997023489.5,Secreted to blood,"Plasma proteins, Predicted intracellular proteins, Predicted secreted proteins",1.0,0.865,1.0
ITIH4:Q14624:OID30762:v1,ITIH4,ITIH4,Q14624,1,Tissue enriched,Detected in many,36,liver,1743.0,Low tissue specificity,Detected in all,,,0.0,Secreted to blood,"Cancer-related genes, Plasma proteins, Predicted intracellular proteins, Predicted secreted proteins",0.9238436114102779,0.5025,0.9238436114102779
JAM3:Q9BX67:OID30586:v1,JAM3,JAM3,Q9BX67,1,Low tissue specificity,Detected in all,,,0.0,Tissue enhanced,Detected in many,,blood vessel,14940319.8,Secreted to blood,"Disease related genes, Human disease related genes, Predicted intracellular proteins, Predicted membrane proteins, Predicted secreted proteins",0.5025,0.865,0.865
KDM3A:Q9Y4C1:OID30426:v1,KDM3A,KDM3A,Q9Y4C1,1,Low tissue specificity,Detected in all,,,0.0,Tissue enriched,Detected in single,2824,lymphoid tissue,282368.3,,"Enzymes, Predicted intracellular proteins",0.5025,1.0,1.0
KLK7:P49862:OID30652:v1,KLK7,KLK7,P49862,1,Tissue enhanced,Detected in many,,skin 1,189.2,Tissue enhanced,Detected in all,,intestine,15374979.3,Secreted in other tissues,"Cancer-related genes, Enzymes, Predicted intracellular proteins, Predicted secreted proteins",0.8169253850440316,0.865,0.865
KLKB1:P03952:OID30760:v1,KLKB1,KLKB1,P03952,1,Tissue enriched,Detected in many,28,liver,306.8,Low tissue specificity,Detected in all,,,0.0,Secreted to blood,"Disease related genes, Enzymes, FDA approved drug targets, Human disease related genes, Plasma proteins, Predicted intracellular proteins, Predicted secreted proteins",0.8712284551885703,0.5025,0.8712284551885703
KLRF1:Q9NZS2:OID30464:v1,KLRF1,KLRF1,Q9NZS2,1,Tissue enhanced,Detected in many,,lymphoid tissue,17.0,Not detected,Not detected,,,0.0,,Predicted membrane proteins,0.755,0.35,0.755
LATS1:O95835:OID30523:v1,LATS1,LATS1,O95835,1,Low tissue specificity,Detected in all,,,0.0,Group enriched,Detected in some,,lung,289737.9,,"Cancer-related genes, Enzymes, Predicted intracellular proteins",0.5025,0.9324999999999999,0.9324999999999999
LCAT:P04180:OID30677:v1,LCAT,LCAT,P04180,1,Tissue enriched,Detected in all,4,liver,275.5,Low tissue specificity,Detected in all,,,0.0,Secreted to blood,"Disease related genes, Enzymes, Human disease related genes, Metabolic proteins, Plasma proteins, Potential drug targets, Predicted intracellular proteins, Predicted secreted proteins",0.7348121520233512,0.5025,0.7348121520233512
LEG1:Q6P5S2:OID30608:v1,LEG1,C6orf58,Q6P5S2,1,Tissue enriched,Detected in some,4,salivary gland,2318.7,Group enriched,Detected in many,,intestine,200977509.1,Secreted to digestive system,Predicted secreted proteins,0.7720560259036267,0.9324999999999999,0.9324999999999999
LGALS3BP:Q08380:OID30765:v1,LGALS3BP,LGALS3BP,Q08380,1,Low tissue specificity,Detected in all,,,0.0,Low tissue specificity,Detected in all,,,0.0,Secreted to blood,"Cancer-related genes, Plasma proteins, Predicted secreted proteins",0.5025,0.5025,0.5025
LMOD1:P29536:OID30547:v1,LMOD1,LMOD1,P29536,1,Tissue enhanced,Detected in many,,blood vessel,897.6,Tissue enhanced,Detected in many,,blood vessel,208220975.4,,"Disease related genes, Human disease related genes, Plasma proteins, Predicted intracellular proteins",0.8618759411463768,0.865,0.865
LPA:P08519:OID30747:v1,LPA,LPA,P08519,1,Tissue enriched,Detected in some,65,liver,71.8,Group enriched,Detected in many,,liver,4071962.4,Secreted to blood,"Candidate cardiovascular disease genes, Enzymes, Plasma proteins, Predicted intracellular proteins, Predicted secreted proteins",0.9177336657533023,0.9324999999999999,0.9324999999999999
LRG1:P02750:OID30751:v1,LRG1,LRG1,P02750,1,Tissue enriched,Detected in many,20,liver,1004.2,Low tissue specificity,Detected in all,,,0.0,Secreted to blood,"Plasma proteins, Predicted secreted proteins",0.8808894966696379,0.5025,0.8808894966696379
LRIG3:Q6UXM1:OID30450:v1,LRIG3,LRIG3,Q6UXM1,1,Low tissue specificity,Detected in many,,,0.0,Tissue enriched,Detected in single,10448,liver,1044808.7,,"Cancer-related genes, Predicted intracellular proteins, Predicted membrane proteins",0.5525,1.0,1.0
LYVE1:Q9Y5Y7:OID30728:v1,LYVE1,LYVE1,Q9Y5Y7,1,Tissue enhanced,Detected in many,,placenta,140.3,Tissue enhanced,Detected in all,,skin,17217084.0,,"Plasma proteins, Predicted membrane proteins, Transporters",0.808322073161821,0.865,0.865
LZTFL1:Q9NQ48:OID30637:v1,LZTFL1,LZTFL1,Q9NQ48,1,Low tissue specificity,Detected in many,,,0.0,Low tissue specificity,Detected in many,,,0.0,,"Disease related genes, Human disease related genes, Predicted intracellular proteins",0.5525,0.5525,0.5525
MARS1:P56192:OID30658:v1,MARS1,MARS1,P56192,1,Low tissue specificity,Detected in all,,,0.0,Low tissue specificity,Detected in all,,,0.0,,"Disease related genes, Enzymes, Essential proteins, Human disease related genes, Metabolic proteins, Potential drug targets, Predicted intracellular proteins, Predicted membrane proteins",0.5025,0.5025,0.5025
MBL2:P11226:OID30759:v1,MBL2,MBL2,P11226,1,Tissue enriched,Detected in single,2628,liver,262.8,Tissue enriched,Detected in many,,liver,18529899.4,Secreted to blood,"Human disease related genes, Plasma proteins, Predicted secreted proteins",1.0,1.0,1.0
MCEMP1:Q8IX19:OID30501:v1,MCEMP1,MCEMP1,Q8IX19,1,Group enriched,Detected in many,11,lung,82.9,Group enriched,Detected in some,,bone marrow,5770617.8,,Predicted membrane proteins,0.6991817807583616,0.9324999999999999,0.9324999999999999
MDH1:P40925:OID30669:v1,MDH1,MDH1,P40925,1,Tissue enhanced,Detected in all,,tongue,1722.1,Tissue enhanced,Detected in all,,heart muscle,1797191621.3,,"Cancer-related genes, Citric acid cycle related proteins, Disease related genes, Enzymes, Human disease related genes, Metabolic proteins, Plasma proteins, Potential drug targets, Predicted intracellular proteins",0.865,0.865,0.865
MENT:Q9BUN1:OID30595:v1,MENT,C1orf56,Q9BUN1,1,Tissue enriched,Detected in many,7,testis,71.9,Not detected,Not detected,,,0.0,Secreted to blood,Predicted secreted proteins,0.7318638770262186,0.35,0.7318638770262186
MFAP4:P55083:OID30598:v1,MFAP4,MFAP4,P55083,1,Tissue enhanced,Detected in all,,blood vessel,1055.6,Tissue enhanced,Detected in many,,blood vessel,376163077.7,Secreted to extracellular matrix,"Plasma proteins, Predicted secreted proteins",0.865,0.865,0.865
MOCS2:O96007:OID30638:v1,MOCS2,MOCS2,O96007,1,Low tissue specificity,Detected in all,,,0.0,Low tissue specificity,Detected in many,,,0.0,,"Disease related genes, Enzymes, FDA approved drug targets, Human disease related genes, Metabolic proteins, Predicted intracellular proteins",0.5025,0.5525,0.5525
MRC1:P22897:OID30694:v1,MRC1,MRC1,P22897,1,Tissue enhanced,Detected in many,,lung,115.2,Tissue enhanced,Detected in many,,lymphoid tissue,120581817.2,,"CD markers, FDA approved drug targets, Plasma proteins, Predicted membrane proteins",0.8026604900974398,0.865,0.865
MST1:P26927:OID30713:v1,MST1,MST1,P26927,1,Tissue enriched,Detected in all,9,liver,864.2,,,,,0.0,Secreted to blood,"Cancer-related genes, Human disease related genes, Predicted intracellular proteins, Predicted secreted proteins",0.8204021346011774,0.4475,0.8204021346011774
MTDH:Q86UE4:OID30538:v1,MTDH,MTDH,Q86UE4,1,Low tissue specificity,Detected in all,,,0.0,Low tissue specificity,Detected in all,,,0.0,,"Predicted intracellular proteins, Predicted membrane proteins",0.5025,0.5025,0.5025
MXRA8:Q9BRK3:OID30583:v1,MXRA8,MXRA8,Q9BRK3,1,Low tissue specificity,Detected in many,,,0.0,Low tissue specificity,Detected in many,,,0.0,,Predicted membrane proteins,0.5525,0.5525,0.5525
MYOM3:Q5VTT5:OID30633:v1,MYOM3,MYOM3,Q5VTT5,1,Group enriched,Detected in many,9,skeletal muscle,308.7,Group enriched,Detected in some,,skeletal muscle,528776612.7,,Predicted intracellular proteins,0.7231614174989972,0.9324999999999999,0.9324999999999999
NAGA:P17050:OID30509:v1,NAGA,NAGA,P17050,1,Low tissue specificity,Detected in all,,,0.0,Low tissue specificity,Detected in all,,,0.0,Intracellular and membrane,"Cancer-related genes, Disease related genes, Enzymes, Human disease related genes, Metabolic proteins, Plasma proteins, Potential drug targets, Predicted intracellular proteins",0.5025,0.5025,0.5025
NAGPA:Q9UK23:OID30643:v1,NAGPA,NAGPA,Q9UK23,1,Low tissue specificity,Detected in many,,,0.0,Tissue enhanced,Detected in many,,lymphoid tissue,533075.8,,"Disease related genes, Enzymes, Metabolic proteins, Plasma proteins, Potential drug targets, Predicted intracellular proteins, Predicted membrane proteins",0.5525,0.865,0.865
NDUFA5:Q16718:OID30520:v1,NDUFA5,NDUFA5,Q16718,1,Tissue enhanced,Detected in all,,tongue,376.8,Tissue enriched,Detected in all,,heart muscle,385912727.6,,"Metabolic proteins, Predicted intracellular proteins",0.83679260647186,1.0,1.0
NEDD4L:Q96PU5:OID30521:v1,NEDD4L,NEDD4L,Q96PU5,1,Low tissue specificity,Detected in all,,,0.0,Low tissue specificity,Detected in many,,,0.0,,"Cancer-related genes, Disease related genes, Enzymes, Human disease related genes, Metabolic proteins, Potential drug targets, Predicted intracellular proteins",0.5025,0.5525,0.5525
NEDD9:Q14511:OID30503:v1,NEDD9,NEDD9,Q14511,1,Low tissue specificity,Detected in all,,,0.0,Tissue enhanced,Detected in some,,Stomach,944309.7,,"Plasma proteins, Predicted intracellular proteins",0.5025,0.865,0.865
NEXN:Q0ZGT2:OID30678:v1,NEXN,NEXN,Q0ZGT2,1,Tissue enhanced,Detected in many,,skeletal muscle,633.7,Low tissue specificity,Detected in many,,,0.0,,"Disease related genes, Human disease related genes, Predicted intracellular proteins",0.8518108697571126,0.5525,0.8518108697571126
NHLRC3:Q5JS37:OID30614:v1,NHLRC3,NHLRC3,Q5JS37,1,Low tissue specificity,Detected in all,,,0.0,Tissue enhanced,Detected in many,,kidney,37239475.3,Secreted to blood,"Predicted intracellular proteins, Predicted secreted proteins",0.5025,0.865,0.865
NPHS1:O60500:OID30540:v1,NPHS1,NPHS1,O60500,1,Group enriched,Detected in some,8,kidney,39.8,Tissue enriched,Detected in single,611,kidney,61137.2,,"Disease related genes, Human disease related genes, Plasma proteins, Potential drug targets, Predicted intracellular proteins, Predicted membrane proteins, Transporters",0.6991323987123147,1.0,1.0
NRGN:Q92686:OID30674:v1,NRGN,NRGN,Q92686,1,Tissue enriched,Detected in many,38,brain,2193.2,Tissue enriched,Detected in many,,cerebral cortex,411760953.9,,Predicted intracellular proteins,0.9278359896488657,1.0,1.0
NUMB:P49757:OID30568:v1,NUMB,NUMB,P49757,1,Low tissue specificity,Detected in all,,,0.0,Low tissue specificity,Detected in many,,,0.0,,"Cancer-related genes, Predicted intracellular proteins",0.5025,0.5525,0.5525
NXPH3:O95157:OID30565:v1,NXPH3,NXPH3,O95157,1,Tissue enhanced,Detected in many,,blood vessel,34.6,Not detected,Not detected,,,0.0,Secreted in brain,Predicted secreted proteins,0.7684150364854047,0.35,0.7684150364854047
OLFM4:Q6UX06:OID30665:v1,OLFM4,OLFM4,Q6UX06,1,Tissue enhanced,Detected in many,,intestine,1220.0,Tissue enriched,Detected in many,,intestine,120935517.4,Secreted to digestive system,Predicted secreted proteins,0.865,1.0,1.0
ORM1:P02763:OID30768:v1,ORM1,ORM1,P02763,1,Tissue enriched,Detected in many,187,liver,42168.4,Low tissue specificity,Detected in all,,,0.0,Secreted to blood,"Cancer-related genes, Candidate cardiovascular disease genes, FDA approved drug targets, Plasma proteins, Predicted secreted proteins",1.0,0.5025,1.0
PAXX:Q9BUH6:OID30591:v1,PAXX,PAXX,Q9BUH6,1,Low tissue specificity,Detected in all,,,0.0,Low tissue specificity,Detected in all,,,0.0,,Predicted intracellular proteins,0.5025,0.5025,0.5025
PCBD1:P61457:OID30610:v1,PCBD1,PCBD1,P61457,1,Tissue enhanced,Detected in all,,liver,488.2,Tissue enhanced,Detected in all,,liver,1521541164.9,,"Disease related genes, Enzymes, Human disease related genes, Metabolic proteins, Potential drug targets, Predicted intracellular proteins",0.844273157077572,0.865,0.865
PDE5A:O76074:OID30584:v1,PDE5A,PDE5A,O76074,1,Low tissue specificity,Detected in all,,,0.0,Tissue enhanced,Detected in many,,heart muscle,21160136.0,,"Enzymes, FDA approved drug targets, Metabolic proteins, Predicted intracellular proteins",0.5025,0.865,0.865
PDIA3:P30101:OID30573:v1,PDIA3,PDIA3,P30101,1,Tissue enhanced,Detected in all,,thyroid gland,292.0,Low tissue specificity,Detected in all,,,0.0,Intracellular and membrane,"Enzymes, Metabolic proteins, Plasma proteins, Predicted intracellular proteins, Transporters",0.8294340489844416,0.5025,0.8294340489844416
PDZK1:Q5T2W1:OID30550:v1,PDZK1,PDZK1,Q5T2W1,1,Tissue enriched,Detected in many,5,kidney,556.3,Tissue enriched,Detected in some,,kidney,504705323.1,,Predicted intracellular proteins,0.7689289859557712,1.0,1.0
PENK:P01210:OID30666:v1,PENK,PENK,P01210,1,Group enriched,Detected in many,5,brain,673.6,Group enriched,Detected in some,,Stomach,34251314.0,Secreted in other tissues,"Plasma proteins, Predicted secreted proteins, Transporters",0.7069586721048283,0.9324999999999999,0.9324999999999999
PEPD:P12955:OID30688:v1,PEPD,PEPD,P12955,1,Tissue enhanced,Detected in all,,kidney,310.3,Group enriched,Detected in all,,kidney,320851071.8,,"Disease related genes, Enzymes, Human disease related genes, Metabolic proteins, Plasma proteins, Potential drug targets, Predicted intracellular proteins",0.8311878952379483,0.9324999999999999,0.9324999999999999
PER3:P56645:OID30511:v1,PER3,PER3,P56645,1,Low tissue specificity,Detected in many,,,0.0,Not detected,Not detected,,,0.0,,"Disease related genes, Human disease related genes, Predicted intracellular proteins",0.5525,0.35,0.5525
PF4:P02776:OID30764:v1,PF4,PF4,P02776,1,Group enriched,Detected in some,6,bone marrow,28.0,Not detected,Not detected,,,0.0,Secreted to blood,"Cancer-related genes, Candidate cardiovascular disease genes, Plasma proteins, Predicted secreted proteins",0.6800732973134807,0.35,0.6800732973134807
PGA4:P0DJD7:OID30699:v1,PGA4,PGA4,P0DJD7,1,Tissue enriched,Detected in many,2475,stomach 1,131038.6,Not detected,Not detected,,,0.0,Secreted to digestive system,"Enzymes, Predicted intracellular proteins, Predicted secreted proteins",1.0,0.35,1.0
PGLYRP2:Q96PD5:OID30742:v1,PGLYRP2,PGLYRP2,Q96PD5,1,Tissue enriched,Detected in some,36,liver,241.7,Low tissue specificity,Detected in all,,,0.0,Secreted to blood,"Enzymes, Metabolic proteins, Plasma proteins, Predicted intracellular proteins, Predicted secreted proteins",0.8828252597146888,0.5025,0.8828252597146888
PGR:P06401:OID30460:v1,PGR,PGR,P06401,1,Group enriched,Detected in many,4,endometrium 1,96.6,Group enriched,Detected in some,,fallopian tube,9891168.1,,"Cancer-related genes, FDA approved drug targets, Human disease related genes, Nuclear receptors, Predicted intracellular proteins, Transcription factors, Transporters",0.6371668259607997,0.9324999999999999,0.9324999999999999
PHYKPL:Q8IUZ5:OID30634:v1,PHYKPL,PHYKPL,Q8IUZ5,1,Low tissue specificity,Detected in all,,,0.0,Low tissue specificity,Detected in all,,,0.0,,"Disease related genes, Enzymes, Metabolic proteins, Potential drug targets, Predicted intracellular proteins",0.5025,0.5025,0.5025
PI16:Q6UXB8:OID30676:v1,PI16,PI16,Q6UXB8,1,Tissue enhanced,Detected in many,,vagina,143.1,Tissue enriched,Detected in many,,skin,64077831.9,Secreted to blood,"CD markers, Plasma proteins, Predicted membrane proteins, Predicted secreted proteins",0.8088901122351934,1.0,1.0
PIKFYVE:Q9Y2I7:OID30465:v1,PIKFYVE,PIKFYVE,Q9Y2I7,1,Low tissue specificity,Detected in all,,,0.0,Group enriched,Detected in many,,cerebral cortex,5274928.7,,"Disease related genes, Enzymes, Human disease related genes, Metabolic proteins, Potential drug targets, Predicted intracellular proteins",0.5025,0.9324999999999999,0.9324999999999999
PINLYP:A6NC86:OID30651:v1,PINLYP,PINLYP,A6NC86,1,Low tissue specificity,Detected in many,,,0.0,Not detected,Not detected,,,0.0,Secreted to blood,"Predicted intracellular proteins, Predicted secreted proteins",0.5525,0.35,0.5525
PLCB1:Q9NQ66:OID30484:v1,PLCB1,PLCB1,Q9NQ66,1,Tissue enhanced,Detected in all,,brain,44.7,Tissue enriched,Detected in many,,cerebral cortex,215418980.2,,"Disease related genes, Enzymes, Human disease related genes, Metabolic proteins, Plasma proteins, Potential drug targets, Predicted intracellular proteins",0.7756450704935571,1.0,1.0
PLG:P00747:OID30785:v1,PLG,PLG,P00747,1,Tissue enriched,Detected in some,11,liver,2479.5,Low tissue specificity,Detected in all,,,0.0,Secreted to blood,"Cancer-related genes, Candidate cardiovascular disease genes, Disease related genes, Enzymes, FDA approved drug targets, Human disease related genes, Metabolic proteins, Plasma proteins, Predicted intracellular proteins, Predicted secreted proteins",0.838449537612739,0.5025,0.838449537612739
PNLIP:P16233:OID30693:v1,PNLIP,PNLIP,P16233,1,Tissue enriched,Detected in many,4835,pancreas,419355.6,Tissue enriched,Detected in many,2,pancreas,3224785754.0,Secreted to digestive system,"Disease related genes, Enzymes, FDA approved drug targets, Human disease related genes, Metabolic proteins, Plasma proteins, Predicted secreted proteins",1.0,0.7333161993561574,1.0
POF1B:Q8WVV4:OID30504:v1,POF1B,POF1B,Q8WVV4,1,Tissue enhanced,Detected in many,,skin 1,118.4,Low tissue specificity,Detected in all,,,0.0,,"Disease related genes, Human disease related genes, Predicted intracellular proteins",0.803446922889121,0.5025,0.803446922889121
PON1:P27169:OID30704:v1,PON1,PON1,P27169,1,Tissue enriched,Detected in some,104,liver,498.0,Low tissue specificity,Detected in all,,,0.0,Secreted to blood,"Cancer-related genes, Candidate cardiovascular disease genes, Disease related genes, Enzymes, Human disease related genes, Metabolic proteins, Plasma proteins, Potential drug targets, Predicted secreted proteins, Transporters",0.9798473471471888,0.5025,0.9798473471471888
PPBP:P02775:OID30761:v1,PPBP,PPBP,P02775,1,Group enriched,Detected in some,6,bone marrow,78.8,Group enriched,Detected in all,,lymphoid tissue,280944310.4,Secreted to blood,"Plasma proteins, Predicted secreted proteins",0.6800732973134807,0.9324999999999999,0.9324999999999999
PPL:O60437:OID30564:v1,PPL,PPL,O60437,1,Tissue enhanced,Detected in many,,esophagus,697.4,Tissue enhanced,Detected in all,,lung,926456677.4,,"Plasma proteins, Predicted intracellular proteins",0.8545795179800691,0.865,0.865
PRKG1:Q13976:OID30621:v1,PRKG1,PRKG1,Q13976,1,Tissue enhanced,Detected in many,,blood vessel,64.3,Tissue enhanced,Detected in many,,blood vessel,28479953.4,,"Disease related genes, Enzymes, Human disease related genes, Plasma proteins, Potential drug targets, Predicted intracellular proteins",0.7859767076635653,0.865,0.865
PROS1:P07225:OID30737:v1,PROS1,PROS1,P07225,1,Tissue enhanced,Detected in many,,liver,264.9,Low tissue specificity,Detected in all,,,0.0,Secreted to blood,"Candidate cardiovascular disease genes, Disease related genes, FDA approved drug targets, Human disease related genes, Plasma proteins, Predicted intracellular proteins, Predicted secreted proteins",0.8266245033031079,0.5025,0.8266245033031079
PRR4:Q16378:OID30607:v1,PRR4,PRR4,Q16378,1,Tissue enriched,Detected in many,48,salivary gland,6404.5,Tissue enhanced,Detected in all,,salivary gland,458365339.3,Secreted to digestive system,"Plasma proteins, Predicted secreted proteins",0.9451465946269613,0.865,0.9451465946269613
PRSS22:Q9GZN4:OID30483:v1,PRSS22,PRSS22,Q9GZN4,1,Tissue enhanced,Detected in many,,esophagus,77.9,Tissue enriched,Detected in single,287,salivary gland,28702.5,Secreted in other tissues,"Enzymes, Predicted secreted proteins",0.7914535033413009,1.0,1.0
PSMG4:Q5JS54:OID30514:v1,PSMG4,PSMG4,Q5JS54,1,Low tissue specificity,Detected in all,,,0.0,Tissue enhanced,Detected in many,,liver,917753.6,,"Essential proteins, Predicted intracellular proteins",0.5025,0.865,0.865
PSTPIP2:Q9H939:OID30596:v1,PSTPIP2,PSTPIP2,Q9H939,1,Group enriched,Detected in all,5,bone marrow,68.4,Tissue enriched,Detected in some,,lymphoid tissue,11047843.8,,Predicted intracellular proteins,0.6411224070249377,1.0,1.0
PTGES2:Q9H7Z7:OID30561:v1,PTGES2,PTGES2,Q9H7Z7,1,Tissue enhanced,Detected in all,,skeletal muscle,131.0,Tissue enhanced,Detected in all,,heart muscle,185095566.9,,"Enzymes, Human disease related genes, Metabolic proteins, Predicted intracellular proteins",0.8063511429644444,0.865,0.865
PTP4A3:O75365:OID30469:v1,PTP4A3,PTP4A3,O75365,1,Tissue enhanced,Detected in many,,skeletal muscle,565.4,Group enriched,Detected in some,,Stomach,140196.3,,"Enzymes, Predicted intracellular proteins",0.8485149964030956,0.9324999999999999,0.9324999999999999
PTRHD1:Q6GMV3:OID30659:v1,PTRHD1,PTRHD1,Q6GMV3,1,Low tissue specificity,Detected in all,,,0.0,Low tissue specificity,Detected in all,,,0.0,,"Enzymes, Predicted intracellular proteins",0.5025,0.5025,0.5025
PZP:P20742:OID30730:v1,PZP,PZP,P20742,1,Tissue enriched,Detected in some,35,liver,76.4,Tissue enriched,Detected in many,,intestine,6320874.2,Secreted to blood,"Cancer-related genes, Plasma proteins, Predicted secreted proteins",0.8717657369688964,1.0,1.0
QSOX1:O00391:OID30729:v1,QSOX1,QSOX1,O00391,1,Low tissue specificity,Detected in all,,,0.0,Low tissue specificity,Detected in all,,,0.0,Secreted to extracellular matrix,"Enzymes, Plasma proteins, Predicted intracellular proteins, Predicted membrane proteins, Predicted secreted proteins",0.5025,0.5025,0.5025
RABEP1:Q15276:OID30647:v1,RABEP1,RABEP1,Q15276,1,Low tissue specificity,Detected in all,,,0.0,Tissue enhanced,Detected in all,,skin,64642539.8,,"Cancer-related genes, Predicted intracellular proteins",0.5025,0.865,0.865
RAP1A:P62834:OID30452:v1,RAP1A,RAP1A,P62834,1,Low tissue specificity,Detected in all,,,0.0,Low tissue specificity,Detected in all,,,0.0,,"Enzymes, Predicted intracellular proteins, RAS pathway related proteins",0.5025,0.5025,0.5025
RBPMS:Q93062:OID30507:v1,RBPMS,RBPMS,Q93062,1,Tissue enhanced,Detected in all,,blood vessel,551.9,Low tissue specificity,Detected in many,,,0.0,,Predicted intracellular proteins,0.8478166537984964,0.5525,0.8478166537984964
RELB:Q01201:OID30463:v1,RELB,RELB,Q01201,1,Low tissue specificity,Detected in many,,,0.0,Group enriched,Detected in some,,lymphoid tissue,1822509.6,,"Cancer-related genes, Disease related genes, Human disease related genes, Plasma proteins, Predicted intracellular proteins, Transcription factors",0.5525,0.9324999999999999,0.9324999999999999
REPS1:Q96D71:OID30496:v1,REPS1,REPS1,Q96D71,1,Low tissue specificity,Detected in all,,,0.0,Low tissue specificity,Detected in many,,,0.0,,"Disease related genes, Human disease related genes, Predicted intracellular proteins",0.5025,0.5525,0.5525
RIDA:P52758:OID30635:v1,RIDA,RIDA,P52758,1,Group enriched,Detected in all,7,liver,1435.3,Group enriched,Detected in all,,kidney,769224944.1,,"Enzymes, Plasma proteins, Predicted intracellular proteins",0.7402000073848722,0.9324999999999999,0.9324999999999999
RLN2:P04090:OID30601:v1,RLN2,RLN2,P04090,1,Tissue enhanced,Detected in some,,fallopian tube,4.8,Not detected,Not detected,,,0.0,Secreted to blood,"Predicted intracellular proteins, Predicted secreted proteins",0.8150000000000001,0.35,0.8150000000000001
RNASE1:P07998:OID30672:v1,RNASE1,RNASE1,P07998,1,Tissue enriched,Detected in all,9,pancreas,8599.3,Not detected,Not detected,,,0.0,Secreted to digestive system,"Enzymes, Plasma proteins, Predicted intracellular proteins, Predicted secreted proteins",0.8246226950319173,0.35,0.8246226950319173
RNASE4:P34096:OID30705:v1,RNASE4,RNASE4,P34096,1,Tissue enriched,Detected in all,4,liver,447.2,Tissue enhanced,Detected in many,,blood vessel,3470525.6,Secreted to blood,"Plasma proteins, Predicted secreted proteins",0.7487952432122474,0.865,0.865
RNASE6:Q93091:OID30689:v1,RNASE6,RNASE6,Q93091,1,Tissue enhanced,Detected in all,,lymphoid tissue,103.5,Tissue enhanced,Detected in many,,kidney,15074725.3,Secreted to blood,Predicted secreted proteins,0.7995882787828716,0.865,0.865
RPA2:P15927:OID30453:v1,RPA2,RPA2,P15927,1,Low tissue specificity,Detected in all,,,0.0,Tissue enhanced,Detected in all,,bone marrow,86005231.1,,"Cancer-related genes, Essential proteins, Plasma proteins, Predicted intracellular proteins",0.5025,0.865,0.865
S100A13:Q99584:OID30529:v1,S100A13,S100A13,Q99584,1,Low tissue specificity,Detected in all,,,0.0,Low tissue specificity,Detected in all,,,0.0,Secreted in other tissues,"Predicted intracellular proteins, Predicted secreted proteins",0.5025,0.5025,0.5025
SAA4:P35542:OID30726:v1,SAA4,SAA4,P35542,1,Tissue enriched,Detected in some,140,liver,2067.9,Low tissue specificity,Detected in many,,,0.0,Secreted to blood,"Plasma proteins, Predicted secreted proteins",1.0,0.5525,1.0
SCGB3A1:Q96QR1:OID30577:v1,SCGB3A1,SCGB3A1,Q96QR1,1,Group enriched,Detected in many,5,salivary gland,829.3,Group enriched,Detected in some,476,lung,73581.8,Secreted to blood,"Plasma proteins, Predicted secreted proteins",0.7129703823268263,0.9324999999999999,0.9324999999999999
SDK2:Q58EX2:OID30662:v1,SDK2,SDK2,Q58EX2,1,Tissue enhanced,Detected in some,,testis,9.1,Group enriched,Detected in many,,ovary,34600287.9,,Predicted membrane proteins,0.8150000000000001,0.9324999999999999,0.9324999999999999
SELENOP:P49908:OID30745:v1,SELENOP,SELENOP,P49908,1,Group enriched,Detected in all,4,liver,5860.1,Low tissue specificity,Detected in many,,,0.0,Secreted to blood,"Plasma proteins, Predicted membrane proteins, Predicted secreted proteins",0.7045560259036265,0.5525,0.7045560259036265
SELL:P14151:OID30752:v1,SELL,SELL,P14151,1,Group enriched,Detected in many,5,lymphoid tissue,216.7,Low tissue specificity,Detected in many,,,0.0,,"Cancer-related genes, Candidate cardiovascular disease genes, CD markers, Plasma proteins, Predicted intracellular proteins, Predicted membrane proteins",0.6742175489787546,0.5525,0.6742175489787546
SEMA3G:Q9NS98:OID30599:v1,SEMA3G,SEMA3G,Q9NS98,1,Tissue enhanced,Detected in many,,adipose tissue,67.3,Tissue enriched,Detected in single,62,salivary gland,6181.4,Secreted to blood,Predicted secreted proteins,0.7872770210117491,0.9642056960257954,0.9642056960257954
SEMA6C:Q9H3T2:OID30531:v1,SEMA6C,SEMA6C,Q9H3T2,1,Tissue enhanced,Detected in all,,skeletal muscle,262.9,Tissue enriched,Detected in single,81,ovary,8143.3,,Predicted membrane proteins,0.8264059384536997,0.9841953326926607,0.9841953326926607
SERPINA1:P01009:OID30750:v1,SERPINA1,SERPINA1,P01009,1,Tissue enriched,Detected in all,29,liver,31416.7,Low tissue specificity,Detected in all,,,0.0,Secreted to blood,"Cancer-related genes, Candidate cardiovascular disease genes, Disease related genes, Human disease related genes, Metabolic proteins, Plasma proteins, Predicted intracellular proteins, Predicted secreted proteins",0.9079388943880746,0.5025,0.9079388943880746
SERPINA3:P01011:OID30786:v1,SERPINA3,SERPINA3,P01011,1,Group enriched,Detected in many,5,liver,8462.6,Tissue enhanced,Detected in all,,skin,754426147.0,Secreted to blood,"Cancer-related genes, Candidate cardiovascular disease genes, Metabolic proteins, Plasma proteins, Predicted intracellular proteins, Predicted secreted proteins",0.7183828684844482,0.865,0.865
SERPINA4:P29622:OID30774:v1,SERPINA4,SERPINA4,P29622,1,Tissue enriched,Detected in some,4,liver,514.2,Tissue enhanced,Detected in all,,skeletal muscle,75670112.5,Secreted to blood,"Plasma proteins, Predicted secreted proteins",0.7528282598085356,0.865,0.865
SERPINA5:P05154:OID30763:v1,SERPINA5,SERPINA5,P05154,1,Tissue enhanced,Detected in many,,liver,734.5,Group enriched,Detected in many,,kidney,54707747.9,Secreted to blood,"Cancer-related genes, Candidate cardiovascular disease genes, Plasma proteins, Predicted secreted proteins",0.8560778642716778,0.9324999999999999,0.9324999999999999
SERPINA6:P08185:OID30743:v1,SERPINA6,SERPINA6,P08185,1,Tissue enriched,Detected in some,18,liver,725.8,Low tissue specificity,Detected in all,,,0.0,Secreted to blood,"Disease related genes, Human disease related genes, Plasma proteins, Predicted secreted proteins",0.8640327969651712,0.5025,0.8640327969651712
SERPINA7:P05543:OID30724:v1,SERPINA7,SERPINA7,P05543,1,Tissue enriched,Detected in single,608,liver,263.9,Low tissue specificity,Detected in all,,,0.0,Secreted to blood,"Plasma proteins, Predicted secreted proteins",1.0,0.5025,1.0
SERPINC1:P01008:OID30789:v1,SERPINC1,SERPINC1,P01008,1,Tissue enriched,Detected in some,1345,liver,4726.5,Tissue enhanced,Detected in all,,ovary,1276579099.5,Secreted to blood,"Candidate cardiovascular disease genes, Disease related genes, FDA approved drug targets, Human disease related genes, Plasma proteins, Predicted secreted proteins",1.0,0.865,1.0
SERPIND1:P05546:OID30767:v1,SERPIND1,SERPIND1,P05546,1,Tissue enriched,Detected in some,5,liver,1171.6,Low tissue specificity,Detected in all,,,0.0,Secreted to blood,"Candidate cardiovascular disease genes, Disease related genes, FDA approved drug targets, Human disease related genes, Plasma proteins, Predicted secreted proteins",0.7858828684844481,0.5025,0.7858828684844481
SERPINF1:P36955:OID30757:v1,SERPINF1,SERPINF1,P36955,1,Tissue enriched,Detected in all,5,choroid plexus,4585.5,Group enriched,Detected in all,,skin,529868352.6,Secreted to blood,"Cancer-related genes, Disease related genes, Human disease related genes, Plasma proteins, Predicted intracellular proteins, Predicted secreted proteins",0.7858828684844481,0.9324999999999999,0.9324999999999999
SERPINF2:P08697:OID30779:v1,SERPINF2,SERPINF2,P08697,1,Tissue enriched,Detected in many,16,liver,1497.5,Low tissue specificity,Detected in all,,,0.0,Secreted to blood,"Candidate cardiovascular disease genes, Disease related genes, Human disease related genes, Plasma proteins, Predicted secreted proteins",0.86486430675019,0.5025,0.86486430675019
SERPING1:P05155:OID30777:v1,SERPING1,SERPING1,P05155,1,Tissue enhanced,Detected in all,,liver,2454.0,Low tissue specificity,Detected in all,,,0.0,Secreted to blood,"Candidate cardiovascular disease genes, Disease related genes, Human disease related genes, Plasma proteins, Predicted intracellular proteins, Predicted secreted proteins",0.865,0.5025,0.865
SERPINI1:Q99574:OID30604:v1,SERPINI1,SERPINI1,Q99574,1,Group enriched,Detected in all,5,brain,303.7,Tissue enhanced,Detected in many,,cerebral cortex,17544636.7,Secreted in brain,"Disease related genes, Human disease related genes, Predicted intracellular proteins, Predicted secreted proteins",0.6839504090524041,0.865,0.865
SFRP4:Q6FHJ7:OID30648:v1,SFRP4,SFRP4,Q6FHJ7,1,Tissue enhanced,Detected in many,,cervix,582.1,Tissue enriched,Detected in single,34588,fallopian tube,3458826.2,Secreted in female reproductive system,"Cancer-related genes, Disease related genes, Human disease related genes, Predicted intracellular proteins, Predicted secreted proteins",0.8493561944706721,1.0,1.0
SHBG:P04278:OID30685:v1,SHBG,SHBG,P04278,1,Tissue enriched,Detected in some,5,liver,59.3,Low tissue specificity,Detected in all,,,0.0,Secreted to blood,"Cancer-related genes, Candidate cardiovascular disease genes, FDA approved drug targets, Plasma proteins, Predicted intracellular proteins, Predicted secreted proteins",0.7358828684844482,0.5025,0.7358828684844482
SHH:Q15465:OID30516:v1,SHH,SHH,Q15465,1,Tissue enhanced,Detected in many,,urinary bladder,15.1,Not detected,Not detected,,,0.0,Intracellular and membrane,"Disease related genes, Human disease related genes, Predicted intracellular proteins",0.755,0.35,0.755
SIRT1:Q96EB6:OID30439:v1,SIRT1,SIRT1,Q96EB6,1,Low tissue specificity,Detected in all,,,0.0,Group enriched,Detected in some,620,bone marrow,108650.1,,"Enzymes, Metabolic proteins, Predicted intracellular proteins",0.5025,0.9324999999999999,0.9324999999999999
SLC9A3R1:O14745:OID30630:v1,SLC9A3R1,SLC9A3R1,O14745,1,Tissue enhanced,Detected in all,,esophagus,348.1,Tissue enriched,Detected in all,,kidney,1553931402.4,,"Disease related genes, Human disease related genes, Plasma proteins, Potential drug targets, Predicted intracellular proteins, Transporters",0.8345054637527998,1.0,1.0
SLITRK1:Q96PX8:OID30510:v1,SLITRK1,SLITRK1,Q96PX8,1,Tissue enriched,Detected in some,5,brain,13.8,Tissue enriched,Detected in single,32607,cerebral cortex,3260677.6,Secreted in brain,"Disease related genes, Human disease related genes, Plasma proteins, Predicted membrane proteins, Predicted secreted proteins",0.7358828684844482,1.0,1.0
SNCA:P37840:OID30645:v1,SNCA,SNCA,P37840,1,Group enriched,Detected in all,6,brain,263.1,Group enriched,Detected in all,,cerebral cortex,977540053.6,Intracellular and membrane,"Disease related genes, Human disease related genes, Plasma proteins, Potential drug targets, Predicted intracellular proteins, Transporters",0.6915011666597364,0.9324999999999999,0.9324999999999999
SNX15:Q9NRS6:OID30644:v1,SNX15,SNX15,Q9NRS6,1,Low tissue specificity,Detected in all,,,0.0,Low tissue specificity,Detected in many,,,0.0,,Predicted intracellular proteins,0.5025,0.5525,0.5525
SOD3:P08294:OID30683:v1,SOD3,SOD3,P08294,1,Group enriched,Detected in many,4,choroid plexus,1058.5,Tissue enhanced,Detected in all,,skin,1624157255.6,Secreted to blood,"Enzymes, Metabolic proteins, Plasma proteins, Predicted secreted proteins",0.7045560259036265,0.865,0.865
SPART:Q8N0X7:OID30656:v1,SPART,SPART,Q8N0X7,1,Low tissue specificity,Detected in all,,,0.0,Tissue enhanced,Detected in many,,bone marrow,17887376.3,,"Disease related genes, Human disease related genes, Predicted intracellular proteins",0.5025,0.865,0.865
SPINK2:P20155:OID30627:v1,SPINK2,SPINK2,P20155,1,Tissue enriched,Detected in many,15,epididymis,4955.9,Not detected,Not detected,,,0.0,Secreted to blood,"Disease related genes, Human disease related genes, Predicted secreted proteins",0.860266676513163,0.35,0.860266676513163
SPRED2:Q7Z698:OID30423:v1,SPRED2,SPRED2,Q7Z698,1,Low tissue specificity,Detected in all,,,0.0,Group enriched,Detected in some,273,cerebral cortex,36648.7,,"Disease related genes, Human disease related genes, Plasma proteins, Predicted intracellular proteins, Predicted membrane proteins",0.5025,0.9324999999999999,0.9324999999999999
ST13:P50502:OID30624:v1,ST13,ST13,P50502,1,Low tissue specificity,Detected in all,,,0.0,Low tissue specificity,Detected in all,,,0.0,,"Plasma proteins, Predicted intracellular proteins",0.5025,0.5025,0.5025
ST8SIA1:Q92185:OID30442:v1,ST8SIA1,ST8SIA1,Q92185,1,Low tissue specificity,Detected in many,,,0.0,Not detected,Not detected,,,0.0,,"Enzymes, Metabolic proteins, Predicted intracellular proteins, Predicted membrane proteins",0.5525,0.35,0.5525
STAT2:P52630:OID30536:v1,STAT2,STAT2,P52630,1,Low tissue specificity,Detected in all,,,0.0,Tissue enhanced,Detected in many,,bone marrow,37431576.5,,"Disease related genes, Human disease related genes, Predicted intracellular proteins, Transcription factors",0.5025,0.865,0.865
STX7:O15400:OID30560:v1,STX7,STX7,O15400,1,Low tissue specificity,Detected in all,,,0.0,Low tissue specificity,Detected in all,,,0.0,,"Plasma proteins, Predicted intracellular proteins, Predicted membrane proteins",0.5025,0.5025,0.5025
SUMF1:Q8NBK3:OID30486:v1,SUMF1,SUMF1,Q8NBK3,1,Low tissue specificity,Detected in all,,,0.0,Tissue enhanced,Detected in many,,kidney,658090.8,Intracellular and membrane,"Disease related genes, Enzymes, Human disease related genes, Potential drug targets, Predicted intracellular proteins",0.5025,0.865,0.865
SUSD5:O60279:OID30650:v1,SUSD5,SUSD5,O60279,1,Tissue enriched,Detected in many,26,blood vessel,170.2,Tissue enhanced,Detected in some,,blood vessel,7325834.7,,"Predicted intracellular proteins, Predicted membrane proteins",0.8488273071262971,0.865,0.865
SYAP1:Q96A49:OID30636:v1,SYAP1,SYAP1,Q96A49,1,Low tissue specificity,Detected in all,,,0.0,Low tissue specificity,Detected in all,,,0.0,,Predicted intracellular proteins,0.5025,0.5025,0.5025
TBCA:O75347:OID30616:v1,TBCA,TBCA,O75347,1,Low tissue specificity,Detected in all,,,0.0,Low tissue specificity,Detected in all,,,0.0,,"Essential proteins, Predicted intracellular proteins",0.5025,0.5025,0.5025
TCN1:P20061:OID30687:v1,TCN1,TCN1,P20061,1,Tissue enriched,Detected in many,5,salivary gland,816.7,Tissue enhanced,Detected in all,,salivary gland,35703942.1,Secreted to blood,"Plasma proteins, Predicted secreted proteins",0.7800277103667262,0.865,0.865
TF:P02787:OID30783:v1,TF,TF,P02787,1,Group enriched,Detected in all,5,liver,7020.0,Low tissue specificity,Detected in all,,,0.0,Secreted to blood,"Cancer-related genes, Disease related genes, Human disease related genes, Plasma proteins, Predicted intracellular proteins, Predicted secreted proteins",0.7183828684844482,0.5025,0.7183828684844482
TGOLN2:O43493:OID30691:v1,TGOLN2,TGOLN2,O43493,1,Low tissue specificity,Detected in all,,,0.0,Low tissue specificity,Detected in many,,,0.0,,"Plasma proteins, Predicted membrane proteins",0.5025,0.5525,0.5525
THSD1:Q9NS62:OID30476:v1,THSD1,THSD1,Q9NS62,1,Low tissue specificity,Detected in many,,,0.0,Not detected,Not detected,,,0.0,Intracellular and membrane,"Disease related genes, Predicted membrane proteins",0.5525,0.35,0.5525
TLR1:Q15399:OID30532:v1,TLR1,TLR1,Q15399,1,Tissue enhanced,Detected in many,,bone marrow,32.4,Tissue enriched,Detected in single,1246,lymphoid tissue,124570.0,,"CD markers, Predicted intracellular proteins, Predicted membrane proteins, Transporters",0.766568401602189,1.0,1.0
TLR4:O00206:OID30428:v1,TLR4,TLR4,O00206,1,Low tissue specificity,Detected in all,,,0.0,Tissue enriched,Detected in some,,lymphoid tissue,24307289.9,Intracellular and membrane,"CD markers, FDA approved drug targets, Human disease related genes, Predicted intracellular proteins, Predicted membrane proteins, Transporters",0.5025,1.0,1.0
TNFAIP8L2:Q6P589:OID30629:v1,TNFAIP8L2,TNFAIP8L2,Q6P589,1,Tissue enhanced,Detected in many,,lymphoid tissue,38.3,Group enriched,Detected in some,,bone marrow,6685694.1,,Predicted intracellular proteins,0.7712774591411711,0.9324999999999999,0.9324999999999999
TNFRSF17:Q02223:OID30589:v1,TNFRSF17,TNFRSF17,Q02223,1,Tissue enhanced,Detected in many,,lymphoid tissue,44.8,Tissue enriched,Detected in single,712,intestine,71160.0,,"Cancer-related genes, CD markers, Disease related genes, FDA approved drug targets, Predicted intracellular proteins, Predicted membrane proteins",0.7757083465335903,1.0,1.0
TOP2B:Q02880:OID30559:v1,TOP2B,TOP2B,Q02880,1,Low tissue specificity,Detected in all,,,0.0,Low tissue specificity,Detected in all,,,0.0,,"Disease related genes, Enzymes, FDA approved drug targets, Human disease related genes, Plasma proteins, Predicted intracellular proteins",0.5025,0.5025,0.5025
TP53BP1:Q12888:OID30470:v1,TP53BP1,TP53BP1,Q12888,1,Low tissue specificity,Detected in all,,,0.0,Low tissue specificity,Detected in many,,,0.0,,"Cancer-related genes, Disease related genes, Predicted intracellular proteins",0.5025,0.5525,0.5525
TP53I3:Q53FA7:OID30632:v1,TP53I3,TP53I3,Q53FA7,1,Tissue enhanced,Detected in all,,esophagus,121.5,Low tissue specificity,Detected in all,,,0.0,,"Enzymes, Predicted intracellular proteins",0.8041889329863102,0.5025,0.8041889329863102
TPD52L2:O43399:OID30609:v1,TPD52L2,TPD52L2,O43399,1,Low tissue specificity,Detected in all,,,0.0,Low tissue specificity,Detected in all,,,0.0,,"Plasma proteins, Predicted intracellular proteins",0.5025,0.5025,0.5025
TRAF3:Q13114-2:OID30479:v1,TRAF3,TRAF3,Q13114,1,Low tissue specificity,Detected in all,,,0.0,Group enriched,Detected in some,,cerebral cortex,7009941.0,,"Cancer-related genes, Disease related genes, Enzymes, Human disease related genes, Potential drug targets, Predicted intracellular proteins",0.5025,0.9324999999999999,0.9324999999999999
TREML1:Q86YW5:OID30682:v1,TREML1,TREML1,Q86YW5,1,Group enriched,Detected in some,4,bone marrow,7.7,Group enriched,Detected in many,,lymphoid tissue,29713309.2,,"Plasma proteins, Predicted membrane proteins",0.6545560259036266,0.9324999999999999,0.9324999999999999
TSC1:Q92574:OID30478:v1,TSC1,TSC1,Q92574,1,Low tissue specificity,Detected in all,,,0.0,Tissue enhanced,Detected in many,,lymphoid tissue,2368707.4,,"Cancer-related genes, Disease related genes, Human disease related genes, Plasma proteins, Predicted intracellular proteins, Predicted membrane proteins",0.5025,0.865,0.865
TSPYL1:Q9H0U9:OID30512:v1,TSPYL1,TSPYL1,Q9H0U9,1,Low tissue specificity,Detected in all,,,0.0,Tissue enriched,Detected in many,,lymphoid tissue,2773045.6,,"Disease related genes, Human disease related genes, Predicted intracellular proteins",0.5025,1.0,1.0
TTR:P02766:OID30782:v1,TTR,TTR,P02766,1,Tissue enriched,Detected in many,34,choroid plexus,672504.5,Low tissue specificity,Detected in all,,,0.0,Secreted to blood,"Cancer-related genes, Disease related genes, FDA approved drug targets, Human disease related genes, Plasma proteins, Predicted intracellular proteins, Predicted secreted proteins",0.9196293232171071,0.5025,0.9196293232171071
TYRP1:P17643:OID30517:v1,TYRP1,TYRP1,P17643,1,Group enriched,Detected in many,6,skin 1,137.2,Not detected,Not detected,,,0.0,,"Disease related genes, Human disease related genes, Metabolic proteins, Potential drug targets, Predicted intracellular proteins, Predicted membrane proteins, Transporters",0.6727531888068097,0.35,0.6727531888068097
UBE2Z:Q9H832:OID30427:v1,UBE2Z,UBE2Z,Q9H832,1,Low tissue specificity,Detected in all,,,0.0,Low tissue specificity,Detected in all,,,0.0,,"Enzymes, Essential proteins, Metabolic proteins, Predicted intracellular proteins",0.5025,0.5025,0.5025
UBXN1:Q04323:OID30654:v1,UBXN1,UBXN1,Q04323,1,Low tissue specificity,Detected in all,,,0.0,Low tissue specificity,Detected in all,,,0.0,,Predicted intracellular proteins,0.5025,0.5025,0.5025
UROD:P06132:OID30603:v1,UROD,UROD,P06132,1,Low tissue specificity,Detected in all,,,0.0,Tissue enhanced,Detected in all,,bone marrow,29404907.7,,"Disease related genes, Enzymes, Essential proteins, Human disease related genes, Metabolic proteins, Plasma proteins, Potential drug targets, Predicted intracellular proteins",0.5025,0.865,0.865
VAMP8:Q9BV40:OID30555:v1,VAMP8,VAMP8,Q9BV40,1,Low tissue specificity,Detected in all,,,0.0,Low tissue specificity,Detected in many,,,0.0,,"Predicted intracellular proteins, Predicted membrane proteins, Transporters",0.5025,0.5525,0.5525
VASP:P50552:OID30692:v1,VASP,VASP,P50552,1,Low tissue specificity,Detected in all,,,0.0,Tissue enhanced,Detected in all,,lymphoid tissue,138078953.4,,"Plasma proteins, Predicted intracellular proteins",0.5025,0.865,0.865
VEGFB:P49765:OID30554:v1,VEGFB,VEGFB,P49765,1,Low tissue specificity,Detected in all,,,0.0,Group enriched,Detected in many,,blood vessel,933689.6,Secreted to blood,"Cancer-related genes, FDA approved drug targets, Predicted intracellular proteins, Predicted secreted proteins, RAS pathway related proteins",0.5025,0.9324999999999999,0.9324999999999999
VNN1:O95497:OID30711:v1,VNN1,VNN1,O95497,1,Group enriched,Detected in many,7,liver,204.4,Group enriched,Detected in many,,intestine,72416299.4,Intracellular and membrane,"Enzymes, Metabolic proteins, Plasma proteins, Predicted intracellular proteins",0.6943510655013758,0.9324999999999999,0.9324999999999999
VTI1A:Q96AJ9:OID30640:v1,VTI1A,VTI1A,Q96AJ9,1,Low tissue specificity,Detected in all,,,0.0,Tissue enhanced,Detected in many,,bone marrow,9053711.7,,"Predicted intracellular proteins, Predicted membrane proteins",0.5025,0.865,0.865
WASL:O00401:OID30467:v1,WASL,WASL,O00401,1,Low tissue specificity,Detected in all,,,0.0,Tissue enhanced,Detected in many,,cerebral cortex,41750503.6,,"Plasma proteins, Predicted intracellular proteins",0.5025,0.865,0.865
XIAP:P98170:OID30490:v1,XIAP,XIAP,P98170,1,Low tissue specificity,Detected in many,,,0.0,Tissue enhanced,Detected in many,,intestine,5807671.5,,"Cancer-related genes, Disease related genes, Enzymes, FDA approved drug targets, Human disease related genes, Plasma proteins, Predicted intracellular proteins",0.5525,0.865,0.865
YWHAQ:P27348:OID30605:v1,YWHAQ,YWHAQ,P27348,1,Low tissue specificity,Detected in all,,,0.0,Low tissue specificity,Detected in all,,,0.0,,"Plasma proteins, Predicted intracellular proteins, Transporters",0.5025,0.5025,0.5025
ZBP1:Q9H171:OID30526:v1,ZBP1,ZBP1,Q9H171,1,Tissue enhanced,Detected in many,,bone marrow,26.9,Tissue enriched,Detected in single,8040,lymphoid tissue,804008.5,,Predicted intracellular proteins,0.7613596710305369,1.0,1.0
ABHD14B:Q96IU4:OID20921:v1,ABHD14B,ABHD14B,Q96IU4,1,Low tissue specificity,Detected in all,,,0.0,Low tissue specificity,Detected in all,,,0.0,,"Plasma proteins, Predicted intracellular proteins",0.5025,0.5025,0.5025
ACVRL1:P37023:OID20999:v1,ACVRL1,ACVRL1,P37023,1,Tissue enhanced,Detected in many,,lung,83.2,Tissue enriched,Detected in some,,intestine,612171.6,Intracellular and membrane,"Disease related genes, Enzymes, Human disease related genes, Potential drug targets, Predicted intracellular proteins, Predicted membrane proteins",0.7933355702396978,1.0,1.0
ADAM22:Q9P0K1:OID21001:v1,ADAM22,ADAM22,Q9P0K1,1,Tissue enriched,Detected in many,5,brain,48.2,Tissue enriched,Detected in some,,cerebral cortex,19908484.2,,"Disease related genes, Human disease related genes, Predicted intracellular proteins, Predicted membrane proteins",0.6986642233868554,1.0,1.0
ADAM8:P78325:OID21039:v1,ADAM8,ADAM8,P78325,1,Tissue enhanced,Detected in many,,bone marrow,64.8,Tissue enriched,Detected in single,45,lymphoid tissue,4527.5,Intracellular and membrane,"CD markers, Plasma proteins, Predicted intracellular proteins, Predicted membrane proteins",0.7861975232024733,0.9403552537536637,0.9403552537536637
ADGRB3:O60242:OID20974:v1,ADGRB3,ADGRB3,O60242,1,Group enriched,Detected in many,4,brain,28.2,Tissue enriched,Detected in single,44278,cerebral cortex,4427821.9,,"G-protein coupled receptors, Plasma proteins, Predicted membrane proteins, Transporters",0.6022340827186254,1.0,1.0
AFP:P02771:OID20978:v1,AFP,AFP,P02771,1,Tissue enriched,Detected in single,10,liver,3.4,Not detected,Not detected,,,0.0,Secreted to blood,"Cancer-related genes, Disease related genes, Plasma proteins, Predicted secreted proteins",0.8318507972688542,0.35,0.8318507972688542
AGR2:O95994:OID20896:v1,AGR2,AGR2,O95994,1,Tissue enhanced,Detected in many,,stomach 1,1323.9,Group enriched,Detected in many,,intestine,1691119184.2,Intracellular and membrane,Predicted intracellular proteins,0.865,0.9324999999999999,0.9324999999999999
AHSP:Q9NZD4:OID21078:v1,AHSP,AHSP,Q9NZD4,1,Tissue enriched,Detected in many,62,bone marrow,1571.3,Tissue enriched,Detected in all,,bone marrow,2367065189.2,,"Plasma proteins, Predicted intracellular proteins",0.9642056960257954,1.0,1.0
AKT1S1:Q96B36:OID20895:v1,AKT1S1,AKT1S1,Q96B36,1,Low tissue specificity,Detected in all,,,0.0,Low tissue specificity,Detected in all,,,0.0,,Predicted intracellular proteins,0.5025,0.5025,0.5025
ALDH1A1:P00352:OID21128:v1,ALDH1A1,ALDH1A1,P00352,1,Tissue enhanced,Detected in many,,liver,1403.3,Group enriched,Detected in all,,liver,2178298988.1,,"Enzymes, Metabolic proteins, Plasma proteins, Predicted intracellular proteins",0.865,0.9324999999999999,0.9324999999999999
ANXA10:Q9UJ72:OID20886:v1,ANXA10,ANXA10,Q9UJ72,1,Tissue enriched,Detected in some,5,stomach 1,459.0,Tissue enriched,Detected in some,,Stomach,453211367.0,,Predicted intracellular proteins,0.7633743755745537,1.0,1.0
ANXA3:P12429:OID21036:v1,ANXA3,ANXA3,P12429,1,Tissue enhanced,Detected in all,,bone marrow,319.2,Low tissue specificity,Detected in all,,,0.0,,"FDA approved drug targets, Metabolic proteins, Plasma proteins, Predicted intracellular proteins",0.8320039242913879,0.5025,0.8320039242913879
ANXA5:P08758:OID20810:v1,ANXA5,ANXA5,P08758,1,Low tissue specificity,Detected in all,,,0.0,Low tissue specificity,Detected in all,,,0.0,,"Disease related genes, FDA approved drug targets, Plasma proteins, Predicted intracellular proteins, Transporters",0.5025,0.5025,0.5025
APOH:P02749:OID21072:v1,APOH,APOH,P02749,1,Tissue enriched,Detected in some,564,liver,16781.5,Low tissue specificity,Detected in all,,,0.0,Secreted to blood,"Candidate cardiovascular disease genes, Plasma proteins, Predicted intracellular proteins, Predicted secreted proteins",1.0,0.5025,1.0
APP:P05067:OID21070:v1,APP,APP,P05067,1,Low tissue specificity,Detected in all,,,0.0,Tissue enhanced,Detected in many,,cerebral cortex,318796037.6,Secreted to blood,"Disease related genes, FDA approved drug targets, Human disease related genes, Plasma proteins, Predicted intracellular proteins, Predicted membrane proteins, Predicted secreted proteins, Transporters",0.5025,0.865,0.865
APRT:P07741:OID20927:v1,APRT,APRT,P07741,1,Low tissue specificity,Detected in all,,,0.0,Low tissue specificity,Detected in all,,,0.0,,"Disease related genes, Enzymes, Human disease related genes, Metabolic proteins, Plasma proteins, Potential drug targets, Predicted intracellular proteins",0.5025,0.5025,0.5025
ARSA:P15289:OID21138:v1,ARSA,ARSA,P15289,1,Low tissue specificity,Detected in all,,,0.0,Low tissue specificity,Detected in all,,,0.0,Intracellular and membrane,"Disease related genes, Enzymes, Human disease related genes, Metabolic proteins, Potential drug targets, Predicted intracellular proteins",0.5025,0.5025,0.5025
ASAH2:Q9NR71:OID20996:v1,ASAH2,ASAH2,Q9NR71,1,Tissue enriched,Detected in some,11,intestine,73.7,Tissue enriched,Detected in single,29056,intestine,2905634.8,Intracellular and membrane,"Enzymes, Metabolic proteins, Predicted intracellular proteins",0.788449537612739,1.0,1.0
ASGR1:P07306:OID20990:v1,ASGR1,ASGR1,P07306,1,Tissue enriched,Detected in many,45,liver,1142.4,Tissue enriched,Detected in some,,liver,83233213.9,Secreted to blood,"Predicted intracellular proteins, Predicted secreted proteins",0.9403552537536637,1.0,1.0
ATF2:P15336:OID20798:v1,ATF2,ATF2,P15336,1,Low tissue specificity,Detected in all,,,0.0,Tissue enriched,Detected in many,,ovary,2234936.7,,"Predicted intracellular proteins, Transcription factors",0.5025,1.0,1.0
ATP6V1F:Q16864:OID20843:v1,ATP6V1F,ATP6V1F,Q16864,1,Low tissue specificity,Detected in all,,,0.0,Group enriched,Detected in all,,cerebral cortex,107119428.0,,"Essential proteins, Metabolic proteins, Predicted intracellular proteins, Transporters",0.5025,0.9324999999999999,0.9324999999999999
ATXN10:Q9UBB4:OID20865:v1,ATXN10,ATXN10,Q9UBB4,1,Low tissue specificity,Detected in all,,,0.0,Low tissue specificity,Detected in all,,,0.0,,"Disease related genes, Essential proteins, Human disease related genes, Predicted intracellular proteins",0.5025,0.5025,0.5025
B4GAT1:O43505:OID21127:v1,B4GAT1,B4GAT1,O43505,1,Tissue enhanced,Detected in all,,brain,207.3,Tissue enriched,Detected in many,,cerebral cortex,14316173.2,Intracellular and membrane,"Disease related genes, Human disease related genes, Metabolic proteins, Plasma proteins, Predicted intracellular proteins",0.8195569214368936,1.0,1.0
BAG3:O95817:OID20972:v1,BAG3,BAG3,O95817,1,Tissue enhanced,Detected in all,,skeletal muscle,489.5,Tissue enhanced,Detected in all,,skeletal muscle,291377926.6,,"Disease related genes, Human disease related genes, Plasma proteins, Predicted intracellular proteins",0.844349983518144,0.865,0.865
BAX:Q07812:OID20856:v1,BAX,BAX,Q07812,1,Low tissue specificity,Detected in all,,,0.0,Low tissue specificity,Detected in all,,,0.0,,"Cancer-related genes, Human disease related genes, Predicted intracellular proteins, Transporters",0.5025,0.5025,0.5025
BCAM:P50895:OID21076:v1,BCAM,BCAM,P50895,1,Tissue enhanced,Detected in all,,blood vessel,346.2,Low tissue specificity,Detected in all,,,0.0,,"Blood group antigen proteins, CD markers, Plasma proteins, Predicted intracellular proteins, Predicted membrane proteins",0.8343474777915341,0.5025,0.8343474777915341
BCAN:Q96GW7:OID20998:v1,BCAN,BCAN,Q96GW7,1,Tissue enriched,Detected in many,16,brain,236.6,Tissue enriched,Detected in some,,cerebral cortex,609814244.7,Secreted in brain,"Plasma proteins, Predicted secreted proteins",0.8232311546767485,1.0,1.0
BIN2:Q9UBW5:OID21067:v1,BIN2,BIN2,Q9UBW5,1,Tissue enhanced,Detected in many,,bone marrow,95.7,Tissue enhanced,Detected in many,,lymphoid tissue,26138223.1,,"Plasma proteins, Predicted intracellular proteins",0.79734261595582,0.865,0.865
BLVRB:P30043:OID21141:v1,BLVRB,BLVRB,P30043,1,Tissue enhanced,Detected in all,,bone marrow,588.8,Low tissue specificity,Detected in all,,,0.0,,"Enzymes, FDA approved drug targets, Metabolic proteins, Plasma proteins, Predicted intracellular proteins",0.8496869284022707,0.5025,0.8496869284022707
BMP4:P12644:OID20994:v1,BMP4,BMP4,P12644,1,Tissue enhanced,Detected in many,,choroid plexus,74.6,Not detected,Not detected,,,0.0,Secreted to blood,"Cancer-related genes, Disease related genes, Human disease related genes, Predicted intracellular proteins, Predicted secreted proteins",0.79021666845481,0.35,0.79021666845481
BRK1:Q8WUW1:OID20883:v1,BRK1,BRK1,Q8WUW1,1,Low tissue specificity,Detected in all,,,0.0,Low tissue specificity,Detected in all,,,0.0,,Predicted intracellular proteins,0.5025,0.5025,0.5025
BST1:Q10588:OID21051:v1,BST1,BST1,Q10588,1,Group enriched,Detected in many,5,bone marrow,131.9,Tissue enhanced,Detected in all,,ovary,102629362.9,Intracellular and membrane,"CD markers, Enzymes, FDA approved drug targets, Metabolic proteins, Plasma proteins, Predicted intracellular proteins",0.6599307196358201,0.865,0.865
BST2:Q10589:OID21029:v1,BST2,BST2,Q10589,1,Tissue enhanced,Detected in all,,ovary,677.0,Low tissue specificity,Detected in all,,,0.0,,"CD markers, Plasma proteins, Predicted membrane proteins, Transporters",0.8537213396966612,0.5025,0.8537213396966612
C19orf12:Q9NSK7:OID20804:v1,C19orf12,C19orf12,Q9NSK7,1,Tissue enhanced,Detected in all,,adipose tissue,110.6,Low tissue specificity,Detected in many,,,0.0,,"Disease related genes, Human disease related genes, Predicted intracellular proteins",0.8014911970551817,0.5525,0.8014911970551817
C2CD2L:O14523:OID20864:v1,C2CD2L,C2CD2L,O14523,1,Low tissue specificity,Detected in all,,,0.0,Tissue enhanced,Detected in many,,cerebral cortex,4586091.6,,"Predicted intracellular proteins, Predicted membrane proteins, Transporters",0.5025,0.865,0.865
CA2:P00918:OID21149:v1,CA2,CA2,P00918,1,Tissue enhanced,Detected in many,,stomach 1,1046.9,Tissue enhanced,Detected in all,,kidney,1515176604.3,,"Disease related genes, Enzymes, FDA approved drug targets, Human disease related genes, Metabolic proteins, Plasma proteins, Predicted intracellular proteins",0.865,0.865,0.865
CA6:P23280:OID21096:v1,CA6,CA6,P23280,1,Tissue enriched,Detected in some,290,salivary gland,8839.7,Tissue enriched,Detected in all,,salivary gland,290399687.3,Secreted to digestive system,"Enzymes, FDA approved drug targets, Metabolic proteins, Predicted secreted proteins",1.0,1.0,1.0
CALCA:P01258:OID20983:v1,CALCA,CALCA,P01258,1,Group enriched,Detected in some,4,parathyroid gland,167.3,Group enriched,Detected in some,12406,intestine,1798572.0,Secreted to blood,"Cancer-related genes, FDA approved drug targets, Plasma proteins, Predicted secreted proteins, Transporters",0.6545560259036266,0.9324999999999999,0.9324999999999999
CARHSP1:Q9Y2V2:OID20859:v1,CARHSP1,CARHSP1,Q9Y2V2,1,Tissue enhanced,Detected in all,,testis,403.7,Tissue enriched,Detected in all,,liver,275930739.8,,Predicted intracellular proteins,0.8387837350908796,1.0,1.0
CASP1:P29466:OID20854:v1,CASP1,CASP1,P29466,1,Tissue enhanced,Detected in many,,intestine,122.0,Tissue enhanced,Detected in many,,intestine,80962624.3,,"Cancer-related genes, Enzymes, Predicted intracellular proteins",0.804306850773748,0.865,0.865
CASP10:Q92851:OID20893:v1,CASP10,CASP10,Q92851,1,Low tissue specificity,Detected in all,,,0.0,Tissue enhanced,Detected in many,,Stomach,5389807.8,,"Cancer-related genes, Disease related genes, Enzymes, Human disease related genes, Potential drug targets, Predicted intracellular proteins",0.5025,0.865,0.865
CCL19:Q99731:OID21030:v1,CCL19,CCL19,Q99731,1,Tissue enhanced,Detected in many,,lymphoid tissue,591.4,Tissue enriched,Detected in single,203,lymphoid tissue,20287.4,Secreted to blood,"Cancer-related genes, Predicted secreted proteins",0.8498142620869351,1.0,1.0
CCL2:P13500:OID21004:v1,CCL2,CCL2,P13500,1,Tissue enhanced,Detected in all,,urinary bladder,701.0,Not detected,Not detected,,,0.0,Secreted to blood,"Cancer-related genes, Candidate cardiovascular disease genes, Human disease related genes, Plasma proteins, Predicted secreted proteins",0.8547283552065926,0.35,0.8547283552065926
CCN5:O76076:OID21068:v1,CCN5,CCN5,O76076,1,Tissue enhanced,Detected in many,,blood vessel,904.2,Group enriched,Detected in some,,blood vessel,20545033.0,Secreted to extracellular matrix,"Plasma proteins, Predicted secreted proteins",0.8620877858957441,0.9324999999999999,0.9324999999999999
CCS:O14618:OID20973:v1,CCS,CCS,O14618,1,Low tissue specificity,Detected in all,,,0.0,Low tissue specificity,Detected in all,,,0.0,,"Plasma proteins, Predicted intracellular proteins",0.5025,0.5025,0.5025
CD109:Q6YHK3:OID21108:v1,CD109,CD109,Q6YHK3,1,Tissue enriched,Detected in many,17,parathyroid gland,310.7,Tissue enhanced,Detected in all,,skin,27040700.9,,"CD markers, Plasma proteins, Predicted membrane proteins",0.8354241364727977,0.865,0.865
CD164:Q04900:OID21080:v1,CD164,CD164,Q04900,1,Low tissue specificity,Detected in all,,,0.0,Tissue enriched,Detected in some,,ovary,4386850.1,Intracellular and membrane,"CD markers, Disease related genes, Human disease related genes, Predicted intracellular proteins, Predicted membrane proteins",0.5025,1.0,1.0
CD177:Q8N6Q3:OID21119:v1,CD177,CD177,Q8N6Q3,1,Tissue enhanced,Detected in many,,bone marrow,270.4,,,,,0.0,Intracellular and membrane,Predicted intracellular proteins,0.827217184612715,0.4475,0.827217184612715
CD274:Q9NZQ7:OID20966:v1,CD274,CD274,Q9NZQ7,1,Tissue enhanced,Detected in many,,lung,16.1,Tissue enriched,Detected in some,,lymphoid tissue,68284.0,Secreted - unknown location,"Cancer-related genes, CD markers, Disease related genes, FDA approved drug targets, Predicted membrane proteins, Predicted secreted proteins, Transporters",0.755,1.0,1.0
CD300C:Q08708:OID21010:v1,CD300C,CD300C,Q08708,1,Tissue enhanced,Detected in many,,bone marrow,9.2,Not detected,Not detected,,,0.0,,"CD markers, Predicted membrane proteins",0.755,0.35,0.755
CD300LG:Q6UXG3:OID21130:v1,CD300LG,CD300LG,Q6UXG3,1,Tissue enhanced,Detected in many,,adipose tissue,123.7,Tissue enriched,Detected in single,770,heart muscle,77033.3,,"CD markers, Predicted intracellular proteins, Predicted membrane proteins",0.8047042160805807,1.0,1.0
CD34:P28906:OID21025:v1,CD34,CD34,P28906,1,Low tissue specificity,Detected in all,,,0.0,Low tissue specificity,Detected in many,,,0.0,,"CD markers, Predicted membrane proteins",0.5025,0.5525,0.5525
CD63:P08962:OID20988:v1,CD63,CD63,P08962,1,Low tissue specificity,Detected in all,,,0.0,Low tissue specificity,Detected in many,,,0.0,Intracellular and membrane,"CD markers, Plasma proteins, Predicted membrane proteins, Transporters",0.5025,0.5525,0.5525
CD74:P04233:OID21040:v1,CD74,CD74,P04233,1,Tissue enhanced,Detected in all,,lymphoid tissue,4925.3,Tissue enhanced,Detected in all,,lymphoid tissue,91191182.8,Secreted to blood,"Cancer-related genes, CD markers, Disease related genes, Potential drug targets, Predicted membrane proteins, Predicted secreted proteins, Transporters",0.865,0.865,0.865
CD8A:P01732:OID21018:v1,CD8A,CD8A,P01732,1,Tissue enriched,Detected in many,13,lymphoid tissue,216.0,Group enriched,Detected in many,,lymphoid tissue,1378123.0,Intracellular and membrane,"CD markers, Disease related genes, Human disease related genes, Predicted intracellular proteins, Predicted membrane proteins",0.8058814140800014,0.9324999999999999,0.9324999999999999
CD99:P14209:OID21110:v1,CD99,CD99,P14209,1,Low tissue specificity,Detected in all,,,0.0,Tissue enhanced,Detected in all,,ovary,27424108.0,,"CD markers, Plasma proteins, Predicted intracellular proteins, Predicted membrane proteins",0.5025,0.865,0.865
CD99L2:Q8TCZ2:OID21122:v1,CD99L2,CD99L2,Q8TCZ2,1,Tissue enhanced,Detected in all,,skeletal muscle,170.4,Group enriched,Detected in many,,cerebral cortex,18082624.2,Secreted in other tissues,"Predicted intracellular proteins, Predicted membrane proteins, Predicted secreted proteins",0.8139125079837771,0.9324999999999999,0.9324999999999999
CDCP1:Q9H5V8:OID20940:v1,CDCP1,CDCP1,Q9H5V8,1,Tissue enhanced,Detected in many,,esophagus,35.8,Group enriched,Detected in some,,intestine,871784.9,Intracellular and membrane,"CD markers, Predicted intracellular proteins, Predicted membrane proteins",0.7693747523351019,0.9324999999999999,0.9324999999999999
CDH15:P55291:OID21005:v1,CDH15,CDH15,P55291,1,Group enriched,Detected in some,13,brain,79.7,Group enriched,Detected in some,6334,skeletal muscle,1196767.8,,"Disease related genes, Human disease related genes, Predicted membrane proteins",0.7326399664417714,0.9324999999999999,0.9324999999999999
CDH3:P22223:OID21008:v1,CDH3,CDH3,P22223,1,Tissue enhanced,Detected in many,,choroid plexus,51.8,Tissue enriched,Detected in some,,fallopian tube,6986606.4,,"Disease related genes, Human disease related genes, Predicted intracellular proteins, Predicted membrane proteins",0.7798256470931038,1.0,1.0
CDHR1:Q96JP9:OID20808:v1,CDHR1,CDHR1,Q96JP9,1,Group enriched,Detected in many,5,retina,291.2,Not detected,Not detected,,,0.0,Intracellular and membrane,"Disease related genes, Human disease related genes, Predicted intracellular proteins, Predicted membrane proteins",0.6827377683374527,0.35,0.6827377683374527
CERT:Q9Y5P4:OID20857:v1,CERT,CERT1,Q9Y5P4,1,Low tissue specificity,Detected in all,,,0.0,Tissue enhanced,Detected in all,,blood vessel,11344659.5,,"Disease related genes, Human disease related genes, Metabolic proteins, Predicted intracellular proteins",0.5025,0.865,0.865
CETN2:P41208:OID20836:v1,CETN2,CETN2,P41208,1,Tissue enhanced,Detected in all,,choroid plexus,233.9,Tissue enhanced,Detected in all,,fallopian tube,24182027.3,,Predicted intracellular proteins,0.8230360011621651,0.865,0.865
CGA:P01215:OID21069:v1,CGA,CGA,P01215,1,Tissue enriched,Detected in many,9,pituitary gland,6387.3,Group enriched,Detected in some,,intestine,1696733.4,Secreted to blood,"Cancer-related genes, Plasma proteins, Predicted intracellular proteins, Predicted secreted proteins",0.8246226950319173,0.9324999999999999,0.9324999999999999
CHGB:P05060:OID21038:v1,CHGB,CHGB,P05060,1,Tissue enhanced,Detected in many,,adrenal gland,3273.4,Low tissue specificity,Detected in many,,,0.0,Intracellular and membrane,"Plasma proteins, Predicted intracellular proteins",0.865,0.5525,0.865
CHMP1A:Q9HD42:OID20930:v1,CHMP1A,CHMP1A,Q9HD42,1,Low tissue specificity,Detected in all,,,0.0,Low tissue specificity,Detected in all,,,0.0,,"Disease related genes, Human disease related genes, Predicted intracellular proteins",0.5025,0.5025,0.5025
CLEC10A:Q8IUN9:OID20928:v1,CLEC10A,CLEC10A,Q8IUN9,1,Tissue enhanced,Detected in many,,lymphoid tissue,27.7,Tissue enriched,Detected in some,,lymphoid tissue,178095.3,,"CD markers, Predicted intracellular proteins, Predicted membrane proteins",0.7621780655123587,1.0,1.0
CLEC11A:Q9Y240:OID21112:v1,CLEC11A,CLEC11A,Q9Y240,1,Tissue enhanced,Detected in many,,bone marrow,109.3,Group enriched,Detected in many,,blood vessel,26214839.7,Secreted in other tissues,"Plasma proteins, Predicted secreted proteins",0.8011520006569297,0.9324999999999999,0.9324999999999999
CLEC14A:Q86T13:OID21090:v1,CLEC14A,CLEC14A,Q86T13,1,Low tissue specificity,Detected in many,,,0.0,Group enriched,Detected in some,,lung,125909.9,,Predicted membrane proteins,0.5525,0.9324999999999999,0.9324999999999999
CLEC1B:Q9P126:OID21061:v1,CLEC1B,CLEC1B,Q9P126,1,Tissue enriched,Detected in some,8,liver,74.8,Group enriched,Detected in some,3941,liver,596463.9,,"Predicted intracellular proteins, Predicted membrane proteins",0.7666323987123148,0.9324999999999999,0.9324999999999999
CLPP:Q16740:OID20910:v1,CLPP,CLPP,Q16740,1,Low tissue specificity,Detected in all,,,0.0,Tissue enhanced,Detected in all,,kidney,96604811.3,,"Disease related genes, Enzymes, Human disease related genes, Potential drug targets, Predicted intracellular proteins",0.5025,0.865,0.865
CLPS:P04118:OID21156:v1,CLPS,CLPS,P04118,1,Tissue enriched,Detected in many,3987,pancreas,246873.6,Group enriched,Detected in some,152714,intestine,17071560.4,Secreted to digestive system,"Metabolic proteins, Plasma proteins, Predicted intracellular proteins, Predicted secreted proteins",1.0,0.9324999999999999,1.0
CLSPN:Q9HAW4:OID20831:v1,CLSPN,CLSPN,Q9HAW4,1,Tissue enhanced,Detected in some,,bone marrow,10.6,Not detected,Not detected,,,0.0,,"Essential proteins, Predicted intracellular proteins",0.8150000000000001,0.35,0.8150000000000001
CLSTN1:O94985:OID20874:v1,CLSTN1,CLSTN1,O94985,1,Low tissue specificity,Detected in all,,,0.0,Tissue enriched,Detected in many,,cerebral cortex,30926666.0,,"Cancer-related genes, Plasma proteins, Predicted membrane proteins",0.5025,1.0,1.0
CNTN3:Q9P232:OID21092:v1,CNTN3,CNTN3,Q9P232,1,Low tissue specificity,Detected in many,,,0.0,Tissue enriched,Detected in some,,cerebral cortex,3423546.3,Intracellular and membrane,"Plasma proteins, Predicted intracellular proteins",0.5525,1.0,1.0
CNTN4:Q8IWV2:OID21117:v1,CNTN4,CNTN4,Q8IWV2,1,Tissue enhanced,Detected in many,,parathyroid gland,21.2,Tissue enriched,Detected in many,,cerebral cortex,6704685.0,Intracellular and membrane,"Disease related genes, Plasma proteins, Predicted intracellular proteins",0.755,1.0,1.0
CNTN5:O94779:OID21006:v1,CNTN5,CNTN5,O94779,1,Tissue enhanced,Detected in some,,placenta,2.4,Tissue enriched,Detected in single,41365,cerebral cortex,4136511.3,Intracellular and membrane,"Plasma proteins, Predicted intracellular proteins",0.8150000000000001,1.0,1.0
CPA2:P48052:OID21060:v1,CPA2,CPA2,P48052,1,Tissue enriched,Detected in many,417,pancreas,42780.5,Tissue enriched,Detected in some,,pancreas,1426065789.5,Secreted to digestive system,"Enzymes, Metabolic proteins, Predicted secreted proteins",1.0,1.0,1.0
CPM:P14384:OID21054:v1,CPM,CPM,P14384,1,Tissue enhanced,Detected in many,,adipose tissue,146.3,Low tissue specificity,Detected in all,,,0.0,,"Enzymes, Plasma proteins, Predicted intracellular proteins, Predicted membrane proteins",0.8095259379712252,0.5025,0.8095259379712252
CPPED1:Q9BRF8:OID21053:v1,CPPED1,CPPED1,Q9BRF8,1,Low tissue specificity,Detected in all,,,0.0,Low tissue specificity,Detected in all,,,0.0,,"Enzymes, Predicted intracellular proteins",0.5025,0.5025,0.5025
CRADD:P78560:OID20923:v1,CRADD,CRADD,P78560,1,Low tissue specificity,Detected in all,,,0.0,Low tissue specificity,Detected in all,,,0.0,,"Cancer-related genes, Disease related genes, Human disease related genes, Predicted intracellular proteins",0.5025,0.5025,0.5025
CRIP2:P52943:OID20901:v1,CRIP2,CRIP2,P52943,1,Tissue enhanced,Detected in all,,heart muscle,1152.2,Tissue enhanced,Detected in all,,blood vessel,216515032.0,,Predicted intracellular proteins,0.865,0.865,0.865
CRTAM:O95727:OID20914:v1,CRTAM,CRTAM,O95727,1,Tissue enriched,Detected in some,16,brain,128.2,Not detected,Not detected,,,0.0,,"CD markers, Predicted membrane proteins",0.81486430675019,0.35,0.81486430675019
CST5:P28325:OID20995:v1,CST5,CST5,P28325,1,Tissue enriched,Detected in some,956,salivary gland,2025.9,Tissue enhanced,Detected in all,,salivary gland,118012625.6,Secreted to digestive system,"Plasma proteins, Predicted secreted proteins",1.0,0.865,1.0
CTRB1:P17538:OID21150:v1,CTRB1,CTRB1,P17538,1,Tissue enriched,Detected in many,5352,pancreas,126232.8,Tissue enriched,Detected in single,223523,pancreas,22352256.2,Secreted to digestive system,"Enzymes, Predicted intracellular proteins, Predicted secreted proteins",1.0,1.0,1.0
CTSS:P25774:OID21056:v1,CTSS,CTSS,P25774,1,Tissue enhanced,Detected in all,,lymphoid tissue,127.8,Tissue enhanced,Detected in all,,lymphoid tissue,55896122.5,Intracellular and membrane,"Enzymes, Metabolic proteins, Plasma proteins, Predicted intracellular proteins",0.8056407078802642,0.865,0.865
CX3CL1:P78423:OID20976:v1,CX3CL1,CX3CL1,P78423,1,Low tissue specificity,Detected in many,,,0.0,Group enriched,Detected in some,185,intestine,25484.7,Secreted to blood,"Plasma proteins, Predicted membrane proteins, Predicted secreted proteins",0.5525,0.9324999999999999,0.9324999999999999
CXCL11:O14625:OID21042:v1,CXCL11,CXCL11,O14625,1,Tissue enhanced,Detected in many,,lymphoid tissue,11.1,Group enriched,Detected in some,,intestine,2083096.6,Secreted to blood,"Human disease related genes, Predicted secreted proteins",0.755,0.9324999999999999,0.9324999999999999
CXCL13:O43927:OID21024:v1,CXCL13,CXCL13,O43927,1,Tissue enriched,Detected in many,15,lymphoid tissue,505.6,Tissue enriched,Detected in single,5379,lymphoid tissue,537887.4,Secreted to blood,"Cancer-related genes, Predicted secreted proteins",0.8405516030013154,1.0,1.0
CXCL8:P10145:OID20997:v1,CXCL8,CXCL8,P10145,1,Tissue enriched,Detected in many,7,bone marrow,2989.3,Not detected,Not detected,,,0.0,Secreted to blood,"Cancer-related genes, Candidate cardiovascular disease genes, Plasma proteins, Predicted secreted proteins",0.8077000073848724,0.35,0.8077000073848724
DARS1:P14868:OID20903:v1,DARS1,DARS1,P14868,1,Low tissue specificity,Detected in all,,,0.0,Low tissue specificity,Detected in all,,,0.0,,"Disease related genes, Enzymes, Essential proteins, Human disease related genes, Metabolic proteins, Plasma proteins, Potential drug targets, Predicted intracellular proteins",0.5025,0.5025,0.5025
DBI:P07108:OID21143:v1,DBI,DBI,P07108,1,Low tissue specificity,Detected in all,,,0.0,Low tissue specificity,Detected in all,,,0.0,,"Cancer-related genes, Metabolic proteins, Plasma proteins, Predicted intracellular proteins",0.5025,0.5025,0.5025
DCTN6:O00399:OID20879:v1,DCTN6,DCTN6,O00399,1,Low tissue specificity,Detected in all,,,0.0,Low tissue specificity,Detected in all,,,0.0,,"Essential proteins, Predicted intracellular proteins",0.5025,0.5025,0.5025
DDR1:Q08345:OID21009:v1,DDR1,DDR1,Q08345,1,Low tissue specificity,Detected in many,,,0.0,Group enriched,Detected in some,31994,salivary gland,5250407.5,Intracellular and membrane,"CD markers, Enzymes, Predicted intracellular proteins, Predicted membrane proteins",0.5525,0.9324999999999999,0.9324999999999999
DKK1:O94907:OID21066:v1,DKK1,DKK1,O94907,1,Tissue enhanced,Detected in many,,placenta,46.0,Not detected,Not detected,,,0.0,Secreted in other tissues,Predicted secreted proteins,0.7764570635286516,0.35,0.7764570635286516
DKK4:Q9UBT3:OID20934:v1,DKK4,DKK4,Q9UBT3,1,Tissue enhanced,Detected in some,,esophagus,4.6,Not detected,Not detected,,,0.0,Secreted in other tissues,Predicted secreted proteins,0.8150000000000001,0.35,0.8150000000000001
DNMBP:Q6XZF7:OID20956:v1,DNMBP,DNMBP,Q6XZF7,1,Low tissue specificity,Detected in all,,,0.0,Tissue enhanced,Detected in many,,bone marrow,926086.8,,"Disease related genes, Human disease related genes, Predicted intracellular proteins",0.5025,0.865,0.865
DPEP1:P16444:OID20897:v1,DPEP1,DPEP1,P16444,1,Group enriched,Detected in many,8,pancreas,477.7,Group enriched,Detected in many,,kidney,670850514.2,Intracellular and membrane,"Enzymes, FDA approved drug targets, Metabolic proteins, Predicted intracellular proteins",0.727777445280609,0.9324999999999999,0.9324999999999999
DRAXIN:Q8NBI3:OID20917:v1,DRAXIN,DRAXIN,Q8NBI3,1,Tissue enhanced,Detected in single,,brain,1.0,Not detected,Not detected,,,0.0,Secreted in brain,Predicted secreted proteins,0.865,0.35,0.865
DSC2:Q02487:OID21079:v1,DSC2,DSC2,Q02487,1,Tissue enhanced,Detected in many,,esophagus,160.9,Low tissue specificity,Detected in all,,,0.0,,"Disease related genes, Human disease related genes, Plasma proteins, Predicted membrane proteins",0.8122618155709906,0.5025,0.8122618155709906
DSG2:Q14126:OID21113:v1,DSG2,DSG2,Q14126,1,Tissue enhanced,Detected in many,,parathyroid gland,148.5,Group enriched,Detected in many,,heart muscle,115071823.6,,"Disease related genes, Human disease related genes, Plasma proteins, Predicted intracellular proteins, Predicted membrane proteins",0.8099551055950795,0.9324999999999999,0.9324999999999999
DUSP3:P51452:OID20827:v1,DUSP3,DUSP3,P51452,1,Tissue enhanced,Detected in all,,skeletal muscle,245.3,Low tissue specificity,Detected in all,,,0.0,,"Enzymes, Plasma proteins, Predicted intracellular proteins",0.8244078956634292,0.5025,0.8244078956634292
EBAG9:O00559:OID20918:v1,EBAG9,EBAG9,O00559,1,Low tissue specificity,Detected in all,,,0.0,Tissue enhanced,Detected in many,,blood vessel,3078792.4,,"Cancer-related genes, Predicted intracellular proteins",0.5025,0.865,0.865
ECE1:P42892:OID20891:v1,ECE1,ECE1,P42892,1,Low tissue specificity,Detected in all,,,0.0,Low tissue specificity,Detected in many,,,0.0,,"Disease related genes, Enzymes, Human disease related genes, Plasma proteins, Potential drug targets, Predicted intracellular proteins, Predicted membrane proteins",0.5025,0.5525,0.5525
EFNA1:P20827:OID21125:v1,EFNA1,EFNA1,P20827,1,Tissue enhanced,Detected in all,,liver,476.5,Tissue enhanced,Detected in many,,skin,43490256.4,Secreted to blood,"Cancer-related genes, Predicted secreted proteins, RAS pathway related proteins",0.8435723869774461,0.865,0.865
EFNA4:P52798:OID20935:v1,EFNA4,EFNA4,P52798,1,Tissue enhanced,Detected in many,,skin 1,29.2,Not detected,Not detected,,,0.0,Secreted to blood,"Predicted membrane proteins, Predicted secreted proteins, RAS pathway related proteins",0.7636528552029054,0.35,0.7636528552029054
EIF4B:P23588:OID21000:v1,EIF4B,EIF4B,P23588,1,Low tissue specificity,Detected in all,,,0.0,Low tissue specificity,Detected in all,,,0.0,,"Essential proteins, Predicted intracellular proteins",0.5025,0.5025,0.5025
ENO1:P06733:OID21037:v1,ENO1,ENO1,P06733,1,Low tissue specificity,Detected in all,,,0.0,Low tissue specificity,Detected in all,,,0.0,,"Cancer-related genes, Enzymes, Metabolic proteins, Plasma proteins, Predicted intracellular proteins",0.5025,0.5025,0.5025
ENO2:P09104:OID21046:v1,ENO2,ENO2,P09104,1,Group enriched,Detected in all,7,retina,1573.2,Tissue enriched,Detected in all,,cerebral cortex,1520840751.0,,"Cancer-related genes, Candidate cardiovascular disease genes, Enzymes, Metabolic proteins, Plasma proteins, Predicted intracellular proteins",0.7402000073848722,1.0,1.0
EPHB6:O15197:OID20982:v1,EPHB6,EPHB6,O15197,1,Tissue enhanced,Detected in many,,skin 1,79.7,,,,,0.0,Intracellular and membrane,"Predicted intracellular proteins, Predicted membrane proteins",0.7921065109568444,0.4475,0.7921065109568444
EREG:O14944:OID20905:v1,EREG,EREG,O14944,1,Tissue enriched,Detected in many,10,bone marrow,121.5,Not detected,Not detected,,,0.0,Secreted to blood,"Human disease related genes, Predicted membrane proteins, Predicted secreted proteins",0.7710397302551645,0.35,0.7710397302551645
EZR:P15311:OID21017:v1,EZR,EZR,P15311,1,Low tissue specificity,Detected in all,,,0.0,Low tissue specificity,Detected in all,,,0.0,,"Cancer-related genes, Plasma proteins, Predicted intracellular proteins",0.5025,0.5025,0.5025
F11R:Q9Y624:OID21151:v1,F11R,F11R,Q9Y624,1,Low tissue specificity,Detected in all,,,0.0,Low tissue specificity,Detected in all,,,0.0,,"CD markers, Plasma proteins, Predicted membrane proteins",0.5025,0.5025,0.5025
FABP5:Q01469:OID21043:v1,FABP5,FABP5,Q01469,1,Tissue enhanced,Detected in all,,esophagus,4866.2,Low tissue specificity,Detected in all,,,0.0,Intracellular and membrane,"Cancer-related genes, Metabolic proteins, Plasma proteins, Predicted intracellular proteins, Transporters",0.865,0.5025,0.865
FCER2:P06734:OID21133:v1,FCER2,FCER2,P06734,1,Tissue enriched,Detected in some,4,lymphoid tissue,39.5,Tissue enriched,Detected in single,50475,lymphoid tissue,5047522.4,Secreted to blood,"Cancer-related genes, CD markers, Predicted intracellular proteins, Predicted membrane proteins, Predicted secreted proteins",0.7220560259036266,1.0,1.0
FCRL5:Q96RD9:OID21111:v1,FCRL5,FCRL5,Q96RD9,1,Tissue enriched,Detected in some,6,lymphoid tissue,34.1,Group enriched,Detected in some,5645,blood vessel,897283.6,Secreted to blood,"CD markers, Disease related genes, Predicted membrane proteins, Predicted secreted proteins",0.7475732973134807,0.9324999999999999,0.9324999999999999
FGR:P09769:OID20828:v1,FGR,FGR,P09769,1,Group enriched,Detected in many,6,bone marrow,196.5,Group enriched,Detected in some,,bone marrow,36903241.4,,"Disease related genes, Enzymes, Plasma proteins, Potential drug targets, Predicted intracellular proteins",0.6830889637593835,0.9324999999999999,0.9324999999999999
FHIT:P49789:OID20872:v1,FHIT,FHIT,P49789,1,Tissue enriched,Detected in all,25,choroid plexus,607.4,Group enriched,Detected in all,,kidney,53599413.2,,"Cancer-related genes, Disease related genes, Enzymes, Human disease related genes, Metabolic proteins, Potential drug targets, Predicted intracellular proteins",0.8826722202466443,0.9324999999999999,0.9324999999999999
FKBP4:Q02790:OID20960:v1,FKBP4,FKBP4,Q02790,1,Low tissue specificity,Detected in all,,,0.0,Low tissue specificity,Detected in all,,,0.0,,"Enzymes, Metabolic proteins, Plasma proteins, Predicted intracellular proteins",0.5025,0.5025,0.5025
FKBP5:Q13451:OID20937:v1,FKBP5,FKBP5,Q13451,1,Tissue enhanced,Detected in all,,tongue,864.2,Low tissue specificity,Detected in all,,,0.0,,"Cancer-related genes, Enzymes, Human disease related genes, Metabolic proteins, Plasma proteins, Predicted intracellular proteins",0.8607794395692601,0.5025,0.8607794395692601
FLRT2:O43155:OID20946:v1,FLRT2,FLRT2,O43155,1,Tissue enhanced,Detected in many,,ovary,38.6,Tissue enhanced,Detected in some,,pancreas,5500762.7,Intracellular and membrane,"Predicted intracellular proteins, Predicted membrane proteins",0.7714976029913475,0.865,0.865
FOLR2:P14207:OID21062:v1,FOLR2,FOLR2,P14207,1,Tissue enhanced,Detected in many,,placenta,158.2,Low tissue specificity,Detected in many,,,0.0,Secreted to blood,"Metabolic proteins, Predicted intracellular proteins, Predicted membrane proteins, Predicted secreted proteins",0.8117749669908773,0.5525,0.8117749669908773
FRZB:Q92765:OID20968:v1,FRZB,FRZB,Q92765,1,Group enriched,Detected in many,5,blood vessel,317.3,Tissue enriched,Detected in many,,blood vessel,52991300.5,Secreted in other tissues,"Disease related genes, Predicted secreted proteins",0.6852145051070831,1.0,1.0
FUT3_FUT5:P21217_Q11128:OID21013:v1,FUT3_FUT5,FUT3;FUT5,P21217;Q11128,0,,,,,0.0,,,,,0.0,,,0.4475,0.4475,0.4475
FUT8:Q9BYC5:OID20992:v1,FUT8,FUT8,Q9BYC5,1,Low tissue specificity,Detected in all,,,0.0,Tissue enhanced,Detected in many,,salivary gland,13216890.7,,"Disease related genes, Enzymes, Human disease related genes, Metabolic proteins, Potential drug targets, Predicted intracellular proteins, Predicted membrane proteins",0.5025,0.865,0.865
FYB1:O15117:OID21140:v1,FYB1,FYB1,O15117,1,Group enriched,Detected in many,5,lymphoid tissue,105.1,Tissue enhanced,Detected in many,,lymphoid tissue,19400042.8,,"Disease related genes, Human disease related genes, Predicted intracellular proteins",0.6534110231841945,0.865,0.865
GBP4:Q96PP9:OID20845:v1,GBP4,GBP4,Q96PP9,1,Low tissue specificity,Detected in all,,,0.0,Tissue enhanced,Detected in many,,liver,3570734.1,,"Plasma proteins, Predicted intracellular proteins",0.5025,0.865,0.865
GDNF:P39905:OID20861:v1,GDNF,GDNF,P39905,1,Tissue enhanced,Detected in many,,skeletal muscle,9.7,Not detected,Not detected,,,0.0,Secreted in other tissues,"Cancer-related genes, Disease related genes, Human disease related genes, Predicted intracellular proteins, Predicted secreted proteins",0.755,0.35,0.755
GFRA3:O60609:OID20933:v1,GFRA3,GFRA3,O60609,1,Tissue enhanced,Detected in many,,intestine,13.3,Tissue enriched,Detected in single,2127,salivary gland,212666.9,,Predicted membrane proteins,0.755,1.0,1.0
GGT1:P19440:OID21075:v1,GGT1,GGT1,P19440,1,Tissue enhanced,Detected in many,,kidney,149.7,Group enriched,Detected in some,,kidney,68827912.5,Intracellular and membrane,"Candidate cardiovascular disease genes, CD markers, Disease related genes, Enzymes, Metabolic proteins, Plasma proteins, Potential drug targets, Predicted intracellular proteins, Predicted membrane proteins",0.8101865427514726,0.9324999999999999,0.9324999999999999
GGT5:P36269:OID20909:v1,GGT5,GGT5,P36269,1,Low tissue specificity,Detected in all,,,0.0,Low tissue specificity,Detected in all,,,0.0,,"Enzymes, Metabolic proteins, Predicted intracellular proteins",0.5025,0.5025,0.5025
GKN1:Q9NS71:OID20885:v1,GKN1,GKN1,Q9NS71,1,Tissue enriched,Detected in many,1850,stomach 1,35310.8,Tissue enriched,Detected in single,906,kidney,90600.8,Secreted to digestive system,"Plasma proteins, Predicted secreted proteins, Transporters",1.0,1.0,1.0
GLB1:P16278:OID20949:v1,GLB1,GLB1,P16278,1,Low tissue specificity,Detected in all,,,0.0,Low tissue specificity,Detected in all,,,0.0,Intracellular and membrane,"Disease related genes, Enzymes, Human disease related genes, Metabolic proteins, Plasma proteins, Potential drug targets, Predicted intracellular proteins",0.5025,0.5025,0.5025
GLT8D2:Q9H1C3:OID20825:v1,GLT8D2,GLT8D2,Q9H1C3,1,Low tissue specificity,Detected in many,,,0.0,Tissue enriched,Detected in some,,ovary,2198450.9,,"Metabolic proteins, Predicted intracellular proteins",0.5525,1.0,1.0
GNLY:P22749:OID21132:v1,GNLY,GNLY,P22749,1,Tissue enhanced,Detected in many,,bone marrow,271.5,Not detected,Not detected,,,0.0,Secreted to blood,"Predicted intracellular proteins, Predicted secreted proteins, Transporters",0.8273342785560299,0.35,0.8273342785560299
GOLM2:Q6P4E1:OID21044:v1,GOLM2,GOLM2,Q6P4E1,1,Low tissue specificity,Detected in all,,,0.0,Tissue enriched,Detected in many,,heart muscle,177862139.6,,Predicted intracellular proteins,0.5025,1.0,1.0
GP6:Q9HCN6:OID21091:v1,GP6,GP6,Q9HCN6,1,Tissue enhanced,Detected in some,,testis,2.5,Group enriched,Detected in many,,lymphoid tissue,40743064.0,Intracellular and membrane,"Disease related genes, Human disease related genes, Plasma proteins, Predicted intracellular proteins, Predicted membrane proteins",0.8150000000000001,0.9324999999999999,0.9324999999999999
GPC5:P78333:OID20944:v1,GPC5,GPC5,P78333,1,Tissue enhanced,Detected in some,,brain,13.3,Tissue enriched,Detected in single,200821,cerebral cortex,20082076.2,Intracellular and membrane,Predicted intracellular proteins,0.8150000000000001,1.0,1.0
GPKOW:Q92917:OID20890:v1,GPKOW,GPKOW,Q92917,1,Low tissue specificity,Detected in all,,,0.0,Tissue enhanced,Detected in many,,intestine,4702563.7,,"Essential proteins, Predicted intracellular proteins",0.5025,0.865,0.865
GRN:P28799:OID21159:v1,GRN,GRN,P28799,1,Low tissue specificity,Detected in all,,,0.0,Tissue enhanced,Detected in many,,kidney,9053046.0,Secreted to blood,"Disease related genes, Human disease related genes, Plasma proteins, Predicted intracellular proteins, Predicted secreted proteins",0.5025,0.865,0.865
GSTP1:P09211:OID20876:v1,GSTP1,GSTP1,P09211,1,Tissue enhanced,Detected in all,,esophagus,2859.0,Low tissue specificity,Detected in all,,,0.0,,"Cancer-related genes, Enzymes, Human disease related genes, Metabolic proteins, Plasma proteins, Predicted intracellular proteins",0.865,0.5025,0.865
GUCA2A:Q02747:OID21101:v1,GUCA2A,GUCA2A,Q02747,1,Tissue enriched,Detected in some,60,intestine,969.2,Group enriched,Detected in some,7697,intestine,1062177.9,Secreted to blood,"Plasma proteins, Predicted secreted proteins",0.960854384404463,0.9324999999999999,0.960854384404463
HARS1:P12081:OID21086:v1,HARS1,HARS1,P12081,1,Low tissue specificity,Detected in all,,,0.0,Low tissue specificity,Detected in all,,,0.0,,"Disease related genes, Enzymes, Essential proteins, Human disease related genes, Metabolic proteins, Plasma proteins, Potential drug targets, Predicted intracellular proteins",0.5025,0.5025,0.5025
HAVCR2:Q8TDQ0:OID21137:v1,HAVCR2,HAVCR2,Q8TDQ0,1,Low tissue specificity,Detected in all,,,0.0,Tissue enriched,Detected in single,3432,lymphoid tissue,343181.6,,"CD markers, Disease related genes, Predicted intracellular proteins, Predicted membrane proteins",0.5025,1.0,1.0
HMOX2:P30519:OID20887:v1,HMOX2,HMOX2,P30519,1,Low tissue specificity,Detected in all,,,0.0,Tissue enhanced,Detected in all,,cerebral cortex,52192707.6,,"Enzymes, Metabolic proteins, Plasma proteins, Predicted intracellular proteins, Predicted membrane proteins",0.5025,0.865,0.865
HNMT:P50135:OID20975:v1,HNMT,HNMT,P50135,1,Tissue enhanced,Detected in all,,liver,229.7,Tissue enhanced,Detected in all,,liver,83962437.1,,"Disease related genes, Enzymes, Human disease related genes, Metabolic proteins, Potential drug targets, Predicted intracellular proteins",0.8225137152492484,0.865,0.865
HSP90B1:P14625:OID20829:v1,HSP90B1,HSP90B1,P14625,1,Tissue enhanced,Detected in all,,thyroid gland,1322.6,Low tissue specificity,Detected in all,,,0.0,Intracellular and membrane,"Cancer-related genes, Essential proteins, Plasma proteins, Predicted intracellular proteins",0.865,0.5025,0.865
IDI2:Q9BXS1:OID20823:v1,IDI2,IDI2,Q9BXS1,1,Tissue enriched,Detected in some,24,skeletal muscle,261.6,Tissue enriched,Detected in single,424805,skeletal muscle,42480514.1,,"Enzymes, Metabolic proteins, Predicted intracellular proteins",0.8553750330480157,1.0,1.0
IFNGR2:P38484:OID20941:v1,IFNGR2,IFNGR2,P38484,1,Low tissue specificity,Detected in all,,,0.0,Not detected,Not detected,,,0.0,,"Disease related genes, FDA approved drug targets, Human disease related genes, Predicted membrane proteins",0.5025,0.35,0.5025
IFNL1:Q8IU54:OID20795:v1,IFNL1,IFNL1,Q8IU54,1,Not detected,Not detected,,,0.0,Not detected,Not detected,,,0.0,Secreted to blood,Predicted secreted proteins,0.35,0.35,0.35
IGF2R:P11717:OID21146:v1,IGF2R,IGF2R,P11717,1,Low tissue specificity,Detected in all,,,0.0,Low tissue specificity,Detected in all,,,0.0,,"Cancer-related genes, CD markers, Human disease related genes, Plasma proteins, Predicted intracellular proteins, Predicted membrane proteins, Transporters",0.5025,0.5025,0.5025
IGFBP4:P22692:OID21158:v1,IGFBP4,IGFBP4,P22692,1,Low tissue specificity,Detected in all,,,0.0,Tissue enhanced,Detected in many,,ovary,1941086.8,Secreted to blood,"Plasma proteins, Predicted secreted proteins",0.5025,0.865,0.865
IL17RA:Q96F46:OID21089:v1,IL17RA,IL17RA,Q96F46,1,Tissue enhanced,Detected in all,,bone marrow,33.1,Tissue enriched,Detected in some,,lymphoid tissue,5093272.2,Secreted to blood,"CD markers, Disease related genes, Human disease related genes, Predicted membrane proteins, Predicted secreted proteins",0.7671688422016706,1.0,1.0
IL18RAP:O95256:OID20900:v1,IL18RAP,IL18RAP,O95256,1,Tissue enriched,Detected in many,9,bone marrow,101.8,Not detected,Not detected,,,0.0,,"CD markers, Enzymes, Predicted intracellular proteins, Predicted membrane proteins",0.7587361641303315,0.35,0.7587361641303315
IL1R1:P14778:OID21116:v1,IL1R1,IL1R1,P14778,1,Low tissue specificity,Detected in all,,,0.0,Not detected,Not detected,,,0.0,Secreted to blood,"Cancer-related genes, CD markers, Enzymes, FDA approved drug targets, Human disease related genes, Predicted membrane proteins, Predicted secreted proteins, Transporters",0.5025,0.35,0.5025
IL1RAP:Q9NPH3:OID21126:v1,IL1RAP,IL1RAP,Q9NPH3,1,Tissue enriched,Detected in all,6,liver,210.8,Tissue enriched,Detected in all,,skeletal muscle,16712824.3,Secreted to blood,"Enzymes, Plasma proteins, Predicted intracellular proteins, Predicted membrane proteins, Predicted secreted proteins",0.7526125946757802,1.0,1.0
IL34:Q6ZMJ4:OID20809:v1,IL34,IL34,Q6ZMJ4,1,Tissue enhanced,Detected in many,,lymphoid tissue,103.5,Tissue enriched,Detected in many,,blood vessel,12410129.2,Secreted to blood,"Predicted intracellular proteins, Predicted secreted proteins",0.7995882787828716,1.0,1.0
IL6:P05231:OID20911:v1,IL6,IL6,P05231,1,Tissue enhanced,Detected in many,,urinary bladder,256.4,Not detected,Not detected,,,0.0,Secreted to blood,"Cancer-related genes, Candidate cardiovascular disease genes, Disease related genes, FDA approved drug targets, Human disease related genes, Plasma proteins, Predicted intracellular proteins, Predicted membrane proteins, Predicted secreted proteins",0.8256839864046295,0.35,0.8256839864046295
IL7R:P16871:OID21136:v1,IL7R,IL7R,P16871,1,Tissue enhanced,Detected in many,,lymphoid tissue,171.2,Tissue enriched,Detected in single,348,intestine,34842.2,Intracellular and membrane,"Cancer-related genes, CD markers, Disease related genes, Human disease related genes, Predicted intracellular proteins, Predicted membrane proteins",0.8140473104475696,1.0,1.0
ILKAP:Q9H0C8:OID20855:v1,ILKAP,ILKAP,Q9H0C8,1,Low tissue specificity,Detected in all,,,0.0,Tissue enhanced,Detected in all,,lymphoid tissue,17504020.1,,"Enzymes, Predicted intracellular proteins",0.5025,0.865,0.865
IMPA1:P29218:OID20907:v1,IMPA1,IMPA1,P29218,1,Low tissue specificity,Detected in all,,,0.0,Tissue enhanced,Detected in all,,cerebral cortex,52859328.4,,"Disease related genes, Enzymes, Human disease related genes, Metabolic proteins, Potential drug targets, Predicted intracellular proteins",0.5025,0.865,0.865
ING1:Q9UK53:OID20853:v1,ING1,ING1,Q9UK53,1,Low tissue specificity,Detected in all,,,0.0,Low tissue specificity,Detected in many,,,0.0,,"Cancer-related genes, Disease related genes, Human disease related genes, Predicted intracellular proteins",0.5025,0.5525,0.5525
INHBC:P55103:OID21093:v1,INHBC,INHBC,P55103,1,Tissue enriched,Detected in some,138,liver,154.2,Group enriched,Detected in some,50,liver,7226.1,Secreted to blood,"Plasma proteins, Predicted secreted proteins",0.9500000000000001,0.8806805061063472,0.9500000000000001
IPCEF1:Q8WWN9:OID20977:v1,IPCEF1,IPCEF1,Q8WWN9,1,Group enriched,Detected in many,8,thyroid gland,34.0,Not detected,Not detected,,,0.0,,Predicted intracellular proteins,0.6520553761534625,0.35,0.6520553761534625
ISLR2:Q6UXK2:OID20889:v1,ISLR2,ISLR2,Q6UXK2,1,Group enriched,Detected in some,4,brain,15.5,Tissue enriched,Detected in single,88452,cerebral cortex,8845161.2,,"Predicted intracellular proteins, Predicted membrane proteins",0.6545560259036266,1.0,1.0
ITGA5:P08648:OID21139:v1,ITGA5,ITGA5,P08648,1,Tissue enhanced,Detected in all,,blood vessel,733.7,Group enriched,Detected in all,,intestine,151150951.1,,"Cancer-related genes, CD markers, Plasma proteins, Predicted membrane proteins, Transporters",0.8560463596822105,0.9324999999999999,0.9324999999999999
ITGAM:P11215:OID21071:v1,ITGAM,ITGAM,P11215,1,Tissue enriched,Detected in many,6,bone marrow,172.8,Group enriched,Detected in many,,bone marrow,121052074.6,,"Cancer-related genes, CD markers, Disease related genes, Predicted intracellular proteins, Predicted membrane proteins",0.7468883440212908,0.9324999999999999,0.9324999999999999
JAM2:P57087:OID21064:v1,JAM2,JAM2,P57087,1,Tissue enhanced,Detected in many,,placenta,59.6,Tissue enhanced,Detected in many,,intestine,21118942.5,,"CD markers, Disease related genes, Human disease related genes, Predicted membrane proteins",0.7838143167380469,0.865,0.865
KCNIP4:Q6PIL6:OID20813:v1,KCNIP4,KCNIP4,Q6PIL6,1,Tissue enhanced,Detected in many,,brain,36.4,Tissue enriched,Detected in single,30721,cerebral cortex,3072134.8,,"Predicted intracellular proteins, Transporters",0.7698429368274513,1.0,1.0
KEL:P23276:OID20881:v1,KEL,KEL,P23276,1,Group enriched,Detected in some,5,bone marrow,53.1,Tissue enhanced,Detected in many,,pancreas,2091663.3,,"Blood group antigen proteins, Cancer-related genes, CD markers, Enzymes, Predicted intracellular proteins, Predicted membrane proteins",0.6683828684844482,0.865,0.865
KIRREL2:Q6UWL6:OID20873:v1,KIRREL2,KIRREL2,Q6UWL6,1,Tissue enriched,Detected in some,6,pancreas,67.0,Not detected,Not detected,,,0.0,Intracellular and membrane,"Predicted intracellular proteins, Predicted membrane proteins",0.7475732973134807,0.35,0.7475732973134807
KLB:Q86Z14:OID20888:v1,KLB,KLB,Q86Z14,1,Tissue enhanced,Detected in some,,adipose tissue,18.4,Not detected,Not detected,,,0.0,,"Predicted membrane proteins, Transporters",0.8150000000000001,0.35,0.8150000000000001
KRT5:P13647:OID20860:v1,KRT5,KRT5,P13647,1,Group enriched,Detected in many,4,esophagus,6496.3,Low tissue specificity,Detected in all,,,0.0,,"Disease related genes, Human disease related genes, Plasma proteins, Predicted intracellular proteins",0.7045560259036265,0.5025,0.7045560259036265
LAIR2:Q6ISS4:OID20965:v1,LAIR2,LAIR2,Q6ISS4,1,Tissue enhanced,Detected in some,,pituitary gland,2.6,Not detected,Not detected,,,0.0,Secreted to blood,"CD markers, Predicted intracellular proteins, Predicted secreted proteins",0.8150000000000001,0.35,0.8150000000000001
LAMP2:P13473:OID21035:v1,LAMP2,LAMP2,P13473,1,Low tissue specificity,Detected in all,,,0.0,Low tissue specificity,Detected in all,,,0.0,,"CD markers, Disease related genes, Human disease related genes, Plasma proteins, Potential drug targets, Predicted membrane proteins, Transporters",0.5025,0.5025,0.5025
LAYN:Q6UX15:OID20970:v1,LAYN,LAYN,Q6UX15,1,Low tissue specificity,Detected in many,,,0.0,Group enriched,Detected in some,,ovary,194918.9,,"Predicted intracellular proteins, Predicted membrane proteins",0.5525,0.9324999999999999,0.9324999999999999
LBR:Q14739:OID21034:v1,LBR,LBR,Q14739,1,Low tissue specificity,Detected in all,,,0.0,Tissue enhanced,Detected in all,,lymphoid tissue,40784135.7,,"Disease related genes, Enzymes, Human disease related genes, Metabolic proteins, Plasma proteins, Potential drug targets, Predicted intracellular proteins, Predicted membrane proteins",0.5025,0.865,0.865
LGALS8:O00214:OID21041:v1,LGALS8,LGALS8,O00214,1,Low tissue specificity,Detected in all,,,0.0,Tissue enhanced,Detected in many,,bone marrow,4570383.9,,Predicted intracellular proteins,0.5025,0.865,0.865
LIF:P15018:OID20824:v1,LIF,LIF,P15018,1,Tissue enhanced,Detected in many,,urinary bladder,84.6,Not detected,Not detected,,,0.0,Secreted in other tissues,"Cancer-related genes, Plasma proteins, Predicted intracellular proteins, Predicted secreted proteins",0.7938129460455026,0.35,0.7938129460455026
LILRA2:Q8N149:OID21152:v1,LILRA2,LILRA2,Q8N149,1,Tissue enhanced,Detected in many,,lymphoid tissue,56.9,Tissue enriched,Detected in some,,intestine,838828.6,Secreted to blood,"CD markers, Plasma proteins, Predicted intracellular proteins, Predicted membrane proteins, Predicted secreted proteins",0.782494903617964,1.0,1.0
LPO:P22079:OID20963:v1,LPO,LPO,P22079,1,Tissue enriched,Detected in some,841,salivary gland,967.3,Tissue enriched,Detected in many,,salivary gland,365632952.9,Secreted to digestive system,"Enzymes, Metabolic proteins, Predicted intracellular proteins, Predicted secreted proteins",0.999038529409173,1.0,1.0
LRPAP1:P30533:OID21059:v1,LRPAP1,LRPAP1,P30533,1,Low tissue specificity,Detected in all,,,0.0,Low tissue specificity,Detected in all,,,0.0,,"Disease related genes, Human disease related genes, Predicted intracellular proteins",0.5025,0.5025,0.5025
LXN:Q9BS40:OID21003:v1,LXN,LXN,Q9BS40,1,Low tissue specificity,Detected in all,,,0.0,Low tissue specificity,Detected in all,,,0.0,,Predicted intracellular proteins,0.5025,0.5025,0.5025
LY96:Q9Y6Y9:OID20945:v1,LY96,LY96,Q9Y6Y9,1,Tissue enhanced,Detected in all,,lymphoid tissue,61.4,Group enriched,Detected in some,1006,blood vessel,156577.2,Secreted to blood,Predicted secreted proteins,0.7846616585017971,0.9324999999999999,0.9324999999999999
MAD1L1:Q9Y6D9:OID20904:v1,MAD1L1,MAD1L1,Q9Y6D9,1,Low tissue specificity,Detected in all,,,0.0,Tissue enriched,Detected in many,,cerebral cortex,6287773.5,,"Disease related genes, Human disease related genes, Predicted intracellular proteins",0.5025,1.0,1.0
MAP4K5:Q9Y4K4:OID20899:v1,MAP4K5,MAP4K5,Q9Y4K4,1,Low tissue specificity,Detected in all,,,0.0,Tissue enhanced,Detected in many,,bone marrow,169025.1,,"Enzymes, Essential proteins, Predicted intracellular proteins",0.5025,0.865,0.865
MASP1:P48740:OID20954:v1,MASP1,MASP1,P48740,1,Tissue enhanced,Detected in many,,liver,171.6,Tissue enhanced,Detected in many,,heart muscle,28969996.7,Secreted to blood,"Disease related genes, Enzymes, Human disease related genes, Plasma proteins, Potential drug targets, Predicted intracellular proteins, Predicted secreted proteins",0.8141144770131755,0.865,0.865
MATN3:O15232:OID20979:v1,MATN3,MATN3,O15232,1,Tissue enhanced,Detected in many,,lung,12.5,Tissue enriched,Detected in single,40,lung,3990.5,Secreted to extracellular matrix,"Disease related genes, Human disease related genes, Predicted secreted proteins",0.755,0.9316286635643698,0.9316286635643698
MAX:P61244:OID20877:v1,MAX,MAX,P61244,1,Low tissue specificity,Detected in all,,,0.0,Tissue enhanced,Detected in many,,lymphoid tissue,21362910.3,,"Cancer-related genes, Disease related genes, Essential proteins, Human disease related genes, Predicted intracellular proteins, Transcription factors",0.5025,0.865,0.865
MDGA1:Q8NFP4:OID20951:v1,MDGA1,MDGA1,Q8NFP4,1,Tissue enriched,Detected in many,17,brain,80.5,Tissue enriched,Detected in single,14020,cerebral cortex,1402009.1,Intracellular and membrane,Predicted intracellular proteins,0.7965911424130654,1.0,1.0
MESD:Q14696:OID21099:v1,MESD,MESD,Q14696,1,Low tissue specificity,Detected in all,,,0.0,Low tissue specificity,Detected in all,,,0.0,Intracellular and membrane,"Disease related genes, Human disease related genes, Predicted intracellular proteins",0.5025,0.5025,0.5025
MFGE8:Q08431:OID21134:v1,MFGE8,MFGE8,Q08431,1,Tissue enriched,Detected in all,5,blood vessel,2177.9,Tissue enriched,Detected in all,,blood vessel,758787038.3,Secreted to blood,"Cancer-related genes, Predicted intracellular proteins, Predicted secreted proteins",0.7858828684844481,1.0,1.0
MIF:P14174:OID21073:v1,MIF,MIF,P14174,1,Low tissue specificity,Detected in all,,,0.0,Low tissue specificity,Detected in all,,,0.0,Secreted to blood,"Cancer-related genes, Disease related genes, Enzymes, Human disease related genes, Metabolic proteins, Plasma proteins, Potential drug targets, Predicted intracellular proteins, Predicted secreted proteins",0.5025,0.5025,0.5025
MITD1:Q8WV92:OID20959:v1,MITD1,MITD1,Q8WV92,1,Low tissue specificity,Detected in all,,,0.0,Tissue enriched,Detected in single,10886,lymphoid tissue,1088601.3,,Predicted intracellular proteins,0.5025,1.0,1.0
MMP13:P45452:OID20807:v1,MMP13,MMP13,P45452,1,Tissue enriched,Detected in single,12,urinary bladder,10.7,Tissue enriched,Detected in single,1437,lymphoid tissue,143712.0,Secreted to extracellular matrix,"Cancer-related genes, Disease related genes, Enzymes, Human disease related genes, Plasma proteins, Potential drug targets, Predicted secreted proteins",0.8445197902927084,1.0,1.0
MMP3:P08254:OID21083:v1,MMP3,MMP3,P08254,1,Tissue enhanced,Detected in many,,salivary gland,285.6,Tissue enriched,Detected in single,78,intestine,7841.7,Secreted to extracellular matrix,"Cancer-related genes, Candidate cardiovascular disease genes, Disease related genes, Enzymes, Human disease related genes, Plasma proteins, Potential drug targets, Predicted intracellular proteins, Predicted secreted proteins",0.8287947125387736,0.9813687568467151,0.9813687568467151
MMP8:P22894:OID21019:v1,MMP8,MMP8,P22894,1,Tissue enriched,Detected in some,33,bone marrow,473.9,Tissue enhanced,Detected in many,,bone marrow,24255217.1,Secreted to extracellular matrix,"Cancer-related genes, Enzymes, Plasma proteins, Predicted intracellular proteins, Predicted secreted proteins",0.8958453053031517,0.865,0.8958453053031517
MMP9:P14780:OID21103:v1,MMP9,MMP9,P14780,1,Group enriched,Detected in many,11,bone marrow,355.6,Tissue enriched,Detected in all,,bone marrow,161616800.4,Secreted to blood,"Cancer-related genes, Candidate cardiovascular disease genes, Disease related genes, Enzymes, Human disease related genes, Plasma proteins, Potential drug targets, Predicted secreted proteins",0.7410703449982782,1.0,1.0
MPO:P05164:OID21100:v1,MPO,MPO,P05164,1,Tissue enriched,Detected in some,158,bone marrow,3249.5,Group enriched,Detected in all,,bone marrow,5955208536.8,Intracellular and membrane,"Cancer-related genes, Candidate cardiovascular disease genes, Disease related genes, Enzymes, Human disease related genes, Metabolic proteins, Plasma proteins, Potential drug targets, Predicted intracellular proteins",1.0,0.9324999999999999,1.0
MSR1:P21757:OID21063:v1,MSR1,MSR1,P21757,1,Tissue enriched,Detected in all,4,lung,113.2,Tissue enriched,Detected in some,,lung,7499188.3,,"Cancer-related genes, CD markers, Disease related genes, Human disease related genes, Plasma proteins, Predicted intracellular proteins, Predicted membrane proteins",0.7092139204465713,1.0,1.0
MUC13:Q9H3R2:OID20866:v1,MUC13,MUC13,Q9H3R2,1,Tissue enriched,Detected in some,10,intestine,579.0,Tissue enriched,Detected in many,,kidney,34736413.9,Secreted to digestive system,"Predicted membrane proteins, Predicted secreted proteins",0.8160526775437583,1.0,1.0
MYOC:Q99972:OID21121:v1,MYOC,MYOC,Q99972,1,Tissue enhanced,Detected in many,,tongue,103.4,Tissue enhanced,Detected in many,,skeletal muscle,36488393.7,Secreted to extracellular matrix,"Disease related genes, Human disease related genes, Plasma proteins, Predicted secreted proteins",0.7995605633410326,0.865,0.865
NAAA:Q02083:OID20931:v1,NAAA,NAAA,Q02083,1,Low tissue specificity,Detected in all,,,0.0,Tissue enhanced,Detected in many,,lymphoid tissue,104540442.4,Intracellular and membrane,"Enzymes, Metabolic proteins, Predicted intracellular proteins",0.5025,0.865,0.865
NCAM2:O15394:OID21095:v1,NCAM2,NCAM2,O15394,1,Tissue enhanced,Detected in many,,brain,38.9,Tissue enriched,Detected in many,,cerebral cortex,221262343.6,,"Plasma proteins, Predicted membrane proteins",0.771716085362671,1.0,1.0
NCAN:O14594:OID21055:v1,NCAN,NCAN,O14594,1,Tissue enriched,Detected in some,85,brain,98.5,Tissue enriched,Detected in single,3501408,cerebral cortex,350140800.8,Secreted in brain,"Plasma proteins, Predicted intracellular proteins, Predicted secreted proteins",0.9378073330912219,1.0,1.0
NDRG1:Q92597:OID20792:v1,NDRG1,NDRG1,Q92597,1,Low tissue specificity,Detected in all,,,0.0,Tissue enhanced,Detected in all,,kidney,185238732.1,,"Cancer-related genes, Disease related genes, Human disease related genes, Plasma proteins, Predicted intracellular proteins, Predicted membrane proteins",0.5025,0.865,0.865
NEFL:P07196:OID20871:v1,NEFL,NEFL,P07196,1,Group enriched,Detected in many,11,brain,298.8,Tissue enriched,Detected in many,,cerebral cortex,1945269655.0,,"Disease related genes, Human disease related genes, Predicted intracellular proteins",0.7360477577071501,1.0,1.0
NID2:Q14112:OID21085:v1,NID2,NID2,Q14112,1,Tissue enhanced,Detected in many,,ovary,57.9,Tissue enhanced,Detected in all,,heart muscle,1054053170.6,Secreted to extracellular matrix,"Plasma proteins, Predicted intracellular proteins, Predicted secreted proteins",0.7829906139630427,0.865,0.865
NMNAT1:Q9HAN9:OID20913:v1,NMNAT1,NMNAT1,Q9HAN9,1,Low tissue specificity,Detected in all,,,0.0,Low tissue specificity,Detected in many,,,0.0,,"Disease related genes, Enzymes, Human disease related genes, Metabolic proteins, Potential drug targets, Predicted intracellular proteins",0.5025,0.5525,0.5525
NOMO1:Q15155:OID21106:v1,NOMO1,NOMO1,Q15155,1,Tissue enhanced,Detected in many,,pancreas,132.5,Tissue enhanced,Detected in many,,ovary,7092300.3,,"Plasma proteins, Predicted intracellular proteins, Predicted membrane proteins",0.8066782512673115,0.865,0.865
NOS1:P29475:OID20863:v1,NOS1,NOS1,P29475,1,Group enriched,Detected in some,7,tongue,53.5,Group enriched,Detected in many,,intestine,4435461.7,,"Cancer-related genes, Enzymes, FDA approved drug targets, Metabolic proteins, Plasma proteins, Predicted intracellular proteins, Transporters",0.6902000073848723,0.9324999999999999,0.9324999999999999
NOS3:P29474:OID20834:v1,NOS3,NOS3,P29474,1,Tissue enhanced,Detected in many,,lymphoid tissue,59.4,Tissue enhanced,Detected in many,,lymphoid tissue,451475.7,,"Cancer-related genes, Disease related genes, Enzymes, FDA approved drug targets, Human disease related genes, Metabolic proteins, Plasma proteins, Predicted intracellular proteins",0.7837186182152278,0.865,0.865
NPTX1:Q15818:OID21074:v1,NPTX1,NPTX1,Q15818,1,Tissue enriched,Detected in many,6,brain,188.4,Tissue enriched,Detected in some,1,cerebral cortex,79157065.9,Secreted in brain,"Predicted intracellular proteins, Predicted secreted proteins, Transporters",0.7493766641503548,1.0,1.0
NRP2:O60462:OID21081:v1,NRP2,NRP2,O60462,1,Tissue enhanced,Detected in all,,intestine,73.7,Low tissue specificity,Detected in many,,,0.0,Secreted in other tissues,"Cancer-related genes, Plasma proteins, Predicted membrane proteins, Predicted secreted proteins, Transporters",0.7898699723734098,0.5525,0.7898699723734098
NSFL1C:Q9UNZ2:OID21022:v1,NSFL1C,NSFL1C,Q9UNZ2,1,Low tissue specificity,Detected in all,,,0.0,Low tissue specificity,Detected in all,,,0.0,,"Plasma proteins, Predicted intracellular proteins",0.5025,0.5025,0.5025
NTRK3:Q16288:OID21057:v1,NTRK3,NTRK3,Q16288,1,Group enriched,Detected in many,4,blood vessel,66.9,Tissue enriched,Detected in some,,cerebral cortex,1886525.2,,"Cancer-related genes, Disease related genes, Enzymes, FDA approved drug targets, Human disease related genes, Plasma proteins, Predicted intracellular proteins, Predicted membrane proteins",0.626663009558436,1.0,1.0
NUDT5:Q9UKK9:OID21115:v1,NUDT5,NUDT5,Q9UKK9,1,Low tissue specificity,Detected in all,,,0.0,Low tissue specificity,Detected in all,,,0.0,,"Enzymes, Metabolic proteins, Plasma proteins, Predicted intracellular proteins",0.5025,0.5025,0.5025
OBP2B:Q9NPH6:OID20980:v1,OBP2B,OBP2B,Q9NPH6,1,Tissue enhanced,Detected in some,,testis,9.4,Not detected,Not detected,,,0.0,Secreted in other tissues,Predicted secreted proteins,0.8150000000000001,0.35,0.8150000000000001
ODAM:A1E959:OID20793:v1,ODAM,ODAM,A1E959,1,Tissue enriched,Detected in some,34,salivary gland,320.4,Tissue enriched,Detected in single,5436,salivary gland,543571.2,Intracellular and membrane,"Cancer-related genes, Predicted intracellular proteins",0.8867415348297355,1.0,1.0
OGN:P20774:OID21123:v1,OGN,OGN,P20774,1,Tissue enhanced,Detected in many,,blood vessel,367.4,Tissue enhanced,Detected in all,,blood vessel,5130000898.0,Secreted in other tissues,"Plasma proteins, Predicted intracellular proteins, Predicted secreted proteins",0.8360632232040766,0.865,0.865
OXT:P01178:OID21047:v1,OXT,OXT,P01178,1,Tissue enriched,Detected in some,153,brain,2931.7,Not detected,Not detected,,,0.0,Secreted to blood,"Plasma proteins, Predicted secreted proteins",1.0,0.35,1.0
PADI4:Q9UM07:OID20832:v1,PADI4,PADI4,Q9UM07,1,Group enriched,Detected in some,8,bone marrow,99.4,Group enriched,Detected in many,,bone marrow,12491906.0,,"Disease related genes, Enzymes, Metabolic proteins, Plasma proteins, Potential drug targets, Predicted intracellular proteins",0.6991323987123147,0.9324999999999999,0.9324999999999999
PAEP:P09466:OID20925:v1,PAEP,PAEP,P09466,1,Tissue enriched,Detected in some,5,endometrium 1,240.5,Group enriched,Detected in some,,fallopian tube,364192.0,Secreted in female reproductive system,"Predicted intracellular proteins, Predicted secreted proteins",0.7447210281342967,0.9324999999999999,0.9324999999999999
PAK4:O96013:OID20819:v1,PAK4,PAK4,O96013,1,Low tissue specificity,Detected in all,,,0.0,Tissue enriched,Detected in many,,cerebral cortex,8591237.2,,"Enzymes, Predicted intracellular proteins, RAS pathway related proteins",0.5025,1.0,1.0
PAMR1:Q6UXH9:OID21153:v1,PAMR1,PAMR1,Q6UXH9,1,Low tissue specificity,Detected in many,,,0.0,Not detected,Not detected,,,0.0,Secreted - unknown location,"Enzymes, Predicted intracellular proteins, Predicted secreted proteins",0.5525,0.35,0.5525
PARK7:Q99497:OID21160:v1,PARK7,PARK7,Q99497,1,Low tissue specificity,Detected in all,,,0.0,Tissue enhanced,Detected in all,,skeletal muscle,2093561370.1,,"Disease related genes, Enzymes, Human disease related genes, Plasma proteins, Potential drug targets, Predicted intracellular proteins",0.5025,0.865,0.865
PBLD:P30039:OID20839:v1,PBLD,PBLD,P30039,1,Group enriched,Detected in all,4,liver,312.7,Group enriched,Detected in many,,kidney,395464947.2,,Predicted intracellular proteins,0.6709662488401079,0.9324999999999999,0.9324999999999999
PDCD5:O14737:OID21021:v1,PDCD5,PDCD5,O14737,1,Low tissue specificity,Detected in all,,,0.0,Tissue enhanced,Detected in all,,heart muscle,186322921.0,,"Essential proteins, Plasma proteins, Predicted intracellular proteins",0.5025,0.865,0.865
PEBP1:P30086:OID21087:v1,PEBP1,PEBP1,P30086,1,Tissue enhanced,Detected in all,,adrenal gland,2060.5,Low tissue specificity,Detected in all,,,0.0,,"Plasma proteins, Predicted intracellular proteins",0.865,0.5025,0.865
PECAM1:P16284:OID21131:v1,PECAM1,PECAM1,P16284,1,Tissue enhanced,Detected in all,,placenta,427.4,Group enriched,Detected in all,,lung,99810087.1,,"Cancer-related genes, Candidate cardiovascular disease genes, CD markers, Plasma proteins, Predicted intracellular proteins, Predicted membrane proteins",0.8404312472261247,0.9324999999999999,0.9324999999999999
PHOSPHO1:Q8TCT1:OID20922:v1,PHOSPHO1,PHOSPHO1,Q8TCT1,1,Tissue enriched,Detected in many,5,testis,90.6,Group enriched,Detected in some,1380,bone marrow,192515.2,,"Enzymes, Metabolic proteins, Predicted intracellular proteins",0.7166569780303609,0.9324999999999999,0.9324999999999999
PIGR:P01833:OID21102:v1,PIGR,PIGR,P01833,1,Tissue enhanced,Detected in many,,intestine,2479.3,Tissue enhanced,Detected in all,,intestine,326752017.3,Secreted to digestive system,"Cancer-related genes, Plasma proteins, Predicted membrane proteins, Predicted secreted proteins, Transporters",0.865,0.865,0.865
PIK3IP1:Q96FE7:OID21094:v1,PIK3IP1,PIK3IP1,Q96FE7,1,Low tissue specificity,Detected in all,,,0.0,Tissue enriched,Detected in many,,lymphoid tissue,7156609.2,,"Plasma proteins, Predicted intracellular proteins, Predicted membrane proteins",0.5025,1.0,1.0
PILRA:Q9UKJ1:OID21129:v1,PILRA,PILRA,Q9UKJ1,1,Low tissue specificity,Detected in all,,,0.0,Not detected,Not detected,,,0.0,Secreted to blood,"Predicted membrane proteins, Predicted secreted proteins",0.5025,0.35,0.5025
PLA2G10:O15496:OID21002:v1,PLA2G10,PLA2G10,O15496,1,Tissue enhanced,Detected in some,,stomach 1,39.5,Not detected,Not detected,,,0.0,Secreted in other tissues,"Enzymes, FDA approved drug targets, Metabolic proteins, Predicted secreted proteins, RAS pathway related proteins",0.8150000000000001,0.35,0.8150000000000001
PLA2G7:Q13093:OID21105:v1,PLA2G7,PLA2G7,Q13093,1,Tissue enhanced,Detected in many,,lymphoid tissue,25.6,Tissue enriched,Detected in some,,lymphoid tissue,846805.0,Secreted to blood,"Candidate cardiovascular disease genes, Disease related genes, Enzymes, Human disease related genes, Metabolic proteins, Plasma proteins, Potential drug targets, Predicted secreted proteins",0.7599783664521047,1.0,1.0
PLAU:P00749:OID21124:v1,PLAU,PLAU,P00749,1,Tissue enhanced,Detected in many,,urinary bladder,119.5,Group enriched,Detected in some,,lymphoid tissue,113072.2,Secreted to blood,"Cancer-related genes, Disease related genes, Enzymes, Plasma proteins, Potential drug targets, Predicted intracellular proteins, Predicted secreted proteins",0.8037123991512013,0.9324999999999999,0.9324999999999999
PLIN1:O60240:OID20835:v1,PLIN1,PLIN1,O60240,1,Group enriched,Detected in many,7,adipose tissue,898.1,Group enriched,Detected in many,,skin,214017086.1,,"Disease related genes, Human disease related genes, Metabolic proteins, Plasma proteins, Predicted intracellular proteins, Predicted membrane proteins",0.7370920517617858,0.9324999999999999,0.9324999999999999
PMVK:Q15126:OID20850:v1,PMVK,PMVK,Q15126,1,Low tissue specificity,Detected in all,,,0.0,Low tissue specificity,Detected in all,,,0.0,,"Disease related genes, Enzymes, Human disease related genes, Metabolic proteins, Potential drug targets, Predicted intracellular proteins",0.5025,0.5025,0.5025
PPCDC:Q96CD2:OID21027:v1,PPCDC,PPCDC,Q96CD2,1,Low tissue specificity,Detected in all,,,0.0,Low tissue specificity,Detected in many,,,0.0,,"Enzymes, Metabolic proteins, Predicted intracellular proteins",0.5025,0.5525,0.5525
PPP3R1:P63098:OID20902:v1,PPP3R1,PPP3R1,P63098,1,Tissue enhanced,Detected in all,,retina,175.8,Tissue enriched,Detected in all,,cerebral cortex,315247005.5,,"FDA approved drug targets, Predicted intracellular proteins",0.8148104742607895,1.0,1.0
PRDX1:Q06830:OID20962:v1,PRDX1,PRDX1,Q06830,1,Low tissue specificity,Detected in all,,,0.0,Low tissue specificity,Detected in all,,,0.0,,"Enzymes, Human disease related genes, Metabolic proteins, Plasma proteins, Predicted intracellular proteins",0.5025,0.5025,0.5025
PRL:P01236:OID21033:v1,PRL,PRL,P01236,1,Tissue enriched,Detected in many,1701,pituitary gland,58560.7,Tissue enriched,Detected in some,,intestine,38001310.2,Secreted to blood,"Cancer-related genes, Plasma proteins, Predicted secreted proteins",1.0,1.0,1.0
PRTFDC1:Q9NRG1:OID20867:v1,PRTFDC1,PRTFDC1,Q9NRG1,1,Low tissue specificity,Detected in many,,,0.0,Group enriched,Detected in many,,cerebral cortex,1942534.3,,Predicted intracellular proteins,0.5525,0.9324999999999999,0.9324999999999999
PSG1:P11464:OID20916:v1,PSG1,PSG1,P11464,1,Tissue enriched,Detected in single,399,placenta,245.4,Not detected,Not detected,,,0.0,Secreted in female reproductive system,"CD markers, Predicted intracellular proteins, Predicted secreted proteins",1.0,0.35,1.0
PSME1:Q06323:OID20969:v1,PSME1,PSME1,Q06323,1,Low tissue specificity,Detected in all,,,0.0,Low tissue specificity,Detected in all,,,0.0,,"Plasma proteins, Predicted intracellular proteins",0.5025,0.5025,0.5025
PSME2:Q9UL46:OID20989:v1,PSME2,PSME2,Q9UL46,1,Low tissue specificity,Detected in all,,,0.0,Low tissue specificity,Detected in all,,,0.0,,Predicted intracellular proteins,0.5025,0.5025,0.5025
PTPN1:P18031:OID20908:v1,PTPN1,PTPN1,P18031,1,Low tissue specificity,Detected in all,,,0.0,Tissue enhanced,Detected in many,,lung,27297183.5,,"Enzymes, Predicted membrane proteins",0.5025,0.865,0.865
PTPRN2:Q92932:OID20912:v1,PTPRN2,PTPRN2,Q92932,1,Tissue enhanced,Detected in many,,pancreas,92.5,Tissue enhanced,Detected in some,,cerebral cortex,11801667.6,,"Disease related genes, Enzymes, Potential drug targets, Predicted intracellular proteins, Predicted membrane proteins, Transporters",0.7963684326987919,0.865,0.865
PTS:Q03393:OID20847:v1,PTS,PTS,Q03393,1,Low tissue specificity,Detected in all,,,0.0,Tissue enhanced,Detected in many,,liver,8273144.6,,"Disease related genes, Enzymes, Human disease related genes, Metabolic proteins, Potential drug targets, Predicted intracellular proteins",0.5025,0.865,0.865
PVR:P15151:OID21011:v1,PVR,PVR,P15151,1,Low tissue specificity,Detected in all,,,0.0,Tissue enhanced,Detected in all,,heart muscle,14418462.1,Secreted - unknown location,"CD markers, Plasma proteins, Predicted intracellular proteins, Predicted membrane proteins, Predicted secreted proteins",0.5025,0.865,0.865
PXN:P49023:OID20822:v1,PXN,PXN,P49023,1,Low tissue specificity,Detected in all,,,0.0,Tissue enhanced,Detected in all,,lung,13841575.6,,Predicted intracellular proteins,0.5025,0.865,0.865
RBKS:Q9H477:OID20986:v1,RBKS,RBKS,Q9H477,1,Tissue enhanced,Detected in all,,liver,43.4,Group enriched,Detected in all,,liver,42744457.1,,"Enzymes, Metabolic proteins, Predicted intracellular proteins",0.7748096427100039,0.9324999999999999,0.9324999999999999
RELT:Q969Z4:OID21142:v1,RELT,RELT,Q969Z4,1,Tissue enriched,Detected in many,6,bone marrow,146.0,Not detected,Not detected,,,0.0,,"Disease related genes, Human disease related genes, Predicted intracellular proteins, Predicted membrane proteins",0.7420402163513388,0.35,0.7420402163513388
RGMA:Q96B86:OID21065:v1,RGMA,RGMA,Q96B86,1,Tissue enhanced,Detected in many,,skeletal muscle,189.3,Group enriched,Detected in many,,Stomach,1135467.2,Secreted - unknown location,"Predicted intracellular proteins, Predicted secreted proteins",0.8169406012214067,0.9324999999999999,0.9324999999999999
RGMB:Q6NW40:OID21045:v1,RGMB,RGMB,Q6NW40,1,Low tissue specificity,Detected in many,,,0.0,Group enriched,Detected in some,,Stomach,219007.9,,"Predicted intracellular proteins, Predicted membrane proteins",0.5525,0.9324999999999999,0.9324999999999999
RHOC:P08134:OID20950:v1,RHOC,RHOC,P08134,1,Low tissue specificity,Detected in all,,,0.0,Low tissue specificity,Detected in many,,,0.0,,"Cancer-related genes, Predicted intracellular proteins",0.5025,0.5525,0.5525
ROBO2:Q9HCK4:OID21007:v1,ROBO2,ROBO2,Q9HCK4,1,Tissue enhanced,Detected in many,,ovary,13.1,Group enriched,Detected in some,,fallopian tube,9931881.1,,"Disease related genes, Human disease related genes, Plasma proteins, Predicted intracellular proteins, Predicted membrane proteins",0.755,0.9324999999999999,0.9324999999999999
RSPO1:Q2MKA7:OID20938:v1,RSPO1,RSPO1,Q2MKA7,1,Tissue enhanced,Detected in many,,endometrium 1,34.1,Not detected,Not detected,,,0.0,Secreted in female reproductive system,"Disease related genes, Human disease related genes, Predicted intracellular proteins, Predicted secreted proteins",0.7680055702982846,0.35,0.7680055702982846
RWDD1:Q9H446:OID21015:v1,RWDD1,RWDD1,Q9H446,1,Low tissue specificity,Detected in all,,,0.0,Low tissue specificity,Detected in all,,,0.0,,Predicted intracellular proteins,0.5025,0.5025,0.5025
S100A16:Q96FQ6:OID20878:v1,S100A16,S100A16,Q96FQ6,1,Tissue enhanced,Detected in many,,esophagus,2382.1,Tissue enhanced,Detected in all,,skin,1729155427.6,,"Predicted intracellular proteins, Transporters",0.865,0.865,0.865
SCARA5:Q6ZMJ2:OID21058:v1,SCARA5,SCARA5,Q6ZMJ2,1,Tissue enhanced,Detected in many,,heart muscle,87.1,Low tissue specificity,Detected in many,,,0.0,,"Predicted intracellular proteins, Predicted membrane proteins",0.7946463017141863,0.5525,0.7946463017141863
SCARB1:Q8WTV0:OID20805:v1,SCARB1,SCARB1,Q8WTV0,1,Group enriched,Detected in many,5,adrenal gland,235.6,Tissue enriched,Detected in many,,liver,13506252.7,,"Metabolic proteins, Predicted intracellular proteins, Predicted membrane proteins, Transporters",0.6766276210094785,1.0,1.0
SCARB2:Q14108:OID20943:v1,SCARB2,SCARB2,Q14108,1,Low tissue specificity,Detected in all,,,0.0,Group enriched,Detected in all,,Stomach,199173598.6,,"Disease related genes, Human disease related genes, Potential drug targets, Predicted membrane proteins, Transporters",0.5025,0.9324999999999999,0.9324999999999999
SCARF2:Q96GP6:OID21048:v1,SCARF2,SCARF2,Q96GP6,1,Tissue enhanced,Detected in many,,blood vessel,47.5,Group enriched,Detected in some,1403,blood vessel,214076.1,,"Disease related genes, Human disease related genes, Metabolic proteins, Predicted membrane proteins",0.7773665239809878,0.9324999999999999,0.9324999999999999
SEMA4D:Q92854:OID21020:v1,SEMA4D,SEMA4D,Q92854,1,Tissue enhanced,Detected in all,,brain,325.7,Tissue enhanced,Detected in some,,cerebral cortex,12222580.3,,"CD markers, Plasma proteins, Predicted intracellular proteins, Predicted membrane proteins",0.8325856939065023,0.865,0.865
SERPINB1:P30740:OID21088:v1,SERPINB1,SERPINB1,P30740,1,Tissue enhanced,Detected in all,,esophagus,497.6,Tissue enhanced,Detected in all,,bone marrow,703854924.0,Secreted to blood,"Plasma proteins, Predicted intracellular proteins, Predicted secreted proteins",0.8448241324091448,0.865,0.865
SERPINB6:P35237:OID21023:v1,SERPINB6,SERPINB6,P35237,1,Low tissue specificity,Detected in all,,,0.0,Low tissue specificity,Detected in all,,,0.0,,"Disease related genes, Human disease related genes, Plasma proteins, Predicted intracellular proteins",0.5025,0.5025,0.5025
SERPINB9:P50453:OID20932:v1,SERPINB9,SERPINB9,P50453,1,Tissue enhanced,Detected in all,,placenta,49.1,Group enriched,Detected in all,,lymphoid tissue,121337534.6,,Predicted intracellular proteins,0.7783061205127553,0.9324999999999999,0.9324999999999999
SESTD1:Q86VW0:OID20790:v1,SESTD1,SESTD1,Q86VW0,1,Low tissue specificity,Detected in all,,,0.0,Tissue enhanced,Detected in many,,blood vessel,20011564.2,,Predicted intracellular proteins,0.5025,0.865,0.865
SETMAR:Q53H47:OID20948:v1,SETMAR,SETMAR,Q53H47,1,Low tissue specificity,Detected in all,,,0.0,Low tissue specificity,Detected in many,,,0.0,,"Enzymes, Metabolic proteins, Predicted intracellular proteins",0.5025,0.5525,0.5525
SFRP1:Q8N474:OID20984:v1,SFRP1,SFRP1,Q8N474,1,Tissue enhanced,Detected in all,,choroid plexus,649.5,Tissue enriched,Detected in many,,blood vessel,25356644.1,Secreted in other tissues,"Predicted intracellular proteins, Predicted secreted proteins, Transporters",0.8525226869347539,1.0,1.0
SIGLEC5:O15389:OID21082:v1,SIGLEC5,SIGLEC5,O15389,1,Group enriched,Detected in some,7,bone marrow,27.6,Tissue enriched,Detected in some,,lymphoid tissue,3144181.3,,"CD markers, Predicted membrane proteins",0.6902000073848723,1.0,1.0
SKAP1:Q86WV1:OID20906:v1,SKAP1,SKAP1,Q86WV1,1,Tissue enhanced,Detected in many,,lymphoid tissue,33.3,Group enriched,Detected in some,36952,lymphoid tissue,5283955.5,,Predicted intracellular proteins,0.7673381337764688,0.9324999999999999,0.9324999999999999
SLC16A1:P53985:OID20799:v1,SLC16A1,SLC16A1,P53985,1,Low tissue specificity,Detected in all,,,0.0,Tissue enhanced,Detected in many,,liver,41042996.2,,"Disease related genes, Human disease related genes, Metabolic proteins, Potential drug targets, Predicted membrane proteins, Transporters",0.5025,0.865,0.865
SLC27A4:Q6P1M0:OID20814:v1,SLC27A4,SLC27A4,Q6P1M0,1,Low tissue specificity,Detected in all,,,0.0,Tissue enhanced,Detected in many,,intestine,14868161.7,,"Disease related genes, Enzymes, Human disease related genes, Metabolic proteins, Potential drug targets, Predicted intracellular proteins, Predicted membrane proteins, Transporters",0.5025,0.865,0.865
SLC39A14:Q15043:OID20852:v1,SLC39A14,SLC39A14,Q15043,1,Tissue enhanced,Detected in all,,liver,515.9,Tissue enhanced,Detected in many,,liver,21699462.8,,"Disease related genes, Human disease related genes, Metabolic proteins, Potential drug targets, Predicted intracellular proteins, Predicted membrane proteins, Transporters",0.8458675986274119,0.865,0.865
SLIT2:O94813:OID20862:v1,SLIT2,SLIT2,O94813,1,Low tissue specificity,Detected in many,,,0.0,Group enriched,Detected in some,,Stomach,2245033.1,Secreted in other tissues,"Predicted intracellular proteins, Predicted membrane proteins, Predicted secreted proteins, Transporters",0.5525,0.9324999999999999,0.9324999999999999
SMPD1:P17405:OID21028:v1,SMPD1,SMPD1,P17405,1,Low tissue specificity,Detected in all,,,0.0,Tissue enriched,Detected in many,,cerebral cortex,5984368.6,Secreted to blood,"Disease related genes, Enzymes, Human disease related genes, Metabolic proteins, Potential drug targets, Predicted intracellular proteins, Predicted secreted proteins",0.5025,1.0,1.0
SNCG:O76070:OID20971:v1,SNCG,SNCG,O76070,1,Tissue enhanced,Detected in many,,brain,638.1,Group enriched,Detected in all,,cerebral cortex,644330361.9,,"Predicted intracellular proteins, Transporters",0.8520108621020283,0.9324999999999999,0.9324999999999999
SOD2:P04179:OID21114:v1,SOD2,SOD2,P04179,1,Tissue enhanced,Detected in all,,bone marrow,1021.8,Tissue enhanced,Detected in all,,heart muscle,1386025073.6,,"Cancer-related genes, Disease related genes, Enzymes, Human disease related genes, Plasma proteins, Potential drug targets, Predicted intracellular proteins",0.865,0.865,0.865
SPINK1:P00995:OID21097:v1,SPINK1,SPINK1,P00995,1,Tissue enriched,Detected in many,31,pancreas,49964.7,Tissue enriched,Detected in some,,pancreas,61025260.5,Secreted to digestive system,"Cancer-related genes, Disease related genes, Human disease related genes, Plasma proteins, Predicted secreted proteins",0.9128333456414539,1.0,1.0
SPINK5:Q9NQ38:OID21148:v1,SPINK5,SPINK5,Q9NQ38,1,Group enriched,Detected in many,4,esophagus,953.6,Low tissue specificity,Detected in all,,,0.0,Secreted in other tissues,"Disease related genes, Human disease related genes, Plasma proteins, Predicted secreted proteins",0.7031820482112782,0.5025,0.7031820482112782
SPINT1:O43278:OID21109:v1,SPINT1,SPINT1,O43278,1,Tissue enhanced,Detected in many,,esophagus,223.2,Tissue enhanced,Detected in many,,intestine,2491553.4,Secreted to blood,"Cancer-related genes, Essential proteins, Plasma proteins, Predicted intracellular proteins, Predicted membrane proteins, Predicted secreted proteins, Transporters",0.8216863692092004,0.865,0.865
SPOCK1:Q08629:OID20924:v1,SPOCK1,SPOCK1,Q08629,1,Tissue enhanced,Detected in many,,brain,173.0,Tissue enriched,Detected in single,22303,cerebral cortex,2230301.7,Secreted to blood,"Predicted intracellular proteins, Predicted secreted proteins",0.8143483403018071,1.0,1.0
SSB:P05455:OID20818:v1,SSB,SSB,P05455,1,Low tissue specificity,Detected in all,,,0.0,Low tissue specificity,Detected in all,,,0.0,,"Essential proteins, Predicted intracellular proteins",0.5025,0.5025,0.5025
STAMBP:O95630:OID20955:v1,STAMBP,STAMBP,O95630,1,Low tissue specificity,Detected in all,,,0.0,Low tissue specificity,Detected in many,,,0.0,,"Disease related genes, Enzymes, Human disease related genes, Metabolic proteins, Potential drug targets, Predicted intracellular proteins",0.5025,0.5525,0.5525
STC1:P52823:OID21014:v1,STC1,STC1,P52823,1,Low tissue specificity,Detected in many,,,0.0,Tissue enriched,Detected in single,332,skeletal muscle,33195.7,Secreted in other tissues,"Predicted intracellular proteins, Predicted secreted proteins",0.5525,1.0,1.0
STC2:O76061:OID21157:v1,STC2,STC2,O76061,1,Tissue enriched,Detected in many,4,breast,135.0,Tissue enriched,Detected in some,,skin,2790173.1,Secreted in other tissues,"Predicted intracellular proteins, Predicted secreted proteins",0.7142713756347971,1.0,1.0
STIP1:P31948:OID21077:v1,STIP1,STIP1,P31948,1,Low tissue specificity,Detected in all,,,0.0,Low tissue specificity,Detected in all,,,0.0,,"Plasma proteins, Predicted intracellular proteins",0.5025,0.5025,0.5025
STK24:Q9Y6E0:OID20837:v1,STK24,STK24,Q9Y6E0,1,Low tissue specificity,Detected in all,,,0.0,Low tissue specificity,Detected in all,,,0.0,,"Enzymes, Predicted intracellular proteins",0.5025,0.5025,0.5025
SULT1A1:P50225:OID21031:v1,SULT1A1,SULT1A1,P50225,1,Tissue enhanced,Detected in all,,liver,191.2,Tissue enriched,Detected in many,,liver,220064194.5,,"Enzymes, Metabolic proteins, Predicted intracellular proteins",0.8172281992778272,1.0,1.0
SUMF2:Q8NBJ7:OID21032:v1,SUMF2,SUMF2,Q8NBJ7,1,Low tissue specificity,Detected in all,,,0.0,Low tissue specificity,Detected in all,,,0.0,Intracellular and membrane,"Plasma proteins, Predicted intracellular proteins",0.5025,0.5025,0.5025
SUSD2:Q9UGT4:OID21098:v1,SUSD2,SUSD2,Q9UGT4,1,Tissue enhanced,Detected in many,,lung,94.2,Group enriched,Detected in many,,lung,117864029.0,,Predicted membrane proteins,0.7968900463926699,0.9324999999999999,0.9324999999999999
TARBP2:Q15633:OID20870:v1,TARBP2,TARBP2,Q15633,1,Low tissue specificity,Detected in all,,,0.0,Tissue enhanced,Detected in many,,kidney,9568084.6,,Predicted intracellular proteins,0.5025,0.865,0.865
TBC1D17:Q9HA65:OID20844:v1,TBC1D17,TBC1D17,Q9HA65,1,Tissue enhanced,Detected in all,,skeletal muscle,132.3,Low tissue specificity,Detected in all,,,0.0,,Predicted intracellular proteins,0.8066348497947298,0.5025,0.8066348497947298
TBCB:Q99426:OID20993:v1,TBCB,TBCB,Q99426,1,Tissue enhanced,Detected in all,,brain,386.0,Tissue enhanced,Detected in all,,cerebral cortex,97635592.4,,"Essential proteins, Metabolic proteins, Predicted intracellular proteins",0.8374891064557474,0.865,0.865
TBCC:Q15814:OID20942:v1,TBCC,TBCC,Q15814,1,Low tissue specificity,Detected in all,,,0.0,Tissue enhanced,Detected in many,,cerebral cortex,15761380.2,,"Essential proteins, Plasma proteins, Predicted intracellular proteins",0.5025,0.865,0.865
TCL1A:P56279:OID20987:v1,TCL1A,TCL1A,P56279,1,Tissue enriched,Detected in some,13,lymphoid tissue,249.5,Group enriched,Detected in some,,lymphoid tissue,8986659.1,,"Cancer-related genes, Disease related genes, Predicted intracellular proteins",0.8100373458381898,0.9324999999999999,0.9324999999999999
TDGF1:P13385:OID20816:v1,TDGF1,TDGF1,P13385,1,Tissue enhanced,Detected in many,,lymphoid tissue,19.7,Not detected,Not detected,,,0.0,Secreted in other tissues,"Predicted intracellular proteins, Predicted secreted proteins",0.755,0.35,0.755
TDRKH:Q9Y2W6:OID20875:v1,TDRKH,TDRKH,Q9Y2W6,1,Tissue enhanced,Detected in all,,parathyroid gland,28.3,Group enriched,Detected in many,,Stomach,4237967.5,,"Plasma proteins, Predicted intracellular proteins, Predicted membrane proteins",0.7627770270884561,0.9324999999999999,0.9324999999999999
TFF1:P04155:OID21154:v1,TFF1,TFF1,P04155,1,Tissue enriched,Detected in many,48,stomach 1,7508.8,Not detected,Not detected,,,0.0,Secreted to digestive system,"Cancer-related genes, Plasma proteins, Predicted secreted proteins",0.9451465946269613,0.35,0.9451465946269613
THBS2:P35442:OID21104:v1,THBS2,THBS2,P35442,1,Tissue enhanced,Detected in many,,blood vessel,160.2,Group enriched,Detected in some,,blood vessel,14569034.4,Secreted to extracellular matrix,"Cancer-related genes, Disease related genes, Human disease related genes, Plasma proteins, Predicted secreted proteins",0.8121363796350088,0.9324999999999999,0.9324999999999999
THY1:P04216:OID21050:v1,THY1,THY1,P04216,1,Tissue enhanced,Detected in many,,smooth muscle,284.1,Group enriched,Detected in all,,cerebral cortex,713325760.5,,"CD markers, Plasma proteins, Predicted intracellular proteins, Predicted membrane proteins",0.8286428032687801,0.9324999999999999,0.9324999999999999
TIGAR:Q9NQ88:OID20894:v1,TIGAR,TIGAR,Q9NQ88,1,Low tissue specificity,Detected in many,,,0.0,Low tissue specificity,Detected in all,,,0.0,,"Enzymes, Metabolic proteins, Predicted intracellular proteins",0.5525,0.5025,0.5525
TIMP4:Q99727:OID21147:v1,TIMP4,TIMP4,Q99727,1,Tissue enhanced,Detected in many,,adipose tissue,229.4,Not detected,Not detected,,,0.0,Secreted to extracellular matrix,"Plasma proteins, Predicted secreted proteins",0.8224760460483711,0.35,0.8224760460483711
TMPRSS5:Q9H3S3:OID20947:v1,TMPRSS5,TMPRSS5,Q9H3S3,1,Group enriched,Detected in many,4,brain,17.4,Not detected,Not detected,,,0.0,,"Disease related genes, Enzymes, Potential drug targets, Predicted intracellular proteins, Predicted membrane proteins",0.5945560259036266,0.35,0.5945560259036266
TMSB10:P63313:OID21118:v1,TMSB10,TMSB10,P63313,1,Low tissue specificity,Detected in all,,,0.0,Tissue enriched,Detected in some,,ovary,8130401.4,,"Essential proteins, Plasma proteins, Predicted intracellular proteins",0.5025,1.0,1.0
TNFRSF10A:O00220:OID20967:v1,TNFRSF10A,TNFRSF10A,O00220,1,Low tissue specificity,Detected in many,,,0.0,Not detected,Not detected,,,0.0,,"Cancer-related genes, CD markers, Predicted membrane proteins",0.5525,0.35,0.5525
TNFRSF10B:O14763:OID20981:v1,TNFRSF10B,TNFRSF10B,O14763,1,Low tissue specificity,Detected in all,,,0.0,Not detected,Not detected,,,0.0,,"Cancer-related genes, CD markers, Disease related genes, Human disease related genes, Plasma proteins, Predicted membrane proteins",0.5025,0.35,0.5025
TNFRSF1A:P19438:OID21155:v1,TNFRSF1A,TNFRSF1A,P19438,1,Low tissue specificity,Detected in all,,,0.0,Not detected,Not detected,,,0.0,Secreted to blood,"Cancer-related genes, Candidate cardiovascular disease genes, CD markers, Disease related genes, FDA approved drug targets, Human disease related genes, Plasma proteins, Predicted membrane proteins, Predicted secreted proteins",0.5025,0.35,0.5025
TNFRSF1B:P20333:OID21145:v1,TNFRSF1B,TNFRSF1B,P20333,1,Tissue enhanced,Detected in many,,lymphoid tissue,64.5,Tissue enriched,Detected in some,,lymphoid tissue,282485.8,Secreted to blood,"Cancer-related genes, Candidate cardiovascular disease genes, CD markers, Human disease related genes, Plasma proteins, Predicted membrane proteins, Predicted secreted proteins",0.7860652361019456,1.0,1.0
TNFRSF21:O75509:OID21052:v1,TNFRSF21,TNFRSF21,O75509,1,Tissue enhanced,Detected in all,,urinary bladder,138.2,Tissue enriched,Detected in some,,cerebral cortex,1013386.6,,"CD markers, Plasma proteins, Predicted membrane proteins",0.8078886074427889,1.0,1.0
TNFRSF6B:O95407:OID20964:v1,TNFRSF6B,TNFRSF6B,O95407,1,Tissue enhanced,Detected in many,,lung,53.3,Not detected,Not detected,,,0.0,Secreted to blood,Predicted secreted proteins,0.7806365902260557,0.35,0.7806365902260557
TNFRSF8:P28908:OID21049:v1,TNFRSF8,TNFRSF8,P28908,1,Tissue enhanced,Detected in some,,adipose tissue,5.1,Not detected,Not detected,,,0.0,,"Cancer-related genes, CD markers, FDA approved drug targets, Plasma proteins, Predicted intracellular proteins, Predicted membrane proteins",0.8150000000000001,0.35,0.8150000000000001
TNFRSF9:Q07011:OID20985:v1,TNFRSF9,TNFRSF9,Q07011,1,Tissue enhanced,Detected in some,,lymphoid tissue,9.2,Not detected,Not detected,,,0.0,,"Cancer-related genes, CD markers, Predicted intracellular proteins, Predicted membrane proteins, Transporters",0.8150000000000001,0.35,0.8150000000000001
TNFSF14:O43557:OID20953:v1,TNFSF14,TNFSF14,O43557,1,Group enriched,Detected in many,9,liver,92.6,Not detected,Not detected,,,0.0,Secreted to blood,"CD markers, Predicted intracellular proteins, Predicted membrane proteins, Predicted secreted proteins",0.6885220724442807,0.35,0.6885220724442807
TNR:Q92752:OID20957:v1,TNR,TNR,Q92752,1,Group enriched,Detected in some,11,brain,38.9,Tissue enriched,Detected in many,1,cerebral cortex,1348318651.2,Secreted in brain,"Disease related genes, Predicted intracellular proteins, Predicted secreted proteins",0.7209495376127389,1.0,1.0
TNXB:P22105:OID21107:v1,TNXB,TNXB,P22105,1,Tissue enhanced,Detected in many,,adrenal gland,253.2,Tissue enhanced,Detected in all,,skin,1822456727.8,Secreted to extracellular matrix,"Disease related genes, Human disease related genes, Plasma proteins, Predicted intracellular proteins, Predicted secreted proteins",0.8253218390479414,0.865,0.865
TPPP3:Q9BW30:OID20842:v1,TPPP3,TPPP3,Q9BW30,1,Tissue enhanced,Detected in all,,fallopian tube,807.5,Tissue enhanced,Detected in all,,fallopian tube,296085131.1,,Predicted intracellular proteins,0.8588172910424466,0.865,0.865
TREML2:Q5T2D2:OID21120:v1,TREML2,TREML2,Q5T2D2,1,Tissue enhanced,Detected in some,,bone marrow,13.7,Not detected,Not detected,,,0.0,,"Plasma proteins, Predicted membrane proteins",0.8150000000000001,0.35,0.8150000000000001
TST:Q16762:OID20868:v1,TST,TST,Q16762,1,Tissue enhanced,Detected in all,,liver,555.5,Tissue enriched,Detected in all,,liver,460896001.9,,"Enzymes, Metabolic proteins, Predicted intracellular proteins",0.8480045318627503,1.0,1.0
TXLNA:P40222:OID20952:v1,TXLNA,TXLNA,P40222,1,Low tissue specificity,Detected in all,,,0.0,Low tissue specificity,Detected in many,,,0.0,,"Cancer-related genes, Predicted intracellular proteins",0.5025,0.5525,0.5525
TXNDC5:Q8NBS9:OID21012:v1,TXNDC5,TXNDC5,Q8NBS9,1,Low tissue specificity,Detected in all,,,0.0,Low tissue specificity,Detected in all,,,0.0,Intracellular and membrane,"Enzymes, Plasma proteins, Predicted intracellular proteins",0.5025,0.5025,0.5025
TXNRD1:Q16881:OID21135:v1,TXNRD1,TXNRD1,Q16881,1,Low tissue specificity,Detected in all,,,0.0,Low tissue specificity,Detected in all,,,0.0,,"Cancer-related genes, Enzymes, FDA approved drug targets, Metabolic proteins, Plasma proteins, Predicted intracellular proteins",0.5025,0.5025,0.5025
ULBP2:Q9BZM5:OID20919:v1,ULBP2,ULBP2,Q9BZM5,1,Tissue enhanced,Detected in many,,esophagus,5.9,Not detected,Not detected,,,0.0,Secreted in other tissues,"Predicted membrane proteins, Predicted secreted proteins",0.755,0.35,0.755
VCAN:P13611:OID21026:v1,VCAN,VCAN,P13611,1,Tissue enhanced,Detected in many,,blood vessel,171.7,Tissue enriched,Detected in all,,blood vessel,8339934629.9,Secreted to blood,"Disease related genes, Human disease related genes, Plasma proteins, Predicted intracellular proteins, Predicted secreted proteins",0.8141312443329547,1.0,1.0
VSIG4:Q9Y279:OID21144:v1,VSIG4,VSIG4,Q9Y279,1,Tissue enhanced,Detected in all,,lung,156.3,Tissue enhanced,Detected in many,,bone marrow,1783586.8,,"Plasma proteins, Predicted membrane proteins",0.8114273945634407,0.865,0.865
VSTM1:Q6UX27:OID20851:v1,VSTM1,VSTM1,Q6UX27,1,Tissue enriched,Detected in some,8,bone marrow,40.6,Tissue enriched,Detected in single,310,bone marrow,31011.0,Secreted to blood,"Predicted intracellular proteins, Predicted membrane proteins, Predicted secreted proteins",0.7666323987123148,1.0,1.0
VTA1:Q9NP79:OID21016:v1,VTA1,VTA1,Q9NP79,1,Low tissue specificity,Detected in all,,,0.0,Low tissue specificity,Detected in all,,,0.0,,"Plasma proteins, Predicted intracellular proteins",0.5025,0.5025,0.5025
VWC2:Q2TAL6:OID20936:v1,VWC2,VWC2,Q2TAL6,1,Group enriched,Detected in some,5,brain,10.3,Not detected,Not detected,,,0.0,Secreted to extracellular matrix,Predicted secreted proteins,0.6683828684844482,0.35,0.6683828684844482
WARS:P23381:OID21084:v1,WARS,WARS1,P23381,1,Tissue enhanced,Detected in all,,placenta,304.7,Low tissue specificity,Detected in all,,,0.0,,"Disease related genes, Enzymes, Essential proteins, Human disease related genes, Metabolic proteins, Plasma proteins, Potential drug targets, Predicted intracellular proteins",0.8306623924771579,0.5025,0.8306623924771579
WASF3:Q9UPY6:OID20882:v1,WASF3,WASF3,Q9UPY6,1,Tissue enhanced,Detected in many,,brain,58.7,Group enriched,Detected in many,,cerebral cortex,4993245.8,,"Cancer-related genes, Predicted intracellular proteins",0.7833811598767986,0.9324999999999999,0.9324999999999999
WFIKKN1:Q96NZ8:OID20939:v1,WFIKKN1,WFIKKN1,Q96NZ8,1,Tissue enhanced,Detected in some,,brain,5.0,Not detected,Not detected,,,0.0,Secreted in other tissues,Predicted secreted proteins,0.8150000000000001,0.35,0.8150000000000001
WWP2:O00308:OID20926:v1,WWP2,WWP2,O00308,1,Tissue enhanced,Detected in all,,blood vessel,111.7,Tissue enriched,Detected in many,,salivary gland,3469593.3,,"Enzymes, Metabolic proteins, Predicted intracellular proteins",0.8017751374007817,1.0,1.0
XRCC4:Q13426:OID20869:v1,XRCC4,XRCC4,Q13426,1,Low tissue specificity,Detected in all,,,0.0,Tissue enriched,Detected in many,,bone marrow,5149190.8,,"Cancer-related genes, Disease related genes, Human disease related genes, Predicted intracellular proteins",0.5025,1.0,1.0
ADGRV1:Q8WXG9:OID30877:v1,ADGRV1,ADGRV1,Q8WXG9,1,Tissue enriched,Detected in many,11,adrenal gland,494.7,Tissue enhanced,Detected in many,,heart muscle,3363471.2,,"Disease related genes, G-protein coupled receptors, Human disease related genes, Potential drug targets, Predicted intracellular proteins, Predicted membrane proteins, Transporters",0.8181048041046739,0.865,0.865
AIDA:Q96BJ3:OID30956:v1,AIDA,AIDA,Q96BJ3,1,Low tissue specificity,Detected in all,,,0.0,Low tissue specificity,Detected in all,,,0.0,,Predicted intracellular proteins,0.5025,0.5025,0.5025
AK2:P54819:OID31142:v1,AK2,AK2,P54819,1,Low tissue specificity,Detected in all,,,0.0,Group enriched,Detected in all,,kidney,459859430.4,,"Disease related genes, Enzymes, Human disease related genes, Metabolic proteins, Plasma proteins, Potential drug targets, Predicted intracellular proteins",0.5025,0.9324999999999999,0.9324999999999999
AKT2:P31751:OID31052:v1,AKT2,AKT2,P31751,1,Low tissue specificity,Detected in all,,,0.0,Group enriched,Detected in many,,skin,11770041.3,,"Cancer-related genes, Disease related genes, Enzymes, Human disease related genes, Potential drug targets, Predicted intracellular proteins, RAS pathway related proteins",0.5025,0.9324999999999999,0.9324999999999999
ALDH5A1:P51649:OID31047:v1,ALDH5A1,ALDH5A1,P51649,1,Tissue enhanced,Detected in all,,liver,92.3,Group enriched,Detected in all,,liver,161241726.3,,"Disease related genes, Enzymes, Human disease related genes, Metabolic proteins, Potential drug targets, Predicted intracellular proteins",0.7963064438597104,0.9324999999999999,0.9324999999999999
AMPD3:Q01432:OID31139:v1,AMPD3,AMPD3,Q01432,1,Tissue enhanced,Detected in all,,skeletal muscle,61.1,Group enriched,Detected in many,,bone marrow,15794129.1,,"Disease related genes, Enzymes, Human disease related genes, Metabolic proteins, Plasma proteins, Potential drug targets, Predicted intracellular proteins",0.784522146054478,0.9324999999999999,0.9324999999999999
AP2B1:P63010:OID30949:v1,AP2B1,AP2B1,P63010,1,Low tissue specificity,Detected in all,,,0.0,Tissue enriched,Detected in all,,cerebral cortex,356540412.0,,"Cancer-related genes, Predicted intracellular proteins, Transporters",0.5025,1.0,1.0
AP3S2:P59780:OID31117:v1,AP3S2,AP3S2,P59780,1,Low tissue specificity,Detected in all,,,0.0,Tissue enhanced,Detected in many,,lung,3966230.1,,Predicted intracellular proteins,0.5025,0.865,0.865
ARFIP1:P53367:OID31024:v1,ARFIP1,ARFIP1,P53367,1,Low tissue specificity,Detected in all,,,0.0,Low tissue specificity,Detected in all,,,0.0,,Predicted intracellular proteins,0.5025,0.5025,0.5025
ARHGEF1:Q92888:OID31133:v1,ARHGEF1,ARHGEF1,Q92888,1,Tissue enhanced,Detected in all,,lymphoid tissue,165.2,Tissue enhanced,Detected in many,,lymphoid tissue,42219720.2,,"Disease related genes, Human disease related genes, Plasma proteins, Predicted intracellular proteins",0.8130206504862562,0.865,0.865
ARHGEF10:O15013:OID30994:v1,ARHGEF10,ARHGEF10,O15013,1,Low tissue specificity,Detected in many,,,0.0,Tissue enriched,Detected in many,,Stomach,10819106.1,,"Disease related genes, Predicted intracellular proteins",0.5525,1.0,1.0
ARHGEF5:Q12774:OID30871:v1,ARHGEF5,ARHGEF5,Q12774,1,Tissue enhanced,Detected in many,,skin 1,45.2,Group enriched,Detected in many,,kidney,2434216.7,,"Essential proteins, Predicted intracellular proteins",0.7759600766136212,0.9324999999999999,0.9324999999999999
ART5:Q96L15:OID30828:v1,ART5,ART5,Q96L15,1,Tissue enhanced,Detected in many,,testis,28.7,Not detected,Not detected,,,0.0,Secreted in other tissues,"Enzymes, Metabolic proteins, Predicted intracellular proteins, Predicted secreted proteins",0.7631695588895914,0.35,0.7631695588895914
ASPSCR1:Q9BZE9:OID31055:v1,ASPSCR1,ASPSCR1,Q9BZE9,1,Low tissue specificity,Detected in all,,,0.0,Low tissue specificity,Detected in many,,,0.0,,"Cancer-related genes, Disease related genes, Human disease related genes, Predicted intracellular proteins",0.5025,0.5525,0.5525
ATXN2:Q99700:OID30850:v1,ATXN2,ATXN2,Q99700,1,Low tissue specificity,Detected in all,,,0.0,Low tissue specificity,Detected in many,,,0.0,,"Disease related genes, Human disease related genes, Predicted intracellular proteins",0.5025,0.5525,0.5525
ATXN2L:Q8WWM7:OID30980:v1,ATXN2L,ATXN2L,Q8WWM7,1,Low tissue specificity,Detected in all,,,0.0,Tissue enriched,Detected in many,,skeletal muscle,150577912.2,,"Plasma proteins, Predicted intracellular proteins",0.5025,1.0,1.0
ATXN3:P54252:OID31149:v1,ATXN3,ATXN3,P54252,1,Low tissue specificity,Detected in all,,,0.0,Low tissue specificity,Detected in many,,,0.0,,"Disease related genes, Enzymes, Human disease related genes, Plasma proteins, Potential drug targets, Predicted intracellular proteins, Predicted membrane proteins",0.5025,0.5525,0.5525
AZI2:Q9H6S1:OID31056:v1,AZI2,AZI2,Q9H6S1,1,Low tissue specificity,Detected in all,,,0.0,Group enriched,Detected in many,,intestine,300980.4,,Predicted intracellular proteins,0.5025,0.9324999999999999,0.9324999999999999
BAP18:Q8IXM2:OID31150:v1,BAP18,C17orf49,Q8IXM2,1,Low tissue specificity,Detected in all,,,0.0,Low tissue specificity,Detected in all,,,0.0,,"Essential proteins, Predicted intracellular proteins",0.5025,0.5025,0.5025
BCL2L1:Q07817:OID31152:v1,BCL2L1,BCL2L1,Q07817,1,Low tissue specificity,Detected in all,,,0.0,Low tissue specificity,Detected in all,,,0.0,,"Cancer-related genes, Essential proteins, Predicted membrane proteins, RAS pathway related proteins, Transporters",0.5025,0.5025,0.5025
BLOC1S3:Q6QNY0:OID31106:v1,BLOC1S3,BLOC1S3,Q6QNY0,1,Low tissue specificity,Detected in all,,,0.0,Low tissue specificity,Detected in all,,,0.0,,"Disease related genes, Human disease related genes, Predicted intracellular proteins",0.5025,0.5025,0.5025
BOLA1:Q9Y3E2:OID30837:v1,BOLA1,BOLA1,Q9Y3E2,1,Low tissue specificity,Detected in many,,,0.0,Low tissue specificity,Detected in all,,,0.0,,Predicted intracellular proteins,0.5525,0.5025,0.5525
BRSK2:Q8IWQ3:OID31042:v1,BRSK2,BRSK2,Q8IWQ3,1,Group enriched,Detected in many,6,pancreas,97.0,Tissue enriched,Detected in some,,cerebral cortex,23818948.2,,"Enzymes, Predicted intracellular proteins, Predicted membrane proteins",0.6628024974407726,1.0,1.0
C1QBP:Q07021:OID31007:v1,C1QBP,C1QBP,Q07021,1,Low tissue specificity,Detected in all,,,0.0,Tissue enhanced,Detected in all,,heart muscle,555628073.8,Secreted to blood,"Cancer-related genes, Disease related genes, Human disease related genes, Plasma proteins, Potential drug targets, Predicted intracellular proteins, Predicted secreted proteins, Transporters",0.5025,0.865,0.865
C1QTNF6:Q9BXI9:OID31049:v1,C1QTNF6,C1QTNF6,Q9BXI9,1,Tissue enhanced,Detected in many,,endometrium 1,29.8,Not detected,Not detected,,,0.0,Secreted to blood,"Predicted intracellular proteins, Predicted secreted proteins",0.7642223577030551,0.35,0.7642223577030551
C2orf69:Q8N8R5:OID30883:v1,C2orf69,C2orf69,Q8N8R5,1,Low tissue specificity,Detected in all,,,0.0,Group enriched,Detected in many,,intestine,4252949.5,Intracellular and membrane,"Disease related genes, Human disease related genes, Predicted intracellular proteins",0.5025,0.9324999999999999,0.9324999999999999
CABP2:Q9NPB3:OID30916:v1,CABP2,CABP2,Q9NPB3,1,Tissue enriched,Detected in single,9,retina,6.8,Not detected,Not detected,,,0.0,,"Disease related genes, Human disease related genes, Predicted intracellular proteins",0.8246226950319173,0.35,0.8246226950319173
CACNB1:Q02641:OID30820:v1,CACNB1,CACNB1,Q02641,1,Group enriched,Detected in many,6,skeletal muscle,314.2,Group enriched,Detected in some,202652,skeletal muscle,32028234.2,,"FDA approved drug targets, Predicted intracellular proteins",0.6966216129436373,0.9324999999999999,0.9324999999999999
CACNB3:P54284:OID31039:v1,CACNB3,CACNB3,P54284,1,Tissue enhanced,Detected in all,,brain,74.6,Tissue enriched,Detected in some,,cerebral cortex,5475275.4,,"Essential proteins, FDA approved drug targets, Predicted intracellular proteins, Transporters",0.79021666845481,1.0,1.0
CADPS:Q9ULU8:OID30915:v1,CADPS,CADPS,Q9ULU8,1,Tissue enhanced,Detected in many,,retina,170.8,Tissue enhanced,Detected in many,,cerebral cortex,46110822.1,,"Plasma proteins, Predicted intracellular proteins",0.8139799876805078,0.865,0.865
CALCB:P10092:OID31100:v1,CALCB,CALCB,P10092,1,Group enriched,Detected in some,6,thyroid gland,19.3,Tissue enriched,Detected in single,10963,intestine,1096327.4,Secreted to blood,"FDA approved drug targets, Plasma proteins, Predicted secreted proteins",0.6800732973134807,1.0,1.0
CAMSAP1:Q5T5Y3:OID31070:v1,CAMSAP1,CAMSAP1,Q5T5Y3,1,Tissue enhanced,Detected in all,,retina,97.9,Tissue enhanced,Detected in many,,cerebral cortex,2157162.4,,Predicted intracellular proteins,0.7979938428957823,0.865,0.865
CAPS:Q13938:OID31126:v1,CAPS,CAPS,Q13938,1,Tissue enhanced,Detected in all,,fallopian tube,314.9,Tissue enriched,Detected in all,,fallopian tube,1083733842.6,,Predicted intracellular proteins,0.8316125341440619,1.0,1.0
CASC3:O15234:OID30921:v1,CASC3,CASC3,O15234,1,Low tissue specificity,Detected in all,,,0.0,Tissue enriched,Detected in single,1859,lymphoid tissue,185855.9,,"Cancer-related genes, Predicted intracellular proteins, Transporters",0.5025,1.0,1.0
CASP7:P55210:OID31135:v1,CASP7,CASP7,P55210,1,Low tissue specificity,Detected in all,,,0.0,Low tissue specificity,Detected in many,,,0.0,Intracellular and membrane,"Cancer-related genes, Enzymes, Predicted intracellular proteins",0.5025,0.5525,0.5525
CCAR2:Q8N163:OID31077:v1,CCAR2,CCAR2,Q8N163,1,Low tissue specificity,Detected in all,,,0.0,Low tissue specificity,Detected in all,,,0.0,,Predicted intracellular proteins,0.5025,0.5025,0.5025
CCDC50:Q8IVM0:OID31001:v1,CCDC50,CCDC50,Q8IVM0,1,Low tissue specificity,Detected in all,,,0.0,Low tissue specificity,Detected in many,,,0.0,,"Disease related genes, Human disease related genes, Predicted intracellular proteins",0.5025,0.5525,0.5525
CD164L2:Q6UWJ8:OID30922:v1,CD164L2,CD164L2,Q6UWJ8,1,Tissue enhanced,Detected in some,,fallopian tube,28.3,Not detected,Not detected,,,0.0,,Predicted membrane proteins,0.8150000000000001,0.35,0.8150000000000001
CDAN1:Q8IWY9:OID31076:v1,CDAN1,CDAN1,Q8IWY9,1,Low tissue specificity,Detected in all,,,0.0,Group enriched,Detected in some,1165,bone marrow,194551.4,,"Disease related genes, Essential proteins, Human disease related genes, Plasma proteins, Predicted intracellular proteins, Predicted membrane proteins",0.5025,0.9324999999999999,0.9324999999999999
CDH23:Q9H251:OID31074:v1,CDH23,CDH23,Q9H251,1,Tissue enhanced,Detected in many,,ovary,34.8,Tissue enriched,Detected in single,66826,ovary,6682642.3,,"Disease related genes, Human disease related genes, Predicted intracellular proteins, Predicted membrane proteins",0.768577214930801,1.0,1.0
CDK5RAP3:Q96JB5:OID30985:v1,CDK5RAP3,CDK5RAP3,Q96JB5,1,Low tissue specificity,Detected in all,,,0.0,Low tissue specificity,Detected in all,,,0.0,,"Essential proteins, Plasma proteins, Predicted intracellular proteins",0.5025,0.5025,0.5025
CEND1:Q8N111:OID30821:v1,CEND1,CEND1,Q8N111,1,Tissue enriched,Detected in some,4,brain,277.6,Tissue enriched,Detected in many,,cerebral cortex,223651801.4,,Predicted membrane proteins,0.7350311854273437,1.0,1.0
CHCHD10:Q8WYQ3:OID31116:v1,CHCHD10,CHCHD10,Q8WYQ3,1,Tissue enhanced,Detected in all,,heart muscle,1596.3,Tissue enriched,Detected in single,163776,heart muscle,16377563.7,,"Disease related genes, Human disease related genes, Predicted intracellular proteins",0.865,1.0,1.0
CHM:P24386:OID30972:v1,CHM,CHM,P24386,1,Low tissue specificity,Detected in all,,,0.0,Low tissue specificity,Detected in many,,,0.0,,"Disease related genes, Human disease related genes, Predicted intracellular proteins",0.5025,0.5525,0.5525
CIT:O14578:OID30970:v1,CIT,CIT,O14578,1,Tissue enhanced,Detected in many,,brain,13.4,Tissue enhanced,Detected in some,,cerebral cortex,34034607.5,,"Disease related genes, Enzymes, Essential proteins, Human disease related genes, Potential drug targets, Predicted intracellular proteins",0.755,0.865,0.865
CLEC2L:P0C7M8:OID30884:v1,CLEC2L,CLEC2L,P0C7M8,1,Tissue enhanced,Detected in some,,brain,37.9,Tissue enriched,Detected in single,4208,cerebral cortex,420817.7,,"Predicted intracellular proteins, Predicted membrane proteins",0.8150000000000001,1.0,1.0
CLGN:O14967:OID30957:v1,CLGN,CLGN,O14967,1,Tissue enhanced,Detected in many,,testis,106.2,Tissue enriched,Detected in some,,heart muscle,9926550.6,,"Predicted intracellular proteins, Predicted membrane proteins",0.8003267382606406,1.0,1.0
CLIC5:Q9NZA1:OID30890:v1,CLIC5,CLIC5,Q9NZA1,1,Tissue enhanced,Detected in many,,skeletal muscle,271.2,Tissue enriched,Detected in many,,lung,59414620.6,,"Disease related genes, Human disease related genes, Potential drug targets, Predicted intracellular proteins, Transporters",0.8273023907869277,1.0,1.0
CLNS1A:P54105:OID30929:v1,CLNS1A,CLNS1A,P54105,1,Low tissue specificity,Detected in all,,,0.0,Tissue enhanced,Detected in all,,fallopian tube,47872476.4,,"Essential proteins, Predicted intracellular proteins, Transporters",0.5025,0.865,0.865
CLSTN3:Q9BQT9:OID31092:v1,CLSTN3,CLSTN3,Q9BQT9,1,Tissue enhanced,Detected in all,,brain,137.4,Tissue enriched,Detected in single,42734,cerebral cortex,4273395.7,,"Plasma proteins, Predicted intracellular proteins, Predicted membrane proteins",0.807721755241463,1.0,1.0
CNTNAP4:Q9C0A0:OID30911:v1,CNTNAP4,CNTNAP4,Q9C0A0,1,Tissue enriched,Detected in some,14,brain,94.7,Tissue enriched,Detected in single,4232,cerebral cortex,423161.0,,Predicted membrane proteins,0.8053722252597839,1.0,1.0
COL28A1:Q2UY09:OID30969:v1,COL28A1,COL28A1,Q2UY09,1,Tissue enhanced,Detected in many,,salivary gland,17.3,Tissue enhanced,Detected in many,,heart muscle,18479627.0,Secreted to extracellular matrix,"Predicted intracellular proteins, Predicted secreted proteins",0.755,0.865,0.865
CRTAP:O75718:OID30902:v1,CRTAP,CRTAP,O75718,1,Low tissue specificity,Detected in all,,,0.0,Group enriched,Detected in many,,blood vessel,32316348.1,Secreted to blood,"Disease related genes, Human disease related genes, Predicted secreted proteins",0.5025,0.9324999999999999,0.9324999999999999
CRYBB2:P43320:OID31081:v1,CRYBB2,CRYBB2,P43320,1,Tissue enhanced,Detected in some,,brain,2.2,Not detected,Not detected,,,0.0,,"Disease related genes, Human disease related genes, Predicted intracellular proteins",0.8150000000000001,0.35,0.8150000000000001
CRYGD:P07320:OID31144:v1,CRYGD,CRYGD,P07320,1,Tissue enhanced,Detected in some,,ovary,7.7,Tissue enriched,Detected in some,,ovary,12330632.9,,"Disease related genes, Human disease related genes, Predicted intracellular proteins",0.8150000000000001,1.0,1.0
CRYM:Q14894:OID30815:v1,CRYM,CRYM,Q14894,1,Tissue enhanced,Detected in many,,brain,302.3,Group enriched,Detected in many,,cerebral cortex,497151140.9,,"Disease related genes, Enzymes, Human disease related genes, Potential drug targets, Predicted intracellular proteins",0.8304342235971203,0.9324999999999999,0.9324999999999999
CSNK2A1:P68400:OID31053:v1,CSNK2A1,CSNK2A1,P68400,1,Low tissue specificity,Detected in all,,,0.0,Tissue enhanced,Detected in all,,cerebral cortex,54359514.1,,"Disease related genes, Enzymes, Human disease related genes, Potential drug targets, Predicted intracellular proteins",0.5025,0.865,0.865
CSPG5:O95196:OID30843:v1,CSPG5,CSPG5,O95196,1,Group enriched,Detected in some,20,brain,103.3,Tissue enriched,Detected in single,101835,cerebral cortex,10183537.4,Secreted in brain,"Predicted membrane proteins, Predicted secreted proteins",0.7633894966696381,1.0,1.0
CTRL:P40313:OID31157:v1,CTRL,CTRL,P40313,1,Tissue enriched,Detected in many,1212,pancreas,7054.0,Tissue enriched,Detected in single,1638215,pancreas,163821452.2,Secreted to digestive system,"Enzymes, Predicted secreted proteins",1.0,1.0,1.0
CUZD1:Q86UP6:OID30914:v1,CUZD1,CUZD1,Q86UP6,1,Tissue enriched,Detected in some,2112,pancreas,2277.5,Tissue enriched,Detected in some,,pancreas,47149846.6,,Predicted membrane proteins,1.0,1.0,1.0
DCC:P43146:OID30953:v1,DCC,DCC,P43146,1,Tissue enhanced,Detected in some,,testis,7.2,Tissue enriched,Detected in some,,liver,1871289.7,,"Cancer-related genes, Disease related genes, Human disease related genes, Plasma proteins, Predicted intracellular proteins, Predicted membrane proteins",0.8150000000000001,1.0,1.0
DCUN1D1:Q96GG9:OID30830:v1,DCUN1D1,DCUN1D1,Q96GG9,1,Tissue enriched,Detected in all,6,testis,231.3,Low tissue specificity,Detected in all,,,0.0,,Predicted intracellular proteins,0.7552870912981141,0.5025,0.7552870912981141
DDHD2:O94830:OID31043:v1,DDHD2,DDHD2,O94830,1,Low tissue specificity,Detected in all,,,0.0,Tissue enhanced,Detected in many,,pancreas,11712298.3,,"Disease related genes, Human disease related genes, Predicted intracellular proteins",0.5025,0.865,0.865
DEFB104A_DEFB104B:Q8WTQ1:OID30849:v1,DEFB104A_DEFB104B,DEFB104B;DEFB104A,Q8WTQ1;Q8WTQ1,0,,,,,0.0,,,,,0.0,,,0.4475,0.4475,0.4475
DEFB118:Q96PH6:OID30858:v1,DEFB118,DEFB118,Q96PH6,1,Tissue enriched,Detected in single,9358,epididymis,935.8,Not detected,Not detected,,,0.0,Secreted in male reproductive system,Predicted secreted proteins,1.0,0.35,1.0
DGCR6:Q14129:OID30859:v1,DGCR6,DGCR6,Q14129,1,Tissue enhanced,Detected in many,,skeletal muscle,196.5,Not detected,Not detected,,,0.0,,"Human disease related genes, Predicted intracellular proteins",0.818015666445903,0.35,0.818015666445903
DHRS4L2:Q6PKH6:OID31072:v1,DHRS4L2,DHRS4L2,Q6PKH6,1,Tissue enhanced,Detected in all,,liver,122.6,Not detected,Not detected,,,0.0,Secreted - unknown location,"Metabolic proteins, Predicted intracellular proteins, Predicted secreted proteins",0.8044477210117753,0.35,0.8044477210117753
DLG4:P78352:OID31071:v1,DLG4,DLG4,P78352,1,Group enriched,Detected in all,4,brain,211.2,Tissue enriched,Detected in some,,cerebral cortex,197582381.6,,"Disease related genes, Human disease related genes, Potential drug targets, Predicted intracellular proteins, Transporters",0.6596499436156953,1.0,1.0
DNAJA4:Q8WW22:OID31130:v1,DNAJA4,DNAJA4,Q8WW22,1,Tissue enhanced,Detected in all,,tongue,135.1,Group enriched,Detected in many,,heart muscle,27659956.3,,Predicted intracellular proteins,0.8072366277746053,0.9324999999999999,0.9324999999999999
DNAJC21:Q5F1R6:OID31104:v1,DNAJC21,DNAJC21,Q5F1R6,1,Low tissue specificity,Detected in all,,,0.0,Tissue enhanced,Detected in many,,intestine,2490092.8,,"Disease related genes, Human disease related genes, Predicted intracellular proteins",0.5025,0.865,0.865
DNM3:Q9UQ16:OID31000:v1,DNM3,DNM3,Q9UQ16,1,Tissue enhanced,Detected in many,,brain,39.9,Tissue enriched,Detected in many,,cerebral cortex,135666846.6,,"Enzymes, Metabolic proteins, Plasma proteins, Predicted intracellular proteins",0.7724326758321156,1.0,1.0
DNPEP:Q9ULA0:OID31118:v1,DNPEP,DNPEP,Q9ULA0,1,Low tissue specificity,Detected in all,,,0.0,Low tissue specificity,Detected in all,,,0.0,,"Enzymes, Plasma proteins, Predicted intracellular proteins, Predicted membrane proteins",0.5025,0.5025,0.5025
DOC2B:Q14184:OID30927:v1,DOC2B,DOC2B,Q14184,1,Tissue enhanced,Detected in many,,brain,53.3,Tissue enriched,Detected in single,3488,cerebral cortex,348794.5,,Predicted intracellular proteins,0.7806365902260557,1.0,1.0
DOCK9:Q9BZ29:OID30836:v1,DOCK9,DOCK9,Q9BZ29,1,Low tissue specificity,Detected in all,,,0.0,Group enriched,Detected in many,,lymphoid tissue,8799030.8,,"Plasma proteins, Predicted intracellular proteins",0.5025,0.9324999999999999,0.9324999999999999
DOK1:Q99704:OID31111:v1,DOK1,DOK1,Q99704,1,Low tissue specificity,Detected in many,,,0.0,Group enriched,Detected in some,9176,lymphoid tissue,1496371.1,,"Plasma proteins, Predicted intracellular proteins",0.5525,0.9324999999999999,0.9324999999999999
DSCAM:O60469:OID30993:v1,DSCAM,DSCAM,O60469,1,Group enriched,Detected in some,6,brain,6.8,Tissue enriched,Detected in single,779,intestine,77853.3,Intracellular and membrane,"Plasma proteins, Predicted membrane proteins",0.6800732973134807,1.0,1.0
DUSP29:Q68J44:OID30935:v1,DUSP29,DUSP29,Q68J44,1,Tissue enriched,Detected in some,7,skeletal muscle,97.3,Tissue enriched,Detected in single,25700,skeletal muscle,2569957.8,,"Enzymes, Predicted intracellular proteins",0.7577000073848724,1.0,1.0
DXO:O77932:OID31080:v1,DXO,DXO,O77932,1,Low tissue specificity,Detected in all,,,0.0,Tissue enriched,Detected in single,30,lymphoid tissue,2996.9,,Predicted intracellular proteins,0.5025,0.9104255982447058,0.9104255982447058
DYNLT1:P63172:OID30925:v1,DYNLT1,DYNLT1,P63172,1,Low tissue specificity,Detected in all,,,0.0,Low tissue specificity,Detected in all,,,0.0,,Predicted intracellular proteins,0.5025,0.5025,0.5025
ECSCR:Q19T08:OID30831:v1,ECSCR,ECSCR,Q19T08,1,Low tissue specificity,Detected in many,,,0.0,Group enriched,Detected in many,,heart muscle,2490776.9,,Predicted membrane proteins,0.5525,0.9324999999999999,0.9324999999999999
EDF1:O60869:OID31010:v1,EDF1,EDF1,O60869,1,Low tissue specificity,Detected in all,,,0.0,Low tissue specificity,Detected in many,,,0.0,,Predicted intracellular proteins,0.5025,0.5525,0.5525
EFHD1:Q9BUP0:OID31044:v1,EFHD1,EFHD1,Q9BUP0,1,Tissue enhanced,Detected in many,,brain,324.6,Low tissue specificity,Detected in many,,,0.0,,Predicted intracellular proteins,0.8324880588163486,0.5525,0.8324880588163486
EFNB2:P52799:OID30954:v1,EFNB2,EFNB2,P52799,1,Low tissue specificity,Detected in many,,,0.0,Tissue enriched,Detected in some,,cerebral cortex,735741.2,,"Cancer-related genes, Plasma proteins, Predicted membrane proteins",0.5525,1.0,1.0
EIF1AX:P47813:OID31125:v1,EIF1AX,EIF1AX,P47813,1,Low tissue specificity,Detected in all,,,0.0,Not detected,Not detected,,,0.0,,"Essential proteins, Predicted intracellular proteins",0.5025,0.35,0.5025
EIF4G3:O43432:OID31022:v1,EIF4G3,EIF4G3,O43432,1,Low tissue specificity,Detected in all,,,0.0,Tissue enhanced,Detected in many,,Stomach,3661109.4,,"Plasma proteins, Predicted intracellular proteins",0.5025,0.865,0.865
ELAC1:Q9H777:OID31029:v1,ELAC1,ELAC1,Q9H777,1,Low tissue specificity,Detected in all,,,0.0,Tissue enriched,Detected in single,2298,cerebral cortex,229799.0,,"Enzymes, Predicted intracellular proteins",0.5025,1.0,1.0
ESYT2:A0FGR8:OID31134:v1,ESYT2,ESYT2,A0FGR8,1,Low tissue specificity,Detected in all,,,0.0,Low tissue specificity,Detected in all,,,0.0,,"Plasma proteins, Predicted membrane proteins, Transporters",0.5025,0.5025,0.5025
FAM171A2:A8MVW0:OID31005:v1,FAM171A2,FAM171A2,A8MVW0,1,Tissue enhanced,Detected in many,,brain,16.1,Group enriched,Detected in some,,intestine,12677230.1,,Predicted membrane proteins,0.755,0.9324999999999999,0.9324999999999999
FARSA:Q9Y285:OID30887:v1,FARSA,FARSA,Q9Y285,1,Low tissue specificity,Detected in all,,,0.0,Low tissue specificity,Detected in all,,,0.0,,"Disease related genes, Enzymes, Essential proteins, Human disease related genes, Metabolic proteins, Potential drug targets, Predicted intracellular proteins",0.5025,0.5025,0.5025
FBN2:P35556:OID30974:v1,FBN2,FBN2,P35556,1,Tissue enriched,Detected in some,15,placenta,63.2,Tissue enhanced,Detected in many,,intestine,31795125.6,Secreted to blood,"Cancer-related genes, Disease related genes, Human disease related genes, Plasma proteins, Predicted secreted proteins",0.8102666765131631,0.865,0.865
FCER1A:P12319:OID30992:v1,FCER1A,FCER1A,P12319,1,Tissue enhanced,Detected in many,,skin 1,35.1,Not detected,Not detected,,,0.0,,"FDA approved drug targets, Predicted membrane proteins",0.7688187916605806,0.35,0.7688187916605806
FGD3:Q5JSP0:OID31040:v1,FGD3,FGD3,Q5JSP0,1,Tissue enhanced,Detected in many,,bone marrow,37.3,Tissue enhanced,Detected in some,,bone marrow,5643545.8,,"Plasma proteins, Predicted intracellular proteins",0.7705313153421239,0.865,0.865
FGFBP3:Q8TAT2:OID31108:v1,FGFBP3,FGFBP3,Q8TAT2,1,Tissue enhanced,Detected in many,,brain,10.2,Not detected,Not detected,,,0.0,Secreted in brain,Predicted secreted proteins,0.755,0.35,0.755
FH:P07954:OID30839:v1,FH,FH,P07954,1,Tissue enhanced,Detected in all,,liver,252.7,Tissue enhanced,Detected in all,,heart muscle,562463050.0,,"Cancer-related genes, Citric acid cycle related proteins, Disease related genes, Enzymes, Human disease related genes, Metabolic proteins, Plasma proteins, Potential drug targets, Predicted intracellular proteins",0.8252648420285651,0.865,0.865
FKBP14:Q9NWM8:OID31065:v1,FKBP14,FKBP14,Q9NWM8,1,Low tissue specificity,Detected in all,,,0.0,Group enriched,Detected in some,4351,skin,619114.1,Intracellular and membrane,"Disease related genes, Enzymes, Human disease related genes, Metabolic proteins, Potential drug targets, Predicted intracellular proteins",0.5025,0.9324999999999999,0.9324999999999999
FNDC1:Q4ZHG4:OID31127:v1,FNDC1,FNDC1,Q4ZHG4,1,Tissue enhanced,Detected in many,,thyroid gland,19.0,Tissue enriched,Detected in some,,intestine,322548.7,Secreted to extracellular matrix,"Predicted intracellular proteins, Predicted secreted proteins",0.755,1.0,1.0
FTCD:O95954:OID31137:v1,FTCD,FTCD,O95954,1,Tissue enriched,Detected in many,6,liver,914.3,Tissue enriched,Detected in many,,liver,1163527406.6,,"Disease related genes, Enzymes, Human disease related genes, Metabolic proteins, Potential drug targets, Predicted intracellular proteins",0.7949822978704998,1.0,1.0
GART:P22102:OID31004:v1,GART,GART,P22102,1,Low tissue specificity,Detected in all,,,0.0,Low tissue specificity,Detected in all,,,0.0,,"Enzymes, Essential proteins, FDA approved drug targets, Metabolic proteins, Plasma proteins, Predicted intracellular proteins",0.5025,0.5025,0.5025
GAST:P01350:OID31083:v1,GAST,GAST,P01350,1,Tissue enriched,Detected in some,167,stomach 1,9038.0,Tissue enriched,Detected in single,101864,intestine,10186445.7,Secreted to digestive system,"Cancer-related genes, FDA approved drug targets, Predicted secreted proteins",1.0,1.0,1.0
GBP1:P32455:OID31128:v1,GBP1,GBP1,P32455,1,Tissue enhanced,Detected in all,,liver,82.4,Tissue enhanced,Detected in many,,lung,48161813.8,Intracellular and membrane,"Plasma proteins, Predicted intracellular proteins",0.7930592075031838,0.865,0.865
GCC1:Q96CN9:OID31147:v1,GCC1,GCC1,Q96CN9,1,Low tissue specificity,Detected in all,,,0.0,Group enriched,Detected in many,,intestine,3813331.2,,Predicted intracellular proteins,0.5025,0.9324999999999999,0.9324999999999999
GFRAL:Q6UXV0:OID31091:v1,GFRAL,GFRAL,Q6UXV0,1,Not detected,Not detected,,,0.0,Not detected,Not detected,,,0.0,,Predicted membrane proteins,0.35,0.35,0.35
GIGYF2:Q6Y7W6:OID31062:v1,GIGYF2,GIGYF2,Q6Y7W6,1,Low tissue specificity,Detected in all,,,0.0,Tissue enhanced,Detected in many,,Stomach,11854552.2,,"Disease related genes, Human disease related genes, Predicted intracellular proteins",0.5025,0.865,0.865
GIPC2:Q8TF65:OID31153:v1,GIPC2,GIPC2,Q8TF65,1,Tissue enhanced,Detected in many,,kidney,38.7,Low tissue specificity,Detected in many,,,0.0,,Predicted intracellular proteins,0.7715706138164028,0.5525,0.7715706138164028
GNAS:O95467:OID31008:v1,GNAS,GNAS,O95467,1,Low tissue specificity,Detected in all,,,0.0,Tissue enriched,Detected in single,177,lymphoid tissue,17712.4,,"Cancer-related genes, Disease related genes, Human disease related genes, Potential drug targets, Predicted intracellular proteins, Predicted membrane proteins, Transporters",0.5025,1.0,1.0
GOLGA3:Q08378:OID31026:v1,GOLGA3,GOLGA3,Q08378,1,Low tissue specificity,Detected in all,,,0.0,Low tissue specificity,Detected in many,,,0.0,,Predicted intracellular proteins,0.5025,0.5525,0.5525
GRIK2:Q13002:OID30977:v1,GRIK2,GRIK2,Q13002,1,Group enriched,Detected in some,5,brain,10.0,Tissue enriched,Detected in single,6579,cerebral cortex,657881.7,Intracellular and membrane,"Disease related genes, FDA approved drug targets, Human disease related genes, Predicted intracellular proteins, Predicted membrane proteins",0.6683828684844482,1.0,1.0
GSTT2B:P0CG30:OID31097:v1,GSTT2B,GSTT2B,P0CG30,1,Group enriched,Detected in many,4,breast,289.9,Not detected,Not detected,,,0.0,,"Enzymes, Metabolic proteins, Predicted intracellular proteins",0.6687818450768886,0.35,0.6687818450768886
GTPBP2:Q9BX10:OID30946:v1,GTPBP2,GTPBP2,Q9BX10,1,Low tissue specificity,Detected in all,,,0.0,Group enriched,Detected in many,,lung,6411848.6,,"Disease related genes, Human disease related genes, Predicted intracellular proteins",0.5025,0.9324999999999999,0.9324999999999999
HDGFL2:Q7Z4V5:OID31136:v1,HDGFL2,HDGFL2,Q7Z4V5,1,Low tissue specificity,Detected in all,,,0.0,Tissue enhanced,Detected in all,,ovary,58601133.6,,Predicted intracellular proteins,0.5025,0.865,0.865
HEPACAM2:A8MVW5:OID31151:v1,HEPACAM2,HEPACAM2,A8MVW5,1,Tissue enriched,Detected in some,6,intestine,90.3,Not detected,Not detected,,,0.0,,Predicted membrane proteins,0.7475732973134807,0.35,0.7475732973134807
HHEX:Q03014:OID31107:v1,HHEX,HHEX,Q03014,1,Tissue enhanced,Detected in many,,thyroid gland,97.2,Not detected,Not detected,,,0.0,,"Human disease related genes, Predicted intracellular proteins, Transcription factors",0.797788219060659,0.35,0.797788219060659
HIP1R:O75146:OID31141:v1,HIP1R,HIP1R,O75146,1,Low tissue specificity,Detected in all,,,0.0,Tissue enhanced,Detected in many,,cerebral cortex,42957726.8,,"Cancer-related genes, Predicted intracellular proteins",0.5025,0.865,0.865
HJV:Q6ZVN8:OID31006:v1,HJV,HJV,Q6ZVN8,1,Group enriched,Detected in some,6,skeletal muscle,553.9,Tissue enriched,Detected in single,1095,liver,109465.8,,"Disease related genes, Essential proteins, Human disease related genes, Predicted intracellular proteins, Predicted membrane proteins",0.7129944783127043,1.0,1.0
HLA-A:P04439:OID31048:v1,HLA-A,HLA-A,P04439,1,Low tissue specificity,Detected in many,,,0.0,Low tissue specificity,Detected in all,,,0.0,,"Cancer-related genes, Disease related genes, Human disease related genes, Plasma proteins, Potential drug targets, Predicted intracellular proteins, Predicted membrane proteins, Transporters",0.5525,0.5025,0.5525
HNRNPUL1:Q9BUJ2:OID31037:v1,HNRNPUL1,HNRNPUL1,Q9BUJ2,1,Low tissue specificity,Detected in all,,,0.0,Low tissue specificity,Detected in all,,,0.0,,"Plasma proteins, Predicted intracellular proteins",0.5025,0.5025,0.5025
HSD17B14:Q9BPX1:OID31098:v1,HSD17B14,HSD17B14,Q9BPX1,1,Tissue enhanced,Detected in all,,choroid plexus,138.6,Group enriched,Detected in some,,lymphoid tissue,4928093.2,,"Enzymes, Metabolic proteins, Predicted intracellular proteins",0.8079716742911461,0.9324999999999999,0.9324999999999999
HTR1A:P08908:OID30824:v1,HTR1A,HTR1A,P08908,1,Tissue enriched,Detected in some,4,brain,6.1,Tissue enriched,Detected in single,3525,cerebral cortex,352532.0,,"Disease related genes, FDA approved drug targets, G-protein coupled receptors, Predicted intracellular proteins, Predicted membrane proteins, Transporters",0.7220560259036266,1.0,1.0
HTR1B:P28222:OID30866:v1,HTR1B,HTR1B,P28222,1,Group enriched,Detected in some,5,blood vessel,7.5,Tissue enriched,Detected in single,52,cerebral cortex,5215.5,,"FDA approved drug targets, G-protein coupled receptors, Predicted membrane proteins, Transporters",0.6683828684844482,0.9510976993281925,0.9510976993281925
IGBP1:P78318:OID31059:v1,IGBP1,IGBP1,P78318,1,Low tissue specificity,Detected in all,,,0.0,Low tissue specificity,Detected in all,,,0.0,,"Disease related genes, Essential proteins, Human disease related genes, Predicted intracellular proteins",0.5025,0.5025,0.5025
IGDCC3:Q8IVU1:OID30862:v1,IGDCC3,IGDCC3,Q8IVU1,1,Tissue enhanced,Detected in some,,brain,6.3,Not detected,Not detected,,,0.0,,"Predicted intracellular proteins, Predicted membrane proteins",0.8150000000000001,0.35,0.8150000000000001
IMPACT:Q9P2X3:OID31112:v1,IMPACT,IMPACT,Q9P2X3,1,Low tissue specificity,Detected in all,,,0.0,Low tissue specificity,Detected in many,,,0.0,,Predicted intracellular proteins,0.5025,0.5525,0.5525
IMPG1:Q17R60:OID30814:v1,IMPG1,IMPG1,Q17R60,1,Tissue enriched,Detected in some,93,retina,621.3,Not detected,Not detected,,,0.0,Secreted in other tissues,"Disease related genes, Human disease related genes, Predicted intracellular proteins, Predicted secreted proteins",0.9807926093497228,0.35,0.9807926093497228
INPP5J:Q15735:OID30975:v1,INPP5J,INPP5J,Q15735,1,Tissue enhanced,Detected in many,,thyroid gland,191.9,Tissue enriched,Detected in single,5570,cerebral cortex,557002.7,,"Enzymes, Metabolic proteins, Predicted intracellular proteins, Predicted membrane proteins",0.8173334403376598,1.0,1.0
INSL3:P51460:OID31129:v1,INSL3,INSL3,P51460,1,Group enriched,Detected in some,50,testis,382.6,Not detected,Not detected,,,0.0,Secreted to blood,"Disease related genes, Human disease related genes, Predicted secreted proteins",0.8529141584230385,0.35,0.8529141584230385
KCTD5:Q9NXV2:OID31148:v1,KCTD5,KCTD5,Q9NXV2,1,Low tissue specificity,Detected in all,,,0.0,Tissue enhanced,Detected in many,,salivary gland,221823.7,,Predicted intracellular proteins,0.5025,0.865,0.865
KIAA0319:Q5VV43:OID31094:v1,KIAA0319,KIAA0319,Q5VV43,1,Group enriched,Detected in some,4,brain,11.2,Tissue enriched,Detected in single,3579,cerebral cortex,357870.8,Secreted in brain,"Disease related genes, Human disease related genes, Predicted membrane proteins, Predicted secreted proteins",0.6545560259036266,1.0,1.0
KLF4:O43474:OID30808:v1,KLF4,KLF4,O43474,1,Tissue enhanced,Detected in many,,skin 1,185.8,Tissue enriched,Detected in single,65,lymphoid tissue,6477.8,,"Cancer-related genes, Human disease related genes, Predicted intracellular proteins, Transcription factors",0.8164032178838785,0.9677336657533022,0.9677336657533022
KLHL41:O60662:OID30986:v1,KLHL41,KLHL41,O60662,1,Group enriched,Detected in many,42,skeletal muscle,4718.5,Tissue enriched,Detected in some,,skeletal muscle,180137070.7,,"Disease related genes, Human disease related genes, Plasma proteins, Predicted intracellular proteins",0.867740663962931,1.0,1.0
KLRK1:P26718:OID31082:v1,KLRK1,KLRK1,P26718,1,Tissue enhanced,Detected in many,,lymphoid tissue,39.4,Not detected,Not detected,,,0.0,,"Cancer-related genes, CD markers, Predicted membrane proteins, Transporters",0.7720765978274807,0.35,0.7720765978274807
KRT8:P05787:OID30865:v1,KRT8,KRT8,P05787,1,Tissue enhanced,Detected in many,,intestine,1281.6,Low tissue specificity,Detected in all,,,0.0,,"Cancer-related genes, Disease related genes, Essential proteins, Human disease related genes, Plasma proteins, Predicted intracellular proteins",0.865,0.5025,0.865
LCN15:Q6UWW0:OID31032:v1,LCN15,LCN15,Q6UWW0,1,Tissue enhanced,Detected in some,,intestine,11.2,Tissue enhanced,Detected in many,,blood vessel,1923940.3,Secreted in other tissues,Predicted secreted proteins,0.8150000000000001,0.865,0.865
LDLRAP1:Q5SW96:OID31068:v1,LDLRAP1,LDLRAP1,Q5SW96,1,Tissue enhanced,Detected in all,,brain,79.7,Tissue enriched,Detected in many,,fallopian tube,6819444.6,,"Disease related genes, Human disease related genes, Predicted intracellular proteins",0.7921065109568444,1.0,1.0
LETM1:O95202:OID31018:v1,LETM1,LETM1,O95202,1,Low tissue specificity,Detected in all,,,0.0,Tissue enhanced,Detected in all,,cerebral cortex,174744294.2,,"Essential proteins, Human disease related genes, Predicted membrane proteins, Transporters",0.5025,0.865,0.865
LMNB2:Q03252:OID31109:v1,LMNB2,LMNB2,Q03252,1,Low tissue specificity,Detected in all,,,0.0,Low tissue specificity,Detected in all,,,0.0,,"Disease related genes, Human disease related genes, Plasma proteins, Predicted intracellular proteins",0.5025,0.5025,0.5025
LMOD1:P29536:OID31014:v1,LMOD1,LMOD1,P29536,1,Tissue enhanced,Detected in many,,blood vessel,897.6,Tissue enhanced,Detected in many,,blood vessel,208220975.4,,"Disease related genes, Human disease related genes, Plasma proteins, Predicted intracellular proteins",0.8618759411463768,0.865,0.865
LRP2BP:Q9P2M1:OID30907:v1,LRP2BP,LRP2BP,Q9P2M1,1,Tissue enhanced,Detected in many,,retina,26.8,Tissue enriched,Detected in single,894,fallopian tube,89391.3,,Predicted intracellular proteins,0.7612557255802952,1.0,1.0
LRRC38:Q5VT99:OID30924:v1,LRRC38,LRRC38,Q5VT99,1,Group enriched,Detected in some,6,skeletal muscle,44.7,Tissue enriched,Detected in single,291,skeletal muscle,29119.4,,Predicted membrane proteins,0.6800732973134807,1.0,1.0
LRTM2:Q8N967:OID31020:v1,LRTM2,LRTM2,Q8N967,1,Tissue enriched,Detected in single,10,brain,9.4,Tissue enriched,Detected in single,13004,cerebral cortex,1300428.7,,"Predicted intracellular proteins, Predicted membrane proteins",0.8318507972688542,1.0,1.0
LYSMD3:Q7Z3D4:OID30950:v1,LYSMD3,LYSMD3,Q7Z3D4,1,Low tissue specificity,Detected in all,,,0.0,Group enriched,Detected in many,,liver,391225.9,,"Predicted intracellular proteins, Predicted membrane proteins",0.5025,0.9324999999999999,0.9324999999999999
MAP2:P11137:OID31138:v1,MAP2,MAP2,P11137,1,Group enriched,Detected in many,11,retina,379.4,Tissue enriched,Detected in many,,cerebral cortex,1267416060.7,,"FDA approved drug targets, Plasma proteins, Predicted intracellular proteins",0.7429406856690929,1.0,1.0
MCEE:Q96PE7:OID31033:v1,MCEE,MCEE,Q96PE7,1,Low tissue specificity,Detected in all,,,0.0,Tissue enhanced,Detected in all,,heart muscle,93371975.2,,"Disease related genes, Enzymes, Human disease related genes, Metabolic proteins, Potential drug targets, Predicted intracellular proteins",0.5025,0.865,0.865
MDM1:Q8TC05:OID30945:v1,MDM1,MDM1,Q8TC05,1,Low tissue specificity,Detected in all,,,0.0,Group enriched,Detected in many,,ovary,11871317.4,,"Predicted intracellular proteins, Predicted membrane proteins",0.5025,0.9324999999999999,0.9324999999999999
MFAP3L:O75121:OID30933:v1,MFAP3L,MFAP3L,O75121,1,Tissue enhanced,Detected in many,,testis,42.4,Not detected,Not detected,,,0.0,Intracellular and membrane,"Predicted intracellular proteins, Predicted membrane proteins",0.7741501887545669,0.35,0.7741501887545669
MINK1:Q8N4C8:OID31156:v1,MINK1,MINK1,Q8N4C8,1,Low tissue specificity,Detected in all,,,0.0,Tissue enriched,Detected in many,,cerebral cortex,32226218.0,,"Enzymes, Predicted intracellular proteins",0.5025,1.0,1.0
MRI1:Q9BV20:OID30891:v1,MRI1,MRI1,Q9BV20,1,Low tissue specificity,Detected in all,,,0.0,Low tissue specificity,Detected in all,,,0.0,,"Enzymes, Metabolic proteins, Predicted intracellular proteins",0.5025,0.5025,0.5025
MRPL58:Q14197:OID31036:v1,MRPL58,MRPL58,Q14197,1,Low tissue specificity,Detected in all,,,0.0,Tissue enhanced,Detected in many,,fallopian tube,6232813.2,,"Enzymes, Essential proteins, Metabolic proteins, Predicted intracellular proteins, Ribosomal proteins",0.5025,0.865,0.865
MYCBP2:O75592:OID30996:v1,MYCBP2,MYCBP2,O75592,1,Low tissue specificity,Detected in all,,,0.0,Low tissue specificity,Detected in all,,,0.0,,"Enzymes, Metabolic proteins, Predicted intracellular proteins",0.5025,0.5025,0.5025
MYL6B:P14649:OID30936:v1,MYL6B,MYL6B,P14649,1,Tissue enhanced,Detected in all,,skeletal muscle,639.5,Tissue enriched,Detected in all,,skeletal muscle,5408769792.7,,"Plasma proteins, Predicted intracellular proteins",0.8520742073719199,1.0,1.0
NAA80:Q93015:OID30893:v1,NAA80,NAA80,Q93015,1,Tissue enhanced,Detected in all,,testis,59.4,Group enriched,Detected in some,4581,cerebral cortex,598852.1,,"Metabolic proteins, Predicted intracellular proteins",0.7837186182152278,0.9324999999999999,0.9324999999999999
NAPRT:Q6XQN6:OID31114:v1,NAPRT,NAPRT,Q6XQN6,1,Tissue enhanced,Detected in many,,liver,103.0,Tissue enhanced,Detected in all,,liver,151801080.4,,"Enzymes, Metabolic proteins, Predicted intracellular proteins",0.7994494354625716,0.865,0.865
NARS1:O43776:OID31035:v1,NARS1,NARS1,O43776,1,Low tissue specificity,Detected in all,,,0.0,Low tissue specificity,Detected in all,,,0.0,,"Disease related genes, Enzymes, Essential proteins, Human disease related genes, Metabolic proteins, Plasma proteins, Potential drug targets, Predicted intracellular proteins",0.5025,0.5025,0.5025
NEO1:Q92859:OID31066:v1,NEO1,NEO1,Q92859,1,Low tissue specificity,Detected in all,,,0.0,Tissue enhanced,Detected in many,,cerebral cortex,77131972.8,,"Cancer-related genes, Plasma proteins, Predicted membrane proteins",0.5025,0.865,0.865
NGRN:Q9NPE2:OID31115:v1,NGRN,NGRN,Q9NPE2,1,Tissue enhanced,Detected in all,,brain,402.7,Group enriched,Detected in some,,heart muscle,452994.2,Intracellular and membrane,Predicted intracellular proteins,0.838712115121668,0.9324999999999999,0.9324999999999999
NMT1:P30419:OID31021:v1,NMT1,NMT1,P30419,1,Low tissue specificity,Detected in all,,,0.0,Low tissue specificity,Detected in all,,,0.0,,"Enzymes, Essential proteins, Metabolic proteins, Predicted intracellular proteins",0.5025,0.5025,0.5025
OCLN:Q16625:OID31069:v1,OCLN,OCLN,Q16625,1,Tissue enhanced,Detected in many,,thyroid gland,29.4,Tissue enhanced,Detected in many,,Stomach,8207775.2,,"Disease related genes, Human disease related genes, Potential drug targets, Predicted intracellular proteins, Predicted membrane proteins, Transporters",0.7638439369315873,0.865,0.865
OMP:P47874:OID30835:v1,OMP,OMP,P47874,1,Tissue enhanced,Detected in some,,intestine,2.5,Not detected,Not detected,,,0.0,,Predicted intracellular proteins,0.8150000000000001,0.35,0.8150000000000001
OPHN1:O60890:OID31087:v1,OPHN1,OPHN1,O60890,1,Low tissue specificity,Detected in all,,,0.0,Group enriched,Detected in some,,fallopian tube,2990720.6,,"Disease related genes, Human disease related genes, Plasma proteins, Predicted intracellular proteins",0.5025,0.9324999999999999,0.9324999999999999
OSTN:P61366:OID30909:v1,OSTN,OSTN,P61366,1,Tissue enhanced,Detected in some,,brain,1.2,Not detected,Not detected,,,0.0,Secreted in other tissues,Predicted secreted proteins,0.8150000000000001,0.35,0.8150000000000001
OTOA:Q7RTW8:OID30825:v1,OTOA,OTOA,Q7RTW8,1,Group enriched,Detected in some,8,testis,3.8,Tissue enriched,Detected in single,10745,bone marrow,1074484.9,Secreted in other tissues,"Disease related genes, Human disease related genes, Predicted intracellular proteins, Predicted secreted proteins",0.6991323987123147,1.0,1.0
OTUD7B:Q6GQQ9:OID31064:v1,OTUD7B,OTUD7B,Q6GQQ9,1,Low tissue specificity,Detected in all,,,0.0,Tissue enhanced,Detected in many,,skeletal muscle,11134866.5,,"Enzymes, Predicted intracellular proteins",0.5025,0.865,0.865
PAFAH1B3:Q15102:OID30998:v1,PAFAH1B3,PAFAH1B3,Q15102,1,Low tissue specificity,Detected in all,,,0.0,Low tissue specificity,Detected in all,,,0.0,,"Enzymes, Metabolic proteins, Predicted intracellular proteins",0.5025,0.5025,0.5025
PALM2:Q8IXS6:OID31096:v1,PALM2,PALM2AKAP2,Q8IXS6,1,Low tissue specificity,Detected in all,,,0.0,Low tissue specificity,Detected in all,,,0.0,,Predicted intracellular proteins,0.5025,0.5025,0.5025
PCARE:A6NGG8:OID30838:v1,PCARE,PCARE,A6NGG8,1,Tissue enriched,Detected in single,45,retina,26.4,Not detected,Not detected,,,0.0,,"Disease related genes, Human disease related genes, Predicted intracellular proteins",0.9403552537536637,0.35,0.9403552537536637
PCBP2:Q15366:OID31003:v1,PCBP2,PCBP2,Q15366,1,Low tissue specificity,Detected in all,,,0.0,Low tissue specificity,Detected in all,,,0.0,,"Essential proteins, Plasma proteins, Predicted intracellular proteins",0.5025,0.5025,0.5025
PCDH12:Q9NPG4:OID31045:v1,PCDH12,PCDH12,Q9NPG4,1,Tissue enhanced,Detected in many,,placenta,28.4,Tissue enhanced,Detected in many,,lymphoid tissue,441393.4,Secreted to blood,"Disease related genes, Human disease related genes, Plasma proteins, Predicted membrane proteins, Predicted secreted proteins",0.7628756601541951,0.865,0.865
PDLIM5:Q96HC4:OID31063:v1,PDLIM5,PDLIM5,Q96HC4,1,Group enriched,Detected in all,7,skeletal muscle,1089.9,Tissue enriched,Detected in all,,skeletal muscle,1378915899.2,,"Plasma proteins, Predicted intracellular proteins, Predicted membrane proteins",0.7402000073848722,1.0,1.0
PHACTR2:O75167:OID31009:v1,PHACTR2,PHACTR2,O75167,1,Tissue enhanced,Detected in all,,placenta,79.4,Group enriched,Detected in many,,intestine,2174805.2,,Predicted intracellular proteins,0.7919986941588844,0.9324999999999999,0.9324999999999999
PIBF1:Q8WXW3-4:OID31061:v1,PIBF1,PIBF1,Q8WXW3,1,Low tissue specificity,Detected in all,,,0.0,Tissue enriched,Detected in some,,bone marrow,12902850.9,Secreted to blood,"Disease related genes, Human disease related genes, Plasma proteins, Predicted intracellular proteins, Predicted secreted proteins",0.5025,1.0,1.0
PLB1:Q6P1J6:OID31110:v1,PLB1,PLB1,Q6P1J6,1,Tissue enriched,Detected in many,5,intestine,36.7,Group enriched,Detected in many,,skin,5205554.6,,"Enzymes, Metabolic proteins, Predicted intracellular proteins, Predicted membrane proteins",0.690957088380663,0.9324999999999999,0.9324999999999999
PLCB2:Q00722:OID31155:v1,PLCB2,PLCB2,Q00722,1,Tissue enhanced,Detected in many,,bone marrow,49.6,Tissue enhanced,Detected in many,,cerebral cortex,18269136.7,,"Enzymes, Metabolic proteins, Predicted intracellular proteins",0.7785935983150456,0.865,0.865
PLEKHO1:Q53GL0:OID31088:v1,PLEKHO1,PLEKHO1,Q53GL0,1,Tissue enhanced,Detected in all,,intestine,189.3,Tissue enhanced,Detected in many,,fallopian tube,3846922.6,,Predicted intracellular proteins,0.8169406012214067,0.865,0.865
PLSCR3:Q9NRY6:OID31146:v1,PLSCR3,PLSCR3,Q9NRY6,1,Low tissue specificity,Detected in all,,,0.0,Low tissue specificity,Detected in many,,,0.0,,"Predicted intracellular proteins, Predicted membrane proteins, Transporters",0.5025,0.5525,0.5525
PLXDC2:Q6UX71:OID31101:v1,PLXDC2,PLXDC2,Q6UX71,1,Low tissue specificity,Detected in all,,,0.0,Low tissue specificity,Detected in all,,,0.0,,Predicted membrane proteins,0.5025,0.5025,0.5025
PMS1:P54277:OID30943:v1,PMS1,PMS1,P54277,1,Tissue enhanced,Detected in all,,testis,45.4,Tissue enriched,Detected in some,,lymphoid tissue,29509.7,,Predicted intracellular proteins,0.7760851255199003,1.0,1.0
PNLIPRP1:P54315:OID31122:v1,PNLIPRP1,PNLIPRP1,P54315,1,Tissue enriched,Detected in some,3919,pancreas,10208.0,Tissue enriched,Detected in single,889125,pancreas,88912457.2,Secreted to digestive system,"Metabolic proteins, Predicted secreted proteins",1.0,1.0,1.0
PPP1R14A:Q96A00:OID31011:v1,PPP1R14A,PPP1R14A,Q96A00,1,Tissue enhanced,Detected in many,,blood vessel,1609.9,Low tissue specificity,Detected in many,,,0.0,,"Plasma proteins, Predicted intracellular proteins",0.865,0.5525,0.865
PPP1R14D:Q9NXH3:OID30997:v1,PPP1R14D,PPP1R14D,Q9NXH3,1,Tissue enriched,Detected in some,7,intestine,104.5,Not detected,Not detected,,,0.0,,Predicted intracellular proteins,0.7577000073848724,0.35,0.7577000073848724
PRKAR2A:P13861:OID31119:v1,PRKAR2A,PRKAR2A,P13861,1,Tissue enhanced,Detected in all,,skeletal muscle,81.8,Low tissue specificity,Detected in all,,,0.0,,"Plasma proteins, Predicted intracellular proteins",0.7928501901562343,0.5025,0.7928501901562343
PRND:Q9UKY0:OID31124:v1,PRND,PRND,Q9UKY0,1,Group enriched,Detected in some,16,testis,66.3,Not detected,Not detected,,,0.0,,"Predicted membrane proteins, Transporters",0.7473643067501899,0.35,0.7473643067501899
PRSS53:Q2L4Q9:OID31093:v1,PRSS53,PRSS53,Q2L4Q9,1,Tissue enriched,Detected in some,4,liver,9.8,Not detected,Not detected,,,0.0,Secreted in other tissues,"Enzymes, Predicted secreted proteins",0.7220560259036266,0.35,0.7220560259036266
PTH:P01270:OID30963:v1,PTH,PTH,P01270,1,Tissue enriched,Detected in some,8703,parathyroid gland,47154.2,Not detected,Not detected,,,0.0,Secreted to blood,"Cancer-related genes, Disease related genes, Human disease related genes, Plasma proteins, Predicted secreted proteins",1.0,0.35,1.0
PTPRR:Q15256:OID31099:v1,PTPRR,PTPRR,Q15256,1,Tissue enhanced,Detected in some,,brain,12.1,Tissue enriched,Detected in single,6206,cerebral cortex,620649.6,Secreted - unknown location,"Enzymes, Plasma proteins, Predicted intracellular proteins, Predicted membrane proteins, Predicted secreted proteins",0.8150000000000001,1.0,1.0
RBFOX3:A6NFN3:OID30984:v1,RBFOX3,RBFOX3,A6NFN3,1,Group enriched,Detected in many,5,brain,273.5,Tissue enriched,Detected in single,11319,cerebral cortex,1131870.3,,Predicted intracellular proteins,0.6809288392217718,1.0,1.0
RBM17:Q96I25:OID31034:v1,RBM17,RBM17,Q96I25,1,Low tissue specificity,Detected in all,,,0.0,Tissue enriched,Detected in many,,skeletal muscle,27457600.4,,"Essential proteins, Plasma proteins, Predicted intracellular proteins",0.5025,1.0,1.0
RBP1:P09455:OID30913:v1,RBP1,RBP1,P09455,1,Tissue enhanced,Detected in all,,ovary,1363.3,Group enriched,Detected in all,,ovary,940724710.9,,"Metabolic proteins, Predicted intracellular proteins",0.865,0.9324999999999999,0.9324999999999999
REEP4:Q9H6H4:OID31028:v1,REEP4,REEP4,Q9H6H4,1,Tissue enhanced,Detected in all,,skin 1,91.6,Group enriched,Detected in some,,lymphoid tissue,784229.5,,Predicted membrane proteins,0.7960884316001434,0.9324999999999999,0.9324999999999999
RGCC:Q9H4X1:OID31060:v1,RGCC,RGCC,Q9H4X1,1,Tissue enhanced,Detected in all,,lung,668.1,Tissue enhanced,Detected in many,,bone marrow,9557707.4,,Predicted intracellular proteins,0.8533388174455839,0.865,0.865
RGS10:O43665:OID30999:v1,RGS10,RGS10,O43665,1,Tissue enhanced,Detected in all,,lymphoid tissue,207.4,Tissue enhanced,Detected in many,,bone marrow,14317828.5,,Predicted intracellular proteins,0.8195708157384751,0.865,0.865
RNASEH2A:O75792:OID31027:v1,RNASEH2A,RNASEH2A,O75792,1,Low tissue specificity,Detected in all,,,0.0,Tissue enhanced,Detected in many,,bone marrow,9191994.2,,"Disease related genes, Enzymes, Human disease related genes, Potential drug targets, Predicted intracellular proteins",0.5025,0.865,0.865
RRAS:P10301:OID30961:v1,RRAS,RRAS,P10301,1,Tissue enhanced,Detected in all,,blood vessel,476.7,Low tissue specificity,Detected in all,,,0.0,,"Predicted intracellular proteins, RAS pathway related proteins",0.8435845095809689,0.5025,0.8435845095809689
RTN4IP1:Q8WWV3:OID31030:v1,RTN4IP1,RTN4IP1,Q8WWV3,1,Low tissue specificity,Detected in all,,,0.0,Low tissue specificity,Detected in many,,,0.0,,"Disease related genes, Essential proteins, Human disease related genes, Predicted intracellular proteins",0.5025,0.5525,0.5525
S100A14:Q9HCY8:OID30987:v1,S100A14,S100A14,Q9HCY8,1,Tissue enhanced,Detected in many,,esophagus,3629.8,Group enriched,Detected in all,,skin,43641755.5,,"Plasma proteins, Predicted intracellular proteins",0.865,0.9324999999999999,0.9324999999999999
S100G:P29377:OID31051:v1,S100G,S100G,P29377,1,Tissue enriched,Detected in some,202,intestine,223.9,Tissue enriched,Detected in many,,intestine,97550348.1,,Predicted intracellular proteins,0.9567766126301,1.0,1.0
SCT:P09683:OID30951:v1,SCT,SCT,P09683,1,Tissue enriched,Detected in some,4,intestine,41.5,Not detected,Not detected,,,0.0,Secreted to blood,Predicted secreted proteins,0.7220560259036266,0.35,0.7220560259036266
SEPTIN3:Q9UH03:OID31025:v1,SEPTIN3,SEPTIN3,Q9UH03,1,Tissue enriched,Detected in many,10,brain,253.5,Tissue enriched,Detected in some,,cerebral cortex,292901466.9,,Predicted intracellular proteins,0.7922067807400065,1.0,1.0
SEPTIN8:Q92599:OID31079:v1,SEPTIN8,SEPTIN8,Q92599,1,Tissue enriched,Detected in all,11,brain,749.6,Tissue enriched,Detected in all,,cerebral cortex,362442013.3,,Predicted intracellular proteins,0.8301157089617,1.0,1.0
SEZ6:Q53EL9:OID30968:v1,SEZ6,SEZ6,Q53EL9,1,Tissue enriched,Detected in some,4,brain,109.8,Tissue enriched,Detected in single,1773,cerebral cortex,177263.2,,"Predicted intracellular proteins, Predicted membrane proteins",0.7220560259036266,1.0,1.0
SH3GLB2:Q9NR46:OID31145:v1,SH3GLB2,SH3GLB2,Q9NR46,1,Low tissue specificity,Detected in all,,,0.0,Tissue enhanced,Detected in all,,cerebral cortex,172243009.3,,Predicted intracellular proteins,0.5025,0.865,0.865
SLA2:Q9H6Q3:OID31017:v1,SLA2,SLA2,Q9H6Q3,1,Tissue enhanced,Detected in some,,lymphoid tissue,17.0,Group enriched,Detected in some,1167,lymphoid tissue,125511.1,,"Plasma proteins, Predicted intracellular proteins",0.8150000000000001,0.9324999999999999,0.9324999999999999
SMS:P52788:OID30853:v1,SMS,SMS,P52788,1,Low tissue specificity,Detected in all,,,0.0,Low tissue specificity,Detected in all,,,0.0,,"Disease related genes, Enzymes, Essential proteins, Human disease related genes, Metabolic proteins, Predicted intracellular proteins",0.5025,0.5025,0.5025
SMTN:P53814:OID31154:v1,SMTN,SMTN,P53814,1,Tissue enhanced,Detected in all,,intestine,828.4,Tissue enhanced,Detected in many,,intestine,1148350606.4,,"Plasma proteins, Predicted intracellular proteins",0.8595561179254483,0.865,0.865
SNAP25:P60880:OID30811:v1,SNAP25,SNAP25,P60880,1,Tissue enriched,Detected in many,5,brain,2270.3,Tissue enriched,Detected in many,,cerebral cortex,1188301216.1,,"Disease related genes, FDA approved drug targets, Human disease related genes, Predicted intracellular proteins, Transporters",0.7858828684844481,1.0,1.0
SNAPIN:O95295:OID31019:v1,SNAPIN,SNAPIN,O95295,1,Low tissue specificity,Detected in all,,,0.0,Low tissue specificity,Detected in all,,,0.0,,"Predicted intracellular proteins, Transporters",0.5025,0.5025,0.5025
SNRPB2:P08579:OID31132:v1,SNRPB2,SNRPB2,P08579,1,Low tissue specificity,Detected in all,,,0.0,Low tissue specificity,Detected in many,,,0.0,,"Essential proteins, Plasma proteins, Predicted intracellular proteins",0.5025,0.5525,0.5525
SORBS1:Q9BX66:OID30978:v1,SORBS1,SORBS1,Q9BX66,1,Tissue enhanced,Detected in all,,blood vessel,482.7,Tissue enhanced,Detected in all,,Stomach,286753846.5,,Predicted intracellular proteins,0.8439458470384914,0.865,0.865
SPAG1:Q07617:OID30979:v1,SPAG1,SPAG1,Q07617,1,Low tissue specificity,Detected in many,,,0.0,Group enriched,Detected in many,,Stomach,845618.9,,"Disease related genes, Human disease related genes, Predicted intracellular proteins",0.5525,0.9324999999999999,0.9324999999999999
SPRR3:Q9UBC9:OID31131:v1,SPRR3,SPRR3,Q9UBC9,1,Tissue enhanced,Detected in many,,esophagus,18307.4,Tissue enhanced,Detected in all,,intestine,69829740.0,,"Cancer-related genes, Predicted intracellular proteins",0.865,0.865,0.865
SPTLC1:O15269:OID31086:v1,SPTLC1,SPTLC1,O15269,1,Low tissue specificity,Detected in all,,,0.0,Low tissue specificity,Detected in many,,,0.0,,"Disease related genes, Enzymes, Essential proteins, Human disease related genes, Metabolic proteins, Plasma proteins, Potential drug targets, Predicted membrane proteins",0.5025,0.5525,0.5525
STX3:Q13277:OID31090:v1,STX3,STX3,Q13277,1,Tissue enriched,Detected in all,5,retina,290.0,Tissue enhanced,Detected in many,,kidney,9120783.2,,"Disease related genes, Potential drug targets, Predicted intracellular proteins, Predicted membrane proteins, Transporters",0.750118637400647,0.865,0.865
STXBP1:P61764:OID31054:v1,STXBP1,STXBP1,P61764,1,Tissue enhanced,Detected in all,,brain,252.0,Tissue enriched,Detected in many,,cerebral cortex,1763774913.4,,"Disease related genes, Human disease related genes, Plasma proteins, Potential drug targets, Predicted intracellular proteins, Predicted membrane proteins, Transporters",0.8251848571987086,1.0,1.0
SUOX:P51687:OID31031:v1,SUOX,SUOX,P51687,1,Low tissue specificity,Detected in all,,,0.0,Group enriched,Detected in all,,kidney,197455144.5,,"Disease related genes, Enzymes, Human disease related genes, Metabolic proteins, Potential drug targets, Predicted intracellular proteins",0.5025,0.9324999999999999,0.9324999999999999
SV2A:Q7L0J3:OID30965:v1,SV2A,SV2A,Q7L0J3,1,Tissue enhanced,Detected in many,,brain,114.9,Tissue enriched,Detected in some,,cerebral cortex,183107793.7,,"FDA approved drug targets, Predicted membrane proteins",0.8025856547861665,1.0,1.0
SYT1:P21579:OID31089:v1,SYT1,SYT1,P21579,1,Group enriched,Detected in many,10,brain,280.3,Tissue enriched,Detected in some,,cerebral cortex,398274585.4,,"Disease related genes, Human disease related genes, Potential drug targets, Predicted intracellular proteins, Predicted membrane proteins, Transporters",0.7276051577327751,1.0,1.0
TAX1BP1:Q86VP1:OID31075:v1,TAX1BP1,TAX1BP1,Q86VP1,1,Low tissue specificity,Detected in all,,,0.0,Tissue enriched,Detected in many,,intestine,20346497.3,,"Predicted intracellular proteins, Predicted membrane proteins",0.5025,1.0,1.0
TEX101:Q9BY14:OID30971:v1,TEX101,TEX101,Q9BY14,1,Tissue enriched,Detected in some,73,testis,111.4,Not detected,Not detected,,,0.0,Secreted in male reproductive system,"Predicted membrane proteins, Predicted secreted proteins",0.9264102805385687,0.35,0.9264102805385687
TIMM8A:O60220:OID31143:v1,TIMM8A,TIMM8A,O60220,1,Low tissue specificity,Detected in all,,,0.0,Tissue enhanced,Detected in all,,heart muscle,67953469.8,,"Disease related genes, Human disease related genes, Predicted intracellular proteins",0.5025,0.865,0.865
TMCO5A:Q8N6Q1:OID30940:v1,TMCO5A,TMCO5A,Q8N6Q1,1,Tissue enriched,Detected in single,178,testis,113.4,Not detected,Not detected,,,0.0,,"Predicted intracellular proteins, Predicted membrane proteins",1.0,0.35,1.0
TMEM25:Q86YD3:OID31015:v1,TMEM25,TMEM25,Q86YD3,1,Low tissue specificity,Detected in all,,,0.0,Not detected,Not detected,,,0.0,Intracellular and membrane,"Predicted intracellular proteins, Predicted membrane proteins, Transporters",0.5025,0.35,0.5025
TMPRSS11D:O60235:OID31103:v1,TMPRSS11D,TMPRSS11D,O60235,1,Tissue enhanced,Detected in some,,vagina,77.9,Tissue enriched,Detected in some,,Stomach,21123803.1,Intracellular and membrane,"Enzymes, Predicted intracellular proteins, Predicted membrane proteins",0.8150000000000001,1.0,1.0
TNIP1:Q15025:OID31120:v1,TNIP1,TNIP1,Q15025,1,Low tissue specificity,Detected in all,,,0.0,Low tissue specificity,Detected in many,,,0.0,,"Human disease related genes, Predicted intracellular proteins",0.5025,0.5525,0.5525
TPBGL:P0DKB5:OID30928:v1,TPBGL,TPBGL,P0DKB5,1,Tissue enhanced,Detected in some,,brain,4.1,Tissue enriched,Detected in single,986,cerebral cortex,98616.1,,Predicted membrane proteins,0.8150000000000001,1.0,1.0
TPSD1:Q9BZJ3:OID30982:v1,TPSD1,TPSD1,Q9BZJ3,1,Tissue enhanced,Detected in many,,stomach 1,20.0,Not detected,Not detected,,,0.0,Intracellular and membrane,"Enzymes, Metabolic proteins, Predicted intracellular proteins",0.755,0.35,0.755
TRIM40:Q6P9F5:OID30885:v1,TRIM40,TRIM40,Q6P9F5,1,Group enriched,Detected in some,8,intestine,2.9,Not detected,Not detected,,,0.0,,"Enzymes, Predicted intracellular proteins",0.6991323987123147,0.35,0.6991323987123147
TSC22D1:Q15714:OID31016:v1,TSC22D1,TSC22D1,Q15714,1,Low tissue specificity,Detected in all,,,0.0,Low tissue specificity,Detected in all,,,0.0,,"Predicted intracellular proteins, Transcription factors",0.5025,0.5025,0.5025
TSPAN7:P41732:OID30810:v1,TSPAN7,TSPAN7,P41732,1,Tissue enhanced,Detected in all,,brain,677.1,Tissue enriched,Detected in many,,cerebral cortex,4944460.3,,"CD markers, Disease related genes, Human disease related genes, Potential drug targets, Predicted membrane proteins, Transporters",0.8537256091129052,1.0,1.0
TTF2:Q9UNY4:OID30942:v1,TTF2,TTF2,Q9UNY4,1,Low tissue specificity,Detected in all,,,0.0,Tissue enriched,Detected in single,2779,lymphoid tissue,277912.1,,"Essential proteins, Plasma proteins, Predicted intracellular proteins",0.5025,1.0,1.0
TXNDC9:O14530:OID31121:v1,TXNDC9,TXNDC9,O14530,1,Low tissue specificity,Detected in all,,,0.0,Low tissue specificity,Detected in many,,,0.0,,"Essential proteins, Predicted intracellular proteins",0.5025,0.5525,0.5525
TXNL1:O43396:OID30872:v1,TXNL1,TXNL1,O43396,1,Low tissue specificity,Detected in all,,,0.0,Low tissue specificity,Detected in all,,,0.0,,"Plasma proteins, Predicted intracellular proteins",0.5025,0.5025,0.5025
UROS:P10746:OID30964:v1,UROS,UROS,P10746,1,Low tissue specificity,Detected in all,,,0.0,Tissue enriched,Detected in all,,bone marrow,32734823.9,,"Disease related genes, Enzymes, Human disease related genes, Metabolic proteins, Potential drug targets, Predicted intracellular proteins",0.5025,1.0,1.0
USP28:Q96RU2:OID31084:v1,USP28,USP28,Q96RU2,1,Tissue enhanced,Detected in all,,skeletal muscle,53.2,Tissue enriched,Detected in many,,intestine,9562024.4,,"Enzymes, Metabolic proteins, Predicted intracellular proteins",0.7805832284104125,1.0,1.0
VAV3:Q9UKW4:OID30795:v1,VAV3,VAV3,Q9UKW4,1,Tissue enhanced,Detected in many,,kidney,78.4,Tissue enhanced,Detected in some,,lymphoid tissue,8247713.5,,Predicted intracellular proteins,0.7916363768287252,0.865,0.865
VGF:O15240:OID31067:v1,VGF,VGF,O15240,1,Group enriched,Detected in some,8,brain,143.5,Tissue enriched,Detected in many,,cerebral cortex,163760971.0,Secreted to blood,"Plasma proteins, Predicted secreted proteins",0.6991323987123147,1.0,1.0
VSNL1:P62760:OID31105:v1,VSNL1,VSNL1,P62760,1,Tissue enriched,Detected in many,17,brain,725.4,Tissue enriched,Detected in many,,cerebral cortex,702024981.3,,Predicted intracellular proteins,0.8599165281566621,1.0,1.0
VWC2L:B2RUY7:OID31002:v1,VWC2L,VWC2L,B2RUY7,1,Group enriched,Detected in some,7,brain,2.4,Not detected,Not detected,,,0.0,Secreted - unknown location,Predicted secreted proteins,0.6902000073848723,0.35,0.6902000073848723
WASHC3:Q9Y3C0:OID31123:v1,WASHC3,WASHC3,Q9Y3C0,1,Low tissue specificity,Detected in all,,,0.0,Tissue enhanced,Detected in all,,kidney,5283086.2,,"Predicted intracellular proteins, Transporters",0.5025,0.865,0.865
YAP1:P46937:OID31113:v1,YAP1,YAP1,P46937,1,Low tissue specificity,Detected in many,,,0.0,Low tissue specificity,Detected in many,,,0.0,,"Disease related genes, Human disease related genes, Predicted intracellular proteins",0.5525,0.5525,0.5525
ZHX2:Q9Y6X8:OID31140:v1,ZHX2,ZHX2,Q9Y6X8,1,Low tissue specificity,Detected in all,,,0.0,Tissue enriched,Detected in many,,skeletal muscle,695470.9,,"Plasma proteins, Predicted intracellular proteins, Transcription factors",0.5025,1.0,1.0
ZPR1:O75312:OID30801:v1,ZPR1,ZPR1,O75312,1,Low tissue specificity,Detected in all,,,0.0,Low tissue specificity,Detected in many,,,0.0,,"Disease related genes, Essential proteins, Predicted intracellular proteins",0.5025,0.5525,0.5525
AARSD1:Q9BTE6:OID21311:v1,AARSD1,AARSD1,Q9BTE6,1,Tissue enhanced,Detected in many,,skeletal muscle,16.4,Low tissue specificity,Detected in all,,,0.0,,Predicted intracellular proteins,0.755,0.5025,0.755
ABL1:P00519:OID21280:v1,ABL1,ABL1,P00519,1,Low tissue specificity,Detected in all,,,0.0,Tissue enriched,Detected in many,,salivary gland,1222526.6,,"Cancer-related genes, Disease related genes, Enzymes, FDA approved drug targets, Human disease related genes, Predicted intracellular proteins, RAS pathway related proteins",0.5025,1.0,1.0
ACAA1:P09110:OID21269:v1,ACAA1,ACAA1,P09110,1,Group enriched,Detected in all,4,liver,616.3,Tissue enriched,Detected in all,,liver,206827889.7,,"Enzymes, Metabolic proteins, Plasma proteins, Predicted intracellular proteins",0.6905621973380892,1.0,1.0
ACP6:Q9NPH0:OID21432:v1,ACP6,ACP6,Q9NPH0,1,Low tissue specificity,Detected in all,,,0.0,Tissue enhanced,Detected in many,,lymphoid tissue,6258229.3,Intracellular and membrane,"Enzymes, Metabolic proteins, Predicted intracellular proteins",0.5025,0.865,0.865
ADAMTS15:Q8TE58:OID21275:v1,ADAMTS15,ADAMTS15,Q8TE58,1,Tissue enhanced,Detected in many,,adipose tissue,23.8,Tissue enriched,Detected in single,195,fallopian tube,19456.3,Secreted to extracellular matrix,Predicted secreted proteins,0.7579499962217269,1.0,1.0
ADAMTS8:Q9UP79:OID21502:v1,ADAMTS8,ADAMTS8,Q9UP79,1,Tissue enhanced,Detected in many,,lung,33.2,Not detected,Not detected,,,0.0,Secreted to extracellular matrix,"Cancer-related genes, Plasma proteins, Predicted secreted proteins",0.7672536117403972,0.35,0.7672536117403972
ADCYAP1R1:P41586:OID21188:v1,ADCYAP1R1,ADCYAP1R1,P41586,1,Group enriched,Detected in many,4,brain,76.2,Tissue enriched,Detected in single,5153,cerebral cortex,515274.9,,"G-protein coupled receptors, Predicted intracellular proteins, Predicted membrane proteins, Transporters",0.6303789736233468,1.0,1.0
ADGRG1:Q9Y653:OID21294:v1,ADGRG1,ADGRG1,Q9Y653,1,Tissue enhanced,Detected in all,,thyroid gland,202.1,Group enriched,Detected in some,17518,cerebral cortex,3142586.3,Secreted to blood,"Disease related genes, G-protein coupled receptors, Human disease related genes, Potential drug targets, Predicted intracellular proteins, Predicted membrane proteins, Predicted secreted proteins",0.8188250708939773,0.9324999999999999,0.9324999999999999
ADM:P35318:OID21467:v1,ADM,ADM,P35318,1,Tissue enhanced,Detected in all,,adipose tissue,339.7,Tissue enriched,Detected in single,98,fallopian tube,9774.9,Secreted to blood,"Cancer-related genes, Plasma proteins, Predicted intracellular proteins, Predicted secreted proteins",0.8338003847560176,0.9984831959811689,0.9984831959811689
AGR3:Q8TD06:OID21243:v1,AGR3,AGR3,Q8TD06,1,Tissue enhanced,Detected in many,,intestine,223.5,Group enriched,Detected in many,,lung,31788737.8,Intracellular and membrane,Predicted intracellular proteins,0.8217250794134836,0.9324999999999999,0.9324999999999999
AIF1:P55008:OID21234:v1,AIF1,AIF1,P55008,1,Tissue enhanced,Detected in all,,lymphoid tissue,358.4,Group enriched,Detected in many,,bone marrow,145949068.3,,Predicted intracellular proteins,0.8353472235537274,0.9324999999999999,0.9324999999999999
AIFM1:O95831:OID21287:v1,AIFM1,AIFM1,O95831,1,Low tissue specificity,Detected in all,,,0.0,Tissue enhanced,Detected in all,,heart muscle,466929086.4,,"Disease related genes, Human disease related genes, Plasma proteins, Predicted intracellular proteins, Predicted membrane proteins",0.5025,0.865,0.865
AKR1B1:P15121:OID21244:v1,AKR1B1,AKR1B1,P15121,1,Tissue enriched,Detected in all,7,adrenal gland,3016.7,Tissue enhanced,Detected in all,,skeletal muscle,283939045.7,,"Cancer-related genes, Enzymes, FDA approved drug targets, Metabolic proteins, Plasma proteins, Predicted intracellular proteins",0.8077000073848724,0.865,0.865
AKT3:Q9Y243:OID21197:v1,AKT3,AKT3,Q9Y243,1,Low tissue specificity,Detected in all,,,0.0,Tissue enriched,Detected in many,,cerebral cortex,3187329.2,,"Cancer-related genes, Disease related genes, Enzymes, Human disease related genes, Plasma proteins, Potential drug targets, Predicted intracellular proteins, RAS pathway related proteins",0.5025,1.0,1.0
ALPP:P05187:OID21383:v1,ALPP,ALPP,P05187,1,Group enriched,Detected in some,6,placenta,32.6,Not detected,Not detected,,,0.0,Intracellular and membrane,"Cancer-related genes, Enzymes, Metabolic proteins, Plasma proteins, Predicted intracellular proteins",0.6800732973134807,0.35,0.6800732973134807
AMBP:P02760:OID21413:v1,AMBP,AMBP,P02760,1,Tissue enriched,Detected in some,68,liver,10227.4,Tissue enhanced,Detected in all,,blood vessel,243720262.4,Secreted to blood,"Plasma proteins, Predicted intracellular proteins, Predicted secreted proteins",0.9711047839815303,0.865,0.9711047839815303
AMIGO2:Q86SJ2:OID21370:v1,AMIGO2,AMIGO2,Q86SJ2,1,Tissue enhanced,Detected in many,,blood vessel,68.2,Not detected,Not detected,,,0.0,,Predicted membrane proteins,0.7876559922291405,0.35,0.7876559922291405
ANGPT2:O15123:OID21463:v1,ANGPT2,ANGPT2,O15123,1,Low tissue specificity,Detected in many,,,0.0,Tissue enriched,Detected in some,,ovary,638566.1,Secreted to blood,"Cancer-related genes, Disease related genes, FDA approved drug targets, Human disease related genes, Plasma proteins, Predicted secreted proteins, RAS pathway related proteins",0.5525,1.0,1.0
ANGPTL7:O43827:OID21412:v1,ANGPTL7,ANGPTL7,O43827,1,Tissue enhanced,Detected in many,,blood vessel,17.5,Tissue enriched,Detected in single,6381,skeletal muscle,638088.6,Secreted in other tissues,Predicted secreted proteins,0.755,1.0,1.0
ANKRD54:Q6NXT1:OID21162:v1,ANKRD54,ANKRD54,Q6NXT1,1,Low tissue specificity,Detected in all,,,0.0,Group enriched,Detected in some,136019,ovary,20292823.9,,Predicted intracellular proteins,0.5025,0.9324999999999999,0.9324999999999999
APBB1IP:Q7Z5R6:OID21359:v1,APBB1IP,APBB1IP,Q7Z5R6,1,Tissue enhanced,Detected in many,,lymphoid tissue,135.3,Group enriched,Detected in many,,lymphoid tissue,17890364.0,,Predicted intracellular proteins,0.8072791369992622,0.9324999999999999,0.9324999999999999
APEX1:P27695:OID21434:v1,APEX1,APEX1,P27695,1,Low tissue specificity,Detected in all,,,0.0,Low tissue specificity,Detected in all,,,0.0,,"Cancer-related genes, Enzymes, Plasma proteins, Predicted intracellular proteins",0.5025,0.5025,0.5025
AREG:P15514:OID21357:v1,AREG,AREG,P15514,1,Tissue enhanced,Detected in many,,placenta,308.9,Not detected,Not detected,,,0.0,,"Cancer-related genes, Human disease related genes, Predicted membrane proteins",0.8310574111551334,0.35,0.8310574111551334
ARG1:P05089:OID21445:v1,ARG1,ARG1,P05089,1,Tissue enriched,Detected in some,4,liver,1124.7,Tissue enhanced,Detected in all,,liver,1325626432.1,,"Disease related genes, Enzymes, Human disease related genes, Metabolic proteins, Plasma proteins, Potential drug targets, Predicted intracellular proteins",0.7720560259036267,0.865,0.865
ARHGAP1:Q07960:OID21202:v1,ARHGAP1,ARHGAP1,Q07960,1,Low tissue specificity,Detected in all,,,0.0,Low tissue specificity,Detected in all,,,0.0,,"Plasma proteins, Predicted intracellular proteins, Predicted membrane proteins",0.5025,0.5025,0.5025
ARHGAP25:P42331:OID21255:v1,ARHGAP25,ARHGAP25,P42331,1,Tissue enhanced,Detected in many,,lymphoid tissue,70.6,Group enriched,Detected in many,,intestine,59758924.8,,"Plasma proteins, Predicted intracellular proteins",0.7886429779431234,0.9324999999999999,0.9324999999999999
ARSB:P15848:OID21331:v1,ARSB,ARSB,P15848,1,Low tissue specificity,Detected in all,,,0.0,Tissue enhanced,Detected in all,,kidney,41611583.8,Intracellular and membrane,"Disease related genes, Enzymes, Human disease related genes, Metabolic proteins, Plasma proteins, Potential drug targets, Predicted intracellular proteins",0.5025,0.865,0.865
ATG4A:Q8WYN0:OID21246:v1,ATG4A,ATG4A,Q8WYN0,1,Low tissue specificity,Detected in all,,,0.0,Tissue enhanced,Detected in many,,pancreas,1108614.1,,"Enzymes, Predicted intracellular proteins",0.5025,0.865,0.865
ATOX1:O00244:OID21476:v1,ATOX1,ATOX1,O00244,1,Low tissue specificity,Detected in all,,,0.0,Low tissue specificity,Detected in all,,,0.0,,Predicted intracellular proteins,0.5025,0.5025,0.5025
ATP6V1D:Q9Y5K8:OID21341:v1,ATP6V1D,ATP6V1D,Q9Y5K8,1,Low tissue specificity,Detected in all,,,0.0,Tissue enriched,Detected in all,,cerebral cortex,45627102.9,,"Essential proteins, Metabolic proteins, Predicted intracellular proteins",0.5025,1.0,1.0
BAIAP2:Q9UQB8:OID21250:v1,BAIAP2,BAIAP2,Q9UQB8,1,Low tissue specificity,Detected in all,,,0.0,Tissue enriched,Detected in many,,cerebral cortex,100948273.4,,"Plasma proteins, Predicted intracellular proteins",0.5025,1.0,1.0
BAMBI:Q13145:OID21267:v1,BAMBI,BAMBI,Q13145,1,Low tissue specificity,Detected in all,,,0.0,Not detected,Not detected,,,0.0,,"Plasma proteins, Predicted membrane proteins",0.5025,0.35,0.5025
BGN:P21810:OID21198:v1,BGN,BGN,P21810,1,Tissue enriched,Detected in many,5,blood vessel,4110.9,Tissue enriched,Detected in all,,blood vessel,4126007848.2,Secreted to extracellular matrix,"Disease related genes, Human disease related genes, Predicted secreted proteins",0.7858828684844481,1.0,1.0
BIRC2:Q13490:OID21217:v1,BIRC2,BIRC2,Q13490,1,Low tissue specificity,Detected in all,,,0.0,Group enriched,Detected in some,,bone marrow,1007252.7,,"Cancer-related genes, Enzymes, Predicted intracellular proteins",0.5025,0.9324999999999999,0.9324999999999999
BTC:P35070:OID21199:v1,BTC,BTC,P35070,1,Tissue enhanced,Detected in many,,intestine,24.8,Not detected,Not detected,,,0.0,Secreted to blood,"Predicted intracellular proteins, Predicted membrane proteins, Predicted secreted proteins",0.7590943656491957,0.35,0.7590943656491957
C4BPB:P20851:OID21481:v1,C4BPB,C4BPB,P20851,1,Tissue enriched,Detected in some,13,liver,440.2,Low tissue specificity,Detected in many,,,0.0,Secreted to blood,"Human disease related genes, Plasma proteins, Predicted secreted proteins",0.8264234931233458,0.5525,0.8264234931233458
CA11:O75493:OID21195:v1,CA11,CA11,O75493,1,Tissue enriched,Detected in all,10,brain,517.6,Tissue enriched,Detected in single,22773,cerebral cortex,2277337.4,Secreted in brain,"Predicted intracellular proteins, Predicted secreted proteins",0.8128134474940563,1.0,1.0
CA12:O43570:OID21344:v1,CA12,CA12,O43570,1,Tissue enhanced,Detected in many,,kidney,271.0,Tissue enriched,Detected in many,,kidney,44388338.3,,"Disease related genes, Enzymes, FDA approved drug targets, Human disease related genes, Metabolic proteins, Predicted membrane proteins",0.827281112743493,1.0,1.0
CA14:Q9ULX7:OID21401:v1,CA14,CA14,Q9ULX7,1,Tissue enhanced,Detected in many,,choroid plexus,112.9,Tissue enriched,Detected in some,,liver,18245166.8,,"Enzymes, FDA approved drug targets, Metabolic proteins, Predicted intracellular proteins, Predicted membrane proteins",0.8020817469055543,1.0,1.0
CA9:Q16790:OID21417:v1,CA9,CA9,Q16790,1,Tissue enriched,Detected in some,13,stomach 1,293.9,Tissue enriched,Detected in some,,Stomach,282652562.9,,"Enzymes, FDA approved drug targets, Metabolic proteins, Predicted membrane proteins, Transporters",0.8147611318317196,1.0,1.0
CALB1:P05937:OID21306:v1,CALB1,CALB1,P05937,1,Tissue enhanced,Detected in many,,kidney,300.4,Tissue enriched,Detected in many,,kidney,697110090.9,,Predicted intracellular proteins,0.830252305763795,1.0,1.0
CALCOCO1:Q9P1Z2:OID21387:v1,CALCOCO1,CALCOCO1,Q9P1Z2,1,Low tissue specificity,Detected in all,,,0.0,Tissue enhanced,Detected in many,,Stomach,7637381.9,,Predicted intracellular proteins,0.5025,0.865,0.865
CAMKK1:Q8N5S9:OID21182:v1,CAMKK1,CAMKK1,Q8N5S9,1,Tissue enhanced,Detected in many,,brain,70.2,Tissue enriched,Detected in some,,cerebral cortex,466755694.7,,"Enzymes, Predicted intracellular proteins",0.7884807994977271,1.0,1.0
CAPG:P40121:OID21431:v1,CAPG,CAPG,P40121,1,Low tissue specificity,Detected in all,,,0.0,Low tissue specificity,Detected in all,,,0.0,,"Plasma proteins, Predicted intracellular proteins",0.5025,0.5025,0.5025
CASP8:Q14790:OID21414:v1,CASP8,CASP8,Q14790,1,Tissue enhanced,Detected in all,,bone marrow,44.1,Tissue enhanced,Detected in many,,lymphoid tissue,2610447.4,,"Cancer-related genes, Disease related genes, Enzymes, Human disease related genes, Potential drug targets, Predicted intracellular proteins",0.7752624819717848,0.865,0.865
CBLN4:Q9NTU7:OID21386:v1,CBLN4,CBLN4,Q9NTU7,1,Tissue enhanced,Detected in some,,adrenal gland,16.8,Tissue enriched,Detected in single,2375,cerebral cortex,237496.6,Secreted in brain,"Plasma proteins, Predicted secreted proteins",0.8150000000000001,1.0,1.0
CCL8:P80075:OID21466:v1,CCL8,CCL8,P80075,1,Low tissue specificity,Detected in many,,,0.0,Not detected,Not detected,,,0.0,Secreted to blood,"Cancer-related genes, Predicted secreted proteins",0.5525,0.35,0.5525
CCN1:O00622:OID21368:v1,CCN1,CCN1,O00622,1,Tissue enhanced,Detected in many,,blood vessel,471.4,Tissue enriched,Detected in single,7773,lung,777311.6,Secreted to extracellular matrix,Predicted secreted proteins,0.8432615328238227,1.0,1.0
CCN4:O95388:OID21444:v1,CCN4,CCN4,O95388,1,Tissue enhanced,Detected in many,,ovary,18.8,Not detected,Not detected,,,0.0,Secreted to extracellular matrix,"Cancer-related genes, Predicted secreted proteins",0.755,0.35,0.755
CD1C:P29017:OID21483:v1,CD1C,CD1C,P29017,1,Tissue enriched,Detected in many,11,lymphoid tissue,121.2,Tissue enriched,Detected in some,,lymphoid tissue,779401.3,,"CD markers, Predicted intracellular proteins, Predicted membrane proteins",0.7775674886833317,1.0,1.0
CD207:Q9UJ71:OID21298:v1,CD207,CD207,Q9UJ71,1,Tissue enriched,Detected in many,5,skin 1,82.8,Group enriched,Detected in some,3148,intestine,568915.2,,"CD markers, Disease related genes, Predicted membrane proteins",0.7140805871456096,0.9324999999999999,0.9324999999999999
CD27:P26842:OID21527:v1,CD27,CD27,P26842,1,Group enriched,Detected in many,5,lymphoid tissue,138.4,Not detected,Not detected,,,0.0,,"Cancer-related genes, CD markers, Disease related genes, Human disease related genes, Plasma proteins, Predicted membrane proteins",0.6613130391458477,0.35,0.6613130391458477
CD28:P10747:OID21265:v1,CD28,CD28,P10747,1,Group enriched,Detected in many,5,lymphoid tissue,28.7,Tissue enriched,Detected in single,4424,lymphoid tissue,442351.9,,"CD markers, Predicted membrane proteins",0.6165524273740395,1.0,1.0
CD300E:Q496F6:OID21418:v1,CD300E,CD300E,Q496F6,1,Tissue enhanced,Detected in many,,bone marrow,45.3,Not detected,Not detected,,,0.0,,"CD markers, Predicted intracellular proteins, Predicted membrane proteins",0.776022668587821,0.35,0.776022668587821
CD300LF:Q8TDQ1:OID21469:v1,CD300LF,CD300LF,Q8TDQ1,1,Group enriched,Detected in many,6,lymphoid tissue,28.5,Group enriched,Detected in some,,bone marrow,6920342.8,,"CD markers, Predicted intracellular proteins, Predicted membrane proteins",0.6280472556157386,0.9324999999999999,0.9324999999999999
CD302:Q8IX05:OID21328:v1,CD302,CD302,Q8IX05,1,Tissue enhanced,Detected in all,,liver,181.2,Tissue enhanced,Detected in many,,Stomach,17903118.9,,"CD markers, Predicted membrane proteins",0.8156814223717976,0.865,0.865
CD33:P20138:OID21472:v1,CD33,CD33,P20138,1,Tissue enhanced,Detected in many,,bone marrow,30.6,Group enriched,Detected in some,,pancreas,515845.8,,"CD markers, FDA approved drug targets, Plasma proteins, Predicted membrane proteins",0.7649646747032216,0.9324999999999999,0.9324999999999999
CD38:P28907:OID21316:v1,CD38,CD38,P28907,1,Tissue enhanced,Detected in many,,lymphoid tissue,58.9,Tissue enhanced,Detected in many,,cerebral cortex,12143903.6,,"Cancer-related genes, CD markers, Enzymes, Metabolic proteins, Predicted intracellular proteins",0.7834779786185163,0.865,0.865
CD5:P06127:OID21449:v1,CD5,CD5,P06127,1,Tissue enhanced,Detected in many,,lymphoid tissue,43.3,Tissue enhanced,Detected in some,,lymphoid tissue,7472923.3,,"CD markers, Predicted intracellular proteins, Predicted membrane proteins",0.7747443692284833,0.865,0.865
CDC27:P30260:OID21238:v1,CDC27,CDC27,P30260,1,Low tissue specificity,Detected in all,,,0.0,Tissue enhanced,Detected in many,,cerebral cortex,931417.1,,"Cancer-related genes, Essential proteins, Plasma proteins, Predicted intracellular proteins",0.5025,0.865,0.865
CDC37:Q16543:OID21470:v1,CDC37,CDC37,Q16543,1,Low tissue specificity,Detected in all,,,0.0,Low tissue specificity,Detected in all,,,0.0,,"Cancer-related genes, Essential proteins, Predicted intracellular proteins, Transporters",0.5025,0.5025,0.5025
CDHR2:Q9BYE9:OID21282:v1,CDHR2,CDHR2,Q9BYE9,1,Tissue enriched,Detected in some,8,intestine,253.8,Group enriched,Detected in some,,kidney,49479080.1,,"Plasma proteins, Predicted membrane proteins",0.7770224863815479,0.9324999999999999,0.9324999999999999
CDKN1A:P38936:OID21319:v1,CDKN1A,CDKN1A,P38936,1,Low tissue specificity,Detected in all,,,0.0,Not detected,Not detected,,,0.0,,"Cancer-related genes, Human disease related genes, Predicted intracellular proteins",0.5025,0.35,0.5025
CDKN2D:P55273:OID21295:v1,CDKN2D,CDKN2D,P55273,1,Group enriched,Detected in all,4,bone marrow,267.8,Tissue enriched,Detected in some,,bone marrow,24125268.3,,Predicted intracellular proteins,0.6664945455742713,1.0,1.0
CDNF:Q49AH0:OID21318:v1,CDNF,CDNF,Q49AH0,1,Tissue enhanced,Detected in many,,skeletal muscle,24.2,Group enriched,Detected in some,,skeletal muscle,3390697.9,Secreted in other tissues,"Predicted intracellular proteins, Predicted secreted proteins",0.7584131865319214,0.9324999999999999,0.9324999999999999
CEACAM1:P13688:OID21528:v1,CEACAM1,CEACAM1,P13688,1,Tissue enhanced,Detected in many,,intestine,230.9,Tissue enhanced,Detected in many,,liver,40999584.7,Intracellular and membrane,"CD markers, Plasma proteins, Predicted intracellular proteins, Predicted membrane proteins",0.8226639037925533,0.865,0.865
CEACAM5:P06731:OID21171:v1,CEACAM5,CEACAM5,P06731,1,Tissue enriched,Detected in many,5,intestine,920.3,Group enriched,Detected in many,,intestine,49432922.2,,"Cancer-related genes, CD markers, Plasma proteins, Predicted intracellular proteins, Predicted membrane proteins",0.7834810155934252,0.9324999999999999,0.9324999999999999
CEP20:Q96NB1:OID21209:v1,CEP20,CEP20,Q96NB1,1,Low tissue specificity,Detected in all,,,0.0,Tissue enriched,Detected in single,5310,fallopian tube,530986.4,,Predicted intracellular proteins,0.5025,1.0,1.0
CEP85:Q6P2H3:OID21241:v1,CEP85,CEP85,Q6P2H3,1,Tissue enhanced,Detected in all,,skeletal muscle,124.5,Tissue enriched,Detected in single,4019,bone marrow,401884.3,,Predicted intracellular proteins,0.8048893407836603,1.0,1.0
CES2:O00748:OID21366:v1,CES2,CES2,O00748,1,Tissue enhanced,Detected in all,,intestine,661.6,Tissue enhanced,Detected in all,,liver,361521867.4,Intracellular and membrane,"Enzymes, Metabolic proteins, Predicted intracellular proteins",0.8530562184466383,0.865,0.865
CES3:Q6UWW8:OID21340:v1,CES3,CES3,Q6UWW8,1,Tissue enhanced,Detected in many,,liver,51.1,Group enriched,Detected in some,8089,intestine,918301.5,Intracellular and membrane,"Enzymes, Metabolic proteins, Predicted intracellular proteins",0.7794392897138304,0.9324999999999999,0.9324999999999999
CFC1:P0CG37:OID21261:v1,CFC1,CFC1,P0CG37,1,Tissue enhanced,Detected in some,,pituitary gland,35.5,Not detected,Not detected,,,0.0,Secreted - unknown location,"Disease related genes, Human disease related genes, Predicted secreted proteins",0.8150000000000001,0.35,0.8150000000000001
CHAC2:Q8WUX2:OID21230:v1,CHAC2,CHAC2,Q8WUX2,1,Low tissue specificity,Detected in many,,,0.0,Group enriched,Detected in many,,heart muscle,906205.7,,"Enzymes, Predicted intracellular proteins",0.5525,0.9324999999999999,0.9324999999999999
CIAPIN1:Q6FI81:OID21501:v1,CIAPIN1,CIAPIN1,Q6FI81,1,Low tissue specificity,Detected in all,,,0.0,Low tissue specificity,Detected in all,,,0.0,,"Essential proteins, Predicted intracellular proteins",0.5025,0.5025,0.5025
CLEC6A:Q6EIG7:OID21228:v1,CLEC6A,CLEC6A,Q6EIG7,1,Tissue enhanced,Detected in some,,lymphoid tissue,1.1,Not detected,Not detected,,,0.0,,Predicted membrane proteins,0.8150000000000001,0.35,0.8150000000000001
CLMP:Q9H6B4:OID21419:v1,CLMP,CLMP,Q9H6B4,1,Tissue enhanced,Detected in many,,adipose tissue,59.3,Group enriched,Detected in many,,blood vessel,658494.5,,"Disease related genes, Human disease related genes, Predicted membrane proteins",0.7836706500571282,0.9324999999999999,0.9324999999999999
CNPY4:Q8N129:OID21317:v1,CNPY4,CNPY4,Q8N129,1,Low tissue specificity,Detected in all,,,0.0,Group enriched,Detected in many,,ovary,13442705.7,Intracellular and membrane,Predicted intracellular proteins,0.5025,0.9324999999999999,0.9324999999999999
CNTN2:Q02246:OID21426:v1,CNTN2,CNTN2,Q02246,1,Tissue enriched,Detected in some,21,brain,157.3,Tissue enriched,Detected in some,,cerebral cortex,87522293.4,Secreted in brain,"Disease related genes, Human disease related genes, Plasma proteins, Potential drug targets, Predicted intracellular proteins, Predicted secreted proteins, Transporters",0.8344174663971451,1.0,1.0
COX5B:P10606:OID21297:v1,COX5B,COX5B,P10606,1,Tissue enhanced,Detected in all,,skeletal muscle,1249.4,Tissue enriched,Detected in all,,heart muscle,3696370531.4,,"Metabolic proteins, Predicted intracellular proteins, Transporters",0.865,1.0,1.0
CPE:P16870:OID21392:v1,CPE,CPE,P16870,1,Tissue enhanced,Detected in all,,brain,1047.2,Tissue enhanced,Detected in all,,pancreas,108276040.3,Intracellular and membrane,"Disease related genes, Enzymes, Plasma proteins, Potential drug targets, Predicted intracellular proteins",0.865,0.865,0.865
CPVL:Q9H3G5:OID21435:v1,CPVL,CPVL,Q9H3G5,1,Tissue enhanced,Detected in many,,lymphoid tissue,206.3,Tissue enhanced,Detected in all,,lymphoid tissue,106573585.2,Intracellular and membrane,"Enzymes, Predicted intracellular proteins",0.8194176104038953,0.865,0.865
CPXM1:Q96SM3:OID21479:v1,CPXM1,CPXM1,Q96SM3,1,Tissue enhanced,Detected in many,,ovary,107.0,Group enriched,Detected in some,,ovary,8173788.2,Secreted in other tissues,"Enzymes, Predicted secreted proteins",0.8005419717933108,0.9324999999999999,0.9324999999999999
CRACR2A:Q9BSW2:OID21249:v1,CRACR2A,CRACR2A,Q9BSW2,1,Tissue enhanced,Detected in many,,salivary gland,36.4,Tissue enhanced,Detected in some,,intestine,650076.4,,Predicted intracellular proteins,0.7698429368274513,0.865,0.865
CREG1:O75629:OID21515:v1,CREG1,CREG1,O75629,1,Low tissue specificity,Detected in all,,,0.0,Low tissue specificity,Detected in all,,,0.0,Secreted to blood,Predicted secreted proteins,0.5025,0.5025,0.5025
CRH:P06850:OID21257:v1,CRH,CRH,P06850,1,Tissue enriched,Detected in some,8,brain,52.7,Group enriched,Detected in some,12177,cerebral cortex,1537691.3,Secreted to blood,"Plasma proteins, Predicted secreted proteins",0.7666323987123148,0.9324999999999999,0.9324999999999999
CRISP2:P16562:OID21456:v1,CRISP2,CRISP2,P16562,1,Tissue enriched,Detected in many,21,testis,482.3,Not detected,Not detected,,,0.0,Secreted in male reproductive system,Predicted secreted proteins,0.8633393640842895,0.35,0.8633393640842895
CRNN:Q9UBG3:OID21427:v1,CRNN,CRNN,Q9UBG3,1,Tissue enhanced,Detected in many,,esophagus,5227.7,Tissue enhanced,Detected in many,,blood vessel,2034696.8,,"Disease related genes, Predicted intracellular proteins",0.865,0.865,0.865
CTSF:Q9UBX1:OID21500:v1,CTSF,CTSF,Q9UBX1,1,Tissue enhanced,Detected in many,,choroid plexus,123.5,Tissue enhanced,Detected in many,,liver,7864047.6,Intracellular and membrane,"Disease related genes, Enzymes, Human disease related genes, Metabolic proteins, Plasma proteins, Potential drug targets, Predicted intracellular proteins",0.8046577493341843,0.865,0.865
CTSV:O60911:OID21405:v1,CTSV,CTSV,O60911,1,Tissue enriched,Detected in many,10,lymphoid tissue,599.5,Tissue enhanced,Detected in all,,intestine,33837907.2,Intracellular and membrane,"Enzymes, Metabolic proteins, Predicted intracellular proteins",0.8170581999306165,0.865,0.865
CXCL8:P10145:OID21430:v1,CXCL8,CXCL8,P10145,1,Tissue enriched,Detected in many,7,bone marrow,2989.3,Not detected,Not detected,,,0.0,Secreted to blood,"Cancer-related genes, Candidate cardiovascular disease genes, Plasma proteins, Predicted secreted proteins",0.8077000073848724,0.35,0.8077000073848724
DAB2:P98082:OID21428:v1,DAB2,DAB2,P98082,1,Tissue enhanced,Detected in all,,placenta,213.0,Tissue enhanced,Detected in many,,kidney,136654599.9,,"Plasma proteins, Predicted intracellular proteins",0.8203384419168432,0.865,0.865
DCBLD2:Q96PD2:OID21474:v1,DCBLD2,DCBLD2,Q96PD2,1,Low tissue specificity,Detected in all,,,0.0,Low tissue specificity,Detected in many,,,0.0,,"Predicted intracellular proteins, Predicted membrane proteins",0.5025,0.5525,0.5525
DCTN1:Q14203:OID21399:v1,DCTN1,DCTN1,Q14203,1,Low tissue specificity,Detected in all,,,0.0,Low tissue specificity,Detected in all,,,0.0,,"Cancer-related genes, Disease related genes, Human disease related genes, Plasma proteins, Predicted intracellular proteins",0.5025,0.5025,0.5025
DCTN2:Q13561:OID21334:v1,DCTN2,DCTN2,Q13561,1,Low tissue specificity,Detected in all,,,0.0,Low tissue specificity,Detected in all,,,0.0,,"Essential proteins, Predicted intracellular proteins",0.5025,0.5025,0.5025
DCXR:Q7Z4W1:OID21480:v1,DCXR,DCXR,Q7Z4W1,1,Tissue enriched,Detected in all,7,liver,1923.6,Group enriched,Detected in all,,liver,1013247417.3,,"Disease related genes, Enzymes, Human disease related genes, Metabolic proteins, Plasma proteins, Potential drug targets, Predicted intracellular proteins",0.8077000073848724,0.9324999999999999,0.9324999999999999
DDAH1:O94760:OID21299:v1,DDAH1,DDAH1,O94760,1,Tissue enhanced,Detected in many,,kidney,116.6,Group enriched,Detected in all,,kidney,1187569492.9,,"Enzymes, Metabolic proteins, Plasma proteins, Predicted intracellular proteins",0.8030071861788399,0.9324999999999999,0.9324999999999999
DDX58:O95786:OID21226:v1,DDX58,DDX58,O95786,1,Low tissue specificity,Detected in all,,,0.0,Group enriched,Detected in many,,lymphoid tissue,15283018.3,,"Disease related genes, Enzymes, Human disease related genes, Potential drug targets, Predicted intracellular proteins",0.5025,0.9324999999999999,0.9324999999999999
DEFB4A_DEFB4B:O15263:OID21373:v1,DEFB4A_DEFB4B,DEFB4A;DEFB4B,O15263;O15263,0,,,,,0.0,,,,,0.0,,,0.4475,0.4475,0.4475
DKKL1:Q9UK85:OID21313:v1,DKKL1,DKKL1,Q9UK85,1,Tissue enriched,Detected in some,299,testis,352.3,Not detected,Not detected,,,0.0,Secreted in male reproductive system,"Predicted intracellular proteins, Predicted secreted proteins",0.9698516662346107,0.35,0.9698516662346107
DLL1:O00548:OID21525:v1,DLL1,DLL1,O00548,1,Tissue enhanced,Detected in many,,lymphoid tissue,42.7,Not detected,Not detected,,,0.0,,"Disease related genes, Human disease related genes, Predicted intracellular proteins, Predicted membrane proteins",0.7743496070640952,0.35,0.7743496070640952
DNAJB1:P25685:OID21363:v1,DNAJB1,DNAJB1,P25685,1,Low tissue specificity,Detected in all,,,0.0,Low tissue specificity,Detected in all,,,0.0,,"Cancer-related genes, Predicted intracellular proteins",0.5025,0.5025,0.5025
DPEP2:Q9H4A9:OID21305:v1,DPEP2,DPEP2,Q9H4A9,1,Tissue enhanced,Detected in many,,lymphoid tissue,27.4,Tissue enriched,Detected in some,,intestine,715087.2,,"Enzymes, Metabolic proteins, Plasma proteins, Predicted intracellular proteins, Predicted membrane proteins",0.7618738724143528,1.0,1.0
DPP6:P42658:OID21354:v1,DPP6,DPP6,P42658,1,Tissue enhanced,Detected in many,,brain,55.9,Tissue enriched,Detected in some,,cerebral cortex,238579635.2,,"Disease related genes, Enzymes, Human disease related genes, Potential drug targets, Predicted intracellular proteins, Predicted membrane proteins, Transporters",0.781990556771009,1.0,1.0
DPY30:Q9C005:OID21410:v1,DPY30,DPY30,Q9C005,1,Low tissue specificity,Detected in all,,,0.0,Low tissue specificity,Detected in all,,,0.0,,Predicted intracellular proteins,0.5025,0.5025,0.5025
DRG2:P55039:OID21335:v1,DRG2,DRG2,P55039,1,Low tissue specificity,Detected in all,,,0.0,Low tissue specificity,Detected in all,,,0.0,,"Plasma proteins, Predicted intracellular proteins",0.5025,0.5025,0.5025
DSG3:P32926:OID21460:v1,DSG3,DSG3,P32926,1,Tissue enhanced,Detected in some,,esophagus,296.1,Group enriched,Detected in many,,skin,33886849.1,,"Disease related genes, Plasma proteins, Predicted membrane proteins",0.8298363262079175,0.9324999999999999,0.9324999999999999
DSG4:Q86SJ6:OID21325:v1,DSG4,DSG4,Q86SJ6,1,Tissue enriched,Detected in single,6,skin 1,2.4,Tissue enriched,Detected in single,231,Stomach,23054.8,,"Disease related genes, Human disease related genes, Predicted membrane proteins",0.7975732973134806,1.0,1.0
DTX3:Q8N9I9:OID21349:v1,DTX3,DTX3,Q8N9I9,1,Low tissue specificity,Detected in all,,,0.0,Tissue enriched,Detected in some,,cerebral cortex,1226742.6,,"Enzymes, Predicted intracellular proteins",0.5025,1.0,1.0
EBI3_IL27:Q14213_Q8NEV9:OID21389:v1,EBI3_IL27,EBI3;IL27,Q14213;Q8NEV9,0,,,,,0.0,,,,,0.0,,,0.4475,0.4475,0.4475
EDA2R:Q9HAV5:OID21451:v1,EDA2R,EDA2R,Q9HAV5,1,Low tissue specificity,Detected in many,,,0.0,Tissue enriched,Detected in single,2589,intestine,258856.6,,Predicted membrane proteins,0.5525,1.0,1.0
EGFL7:Q9UHF1:OID21252:v1,EGFL7,EGFL7,Q9UHF1,1,Low tissue specificity,Detected in all,,,0.0,Tissue enhanced,Detected in many,,heart muscle,5156226.1,Secreted to extracellular matrix,Predicted secreted proteins,0.5025,0.865,0.865
ELOA:Q14241:OID21337:v1,ELOA,ELOA,Q14241,1,Low tissue specificity,Detected in many,,,0.0,Group enriched,Detected in some,,lymphoid tissue,480360.3,,"Plasma proteins, Predicted intracellular proteins",0.5525,0.9324999999999999,0.9324999999999999
ENTPD2:Q9Y5L3:OID21260:v1,ENTPD2,ENTPD2,Q9Y5L3,1,Low tissue specificity,Detected in many,,,0.0,Group enriched,Detected in some,,intestine,972927.7,,"Metabolic proteins, Predicted membrane proteins",0.5525,0.9324999999999999,0.9324999999999999
EPHA2:P29317:OID21342:v1,EPHA2,EPHA2,P29317,1,Tissue enhanced,Detected in many,,esophagus,142.7,Group enriched,Detected in many,,lymphoid tissue,5624658.0,,"Cancer-related genes, Disease related genes, Enzymes, FDA approved drug targets, Human disease related genes, Predicted membrane proteins, RAS pathway related proteins",0.8088096430331653,0.9324999999999999,0.9324999999999999
EPS8L2:Q9H6S3:OID21397:v1,EPS8L2,EPS8L2,Q9H6S3,1,Tissue enhanced,Detected in many,,esophagus,184.2,Low tissue specificity,Detected in many,,,0.0,,"Disease related genes, Human disease related genes, Predicted intracellular proteins",0.8161541946124659,0.5525,0.8161541946124659
ERBB2:P04626:OID21520:v1,ERBB2,ERBB2,P04626,1,Low tissue specificity,Detected in all,,,0.0,Tissue enriched,Detected in many,,lymphoid tissue,8296603.9,,"Cancer-related genes, CD markers, Disease related genes, Enzymes, FDA approved drug targets, Human disease related genes, Plasma proteins, Predicted intracellular proteins, Predicted membrane proteins, Transporters",0.5025,1.0,1.0
ERBB4:Q15303:OID21510:v1,ERBB4,ERBB4,Q15303,1,Tissue enhanced,Detected in many,,fallopian tube,10.6,Group enriched,Detected in some,,fallopian tube,1251843.1,,"Cancer-related genes, Disease related genes, Enzymes, FDA approved drug targets, Human disease related genes, Plasma proteins, Predicted intracellular proteins, Predicted membrane proteins, Transporters",0.755,0.9324999999999999,0.9324999999999999
ERBIN:Q96RT1:OID21323:v1,ERBIN,ERBIN,Q96RT1,1,Low tissue specificity,Detected in all,,,0.0,Low tissue specificity,Detected in many,,,0.0,,Predicted intracellular proteins,0.5025,0.5525,0.5525
ERP44:Q9BS26:OID21338:v1,ERP44,ERP44,Q9BS26,1,Low tissue specificity,Detected in all,,,0.0,Low tissue specificity,Detected in all,,,0.0,Intracellular and membrane,"Plasma proteins, Predicted intracellular proteins",0.5025,0.5025,0.5025
F3:P13726:OID21440:v1,F3,F3,P13726,1,Low tissue specificity,Detected in all,,,0.0,Group enriched,Detected in many,,intestine,9643792.6,Secreted to blood,"Cancer-related genes, Candidate cardiovascular disease genes, CD markers, FDA approved drug targets, Plasma proteins, Predicted membrane proteins, Predicted secreted proteins, Transporters",0.5025,0.9324999999999999,0.9324999999999999
FAM3B:P58499:OID21372:v1,FAM3B,FAM3B,P58499,1,Tissue enhanced,Detected in many,,pancreas,191.7,Group enriched,Detected in many,,intestine,29480463.9,Secreted to blood,"Predicted intracellular proteins, Predicted membrane proteins, Predicted secreted proteins",0.8173034104835255,0.9324999999999999,0.9324999999999999
FCGR2B:P31994:OID21215:v1,FCGR2B,FCGR2B,P31994,1,Tissue enriched,Detected in all,10,placenta,378.4,Tissue enriched,Detected in some,,liver,3930811.6,,"Cancer-related genes, CD markers, Disease related genes, FDA approved drug targets, Human disease related genes, Predicted membrane proteins",0.8037657442367515,1.0,1.0
FCRLB:Q6BAA4:OID21193:v1,FCRLB,FCRLB,Q6BAA4,1,Tissue enhanced,Detected in single,,lymphoid tissue,1.6,Tissue enriched,Detected in single,111,pancreas,11090.1,Intracellular and membrane,Predicted intracellular proteins,0.865,1.0,1.0
FEN1:P39748:OID21192:v1,FEN1,FEN1,P39748,1,Tissue enhanced,Detected in all,,lymphoid tissue,42.9,Tissue enhanced,Detected in many,,bone marrow,42258937.7,,"Cancer-related genes, Essential proteins, Plasma proteins, Predicted intracellular proteins",0.7744817934891585,0.865,0.865
FES:P07332:OID21207:v1,FES,FES,P07332,1,Tissue enhanced,Detected in all,,lymphoid tissue,110.0,Tissue enhanced,Detected in many,,lymphoid tissue,17050123.7,,"Cancer-related genes, Disease related genes, Enzymes, Potential drug targets, Predicted intracellular proteins",0.8013351385813445,0.865,0.865
FGF21:Q9NSA1:OID21402:v1,FGF21,FGF21,Q9NSA1,1,Tissue enriched,Detected in single,105,liver,79.4,Not detected,Not detected,,,0.0,Secreted to blood,"Predicted secreted proteins, RAS pathway related proteins",1.0,0.35,1.0
FGF23:Q9GZV9:OID21411:v1,FGF23,FGF23,Q9GZV9,1,Tissue enhanced,Detected in some,,heart muscle,5.4,Not detected,Not detected,,,0.0,Secreted to blood,"Cancer-related genes, Disease related genes, Human disease related genes, Plasma proteins, Potential drug targets, Predicted secreted proteins, RAS pathway related proteins, Transporters",0.8150000000000001,0.35,0.8150000000000001
FGFBP1:Q14512:OID21507:v1,FGFBP1,FGFBP1,Q14512,1,Tissue enhanced,Detected in many,,esophagus,412.9,Not detected,Not detected,,,0.0,Secreted in other tissues,"Cancer-related genes, Predicted secreted proteins",0.8394344557370998,0.35,0.8394344557370998
FGFR2:P21802:OID21478:v1,FGFR2,FGFR2,P21802,1,Tissue enriched,Detected in many,5,brain,549.0,Group enriched,Detected in some,,cerebral cortex,1342408.9,Secreted - unknown location,"Cancer-related genes, CD markers, Disease related genes, Enzymes, FDA approved drug targets, Human disease related genes, Plasma proteins, Predicted intracellular proteins, Predicted membrane proteins, Predicted secreted proteins, RAS pathway related proteins",0.7685472842810077,0.9324999999999999,0.9324999999999999
FLI1:Q01543:OID21239:v1,FLI1,FLI1,Q01543,1,Tissue enhanced,Detected in many,,lymphoid tissue,65.9,Group enriched,Detected in some,,cerebral cortex,2884992.5,,"Cancer-related genes, Disease related genes, Human disease related genes, Predicted intracellular proteins, Transcription factors",0.7866774687015536,0.9324999999999999,0.9324999999999999
FLT1:P17948:OID21301:v1,FLT1,FLT1,P17948,1,Tissue enriched,Detected in many,9,placenta,394.3,Tissue enriched,Detected in single,1602,skeletal muscle,160212.6,Secreted to blood,"Cancer-related genes, Disease related genes, Enzymes, FDA approved drug targets, Plasma proteins, Predicted membrane proteins, Predicted secreted proteins, RAS pathway related proteins",0.7977261025578486,1.0,1.0
FLT3:P36888:OID21272:v1,FLT3,FLT3,P36888,1,Tissue enhanced,Detected in some,,brain,8.9,Not detected,Not detected,,,0.0,,"Cancer-related genes, CD markers, Disease related genes, Enzymes, FDA approved drug targets, Human disease related genes, Predicted membrane proteins, RAS pathway related proteins",0.8150000000000001,0.35,0.8150000000000001
FLT4:P35916:OID21491:v1,FLT4,FLT4,P35916,1,Low tissue specificity,Detected in many,,,0.0,Tissue enriched,Detected in single,76,lymphoid tissue,7570.6,Secreted to blood,"Cancer-related genes, Disease related genes, Enzymes, FDA approved drug targets, Human disease related genes, Plasma proteins, Predicted intracellular proteins, Predicted membrane proteins, Predicted secreted proteins, RAS pathway related proteins, Transporters",0.5525,0.9794240945823349,0.9794240945823349
FOLR1:P15328:OID21529:v1,FOLR1,FOLR1,P15328,1,Tissue enriched,Detected in many,14,choroid plexus,2860.9,Group enriched,Detected in some,,lung,19514046.3,Secreted to blood,"Disease related genes, FDA approved drug targets, Human disease related genes, Metabolic proteins, Predicted membrane proteins, Predicted secreted proteins, Transporters",0.855372225259784,0.9324999999999999,0.9324999999999999
FOLR3:P41439:OID21485:v1,FOLR3,FOLR3,P41439,1,Group enriched,Detected in some,10,bone marrow,90.4,Not detected,Not detected,,,0.0,Secreted to blood,"Metabolic proteins, Predicted secreted proteins",0.7143507972688543,0.35,0.7143507972688543
FOXO3:O43524:OID21271:v1,FOXO3,FOXO3,O43524,1,Low tissue specificity,Detected in all,,,0.0,Tissue enhanced,Detected in some,,bone marrow,23569.5,,"Cancer-related genes, Disease related genes, Predicted intracellular proteins, Transcription factors",0.5025,0.865,0.865
FURIN:P09958:OID21514:v1,FURIN,FURIN,P09958,1,Tissue enhanced,Detected in all,,salivary gland,207.7,Tissue enriched,Detected in many,,salivary gland,21862348.2,Intracellular and membrane,"Enzymes, Plasma proteins, Predicted membrane proteins",0.819612458675586,1.0,1.0
FUS:P35637:OID21256:v1,FUS,FUS,P35637,1,Low tissue specificity,Detected in all,,,0.0,Tissue enhanced,Detected in all,,lymphoid tissue,127774730.8,,"Cancer-related genes, Disease related genes, Human disease related genes, Plasma proteins, Predicted intracellular proteins",0.5025,0.865,0.865
FXN:Q16595:OID21442:v1,FXN,FXN,Q16595,1,Low tissue specificity,Detected in all,,,0.0,Tissue enhanced,Detected in all,,heart muscle,104408429.3,,"Disease related genes, Enzymes, Essential proteins, Human disease related genes, Metabolic proteins, Potential drug targets, Predicted intracellular proteins, Transporters",0.5025,0.865,0.865
GALNT10:Q86SR1:OID21371:v1,GALNT10,GALNT10,Q86SR1,1,Tissue enhanced,Detected in all,,ovary,51.6,Tissue enhanced,Detected in many,,intestine,788416.9,Intracellular and membrane,"Enzymes, Metabolic proteins, Predicted intracellular proteins",0.7797157844307347,0.865,0.865
GALNT2:Q10471:OID21423:v1,GALNT2,GALNT2,Q10471,1,Low tissue specificity,Detected in all,,,0.0,Tissue enhanced,Detected in many,,pancreas,214227308.0,Intracellular and membrane,"Disease related genes, Enzymes, Human disease related genes, Metabolic proteins, Plasma proteins, Potential drug targets, Predicted intracellular proteins",0.5025,0.865,0.865
GALNT7:Q86SF2:OID21377:v1,GALNT7,GALNT7,Q86SF2,1,Tissue enhanced,Detected in all,,stomach 1,61.9,Group enriched,Detected in many,,intestine,29404361.0,,"Enzymes, Metabolic proteins, Predicted intracellular proteins",0.7848926954566738,0.9324999999999999,0.9324999999999999
GCG:P01275:OID21263:v1,GCG,GCG,P01275,1,Tissue enriched,Detected in many,13,pancreas,1834.3,Tissue enriched,Detected in some,,pancreas,55686025.3,Secreted to blood,Predicted secreted proteins,0.8501399664417715,1.0,1.0
GCNT1:Q02742:OID21379:v1,GCNT1,GCNT1,Q02742,1,Group enriched,Detected in many,5,parathyroid gland,79.0,Tissue enriched,Detected in single,101458,intestine,10145843.3,,"Enzymes, Metabolic proteins, Predicted intracellular proteins",0.6452371794174009,1.0,1.0
GFAP:P14136:OID21247:v1,GFAP,GFAP,P14136,1,Tissue enriched,Detected in many,8,brain,15929.3,Tissue enriched,Detected in many,,cerebral cortex,3376081420.8,,"Candidate cardiovascular disease genes, Disease related genes, Human disease related genes, Plasma proteins, Predicted intracellular proteins",0.8166323987123147,1.0,1.0
GFRA1:P56159:OID21457:v1,GFRA1,GFRA1,P56159,1,Low tissue specificity,Detected in many,,,0.0,Tissue enhanced,Detected in many,,intestine,20165205.7,,"Disease related genes, Predicted intracellular proteins, Predicted membrane proteins",0.5525,0.865,0.865
GFRA2:O00451:OID21330:v1,GFRA2,GFRA2,O00451,1,Tissue enhanced,Detected in many,,testis,9.0,Tissue enriched,Detected in single,44627,cerebral cortex,4462709.3,Intracellular and membrane,Predicted intracellular proteins,0.755,1.0,1.0
GH2:P01242:OID21168:v1,GH2,GH2,P01242,1,Group enriched,Detected in some,88,placenta,120.3,Not detected,Not detected,,,0.0,Secreted to blood,"Cancer-related genes, Predicted secreted proteins",0.8729077366286219,0.35,0.8729077366286219
GNE:Q9Y223:OID21231:v1,GNE,GNE,Q9Y223,1,Group enriched,Detected in all,4,liver,84.6,Group enriched,Detected in many,,liver,88428084.6,,"Disease related genes, Enzymes, Human disease related genes, Metabolic proteins, Potential drug targets, Predicted intracellular proteins, Predicted membrane proteins",0.6333689719491291,0.9324999999999999,0.9324999999999999
GPA33:Q99795:OID21376:v1,GPA33,GPA33,Q99795,1,Tissue enriched,Detected in some,12,intestine,202.4,Group enriched,Detected in some,,lung,12369590.6,,"Cancer-related genes, Plasma proteins, Predicted intracellular proteins, Predicted membrane proteins",0.7983875900162727,0.9324999999999999,0.9324999999999999
GPC1:P35052:OID21438:v1,GPC1,GPC1,P35052,1,Tissue enhanced,Detected in many,,skin 1,213.4,Tissue enhanced,Detected in many,,heart muscle,58889011.9,Intracellular and membrane,"Disease related genes, Predicted intracellular proteins, Predicted membrane proteins",0.820392501272963,0.865,0.865
GRPEL1:Q9HAV7:OID21309:v1,GRPEL1,GRPEL1,Q9HAV7,1,Low tissue specificity,Detected in all,,,0.0,Low tissue specificity,Detected in all,,,0.0,,"Essential proteins, Predicted intracellular proteins",0.5025,0.5025,0.5025
GSAP:A4D1B5:OID21173:v1,GSAP,GSAP,A4D1B5,1,Low tissue specificity,Detected in all,,,0.0,Group enriched,Detected in some,1003,bone marrow,131197.2,,Predicted intracellular proteins,0.5025,0.9324999999999999,0.9324999999999999
GSTA3:Q16772:OID21242:v1,GSTA3,GSTA3,Q16772,1,Group enriched,Detected in some,4,adrenal gland,61.8,Tissue enriched,Detected in single,17687,fallopian tube,1768730.5,,"Enzymes, Metabolic proteins, Predicted intracellular proteins",0.6545560259036266,1.0,1.0
HAO1:Q9UJM8:OID21395:v1,HAO1,HAO1,Q9UJM8,1,Tissue enriched,Detected in single,584,liver,568.2,Tissue enriched,Detected in some,2,liver,286681557.5,,"Enzymes, FDA approved drug targets, Metabolic proteins, Predicted intracellular proteins",1.0,0.7333161993561574,1.0
HAVCR1:Q96D42:OID21422:v1,HAVCR1,HAVCR1,Q96D42,1,Group enriched,Detected in some,5,kidney,6.5,Not detected,Not detected,,,0.0,,"CD markers, Predicted membrane proteins",0.6683828684844482,0.35,0.6683828684844482
HBEGF:Q99075:OID21465:v1,HBEGF,HBEGF,Q99075,1,Tissue enhanced,Detected in all,,urinary bladder,119.6,Not detected,Not detected,,,0.0,Secreted to blood,"Predicted membrane proteins, Predicted secreted proteins",0.8037364130694507,0.35,0.8037364130694507
HBQ1:P09105:OID21433:v1,HBQ1,HBQ1,P09105,1,Group enriched,Detected in some,5,bone marrow,24.1,Tissue enriched,Detected in all,,bone marrow,22302675.6,,Predicted intracellular proteins,0.6683828684844482,1.0,1.0
HDGF:P51858:OID21455:v1,HDGF,HDGF,P51858,1,Low tissue specificity,Detected in all,,,0.0,Low tissue specificity,Detected in all,,,0.0,Secreted to blood,"Plasma proteins, Predicted intracellular proteins, Predicted secreted proteins",0.5025,0.5025,0.5025
HGS:O14964:OID21175:v1,HGS,HGS,O14964,1,Low tissue specificity,Detected in all,,,0.0,Low tissue specificity,Detected in many,,,0.0,,"Essential proteins, Plasma proteins, Predicted intracellular proteins",0.5025,0.5525,0.5525
HMBS:P08397:OID21385:v1,HMBS,HMBS,P08397,1,Tissue enriched,Detected in all,6,bone marrow,160.0,Tissue enriched,Detected in many,,bone marrow,118477918.3,,"Disease related genes, Enzymes, Human disease related genes, Metabolic proteins, Plasma proteins, Potential drug targets, Predicted intracellular proteins",0.744673738052763,1.0,1.0
HPGDS:O60760:OID21266:v1,HPGDS,HPGDS,O60760,1,Tissue enhanced,Detected in many,,placenta,17.6,Low tissue specificity,Detected in many,,,0.0,,"Enzymes, Metabolic proteins, Predicted intracellular proteins",0.755,0.5525,0.755
HS3ST3B1:Q9Y662:OID21303:v1,HS3ST3B1,HS3ST3B1,Q9Y662,1,Tissue enhanced,Detected in many,,liver,26.6,Not detected,Not detected,,,0.0,,"Enzymes, Metabolic proteins, Predicted intracellular proteins",0.7610467082333456,0.35,0.7610467082333456
HS6ST1:O60243:OID21441:v1,HS6ST1,HS6ST1,O60243,1,Low tissue specificity,Detected in all,,,0.0,Tissue enriched,Detected in single,2382,cerebral cortex,238215.4,,"Disease related genes, Essential proteins, Human disease related genes, Metabolic proteins, Predicted intracellular proteins",0.5025,1.0,1.0
HSPB6:O14558:OID21408:v1,HSPB6,HSPB6,O14558,1,Tissue enhanced,Detected in many,,skeletal muscle,2832.4,Tissue enriched,Detected in all,,skeletal muscle,8246285840.0,Intracellular and membrane,Predicted intracellular proteins,0.865,1.0,1.0
HTRA2:O43464:OID21471:v1,HTRA2,HTRA2,O43464,1,Low tissue specificity,Detected in all,,,0.0,Low tissue specificity,Detected in all,,,0.0,,"Disease related genes, Enzymes, Human disease related genes, Plasma proteins, Potential drug targets, Predicted membrane proteins",0.5025,0.5025,0.5025
ICOSLG:O75144:OID21351:v1,ICOSLG,ICOSLG,O75144,1,Low tissue specificity,Detected in many,,,0.0,Low tissue specificity,Detected in all,,,0.0,,"CD markers, Plasma proteins, Predicted intracellular proteins, Predicted membrane proteins",0.5525,0.5025,0.5525
IDUA:P35475:OID21468:v1,IDUA,IDUA,P35475,1,Low tissue specificity,Detected in many,,,0.0,Low tissue specificity,Detected in many,,,0.0,Intracellular and membrane,"Disease related genes, Enzymes, Human disease related genes, Metabolic proteins, Plasma proteins, Potential drug targets, Predicted intracellular proteins",0.5525,0.5525,0.5525
IGF1R:P08069:OID21274:v1,IGF1R,IGF1R,P08069,1,Low tissue specificity,Detected in many,,,0.0,Tissue enhanced,Detected in many,,lung,1257116.6,,"Cancer-related genes, CD markers, Disease related genes, Enzymes, FDA approved drug targets, Human disease related genes, Plasma proteins, Predicted intracellular proteins, Predicted membrane proteins, RAS pathway related proteins",0.5525,0.865,0.865
IGSF3:O75054:OID21312:v1,IGSF3,IGSF3,O75054,1,Low tissue specificity,Detected in many,,,0.0,Group enriched,Detected in some,,intestine,15718779.4,,"Disease related genes, Human disease related genes, Predicted intracellular proteins, Predicted membrane proteins",0.5525,0.9324999999999999,0.9324999999999999
IKZF2:Q9UKS7:OID21213:v1,IKZF2,IKZF2,Q9UKS7,1,Tissue enhanced,Detected in many,,lymphoid tissue,38.3,Not detected,Not detected,,,0.0,,"Predicted intracellular proteins, Transcription factors",0.7712774591411711,0.35,0.7712774591411711
IL12A_IL12B:P29459_P29460:OID21327:v1,IL12A_IL12B,IL12A;IL12B,P29459;P29460,0,,,,,0.0,,,,,0.0,,,0.4475,0.4475,0.4475
IL13RA1:P78552:OID21504:v1,IL13RA1,IL13RA1,P78552,1,Low tissue specificity,Detected in all,,,0.0,Not detected,Not detected,,,0.0,Intracellular and membrane,"CD markers, Predicted intracellular proteins, Predicted membrane proteins, Transporters",0.5025,0.35,0.5025
IL6:P05231:OID21276:v1,IL6,IL6,P05231,1,Tissue enhanced,Detected in many,,urinary bladder,256.4,Not detected,Not detected,,,0.0,Secreted to blood,"Cancer-related genes, Candidate cardiovascular disease genes, Disease related genes, FDA approved drug targets, Human disease related genes, Plasma proteins, Predicted intracellular proteins, Predicted membrane proteins, Predicted secreted proteins",0.8256839864046295,0.35,0.8256839864046295
INPP1:P49441:OID21345:v1,INPP1,INPP1,P49441,1,Low tissue specificity,Detected in all,,,0.0,Tissue enhanced,Detected in all,,skin,61879971.5,,"Enzymes, Metabolic proteins, Predicted intracellular proteins",0.5025,0.865,0.865
INPPL1:O15357:OID21314:v1,INPPL1,INPPL1,O15357,1,Low tissue specificity,Detected in all,,,0.0,Tissue enhanced,Detected in many,,bone marrow,7078677.4,,"Cancer-related genes, Disease related genes, Enzymes, Human disease related genes, Metabolic proteins, Potential drug targets, Predicted intracellular proteins",0.5025,0.865,0.865
IQGAP2:Q13576:OID21361:v1,IQGAP2,IQGAP2,Q13576,1,Tissue enhanced,Detected in many,,liver,105.8,Tissue enhanced,Detected in all,,liver,238514496.6,,"Plasma proteins, Predicted intracellular proteins, Predicted membrane proteins",0.8002185184082933,0.865,0.865
ITGAV:P06756:OID21416:v1,ITGAV,ITGAV,P06756,1,Low tissue specificity,Detected in all,,,0.0,Tissue enhanced,Detected in all,,blood vessel,145026787.2,,"Cancer-related genes, CD markers, FDA approved drug targets, Predicted intracellular proteins, Predicted membrane proteins, Transporters",0.5025,0.865,0.865
ITGB5:P18084:OID21522:v1,ITGB5,ITGB5,P18084,1,Tissue enhanced,Detected in all,,blood vessel,290.3,Tissue enhanced,Detected in many,,blood vessel,34214144.8,,"Cancer-related genes, Plasma proteins, Predicted intracellular proteins, Predicted membrane proteins",0.82926559764299,0.865,0.865
ITGB7:P26010:OID21393:v1,ITGB7,ITGB7,P26010,1,Tissue enhanced,Detected in many,,lymphoid tissue,29.1,Tissue enriched,Detected in some,,lymphoid tissue,2056139.1,,"Cancer-related genes, FDA approved drug targets, Plasma proteins, Predicted intracellular proteins, Predicted membrane proteins",0.7635568392714694,1.0,1.0
KAZALD1:Q96I82:OID21339:v1,KAZALD1,KAZALD1,Q96I82,1,Tissue enhanced,Detected in many,,lymphoid tissue,14.0,Not detected,Not detected,,,0.0,Secreted to extracellular matrix,Predicted secreted proteins,0.755,0.35,0.755
KDR:P35968:OID21497:v1,KDR,KDR,P35968,1,Low tissue specificity,Detected in many,,,0.0,Tissue enriched,Detected in single,30376,heart muscle,3037579.7,Intracellular and membrane,"Cancer-related genes, CD markers, Disease related genes, Enzymes, FDA approved drug targets, Human disease related genes, Plasma proteins, Predicted membrane proteins, RAS pathway related proteins",0.5525,1.0,1.0
KIFBP:Q96EK5:OID21320:v1,KIFBP,KIFBP,Q96EK5,1,Low tissue specificity,Detected in all,,,0.0,Low tissue specificity,Detected in many,,,0.0,,"Disease related genes, Essential proteins, Human disease related genes, Predicted intracellular proteins",0.5025,0.5525,0.5525
KIR2DL3:P43628:OID21196:v1,KIR2DL3,KIR2DL3,P43628,1,Tissue enhanced,Detected in single,,lymphoid tissue,1.4,Not detected,Not detected,,,0.0,,"CD markers, Predicted membrane proteins",0.865,0.35,0.865
KIR3DL1:P43629:OID21185:v1,KIR3DL1,KIR3DL1,P43629,1,Tissue enhanced,Detected in single,,lymphoid tissue,1.4,Not detected,Not detected,,,0.0,,"CD markers, Predicted membrane proteins",0.865,0.35,0.865
KLK1:P06870:OID21499:v1,KLK1,KLK1,P06870,1,Group enriched,Detected in many,77,pancreas,9013.3,Group enriched,Detected in many,,pancreas,97574946.7,Secreted to digestive system,"Enzymes, Metabolic proteins, Predicted secreted proteins",0.9129026587771565,0.9324999999999999,0.9324999999999999
KLK10:O43240:OID21523:v1,KLK10,KLK10,O43240,1,Group enriched,Detected in many,4,esophagus,136.1,Tissue enhanced,Detected in all,,intestine,17292562.1,Secreted in other tissues,"Cancer-related genes, Enzymes, Predicted secreted proteins",0.6470045783200723,0.865,0.865
KLK11:Q9UBX7:OID21518:v1,KLK11,KLK11,Q9UBX7,1,Tissue enhanced,Detected in many,,esophagus,311.1,Tissue enhanced,Detected in all,,blood vessel,8390194.1,Secreted in other tissues,"Cancer-related genes, Enzymes, Plasma proteins, Predicted intracellular proteins, Predicted secreted proteins",0.8312621943529453,0.865,0.865
KLK12:Q9UKR0:OID21201:v1,KLK12,KLK12,Q9UKR0,1,Group enriched,Detected in some,5,esophagus,77.6,Group enriched,Detected in some,1944,salivary gland,295172.6,Secreted in other tissues,"Enzymes, Predicted secreted proteins",0.6683828684844482,0.9324999999999999,0.9324999999999999
KLK13:Q9UKR3:OID21291:v1,KLK13,KLK13,Q9UKR3,1,Tissue enhanced,Detected in many,,esophagus,739.7,Group enriched,Detected in many,,blood vessel,5260087.1,Secreted in other tissues,"Cancer-related genes, Enzymes, Predicted secreted proteins",0.8562818126010886,0.9324999999999999,0.9324999999999999
KLK14:Q9P0G3:OID21407:v1,KLK14,KLK14,Q9P0G3,1,Tissue enhanced,Detected in some,,skin 1,9.9,Tissue enriched,Detected in some,,intestine,1193335.7,Secreted in other tissues,"Cancer-related genes, Enzymes, Plasma proteins, Predicted secreted proteins",0.8150000000000001,1.0,1.0
KLK4:Q9Y5K2:OID21391:v1,KLK4,KLK4,Q9Y5K2,1,Tissue enriched,Detected in many,33,prostate,260.1,Not detected,Not detected,,,0.0,Secreted in male reproductive system,"Cancer-related genes, Disease related genes, Enzymes, Human disease related genes, Potential drug targets, Predicted intracellular proteins, Predicted secreted proteins",0.8785281244519509,0.35,0.8785281244519509
KLK6:Q92876:OID21526:v1,KLK6,KLK6,Q92876,1,Tissue enriched,Detected in many,5,brain,492.8,Group enriched,Detected in many,,cerebral cortex,6260418.1,Secreted in other tissues,"Cancer-related genes, Enzymes, Plasma proteins, Predicted intracellular proteins, Predicted secreted proteins",0.7654269621749705,0.9324999999999999,0.9324999999999999
KLK8:O60259:OID21517:v1,KLK8,KLK8,O60259,1,Group enriched,Detected in some,5,esophagus,115.9,Tissue enriched,Detected in single,12265,pancreas,1226525.9,Secreted in other tissues,"Cancer-related genes, Enzymes, Plasma proteins, Predicted intracellular proteins, Predicted secreted proteins",0.6683828684844482,1.0,1.0
KRT18:P05783:OID21296:v1,KRT18,KRT18,P05783,1,Low tissue specificity,Detected in many,,,0.0,Low tissue specificity,Detected in all,,,0.0,,"Cancer-related genes, Disease related genes, Human disease related genes, Predicted intracellular proteins",0.5525,0.5025,0.5525
L1CAM:P32004:OID21484:v1,L1CAM,L1CAM,P32004,1,Tissue enhanced,Detected in many,,brain,133.9,Tissue enriched,Detected in many,,cerebral cortex,418505127.5,,"CD markers, Disease related genes, Human disease related genes, Plasma proteins, Predicted intracellular proteins, Predicted membrane proteins",0.8069802531679909,1.0,1.0
LAG3:P18627:OID21315:v1,LAG3,LAG3,P18627,1,Tissue enhanced,Detected in many,,lymphoid tissue,22.2,Not detected,Not detected,,,0.0,Intracellular and membrane,"CD markers, FDA approved drug targets, Predicted intracellular proteins, Predicted membrane proteins",0.7560193625075778,0.35,0.7560193625075778
LAT2:Q9GZY6:OID21292:v1,LAT2,LAT2,Q9GZY6,1,Tissue enhanced,Detected in all,,bone marrow,57.8,Group enriched,Detected in many,,intestine,1940388.8,,"Disease related genes, Human disease related genes, Predicted intracellular proteins",0.7829414231665175,0.9324999999999999,0.9324999999999999
LEFTY2:O00292:OID21454:v1,LEFTY2,LEFTY2,O00292,1,Tissue enhanced,Detected in many,,endometrium 1,160.0,Tissue enriched,Detected in some,,blood vessel,34032546.5,Secreted in other tissues,"Disease related genes, Predicted secreted proteins",0.8121004407392824,1.0,1.0
LGALS7_LGALS7B:P47929:OID21406:v1,LGALS7_LGALS7B,LGALS7B;LGALS7,P47929;P47929,0,,,,,0.0,,,,,0.0,,,0.4475,0.4475,0.4475
LHB:P01229:OID21248:v1,LHB,LHB,P01229,1,Tissue enriched,Detected in some,345,pituitary gland,4053.3,Not detected,Not detected,,,0.0,Secreted to blood,"Cancer-related genes, Disease related genes, Human disease related genes, Predicted secreted proteins",1.0,0.35,1.0
LPCAT2:Q7L5N7:OID21290:v1,LPCAT2,LPCAT2,Q7L5N7,1,Tissue enhanced,Detected in many,,bone marrow,83.4,Tissue enhanced,Detected in many,,bone marrow,260076257.6,,"Enzymes, Metabolic proteins, Predicted intracellular proteins, Predicted membrane proteins",0.7934042506438926,0.865,0.865
LRIG1:Q96JA1:OID21429:v1,LRIG1,LRIG1,Q96JA1,1,Tissue enhanced,Detected in all,,pancreas,136.0,Tissue enhanced,Detected in many,,bone marrow,3784926.3,,"Predicted membrane proteins, Transporters",0.8074274296305473,0.865,0.865
LRP1:Q07954:OID21293:v1,LRP1,LRP1,Q07954,1,Tissue enhanced,Detected in all,,adipose tissue,102.4,Low tissue specificity,Detected in all,,,0.0,Intracellular and membrane,"Candidate cardiovascular disease genes, CD markers, Disease related genes, Human disease related genes, Plasma proteins, Potential drug targets, Predicted intracellular proteins, Predicted membrane proteins, Transporters",0.7992819396618995,0.5025,0.7992819396618995
LRRC25:Q8N386:OID21333:v1,LRRC25,LRRC25,Q8N386,1,Group enriched,Detected in many,4,lymphoid tissue,58.6,Tissue enhanced,Detected in many,,ovary,11660821.2,,Predicted membrane proteins,0.622888654709898,0.865,0.865
LTA4H:P09960:OID21452:v1,LTA4H,LTA4H,P09960,1,Low tissue specificity,Detected in all,,,0.0,Low tissue specificity,Detected in all,,,0.0,,"Cancer-related genes, Enzymes, Metabolic proteins, Plasma proteins, Predicted intracellular proteins",0.5025,0.5025,0.5025
LTBP3:Q9NS15:OID21191:v1,LTBP3,LTBP3,Q9NS15,1,Tissue enhanced,Detected in all,,blood vessel,226.7,Group enriched,Detected in some,128,blood vessel,14710.5,Secreted to blood,"Disease related genes, Human disease related genes, Predicted intracellular proteins, Predicted secreted proteins",0.8221347991485004,0.9324999999999999,0.9324999999999999
LYAR:Q9NX58:OID21264:v1,LYAR,LYAR,Q9NX58,1,Tissue enriched,Detected in all,4,testis,95.4,Tissue enhanced,Detected in many,,lymphoid tissue,4179093.5,,"Predicted intracellular proteins, Transcription factors",0.7043086921958095,0.865,0.865
LYN:P07948:OID21350:v1,LYN,LYN,P07948,1,Tissue enhanced,Detected in all,,lymphoid tissue,80.3,Tissue enriched,Detected in many,,lymphoid tissue,45913668.0,,"Cancer-related genes, Disease related genes, Enzymes, Potential drug targets, Predicted intracellular proteins",0.7923209473209787,1.0,1.0
LYPD3:O95274:OID21530:v1,LYPD3,LYPD3,O95274,1,Tissue enhanced,Detected in many,,esophagus,1070.5,Tissue enhanced,Detected in some,,blood vessel,6637292.5,,Predicted membrane proteins,0.865,0.865,0.865
LYPD8:Q6UX82:OID21251:v1,LYPD8,LYPD8,Q6UX82,1,Tissue enriched,Detected in some,19,intestine,202.5,Tissue enriched,Detected in single,6260,intestine,626032.7,Secreted to digestive system,Predicted secreted proteins,0.8310713928232525,1.0,1.0
MAGED1:Q9Y5V3:OID21181:v1,MAGED1,MAGED1,Q9Y5V3,1,Low tissue specificity,Detected in all,,,0.0,Group enriched,Detected in some,,cerebral cortex,37565.2,,"Cancer-related genes, Predicted intracellular proteins",0.5025,0.9324999999999999,0.9324999999999999
MANSC1:Q9H8J5:OID21492:v1,MANSC1,MANSC1,Q9H8J5,1,Tissue enhanced,Detected in all,,salivary gland,65.5,Tissue enriched,Detected in many,,salivary gland,5624174.3,,"Metabolic proteins, Plasma proteins, Predicted intracellular proteins, Predicted membrane proteins",0.7865038623234454,1.0,1.0
MAP3K5:Q99683:OID21253:v1,MAP3K5,MAP3K5,Q99683,1,Tissue enhanced,Detected in all,,adrenal gland,83.2,Low tissue specificity,Detected in many,,,0.0,,"Enzymes, Plasma proteins, Predicted intracellular proteins",0.7933355702396978,0.5525,0.7933355702396978
MAVS:Q7Z434:OID21204:v1,MAVS,MAVS,Q7Z434,1,Low tissue specificity,Detected in all,,,0.0,Low tissue specificity,Detected in many,,,0.0,,Predicted membrane proteins,0.5025,0.5525,0.5525
MDK:P21741:OID21489:v1,MDK,MDK,P21741,1,Tissue enhanced,Detected in all,,ovary,571.9,Not detected,Not detected,,,0.0,Secreted to blood,"Cancer-related genes, Predicted secreted proteins",0.8488453204455464,0.35,0.8488453204455464
MED18:Q9BUE0:OID21236:v1,MED18,MED18,Q9BUE0,1,Low tissue specificity,Detected in all,,,0.0,Tissue enhanced,Detected in many,,Stomach,3960223.6,,"Essential proteins, Predicted intracellular proteins",0.5025,0.865,0.865
METAP2:P50579:OID21437:v1,METAP2,METAP2,P50579,1,Low tissue specificity,Detected in all,,,0.0,Low tissue specificity,Detected in all,,,0.0,,"Enzymes, Essential proteins, Plasma proteins, Predicted intracellular proteins",0.5025,0.5025,0.5025
MIA:Q16674:OID21531:v1,MIA,MIA,Q16674,1,Tissue enhanced,Detected in many,,pituitary gland,73.8,Group enriched,Detected in some,,intestine,598226.1,Secreted to blood,"Cancer-related genes, Predicted secreted proteins",0.7899086998397736,0.9324999999999999,0.9324999999999999
MME:P08473:OID21307:v1,MME,MME,P08473,1,Tissue enhanced,Detected in many,,intestine,314.1,Tissue enriched,Detected in many,,kidney,393497683.9,,"Cancer-related genes, Candidate cardiovascular disease genes, CD markers, Disease related genes, Enzymes, FDA approved drug targets, Human disease related genes, Plasma proteins, Predicted intracellular proteins, Predicted membrane proteins",0.8315391299163594,1.0,1.0
MMP12:P39900:OID21439:v1,MMP12,MMP12,P39900,1,Tissue enhanced,Detected in some,,lymphoid tissue,38.1,Tissue enriched,Detected in single,74005,pancreas,7400509.4,Secreted to extracellular matrix,"Cancer-related genes, Enzymes, Predicted secreted proteins",0.8150000000000001,1.0,1.0
MOG:Q16653:OID21384:v1,MOG,MOG,Q16653,1,Tissue enriched,Detected in some,256,brain,686.8,Tissue enriched,Detected in single,1399305,cerebral cortex,139930532.8,,"Disease related genes, Human disease related genes, Predicted membrane proteins",0.9891367780937725,1.0,1.0
MPI:P34949:OID21288:v1,MPI,MPI,P34949,1,Low tissue specificity,Detected in all,,,0.0,Low tissue specificity,Detected in all,,,0.0,,"Disease related genes, Enzymes, Human disease related genes, Metabolic proteins, Potential drug targets, Predicted intracellular proteins",0.5025,0.5025,0.5025
MSLN:Q13421:OID21380:v1,MSLN,MSLN,Q13421,1,Tissue enhanced,Detected in many,,fallopian tube,261.5,Tissue enhanced,Detected in many,,fallopian tube,4541510.9,Intracellular and membrane,"Cancer-related genes, Disease related genes, Plasma proteins, Predicted intracellular proteins, Predicted membrane proteins",0.8262519552353772,0.865,0.865
MSRA:Q9UJ68:OID21513:v1,MSRA,MSRA,Q9UJ68,1,Tissue enhanced,Detected in many,,kidney,85.5,Tissue enriched,Detected in all,,kidney,171953571.7,,"Enzymes, Metabolic proteins, Predicted intracellular proteins",0.7941157250881588,1.0,1.0
MUC16:Q8WXI7:OID21378:v1,MUC16,MUC16,Q8WXI7,1,Group enriched,Detected in some,4,cervix,15.0,Group enriched,Detected in some,834,salivary gland,129166.0,Secreted in other tissues,"Plasma proteins, Predicted membrane proteins, Predicted secreted proteins",0.6545560259036266,0.9324999999999999,0.9324999999999999
MZT1:Q08AG7:OID21186:v1,MZT1,MZT1,Q08AG7,1,Low tissue specificity,Detected in all,,,0.0,Not detected,Not detected,,,0.0,,"Essential proteins, Predicted intracellular proteins",0.5025,0.35,0.5025
NBL1:P41271:OID21486:v1,NBL1,NBL1,P41271,1,Low tissue specificity,Detected in all,,,0.0,Not detected,Not detected,,,0.0,Secreted in other tissues,"Predicted intracellular proteins, Predicted secreted proteins",0.5025,0.35,0.5025
NCS1:P62166:OID21458:v1,NCS1,NCS1,P62166,1,Tissue enhanced,Detected in all,,brain,357.2,Tissue enriched,Detected in many,,cerebral cortex,181475496.2,,Predicted intracellular proteins,0.8352504048120096,1.0,1.0
NECTIN4:Q96NY8:OID21490:v1,NECTIN4,NECTIN4,Q96NY8,1,Group enriched,Detected in many,4,skin 1,110.2,Group enriched,Detected in some,,skin,1756359.9,Secreted in other tissues,"Disease related genes, Human disease related genes, Predicted membrane proteins, Predicted secreted proteins",0.6409432775085665,0.9324999999999999,0.9324999999999999
NELL1:Q92832:OID21494:v1,NELL1,NELL1,Q92832,1,Tissue enhanced,Detected in some,,kidney,15.5,Tissue enriched,Detected in single,1223,lymphoid tissue,122274.5,Secreted in other tissues,Predicted secreted proteins,0.8150000000000001,1.0,1.0
NFKBIE:O00221:OID21212:v1,NFKBIE,NFKBIE,O00221,1,Tissue enhanced,Detected in all,,lymphoid tissue,33.5,Tissue enhanced,Detected in many,,lymphoid tissue,4542246.9,,"Cancer-related genes, Human disease related genes, Predicted intracellular proteins, Transcription factors",0.7675064410923639,0.865,0.865
NINJ1:Q92982:OID21167:v1,NINJ1,NINJ1,Q92982,1,Tissue enhanced,Detected in all,,bone marrow,270.8,Tissue enriched,Detected in some,,lymphoid tissue,20412.8,Intracellular and membrane,Predicted membrane proteins,0.8272598190486826,1.0,1.0
NPY:P01303:OID21388:v1,NPY,NPY,P01303,1,Group enriched,Detected in many,12,prostate,348.0,Tissue enhanced,Detected in many,,heart muscle,21493873.1,Secreted to blood,"FDA approved drug targets, Plasma proteins, Predicted secreted proteins",0.7465169604551951,0.865,0.865
NT5E:P21589:OID21498:v1,NT5E,NT5E,P21589,1,Tissue enhanced,Detected in many,,cervix,105.8,Tissue enhanced,Detected in all,,ovary,65387181.7,Intracellular and membrane,"CD markers, Disease related genes, Enzymes, Human disease related genes, Metabolic proteins, Potential drug targets, Predicted intracellular proteins, Predicted membrane proteins",0.8002185184082933,0.865,0.865
NTF4:P34130:OID21208:v1,NTF4,NTF4,P34130,1,Tissue enhanced,Detected in many,,prostate,19.7,Not detected,Not detected,,,0.0,Secreted in other tissues,"Cancer-related genes, Disease related genes, Human disease related genes, Predicted secreted proteins, RAS pathway related proteins",0.755,0.35,0.755
NUCB2:P80303:OID21448:v1,NUCB2,NUCB2,P80303,1,Tissue enhanced,Detected in all,,salivary gland,478.3,Tissue enhanced,Detected in all,,salivary gland,717760812.8,Secreted to blood,"Cancer-related genes, Plasma proteins, Predicted intracellular proteins, Predicted secreted proteins",0.843681308088847,0.865,0.865
NUDT2:P50583:OID21308:v1,NUDT2,NUDT2,P50583,1,Low tissue specificity,Detected in all,,,0.0,Low tissue specificity,Detected in many,,,0.0,,"Disease related genes, Enzymes, Metabolic proteins, Potential drug targets, Predicted intracellular proteins",0.5025,0.5525,0.5525
OGFR:Q9NZT2:OID21360:v1,OGFR,OGFR,Q9NZT2,1,Low tissue specificity,Detected in all,,,0.0,Low tissue specificity,Detected in many,,,0.0,,Predicted intracellular proteins,0.5025,0.5525,0.5525
OMG:P23515:OID21352:v1,OMG,OMG,P23515,1,Tissue enriched,Detected in some,4,brain,80.4,Tissue enriched,Detected in some,1,cerebral cortex,363128135.5,Intracellular and membrane,"Plasma proteins, Predicted intracellular proteins",0.7220560259036266,1.0,1.0
OPTC:Q9UBM4:OID21362:v1,OPTC,OPTC,Q9UBM4,1,Not detected,Not detected,,,0.0,Not detected,Not detected,,,0.0,Secreted in other tissues,Predicted secreted proteins,0.35,0.35,0.35
P4HB:P07237:OID21509:v1,P4HB,P4HB,P07237,1,Tissue enhanced,Detected in all,,pancreas,2108.3,Tissue enhanced,Detected in all,,pancreas,7865550654.3,Intracellular and membrane,"Disease related genes, Enzymes, Human disease related genes, Metabolic proteins, Plasma proteins, Potential drug targets, Predicted intracellular proteins",0.865,0.865,0.865
PDCD1:Q15116:OID21396:v1,PDCD1,PDCD1,Q15116,1,Tissue enhanced,Detected in some,,lymphoid tissue,15.0,Group enriched,Detected in some,33522,intestine,3400884.9,,"CD markers, Disease related genes, FDA approved drug targets, Human disease related genes, Predicted intracellular proteins, Predicted membrane proteins, Transporters",0.8150000000000001,0.9324999999999999,0.9324999999999999
PDCD1LG2:Q9BQ51:OID21273:v1,PDCD1LG2,PDCD1LG2,Q9BQ51,1,Tissue enhanced,Detected in many,,lymphoid tissue,14.3,Tissue enriched,Detected in single,8105,lymphoid tissue,810461.1,Secreted - unknown location,"Cancer-related genes, CD markers, Predicted membrane proteins, Predicted secreted proteins",0.755,1.0,1.0
PDGFC:Q9NRA1:OID21183:v1,PDGFC,PDGFC,Q9NRA1,1,Tissue enhanced,Detected in many,,parathyroid gland,19.1,Group enriched,Detected in some,1217,salivary gland,145493.8,Secreted to blood,"Predicted secreted proteins, RAS pathway related proteins",0.755,0.9324999999999999,0.9324999999999999
PFKFB2:O60825:OID21356:v1,PFKFB2,PFKFB2,O60825,1,Tissue enhanced,Detected in all,,retina,77.2,Low tissue specificity,Detected in many,,,0.0,,"Enzymes, Metabolic proteins, Predicted intracellular proteins",0.791195523992338,0.5525,0.791195523992338
PLA2G15:Q8NCC3:OID21473:v1,PLA2G15,PLA2G15,Q8NCC3,1,Tissue enhanced,Detected in all,,skeletal muscle,56.3,Tissue enhanced,Detected in some,,liver,53450557.2,Intracellular and membrane,"Enzymes, Metabolic proteins, Predicted intracellular proteins, Predicted membrane proteins",0.7821933511330085,0.865,0.865
PLXDC1:Q8IUK5:OID21258:v1,PLXDC1,PLXDC1,Q8IUK5,1,Tissue enhanced,Detected in many,,retina,44.9,Group enriched,Detected in many,,heart muscle,1874590.4,Intracellular and membrane,"Predicted intracellular proteins, Predicted membrane proteins",0.7757714845668837,0.9324999999999999,0.9324999999999999
PODXL:O00592:OID21358:v1,PODXL,PODXL,O00592,1,Tissue enhanced,Detected in many,,kidney,130.6,Low tissue specificity,Detected in all,,,0.0,,"Plasma proteins, Predicted membrane proteins, Transporters",0.8062632862147957,0.5025,0.8062632862147957
PODXL2:Q9NZ53:OID21487:v1,PODXL2,PODXL2,Q9NZ53,1,Tissue enhanced,Detected in many,,brain,98.6,Tissue enriched,Detected in single,24397,cerebral cortex,2439657.7,,Predicted membrane proteins,0.7981980164751661,1.0,1.0
POLR2F:P61218:OID21283:v1,POLR2F,POLR2F,P61218,1,Low tissue specificity,Detected in all,,,0.0,Low tissue specificity,Detected in many,,,0.0,,"Essential proteins, Metabolic proteins, Predicted intracellular proteins, RNA polymerase related proteins",0.5025,0.5525,0.5525
PPME1:Q9Y570:OID21347:v1,PPME1,PPME1,Q9Y570,1,Low tissue specificity,Detected in all,,,0.0,Tissue enhanced,Detected in all,,cerebral cortex,35735690.2,,"Enzymes, Predicted intracellular proteins",0.5025,0.865,0.865
PPP1R12A:O14974:OID21475:v1,PPP1R12A,PPP1R12A,O14974,1,Low tissue specificity,Detected in all,,,0.0,Low tissue specificity,Detected in all,,,0.0,,"Disease related genes, Essential proteins, Human disease related genes, Predicted intracellular proteins",0.5025,0.5025,0.5025
PPY:P01298:OID21516:v1,PPY,PPY,P01298,1,Tissue enriched,Detected in some,22,pancreas,152.7,Not detected,Not detected,,,0.0,Secreted to blood,"Cancer-related genes, Predicted intracellular proteins, Predicted secreted proteins",0.8377885846253729,0.35,0.8377885846253729
PRDX6:P30041:OID21404:v1,PRDX6,PRDX6,P30041,1,Low tissue specificity,Detected in all,,,0.0,Low tissue specificity,Detected in all,,,0.0,,"Enzymes, Metabolic proteins, Plasma proteins, Predicted intracellular proteins",0.5025,0.5025,0.5025
PRKRA:O75569:OID21225:v1,PRKRA,PRKRA,O75569,1,Low tissue specificity,Detected in all,,,0.0,Low tissue specificity,Detected in all,,,0.0,,"Disease related genes, Essential proteins, Human disease related genes, Predicted intracellular proteins",0.5025,0.5025,0.5025
PRTG:Q2VWP7:OID21443:v1,PRTG,PRTG,Q2VWP7,1,Tissue enhanced,Detected in many,,thyroid gland,10.0,Not detected,Not detected,,,0.0,,"Predicted intracellular proteins, Predicted membrane proteins",0.755,0.35,0.755
PSMD9:O00233:OID21304:v1,PSMD9,PSMD9,O00233,1,Low tissue specificity,Detected in all,,,0.0,Low tissue specificity,Detected in all,,,0.0,,"Plasma proteins, Predicted intracellular proteins",0.5025,0.5025,0.5025
PSRC1:Q6PGN9:OID21169:v1,PSRC1,PSRC1,Q6PGN9,1,Group enriched,Detected in many,5,brain,91.4,Group enriched,Detected in some,1,cerebral cortex,4170156.2,,Predicted intracellular proteins,0.6494087081103918,0.9324999999999999,0.9324999999999999
PVALB:P20472:OID21420:v1,PVALB,PVALB,P20472,1,Tissue enhanced,Detected in many,,parathyroid gland,1992.9,Group enriched,Detected in many,,kidney,70634533.3,,Predicted intracellular proteins,0.865,0.9324999999999999,0.9324999999999999
RABEPK:Q7Z6M1:OID21163:v1,RABEPK,RABEPK,Q7Z6M1,1,Low tissue specificity,Detected in all,,,0.0,Tissue enhanced,Detected in many,,salivary gland,483444.1,,Predicted intracellular proteins,0.5025,0.865,0.865
RAD23B:P54727:OID21166:v1,RAD23B,RAD23B,P54727,1,Low tissue specificity,Detected in all,,,0.0,Low tissue specificity,Detected in all,,,0.0,,"Cancer-related genes, Plasma proteins, Predicted intracellular proteins",0.5025,0.5025,0.5025
RARRES1:P49788:OID21177:v1,RARRES1,RARRES1,P49788,1,Tissue enhanced,Detected in many,,adipose tissue,233.7,Tissue enriched,Detected in single,1392,salivary gland,139173.6,Intracellular and membrane,Predicted intracellular proteins,0.8230113429180936,1.0,1.0
RASSF2:P50749:OID21194:v1,RASSF2,RASSF2,P50749,1,Tissue enhanced,Detected in all,,brain,286.3,Group enriched,Detected in many,,lymphoid tissue,5636591.8,,Predicted intracellular proteins,0.8288653316494266,0.9324999999999999,0.9324999999999999
RBP2:P50120:OID21365:v1,RBP2,RBP2,P50120,1,Tissue enriched,Detected in many,355,intestine,2547.7,Tissue enriched,Detected in many,,intestine,583271365.8,,"Metabolic proteins, Predicted intracellular proteins, Transporters",1.0,1.0,1.0
RBP5:P82980:OID21369:v1,RBP5,RBP5,P82980,1,Group enriched,Detected in many,4,kidney,453.2,Group enriched,Detected in some,,kidney,16383791.1,,"Plasma proteins, Predicted intracellular proteins",0.6816802060233301,0.9324999999999999,0.9324999999999999
RET:P07949:OID21346:v1,RET,RET,P07949,1,Tissue enhanced,Detected in many,,parathyroid gland,18.7,Tissue enriched,Detected in single,4497,blood vessel,449739.4,,"Cancer-related genes, Disease related genes, Enzymes, FDA approved drug targets, Human disease related genes, Plasma proteins, Predicted intracellular proteins, Predicted membrane proteins, Transporters",0.755,1.0,1.0
RILP:Q96NA2:OID21436:v1,RILP,RILP,Q96NA2,1,Tissue enhanced,Detected in many,,heart muscle,65.2,Group enriched,Detected in many,,bone marrow,5208930.9,,Predicted intracellular proteins,0.7863729708715622,0.9324999999999999,0.9324999999999999
RNF41:Q9H4P4:OID21179:v1,RNF41,RNF41,Q9H4P4,1,Low tissue specificity,Detected in all,,,0.0,Tissue enriched,Detected in single,271,cerebral cortex,27134.6,,"Enzymes, Metabolic proteins, Predicted intracellular proteins",0.5025,1.0,1.0
RP2:O75695:OID21302:v1,RP2,RP2,O75695,1,Tissue enhanced,Detected in all,,bone marrow,46.7,Low tissue specificity,Detected in all,,,0.0,,"Disease related genes, Human disease related genes, Predicted intracellular proteins",0.776885036344491,0.5025,0.776885036344491
RRM2:P31350:OID21187:v1,RRM2,RRM2,P31350,1,Tissue enhanced,Detected in many,,lymphoid tissue,54.1,Group enriched,Detected in some,,liver,6978626.0,,"Enzymes, Essential proteins, FDA approved drug targets, Metabolic proteins, Plasma proteins, Predicted membrane proteins",0.7810599802488937,0.9324999999999999,0.9324999999999999
RRM2B:Q7LG56:OID21174:v1,RRM2B,RRM2B,Q7LG56,1,Low tissue specificity,Detected in all,,,0.0,Tissue enriched,Detected in many,,skin,16839343.8,,"Disease related genes, Enzymes, FDA approved drug targets, Human disease related genes, Metabolic proteins, Predicted intracellular proteins, Predicted membrane proteins",0.5025,1.0,1.0
RSPO3:Q9BXY4:OID21415:v1,RSPO3,RSPO3,Q9BXY4,1,Tissue enhanced,Detected in many,,smooth muscle,44.9,Tissue enriched,Detected in some,,skeletal muscle,261527.7,Secreted to blood,"Cancer-related genes, Predicted secreted proteins",0.7757714845668837,1.0,1.0
RTBDN:Q9BSG5:OID21343:v1,RTBDN,RTBDN,Q9BSG5,1,Tissue enriched,Detected in some,8,retina,267.5,Tissue enriched,Detected in single,3403,cerebral cortex,340336.4,Secreted in other tissues,"Predicted intracellular proteins, Predicted secreted proteins, Transporters",0.778538591437345,1.0,1.0
RTN4R:Q9BZR6:OID21424:v1,RTN4R,RTN4R,Q9BZR6,1,Tissue enriched,Detected in many,7,brain,82.6,Tissue enriched,Detected in single,80669,cerebral cortex,8066850.6,,"Disease related genes, Human disease related genes, Predicted membrane proteins",0.7358285533087257,1.0,1.0
RUVBL1:Q9Y265:OID21211:v1,RUVBL1,RUVBL1,Q9Y265,1,Low tissue specificity,Detected in all,,,0.0,Tissue enhanced,Detected in all,,fallopian tube,90922359.2,,"Enzymes, Essential proteins, Plasma proteins, Predicted intracellular proteins",0.5025,0.865,0.865
S100A12:P80511:OID21374:v1,S100A12,S100A12,P80511,1,Tissue enriched,Detected in many,6,bone marrow,3294.1,Tissue enriched,Detected in all,,bone marrow,974237371.0,Secreted to blood,"Plasma proteins, Predicted intracellular proteins, Predicted secreted proteins",0.7975732973134806,1.0,1.0
S100A4:P26447:OID21519:v1,S100A4,S100A4,P26447,1,Tissue enhanced,Detected in all,,blood vessel,2003.6,Low tissue specificity,Detected in all,,,0.0,Secreted to blood,"Cancer-related genes, Plasma proteins, Predicted intracellular proteins, Predicted secreted proteins",0.865,0.5025,0.865
SCAMP3:O14828:OID21332:v1,SCAMP3,SCAMP3,O14828,1,Low tissue specificity,Detected in many,,,0.0,Low tissue specificity,Detected in many,,,0.0,,"Predicted membrane proteins, Transporters",0.5525,0.5525,0.5525
SCG2:P13521:OID21400:v1,SCG2,SCG2,P13521,1,Group enriched,Detected in many,7,brain,391.8,Tissue enriched,Detected in many,,cerebral cortex,259041207.2,Secreted to blood,"Plasma proteins, Predicted secreted proteins",0.7131197524701761,1.0,1.0
SCLY:Q96I15:OID21425:v1,SCLY,SCLY,Q96I15,1,Tissue enhanced,Detected in all,,liver,37.5,Group enriched,Detected in all,,kidney,111165697.1,,"Enzymes, Metabolic proteins, Predicted intracellular proteins",0.7706820905620734,0.9324999999999999,0.9324999999999999
SCP2:P22307:OID21161:v1,SCP2,SCP2,P22307,1,Tissue enhanced,Detected in all,,liver,1042.5,Tissue enriched,Detected in all,,liver,519773365.1,,"Disease related genes, Enzymes, Human disease related genes, Metabolic proteins, Plasma proteins, Potential drug targets, Predicted intracellular proteins",0.865,1.0,1.0
SEMA4C:Q9C0C4:OID21329:v1,SEMA4C,SEMA4C,Q9C0C4,1,Low tissue specificity,Detected in all,,,0.0,Group enriched,Detected in some,,lymphoid tissue,28356.4,,"Predicted intracellular proteins, Predicted membrane proteins",0.5025,0.9324999999999999,0.9324999999999999
SEPTIN9:Q9UHD8:OID21279:v1,SEPTIN9,SEPTIN9,Q9UHD8,1,Low tissue specificity,Detected in all,,,0.0,Tissue enhanced,Detected in all,,cerebral cortex,173209939.6,,"Disease related genes, Human disease related genes, Plasma proteins, Predicted intracellular proteins",0.5025,0.865,0.865
SERPINA9:Q86WD7:OID21284:v1,SERPINA9,SERPINA9,Q86WD7,1,Tissue enriched,Detected in some,18,lymphoid tissue,68.0,Not detected,Not detected,,,0.0,Secreted to blood,"Predicted intracellular proteins, Predicted secreted proteins",0.823299400080152,0.35,0.823299400080152
SEZ6L:Q9BYH1:OID21488:v1,SEZ6L,SEZ6L,Q9BYH1,1,Tissue enriched,Detected in some,5,brain,46.3,Tissue enriched,Detected in single,67613,cerebral cortex,6761265.2,,Predicted membrane proteins,0.7358828684844482,1.0,1.0
SEZ6L2:Q6UXD5:OID21289:v1,SEZ6L2,SEZ6L2,Q6UXD5,1,Tissue enhanced,Detected in many,,brain,99.0,Group enriched,Detected in many,,cerebral cortex,5158317.2,,"Predicted intracellular proteins, Predicted membrane proteins",0.7983140437919711,0.9324999999999999,0.9324999999999999
SF3B4:Q15427:OID21278:v1,SF3B4,SF3B4,Q15427,1,Low tissue specificity,Detected in all,,,0.0,Low tissue specificity,Detected in all,,,0.0,,"Disease related genes, Essential proteins, Human disease related genes, Plasma proteins, Predicted intracellular proteins",0.5025,0.5025,0.5025
SFTPA1:Q8IWL2:OID21165:v1,SFTPA1,SFTPA1,Q8IWL2,1,Tissue enriched,Detected in some,1048,lung,6679.7,Not detected,Not detected,,,0.0,Secreted in other tissues,"Disease related genes, Human disease related genes, Predicted secreted proteins",1.0,0.35,1.0
SFTPA2:Q8IWL1:OID21218:v1,SFTPA2,SFTPA2,Q8IWL1,1,Tissue enriched,Detected in many,406,lung,10182.2,Tissue enriched,Detected in single,9541594,lung,954159420.8,Secreted in other tissues,"Disease related genes, Human disease related genes, Predicted secreted proteins",1.0,1.0,1.0
SH2B3:Q9UQQ2:OID21222:v1,SH2B3,SH2B3,Q9UQQ2,1,Tissue enhanced,Detected in all,,bone marrow,57.3,Tissue enriched,Detected in single,38,lymphoid tissue,3750.1,,"Cancer-related genes, Disease related genes, Human disease related genes, Predicted intracellular proteins",0.7826942075156247,0.9278359896488657,0.9278359896488657
SIAE:Q9HAT2:OID21503:v1,SIAE,SIAE,Q9HAT2,1,Tissue enhanced,Detected in all,,intestine,98.0,Tissue enhanced,Detected in all,,kidney,75310320.2,Intracellular and membrane,"Disease related genes, Enzymes, Human disease related genes, Metabolic proteins, Potential drug targets, Predicted intracellular proteins",0.7980230988626882,0.865,0.865
SIGLEC6:O43699:OID21394:v1,SIGLEC6,SIGLEC6,O43699,1,Tissue enriched,Detected in many,24,placenta,100.4,Tissue enriched,Detected in single,127,lymphoid tissue,12689.9,Secreted to blood,"CD markers, Predicted membrane proteins, Predicted secreted proteins",0.8278285676976873,1.0,1.0
SIGLEC9:Q9Y336:OID21390:v1,SIGLEC9,SIGLEC9,Q9Y336,1,Tissue enhanced,Detected in many,,lymphoid tissue,19.9,Tissue enriched,Detected in some,,bone marrow,499085.1,,Predicted membrane proteins,0.755,1.0,1.0
SIRT2:Q8IXJ6:OID21375:v1,SIRT2,SIRT2,Q8IXJ6,1,Group enriched,Detected in all,4,brain,492.9,Tissue enriched,Detected in all,,cerebral cortex,170588900.2,,"Cancer-related genes, Enzymes, Metabolic proteins, Predicted intracellular proteins",0.684105981450358,1.0,1.0
SLAMF6:Q96DU3:OID21254:v1,SLAMF6,SLAMF6,Q96DU3,1,Tissue enriched,Detected in many,4,lymphoid tissue,57.7,Tissue enriched,Detected in single,15969,lymphoid tissue,1596877.2,,"CD markers, Predicted membrane proteins",0.689948174544563,1.0,1.0
SLAMF8:Q9P0V8:OID21214:v1,SLAMF8,SLAMF8,Q9P0V8,1,Tissue enhanced,Detected in many,,lymphoid tissue,30.8,Not detected,Not detected,,,0.0,,"CD markers, Predicted membrane proteins",0.7651473174339248,0.35,0.7651473174339248
SLITRK2:Q9H156:OID21409:v1,SLITRK2,SLITRK2,Q9H156,1,Group enriched,Detected in some,4,retina,30.4,Tissue enriched,Detected in single,846,cerebral cortex,84625.8,,Predicted membrane proteins,0.6545560259036266,1.0,1.0
SMAD1:Q15797:OID21180:v1,SMAD1,SMAD1,Q15797,1,Low tissue specificity,Detected in all,,,0.0,Group enriched,Detected in some,1286,lymphoid tissue,172459.3,,"Cancer-related genes, Disease related genes, Predicted intracellular proteins, Transcription factors",0.5025,0.9324999999999999,0.9324999999999999
SMAD5:Q99717:OID21353:v1,SMAD5,SMAD5,Q99717,1,Low tissue specificity,Detected in all,,,0.0,Tissue enhanced,Detected in some,,lung,1389200.9,,"Predicted intracellular proteins, Transcription factors",0.5025,0.865,0.865
SMOC1:Q9H4F8:OID21461:v1,SMOC1,SMOC1,Q9H4F8,1,Tissue enhanced,Detected in many,,brain,62.5,Group enriched,Detected in many,,salivary gland,2693439.2,Secreted to extracellular matrix,"Disease related genes, Human disease related genes, Predicted secreted proteins",0.7851675276802946,0.9324999999999999,0.9324999999999999
SNAP29:O95721:OID21506:v1,SNAP29,SNAP29,O95721,1,Low tissue specificity,Detected in all,,,0.0,Low tissue specificity,Detected in all,,,0.0,,"Disease related genes, Human disease related genes, Predicted intracellular proteins",0.5025,0.5025,0.5025
SORCS2:Q96PQ0:OID21262:v1,SORCS2,SORCS2,Q96PQ0,1,Tissue enhanced,Detected in many,,brain,16.6,Group enriched,Detected in some,,intestine,5203294.0,,"Plasma proteins, Predicted membrane proteins",0.755,0.9324999999999999,0.9324999999999999
SORD:Q00796:OID21453:v1,SORD,SORD,Q00796,1,Tissue enhanced,Detected in all,,liver,253.4,Tissue enriched,Detected in all,,liver,2050517527.5,,"Disease related genes, Enzymes, Human disease related genes, Metabolic proteins, Plasma proteins, Potential drug targets, Predicted intracellular proteins",0.825344606470892,1.0,1.0
SPARC:P09486:OID21511:v1,SPARC,SPARC,P09486,1,Low tissue specificity,Detected in all,,,0.0,Tissue enhanced,Detected in all,,lymphoid tissue,18362231.0,Secreted to blood,"Cancer-related genes, Disease related genes, Human disease related genes, Plasma proteins, Predicted intracellular proteins, Predicted secreted proteins",0.5025,0.865,0.865
SPINK6:Q6UWN8:OID21450:v1,SPINK6,SPINK6,Q6UWN8,1,Tissue enhanced,Detected in some,,cervix,13.1,Not detected,Not detected,,,0.0,Secreted - unknown location,Predicted secreted proteins,0.8150000000000001,0.35,0.8150000000000001
SRP14:P37108:OID21324:v1,SRP14,SRP14,P37108,1,Low tissue specificity,Detected in all,,,0.0,Low tissue specificity,Detected in all,,,0.0,,"Essential proteins, Plasma proteins, Predicted intracellular proteins, Transporters",0.5025,0.5025,0.5025
ST3GAL1:Q11201:OID21322:v1,ST3GAL1,ST3GAL1,Q11201,1,Low tissue specificity,Detected in all,,,0.0,Group enriched,Detected in some,,salivary gland,8394708.2,Intracellular and membrane,"Enzymes, Metabolic proteins, Predicted intracellular proteins",0.5025,0.9324999999999999,0.9324999999999999
STAT5B:P51692:OID21277:v1,STAT5B,STAT5B,P51692,1,Low tissue specificity,Detected in all,,,0.0,Low tissue specificity,Detected in many,,,0.0,,"Cancer-related genes, Disease related genes, Human disease related genes, Predicted intracellular proteins, Transcription factors",0.5025,0.5525,0.5525
STX16:O14662:OID21170:v1,STX16,STX16,O14662,1,Low tissue specificity,Detected in all,,,0.0,Tissue enhanced,Detected in all,,cerebral cortex,5068034.6,,"Disease related genes, Human disease related genes, Predicted intracellular proteins, Predicted membrane proteins",0.5025,0.865,0.865
STX4:Q12846:OID21326:v1,STX4,STX4,Q12846,1,Low tissue specificity,Detected in all,,,0.0,Low tissue specificity,Detected in all,,,0.0,,"Predicted intracellular proteins, Predicted membrane proteins, Transporters",0.5025,0.5025,0.5025
STX6:O43752:OID21219:v1,STX6,STX6,O43752,1,Low tissue specificity,Detected in all,,,0.0,Tissue enhanced,Detected in many,,cerebral cortex,15081289.9,,"Plasma proteins, Predicted membrane proteins, Transporters",0.5025,0.865,0.865
STXBP3:O00186:OID21240:v1,STXBP3,STXBP3,O00186,1,Low tissue specificity,Detected in all,,,0.0,Low tissue specificity,Detected in all,,,0.0,,"Essential proteins, Plasma proteins, Predicted intracellular proteins",0.5025,0.5025,0.5025
SUGT1:Q9Y2Z0:OID21229:v1,SUGT1,SUGT1,Q9Y2Z0,1,Low tissue specificity,Detected in all,,,0.0,Low tissue specificity,Detected in all,,,0.0,,"Essential proteins, Plasma proteins, Predicted intracellular proteins",0.5025,0.5025,0.5025
TACC3:Q9Y6A5:OID21285:v1,TACC3,TACC3,Q9Y6A5,1,Tissue enhanced,Detected in all,,testis,54.6,Group enriched,Detected in some,1387,bone marrow,141808.2,,Predicted intracellular proteins,0.7813214885926176,0.9324999999999999,0.9324999999999999
TACSTD2:P09758:OID21447:v1,TACSTD2,TACSTD2,P09758,1,Tissue enhanced,Detected in many,,esophagus,1245.4,Tissue enhanced,Detected in many,,salivary gland,23989590.1,,"Disease related genes, FDA approved drug targets, Human disease related genes, Predicted membrane proteins",0.865,0.865,0.865
TAFA5:Q7Z5A7:OID21321:v1,TAFA5,TAFA5,Q7Z5A7,1,Tissue enhanced,Detected in many,,brain,77.6,Not detected,Not detected,,,0.0,Secreted in brain,"Predicted intracellular proteins, Predicted secreted proteins",0.7913432221534935,0.35,0.7913432221534935
TBC1D23:Q9NUY8:OID21286:v1,TBC1D23,TBC1D23,Q9NUY8,1,Low tissue specificity,Detected in all,,,0.0,Low tissue specificity,Detected in many,,,0.0,,"Disease related genes, Human disease related genes, Predicted intracellular proteins, Predicted membrane proteins",0.5025,0.5525,0.5525
TBL1X:O60907:OID21220:v1,TBL1X,TBL1X,O60907,1,Low tissue specificity,Detected in all,,,0.0,Group enriched,Detected in some,339,ovary,46229.5,,"Disease related genes, Human disease related genes, Plasma proteins, Predicted intracellular proteins",0.5025,0.9324999999999999,0.9324999999999999
TEK:Q02763:OID21496:v1,TEK,TEK,Q02763,1,Tissue enhanced,Detected in many,,placenta,43.5,Group enriched,Detected in some,,lung,114240.3,Secreted to blood,"Cancer-related genes, CD markers, Disease related genes, Enzymes, FDA approved drug targets, Human disease related genes, Plasma proteins, Predicted membrane proteins, Predicted secreted proteins, RAS pathway related proteins",0.7748747693444229,0.9324999999999999,0.9324999999999999
TFPI2:P48307:OID21512:v1,TFPI2,TFPI2,P48307,1,Tissue enriched,Detected in many,12,placenta,899.6,Not detected,Not detected,,,0.0,Secreted to extracellular matrix,"Predicted intracellular proteins, Predicted secreted proteins",0.8414600906847792,0.35,0.8414600906847792
TGFBR2:P37173:OID21493:v1,TGFBR2,TGFBR2,P37173,1,Low tissue specificity,Detected in all,,,0.0,Tissue enhanced,Detected in many,,intestine,1230588.4,Secreted to blood,"Cancer-related genes, Disease related genes, Enzymes, FDA approved drug targets, Human disease related genes, Plasma proteins, Predicted membrane proteins, Predicted secreted proteins",0.5025,0.865,0.865
TJAP1:Q5JTD0:OID21477:v1,TJAP1,TJAP1,Q5JTD0,1,Low tissue specificity,Detected in all,,,0.0,Tissue enhanced,Detected in many,,lymphoid tissue,5581907.7,,Predicted intracellular proteins,0.5025,0.865,0.865
TMPRSS15:P98073:OID21364:v1,TMPRSS15,TMPRSS15,P98073,1,Tissue enriched,Detected in single,932,intestine,921.9,Tissue enriched,Detected in single,697404,intestine,69740437.4,,"Disease related genes, Enzymes, Human disease related genes, Potential drug targets, Predicted intracellular proteins",1.0,1.0,1.0
TNFRSF12A:Q9NP84:OID21482:v1,TNFRSF12A,TNFRSF12A,Q9NP84,1,Low tissue specificity,Detected in all,,,0.0,Not detected,Not detected,,,0.0,,"Cancer-related genes, CD markers, Predicted intracellular proteins, Predicted membrane proteins",0.5025,0.35,0.5025
TNFRSF19:Q9NS68:OID21446:v1,TNFRSF19,TNFRSF19,Q9NS68,1,Tissue enhanced,Detected in many,,skin 1,101.5,Not detected,Not detected,,,0.0,,"Plasma proteins, Predicted membrane proteins",0.7990288647222001,0.35,0.7990288647222001
TP53:P04637:OID21232:v1,TP53,TP53,P04637,1,Low tissue specificity,Detected in all,,,0.0,Not detected,Not detected,,,0.0,,"Cancer-related genes, Disease related genes, Human disease related genes, Plasma proteins, Potential drug targets, Predicted intracellular proteins, Transcription factors, Transporters",0.5025,0.35,0.5025
TPMT:P51580:OID21270:v1,TPMT,TPMT,P51580,1,Tissue enhanced,Detected in all,,thyroid gland,72.0,Tissue enhanced,Detected in many,,kidney,38901591.8,,"Enzymes, FDA approved drug targets, Human disease related genes, Metabolic proteins, Predicted intracellular proteins",0.7892035526863396,0.865,0.865
TRIAP1:O43715:OID21403:v1,TRIAP1,TRIAP1,O43715,1,Low tissue specificity,Detected in all,,,0.0,Tissue enhanced,Detected in many,,skeletal muscle,4443660.7,,"Essential proteins, Predicted intracellular proteins, Transporters",0.5025,0.865,0.865
TXNDC15:Q96J42:OID21495:v1,TXNDC15,TXNDC15,Q96J42,1,Low tissue specificity,Detected in all,,,0.0,Low tissue specificity,Detected in many,,,0.0,,"Disease related genes, Human disease related genes, Predicted intracellular proteins, Predicted membrane proteins",0.5025,0.5525,0.5525
UBAC1:Q9BSL1:OID21336:v1,UBAC1,UBAC1,Q9BSL1,1,Tissue enhanced,Detected in all,,skeletal muscle,290.9,Tissue enhanced,Detected in all,,bone marrow,54556480.3,,Predicted intracellular proteins,0.8293251630483461,0.865,0.865
USO1:O60763:OID21367:v1,USO1,USO1,O60763,1,Tissue enhanced,Detected in all,,skeletal muscle,207.7,Low tissue specificity,Detected in all,,,0.0,,"Essential proteins, Predicted intracellular proteins",0.819612458675586,0.5025,0.819612458675586
UXS1:Q8NBZ7:OID21189:v1,UXS1,UXS1,Q8NBZ7,1,Low tissue specificity,Detected in all,,,0.0,Group enriched,Detected in many,,lung,536761.5,Intracellular and membrane,"Enzymes, Metabolic proteins, Predicted intracellular proteins",0.5025,0.9324999999999999,0.9324999999999999
VAT1:Q99536:OID21382:v1,VAT1,VAT1,Q99536,1,Low tissue specificity,Detected in all,,,0.0,Low tissue specificity,Detected in all,,,0.0,,"Plasma proteins, Predicted intracellular proteins",0.5025,0.5025,0.5025
VEGFC:P49767:OID21524:v1,VEGFC,VEGFC,P49767,1,Low tissue specificity,Detected in many,,,0.0,Not detected,Not detected,,,0.0,Secreted to blood,"Cancer-related genes, Disease related genes, Human disease related genes, Potential drug targets, Predicted secreted proteins, RAS pathway related proteins, Transporters",0.5525,0.35,0.5525
VMO1:Q7Z5L0:OID21381:v1,VMO1,VMO1,Q7Z5L0,1,Tissue enhanced,Detected in many,,pituitary gland,29.2,Tissue enhanced,Detected in some,,Stomach,26900632.8,Secreted to blood,Predicted secreted proteins,0.7636528552029054,0.865,0.865
VNN2:O95498:OID21310:v1,VNN2,VNN2,O95498,1,Tissue enhanced,Detected in many,,lymphoid tissue,66.0,Group enriched,Detected in some,,lymphoid tissue,870967.1,,"Enzymes, Metabolic proteins, Predicted intracellular proteins, Predicted membrane proteins",0.7867207081073364,0.9324999999999999,0.9324999999999999
VPS37A:Q8NEZ2:OID21355:v1,VPS37A,VPS37A,Q8NEZ2,1,Low tissue specificity,Detected in all,,,0.0,Low tissue specificity,Detected in many,,,0.0,,"Disease related genes, Essential proteins, Human disease related genes, Predicted intracellular proteins",0.5025,0.5525,0.5525
VPS53:Q5VIR6:OID21281:v1,VPS53,VPS53,Q5VIR6,1,Low tissue specificity,Detected in all,,,0.0,Tissue enhanced,Detected in many,,cerebral cortex,5942433.7,,"Disease related genes, Human disease related genes, Predicted intracellular proteins",0.5025,0.865,0.865
VTCN1:Q7Z7D3:OID21164:v1,VTCN1,VTCN1,Q7Z7D3,1,Tissue enhanced,Detected in many,,breast,94.8,Tissue enriched,Detected in single,525,fallopian tube,52545.6,,"Predicted intracellular proteins, Predicted membrane proteins",0.797071924122599,1.0,1.0
VWA1:Q6PCB0:OID21421:v1,VWA1,VWA1,Q6PCB0,1,Tissue enhanced,Detected in many,,seminal vesicle,192.1,Tissue enhanced,Detected in many,,intestine,86228366.9,Secreted to extracellular matrix,"Disease related genes, Predicted intracellular proteins, Predicted secreted proteins",0.8173634390727686,0.865,0.865
WFDC12:Q8WWY7:OID21462:v1,WFDC12,WFDC12,Q8WWY7,1,Tissue enriched,Detected in some,5,skin 1,39.6,Group enriched,Detected in some,,kidney,109353.9,Secreted in other tissues,Predicted secreted proteins,0.7358828684844482,0.9324999999999999,0.9324999999999999
WFDC2:Q14508:OID21505:v1,WFDC2,WFDC2,Q14508,1,Tissue enhanced,Detected in many,,cervix,4905.6,Not detected,Not detected,,,0.0,Secreted in other tissues,"Cancer-related genes, Predicted intracellular proteins, Predicted secreted proteins",0.865,0.35,0.865
WIF1:Q9Y5W5:OID21464:v1,WIF1,WIF1,Q9Y5W5,1,Tissue enriched,Detected in many,5,retina,555.8,Not detected,Not detected,,,0.0,Secreted to extracellular matrix,"Cancer-related genes, Predicted intracellular proteins, Predicted secreted proteins",0.7689030019518819,0.35,0.7689030019518819
XCL1:P47992:OID21398:v1,XCL1,XCL1,P47992,1,Tissue enhanced,Detected in some,,lymphoid tissue,4.3,Not detected,Not detected,,,0.0,Secreted to blood,Predicted secreted proteins,0.8150000000000001,0.35,0.8150000000000001
XPNPEP2:O43895:OID21508:v1,XPNPEP2,XPNPEP2,O43895,1,Group enriched,Detected in many,7,intestine,156.9,Tissue enriched,Detected in many,,kidney,53502391.2,Intracellular and membrane,"Disease related genes, Enzymes, Potential drug targets, Predicted intracellular proteins",0.6867376131605785,1.0,1.0
YES1:P07947:OID21348:v1,YES1,YES1,P07947,1,Low tissue specificity,Detected in all,,,0.0,Low tissue specificity,Detected in many,,,0.0,,"Enzymes, FDA approved drug targets, Plasma proteins, Predicted intracellular proteins",0.5025,0.5525,0.5525
ZBTB16:Q05516:OID21205:v1,ZBTB16,ZBTB16,Q05516,1,Low tissue specificity,Detected in many,,,0.0,Not detected,Not detected,,,0.0,,"Cancer-related genes, Disease related genes, Human disease related genes, Predicted intracellular proteins, Transcription factors",0.5525,0.35,0.5525
ACOT13:Q9NPJ3:OID31522:v1,ACOT13,ACOT13,Q9NPJ3,1,Tissue enhanced,Detected in all,,liver,28.6,Tissue enhanced,Detected in all,,kidney,71150215.4,,"Enzymes, Metabolic proteins, Predicted intracellular proteins",0.7630719237994377,0.865,0.865
ACRBP:Q8NEB7:OID31385:v1,ACRBP,ACRBP,Q8NEB7,1,Tissue enriched,Detected in many,20,testis,271.0,Tissue enriched,Detected in single,340,bone marrow,33998.6,Secreted in male reproductive system,Predicted secreted proteins,0.8431706094131309,1.0,1.0
ADAM9:Q13443:OID31488:v1,ADAM9,ADAM9,Q13443,1,Low tissue specificity,Detected in all,,,0.0,Tissue enriched,Detected in some,,salivary gland,1744108.0,Secreted - unknown location,"Cancer-related genes, Disease related genes, Human disease related genes, Plasma proteins, Predicted membrane proteins, Predicted secreted proteins",0.5025,1.0,1.0
ADGRE1:Q14246:OID31483:v1,ADGRE1,ADGRE1,Q14246,1,Tissue enhanced,Detected in some,,lymphoid tissue,13.9,Tissue enriched,Detected in single,15608,lymphoid tissue,1560789.0,,"G-protein coupled receptors, Predicted intracellular proteins, Predicted membrane proteins, Transporters",0.8150000000000001,1.0,1.0
AHSA1:O95433:OID31379:v1,AHSA1,AHSA1,O95433,1,Low tissue specificity,Detected in all,,,0.0,Low tissue specificity,Detected in all,,,0.0,,"Plasma proteins, Predicted intracellular proteins, Transporters",0.5025,0.5025,0.5025
ALMS1:Q8TCU4:OID31275:v1,ALMS1,ALMS1,Q8TCU4,1,Tissue enhanced,Detected in all,,testis,20.7,Tissue enriched,Detected in some,,pancreas,4821399.5,,"Disease related genes, Human disease related genes, Predicted intracellular proteins",0.7540844257422444,1.0,1.0
AMOTL2:Q9Y2J4:OID31351:v1,AMOTL2,AMOTL2,Q9Y2J4,1,Low tissue specificity,Detected in many,,,0.0,Tissue enhanced,Detected in some,,Stomach,11732.8,,Predicted intracellular proteins,0.5525,0.865,0.865
AP1G2:O75843:OID31348:v1,AP1G2,AP1G2,O75843,1,Low tissue specificity,Detected in all,,,0.0,Tissue enhanced,Detected in many,,cerebral cortex,8869782.4,,Predicted intracellular proteins,0.5025,0.865,0.865
AP3B1:O00203:OID31478:v1,AP3B1,AP3B1,O00203,1,Low tissue specificity,Detected in all,,,0.0,Low tissue specificity,Detected in all,,,0.0,,"Disease related genes, Human disease related genes, Plasma proteins, Predicted intracellular proteins",0.5025,0.5025,0.5025
ARAF:P10398:OID31260:v1,ARAF,ARAF,P10398,1,Low tissue specificity,Detected in all,,,0.0,Low tissue specificity,Detected in many,,,0.0,,"Enzymes, Human disease related genes, Plasma proteins, Predicted intracellular proteins",0.5025,0.5525,0.5525
ARF6:P62330:OID31523:v1,ARF6,ARF6,P62330,1,Low tissue specificity,Detected in all,,,0.0,Low tissue specificity,Detected in all,,,0.0,,"Enzymes, Predicted intracellular proteins, RAS pathway related proteins",0.5025,0.5025,0.5025
ARG2:P78540:OID31339:v1,ARG2,ARG2,P78540,1,Tissue enhanced,Detected in many,,parathyroid gland,206.5,Group enriched,Detected in some,,kidney,6734700.2,,"Cancer-related genes, Enzymes, Metabolic proteins, Predicted intracellular proteins",0.8194455262949588,0.9324999999999999,0.9324999999999999
ARHGAP5:Q13017:OID31190:v1,ARHGAP5,ARHGAP5,Q13017,1,Low tissue specificity,Detected in all,,,0.0,Tissue enhanced,Detected in many,,cerebral cortex,7034172.8,,"Plasma proteins, Predicted intracellular proteins",0.5025,0.865,0.865
ATG16L1:Q676U5:OID31466:v1,ATG16L1,ATG16L1,Q676U5,1,Low tissue specificity,Detected in all,,,0.0,Tissue enriched,Detected in many,,skin,160149753.0,,"Disease related genes, Human disease related genes, Potential drug targets, Predicted intracellular proteins, Transporters",0.5025,1.0,1.0
ATRAID:Q6UW56:OID31451:v1,ATRAID,ATRAID,Q6UW56,1,Low tissue specificity,Detected in all,,,0.0,Group enriched,Detected in some,,salivary gland,3655481.0,,"Predicted intracellular proteins, Predicted membrane proteins",0.5025,0.9324999999999999,0.9324999999999999
BCL2:P10415:OID31454:v1,BCL2,BCL2,P10415,1,Low tissue specificity,Detected in all,,,0.0,Tissue enriched,Detected in many,,lymphoid tissue,7364262.6,,"Cancer-related genes, Disease related genes, FDA approved drug targets, Human disease related genes, Plasma proteins, Predicted intracellular proteins, Predicted membrane proteins, Transporters",0.5025,1.0,1.0
BRAP:Q7Z569:OID31506:v1,BRAP,BRAP,Q7Z569,1,Tissue enhanced,Detected in all,,testis,63.5,Low tissue specificity,Detected in many,,,0.0,,"Enzymes, Essential proteins, Metabolic proteins, Predicted intracellular proteins, RAS pathway related proteins",0.7856198615205363,0.5525,0.7856198615205363
BTN1A1:Q13410:OID31363:v1,BTN1A1,BTN1A1,Q13410,1,Tissue enriched,Detected in single,39,breast,29.8,Group enriched,Detected in many,,intestine,1089960.6,Intracellular and membrane,Predicted membrane proteins,0.9297560332884989,0.9324999999999999,0.9324999999999999
C9orf40:Q8IXQ3:OID31489:v1,C9orf40,C9orf40,Q8IXQ3,1,Low tissue specificity,Detected in many,,,0.0,Low tissue specificity,Detected in many,,,0.0,,Predicted intracellular proteins,0.5525,0.5525,0.5525
CAPN3:P20807:OID31384:v1,CAPN3,CAPN3,P20807,1,Tissue enhanced,Detected in all,,skeletal muscle,848.7,Tissue enriched,Detected in single,654104,skeletal muscle,65410375.1,,"Disease related genes, Enzymes, Human disease related genes, Metabolic proteins, Potential drug targets, Predicted intracellular proteins",0.8602561224550521,1.0,1.0
CASP4:P49662:OID31276:v1,CASP4,CASP4,P49662,1,Low tissue specificity,Detected in all,,,0.0,Group enriched,Detected in some,,lymphoid tissue,1903526.2,Intracellular and membrane,"Cancer-related genes, Enzymes, Predicted intracellular proteins",0.5025,0.9324999999999999,0.9324999999999999
CCDC134:Q9H6E4:OID31413:v1,CCDC134,CCDC134,Q9H6E4,1,Low tissue specificity,Detected in all,,,0.0,Group enriched,Detected in many,,intestine,5731750.1,Secreted to blood,"Disease related genes, Human disease related genes, Predicted secreted proteins",0.5025,0.9324999999999999,0.9324999999999999
CCND2:P30279:OID31316:v1,CCND2,CCND2,P30279,1,Tissue enhanced,Detected in many,,heart muscle,27.8,Group enriched,Detected in some,,lymphoid tissue,145891.9,,"Cancer-related genes, Disease related genes, Human disease related genes, Predicted intracellular proteins",0.7622787570114038,0.9324999999999999,0.9324999999999999
CD101:Q93033:OID31480:v1,CD101,CD101,Q93033,1,Tissue enhanced,Detected in some,,lung,6.3,Tissue enriched,Detected in some,,bone marrow,2075508.4,,"CD markers, Predicted membrane proteins",0.8150000000000001,1.0,1.0
CD82:P27701:OID31256:v1,CD82,CD82,P27701,1,Low tissue specificity,Detected in all,,,0.0,Low tissue specificity,Detected in many,,,0.0,,"Cancer-related genes, CD markers, Plasma proteins, Predicted intracellular proteins, Predicted membrane proteins",0.5025,0.5525,0.5525
CD86:P42081:OID31500:v1,CD86,CD86,P42081,1,Tissue enhanced,Detected in many,,lymphoid tissue,32.5,Tissue enriched,Detected in some,,lymphoid tissue,169455.1,,"CD markers, FDA approved drug targets, Predicted intracellular proteins, Predicted membrane proteins",0.766654945095014,1.0,1.0
CDC26:Q8NHZ8:OID31508:v1,CDC26,CDC26,Q8NHZ8,1,Low tissue specificity,Detected in all,,,0.0,Tissue enhanced,Detected in many,,heart muscle,15844989.2,,"Essential proteins, Predicted intracellular proteins",0.5025,0.865,0.865
CDC42BPB:Q9Y5S2:OID31485:v1,CDC42BPB,CDC42BPB,Q9Y5S2,1,Low tissue specificity,Detected in all,,,0.0,Group enriched,Detected in many,,kidney,64812354.4,,"Disease related genes, Enzymes, Potential drug targets, Predicted intracellular proteins",0.5025,0.9324999999999999,0.9324999999999999
CDK1:P06493:OID31164:v1,CDK1,CDK1,P06493,1,Tissue enhanced,Detected in many,,lymphoid tissue,68.9,Group enriched,Detected in some,,bone marrow,19428643.9,,"Cancer-related genes, Enzymes, Essential proteins, Plasma proteins, Predicted intracellular proteins, Transporters",0.7879473554903255,0.9324999999999999,0.9324999999999999
CEACAM16:Q2WEN9:OID31495:v1,CEACAM16,CEACAM16,Q2WEN9,1,Tissue enhanced,Detected in single,,pancreas,1.9,Tissue enriched,Detected in some,,fallopian tube,2693154.6,Secreted in other tissues,"Disease related genes, Human disease related genes, Predicted secreted proteins",0.865,1.0,1.0
CEACAM19:Q7Z692:OID31443:v1,CEACAM19,CEACAM19,Q7Z692,1,Low tissue specificity,Detected in all,,,0.0,Not detected,Not detected,,,0.0,,"Predicted intracellular proteins, Predicted membrane proteins",0.5025,0.35,0.5025
CEACAM20:Q6UY09:OID31308:v1,CEACAM20,CEACAM20,Q6UY09,1,Tissue enriched,Detected in some,4,intestine,35.6,Not detected,Not detected,,,0.0,,Predicted membrane proteins,0.7220560259036266,0.35,0.7220560259036266
CENPF:P49454:OID31329:v1,CENPF,CENPF,P49454,1,Group enriched,Detected in many,4,lymphoid tissue,23.7,Group enriched,Detected in some,,skeletal muscle,2871457.1,,"Cancer-related genes, Disease related genes, Human disease related genes, Plasma proteins, Predicted intracellular proteins",0.5973890572115285,0.9324999999999999,0.9324999999999999
CEP152:O94986:OID31249:v1,CEP152,CEP152,O94986,1,Tissue enhanced,Detected in many,,bone marrow,15.5,Tissue enriched,Detected in single,5042,skeletal muscle,504171.0,,"Disease related genes, Human disease related genes, Plasma proteins, Predicted intracellular proteins",0.755,1.0,1.0
CETN3:O15182:OID31525:v1,CETN3,CETN3,O15182,1,Tissue enhanced,Detected in all,,testis,121.8,Tissue enhanced,Detected in many,,bone marrow,364787.5,,Predicted intracellular proteins,0.804259741281188,0.865,0.865
CHCHD6:Q9BRQ6:OID31426:v1,CHCHD6,CHCHD6,Q9BRQ6,1,Tissue enhanced,Detected in all,,brain,62.3,Tissue enhanced,Detected in many,,cerebral cortex,33431986.5,,Predicted intracellular proteins,0.7850762065421364,0.865,0.865
CIRBP:Q14011:OID31503:v1,CIRBP,CIRBP,Q14011,1,Low tissue specificity,Detected in all,,,0.0,Low tissue specificity,Detected in all,,,0.0,,"Plasma proteins, Predicted intracellular proteins",0.5025,0.5025,0.5025
CLASP1:Q7Z460:OID31192:v1,CLASP1,CLASP1,Q7Z460,1,Low tissue specificity,Detected in all,,,0.0,Tissue enhanced,Detected in many,,cerebral cortex,13900921.0,,"Essential proteins, Predicted intracellular proteins",0.5025,0.865,0.865
CMIP:Q8IY22:OID31406:v1,CMIP,CMIP,Q8IY22,1,Low tissue specificity,Detected in all,,,0.0,Tissue enriched,Detected in many,,intestine,3865739.9,,Predicted intracellular proteins,0.5025,1.0,1.0
COL24A1:Q17RW2:OID31464:v1,COL24A1,COL24A1,Q17RW2,1,Tissue enhanced,Detected in many,,cervix,6.6,Tissue enriched,Detected in single,146923,skin,14692310.1,Secreted to extracellular matrix,Predicted secreted proteins,0.755,1.0,1.0
COMMD9:Q9P000:OID31390:v1,COMMD9,COMMD9,Q9P000,1,Low tissue specificity,Detected in all,,,0.0,Low tissue specificity,Detected in all,,,0.0,,Predicted intracellular proteins,0.5025,0.5025,0.5025
CWC15:Q9P013:OID31479:v1,CWC15,CWC15,Q9P013,1,Low tissue specificity,Detected in all,,,0.0,Tissue enhanced,Detected in many,,fallopian tube,11245090.8,,"Essential proteins, Predicted intracellular proteins",0.5025,0.865,0.865
CYB5R2:Q6BCY4:OID31512:v1,CYB5R2,CYB5R2,Q6BCY4,1,Tissue enhanced,Detected in all,,retina,129.1,Low tissue specificity,Detected in many,,,0.0,,"Enzymes, Metabolic proteins, Predicted intracellular proteins, Predicted membrane proteins",0.8059314280510907,0.5525,0.8059314280510907
DCDC2C:A8MYV0:OID31235:v1,DCDC2C,DCDC2C,A8MYV0,1,Tissue enhanced,Detected in some,,testis,3.0,Not detected,Not detected,,,0.0,,Predicted intracellular proteins,0.8150000000000001,0.35,0.8150000000000001
DNAJB14:Q8TBM8:OID31434:v1,DNAJB14,DNAJB14,Q8TBM8,1,Low tissue specificity,Detected in all,,,0.0,Tissue enriched,Detected in many,,skin,4850548.0,,"Predicted intracellular proteins, Predicted membrane proteins, Transporters",0.5025,1.0,1.0
DNAJC9:Q8WXX5:OID31472:v1,DNAJC9,DNAJC9,Q8WXX5,1,Tissue enhanced,Detected in all,,bone marrow,86.6,Low tissue specificity,Detected in many,,,0.0,,"Essential proteins, Predicted intracellular proteins",0.7944815387378875,0.5525,0.7944815387378875
DNM1:Q05193:OID31458:v1,DNM1,DNM1,Q05193,1,Tissue enriched,Detected in all,5,brain,353.4,Tissue enriched,Detected in many,,cerebral cortex,622661526.9,,"Disease related genes, Enzymes, Human disease related genes, Metabolic proteins, Plasma proteins, Potential drug targets, Predicted intracellular proteins",0.7558245267498986,1.0,1.0
DTNB:O60941:OID31395:v1,DTNB,DTNB,O60941,1,Tissue enhanced,Detected in all,,salivary gland,33.9,Tissue enriched,Detected in many,,salivary gland,11220067.9,,"Plasma proteins, Predicted intracellular proteins",0.7678401482665013,1.0,1.0
DUSP13:Q6B8I1:OID31394:v1,DUSP13,DUSP13,Q6B8I1,1,Tissue enhanced,Detected in some,,skeletal muscle,240.9,Not detected,Not detected,,,0.0,,"Enzymes, Predicted intracellular proteins, Predicted membrane proteins",0.8238860682694543,0.35,0.8238860682694543
DUT:P33316:OID31457:v1,DUT,DUT,P33316,1,Low tissue specificity,Detected in all,,,0.0,Low tissue specificity,Detected in all,,,0.0,,"Enzymes, Essential proteins, Metabolic proteins, Predicted intracellular proteins",0.5025,0.5025,0.5025
DYNC1H1:Q14204:OID31341:v1,DYNC1H1,DYNC1H1,Q14204,1,Tissue enhanced,Detected in many,,brain,15.0,Tissue enhanced,Detected in all,,cerebral cortex,1398666556.4,,"Disease related genes, Essential proteins, Human disease related genes, Plasma proteins, Predicted intracellular proteins",0.755,0.865,0.865
DYNLT3:P51808:OID31415:v1,DYNLT3,DYNLT3,P51808,1,Low tissue specificity,Detected in all,,,0.0,Not detected,Not detected,,,0.0,,Predicted intracellular proteins,0.5025,0.35,0.5025
EDDM3B:P56851:OID31365:v1,EDDM3B,EDDM3B,P56851,1,Tissue enriched,Detected in some,279,epididymis,2419.9,Not detected,Not detected,,,0.0,Secreted in male reproductive system,Predicted secreted proteins,1.0,0.35,1.0
EFCAB14:O75071:OID31460:v1,EFCAB14,EFCAB14,O75071,1,Tissue enhanced,Detected in all,,parathyroid gland,150.0,Group enriched,Detected in some,,intestine,2801239.9,,Predicted membrane proteins,0.8102441140865685,0.9324999999999999,0.9324999999999999
EFCAB2:Q5VUJ9:OID31313:v1,EFCAB2,EFCAB2,Q5VUJ9,1,Low tissue specificity,Detected in all,,,0.0,Tissue enriched,Detected in some,,fallopian tube,611550.2,,Predicted intracellular proteins,0.5025,1.0,1.0
EGFLAM:Q63HQ2:OID31496:v1,EGFLAM,EGFLAM,Q63HQ2,1,Tissue enhanced,Detected in many,,tongue,113.3,Group enriched,Detected in some,,heart muscle,985572.3,Secreted - unknown location,"Predicted intracellular proteins, Predicted secreted proteins",0.8021832326424088,0.9324999999999999,0.9324999999999999
EIF2AK2:P19525:OID31442:v1,EIF2AK2,EIF2AK2,P19525,1,Low tissue specificity,Detected in all,,,0.0,Low tissue specificity,Detected in many,,,0.0,,"Disease related genes, Enzymes, Human disease related genes, Potential drug targets, Predicted intracellular proteins",0.5025,0.5525,0.5525
ENDOU:P21128:OID31498:v1,ENDOU,ENDOU,P21128,1,Tissue enhanced,Detected in many,,esophagus,80.6,Tissue enriched,Detected in some,,intestine,49818549.7,Secreted in other tissues,Predicted secreted proteins,0.7924275727703962,1.0,1.0
ENOPH1:Q9UHY7:OID31349:v1,ENOPH1,ENOPH1,Q9UHY7,1,Tissue enhanced,Detected in all,,brain,129.4,Tissue enhanced,Detected in all,,cerebral cortex,146332839.0,,"Enzymes, Metabolic proteins, Predicted intracellular proteins",0.8059981047257642,0.865,0.865
ENSA:O43768:OID31355:v1,ENSA,ENSA,O43768,1,Low tissue specificity,Detected in all,,,0.0,Low tissue specificity,Detected in all,,,0.0,,"Plasma proteins, Predicted intracellular proteins",0.5025,0.5025,0.5025
EPGN:Q6UW88:OID31373:v1,EPGN,EPGN,Q6UW88,1,Tissue enriched,Detected in many,5,esophagus,46.0,Not detected,Not detected,,,0.0,Secreted in other tissues,"Predicted intracellular proteins, Predicted membrane proteins, Predicted secreted proteins",0.6973399320130997,0.35,0.6973399320130997
ERI1:Q8IV48:OID31317:v1,ERI1,ERI1,Q8IV48,1,Low tissue specificity,Detected in all,,,0.0,Tissue enhanced,Detected in many,,fallopian tube,1319673.5,,Predicted intracellular proteins,0.5025,0.865,0.865
ERN1:O75460:OID31391:v1,ERN1,ERN1,O75460,1,Tissue enhanced,Detected in all,,pancreas,63.0,Tissue enriched,Detected in some,,Stomach,25739.5,,"Enzymes, Plasma proteins, Predicted intracellular proteins, Predicted membrane proteins, Transporters",0.7853945780739345,1.0,1.0
FAM13A:O94988:OID31463:v1,FAM13A,FAM13A,O94988,1,Low tissue specificity,Detected in all,,,0.0,Group enriched,Detected in some,79,liver,9772.9,,"Plasma proteins, Predicted intracellular proteins",0.5025,0.9148227024167896,0.9148227024167896
FAM171B:Q6P995:OID31338:v1,FAM171B,FAM171B,Q6P995,1,Tissue enhanced,Detected in many,,brain,66.4,Tissue enriched,Detected in single,215302,cerebral cortex,21530170.1,,Predicted membrane proteins,0.7868930227636655,1.0,1.0
FAM3D:Q96BQ1:OID31514:v1,FAM3D,FAM3D,Q96BQ1,1,Group enriched,Detected in many,5,intestine,458.5,Group enriched,Detected in some,,salivary gland,75623717.7,Secreted to digestive system,"Predicted intracellular proteins, Predicted secreted proteins",0.6958428923993032,0.9324999999999999,0.9324999999999999
FKBPL:Q9UIM3:OID31499:v1,FKBPL,FKBPL,Q9UIM3,1,Low tissue specificity,Detected in all,,,0.0,Group enriched,Detected in some,,bone marrow,413559.6,,Predicted intracellular proteins,0.5025,0.9324999999999999,0.9324999999999999
FNTA:P49354:OID31381:v1,FNTA,FNTA,P49354,1,Low tissue specificity,Detected in all,,,0.0,Low tissue specificity,Detected in all,,,0.0,,"Enzymes, Essential proteins, FDA approved drug targets, Metabolic proteins, Predicted intracellular proteins",0.5025,0.5025,0.5025
FUT1:P19526:OID31295:v1,FUT1,FUT1,P19526,1,Tissue enhanced,Detected in many,,pancreas,31.7,Tissue enriched,Detected in some,,intestine,2158429.9,,"Blood group antigen proteins, Enzymes, Metabolic proteins, Predicted membrane proteins",0.7659552427115923,1.0,1.0
GABARAP:O95166:OID31414:v1,GABARAP,GABARAP,O95166,1,Low tissue specificity,Detected in all,,,0.0,Not detected,Not detected,,,0.0,,"Predicted intracellular proteins, Transporters",0.5025,0.35,0.5025
GABARAPL1:Q9H0R8:OID31253:v1,GABARAPL1,GABARAPL1,Q9H0R8,1,Low tissue specificity,Detected in all,,,0.0,Group enriched,Detected in many,,fallopian tube,236532.3,,Predicted intracellular proteins,0.5025,0.9324999999999999,0.9324999999999999
GAGE2A:Q6NT46:OID31199:v1,GAGE2A,GAGE2A,Q6NT46,1,Tissue enriched,Detected in single,116,testis,89.2,Not detected,Not detected,,,0.0,,Predicted intracellular proteins,1.0,0.35,1.0
GIPC3:Q8TF64:OID31507:v1,GIPC3,GIPC3,Q8TF64,1,Tissue enhanced,Detected in many,,retina,15.5,Tissue enriched,Detected in many,,lymphoid tissue,12528895.4,,"Disease related genes, Human disease related genes, Predicted intracellular proteins",0.755,1.0,1.0
GLYR1:Q49A26:OID31364:v1,GLYR1,GLYR1,Q49A26,1,Low tissue specificity,Detected in all,,,0.0,Low tissue specificity,Detected in many,,,0.0,,Predicted intracellular proteins,0.5025,0.5525,0.5525
GORASP2:Q9H8Y8:OID31438:v1,GORASP2,GORASP2,Q9H8Y8,1,Low tissue specificity,Detected in all,,,0.0,Low tissue specificity,Detected in all,,,0.0,,Predicted intracellular proteins,0.5025,0.5025,0.5025
GPD1:P21695:OID31358:v1,GPD1,GPD1,P21695,1,Tissue enhanced,Detected in many,,adipose tissue,572.7,Tissue enhanced,Detected in all,,liver,565212936.1,,"Disease related genes, Enzymes, Metabolic proteins, Plasma proteins, Potential drug targets, Predicted intracellular proteins",0.8488857164427375,0.865,0.865
GPHA2:Q96T91:OID31437:v1,GPHA2,GPHA2,Q96T91,1,Tissue enriched,Detected in some,13,pancreas,339.8,Tissue enriched,Detected in single,3181,pancreas,318138.2,Secreted to blood,Predicted secreted proteins,0.8189488468036575,1.0,1.0
GPIHBP1:Q8IV16:OID31469:v1,GPIHBP1,GPIHBP1,Q8IV16,1,Tissue enhanced,Detected in many,,adipose tissue,85.2,Not detected,Not detected,,,0.0,Intracellular and membrane,"Disease related genes, Human disease related genes, Metabolic proteins, Predicted intracellular proteins",0.7940151501979169,0.35,0.7940151501979169
GPR15L:Q6UWK7:OID31511:v1,GPR15L,C10orf99,Q6UWK7,1,Group enriched,Detected in some,4,intestine,257.9,Not detected,Not detected,,,0.0,Secreted in other tissues,Predicted secreted proteins,0.6654082218273683,0.35,0.6654082218273683
GPRC5C:Q9NQ84:OID31340:v1,GPRC5C,GPRC5C,Q9NQ84,1,Tissue enhanced,Detected in many,,stomach 1,180.1,Group enriched,Detected in many,,skin,330655.1,,"G-protein coupled receptors, Predicted intracellular proteins, Predicted membrane proteins, Transporters",0.8155061195819339,0.9324999999999999,0.9324999999999999
GRSF1:Q12849:OID31224:v1,GRSF1,GRSF1,Q12849,1,Tissue enhanced,Detected in all,,skeletal muscle,242.1,Low tissue specificity,Detected in many,,,0.0,,Predicted intracellular proteins,0.8240293202407332,0.5525,0.8240293202407332
GTF2IRD1:Q9UHL9:OID31264:v1,GTF2IRD1,GTF2IRD1,Q9UHL9,1,Tissue enhanced,Detected in many,,skeletal muscle,65.9,Not detected,Not detected,,,0.0,,"Disease related genes, Human disease related genes, Predicted intracellular proteins",0.7866774687015536,0.35,0.7866774687015536
GUCY2C:P25092:OID31318:v1,GUCY2C,GUCY2C,P25092,1,Tissue enriched,Detected in some,20,intestine,64.2,Tissue enriched,Detected in single,22567,intestine,2256672.6,,"Disease related genes, Enzymes, FDA approved drug targets, Human disease related genes, Metabolic proteins, Predicted membrane proteins, Transporters",0.830889496669638,1.0,1.0
H2AP:O75409:OID31232:v1,H2AP,H2AP,O75409,1,Tissue enriched,Detected in single,197,testis,44.9,Not detected,Not detected,,,0.0,,Predicted intracellular proteins,1.0,0.35,1.0
HDDC2:Q7Z4H3:OID31447:v1,HDDC2,HDDC2,Q7Z4H3,1,Tissue enhanced,Detected in all,,choroid plexus,156.6,Low tissue specificity,Detected in all,,,0.0,,"Enzymes, Predicted intracellular proteins",0.8114825526178343,0.5025,0.8114825526178343
HRAS:P01112:OID31263:v1,HRAS,HRAS,P01112,1,Tissue enhanced,Detected in all,,brain,123.5,Tissue enriched,Detected in all,,cerebral cortex,41483926.8,,"Cancer-related genes, Disease related genes, Enzymes, Human disease related genes, Plasma proteins, Potential drug targets, Predicted intracellular proteins, RAS pathway related proteins",0.8046577493341843,1.0,1.0
HSPA2:P54652:OID31424:v1,HSPA2,HSPA2,P54652,1,Tissue enhanced,Detected in many,,brain,344.7,Low tissue specificity,Detected in all,,,0.0,,"Cancer-related genes, Plasma proteins, Predicted intracellular proteins",0.834222140129483,0.5025,0.834222140129483
IDO1:P14902:OID31474:v1,IDO1,IDO1,P14902,1,Tissue enhanced,Detected in many,,placenta,104.2,Tissue enriched,Detected in many,,heart muscle,8730170.7,,"Cancer-related genes, Enzymes, Metabolic proteins, Predicted intracellular proteins",0.7997815474430572,1.0,1.0
IFI30:P13284:OID31505:v1,IFI30,IFI30,P13284,1,Tissue enhanced,Detected in all,,lymphoid tissue,668.3,Low tissue specificity,Detected in all,,,0.0,Intracellular and membrane,"Predicted intracellular proteins, Predicted membrane proteins",0.853347469202011,0.5025,0.853347469202011
IFIT3:O14879:OID31283:v1,IFIT3,IFIT3,O14879,1,Low tissue specificity,Detected in all,,,0.0,Low tissue specificity,Detected in many,,,0.0,,"Plasma proteins, Predicted intracellular proteins",0.5025,0.5525,0.5525
IFNAR1:P17181:OID31491:v1,IFNAR1,IFNAR1,P17181,1,Low tissue specificity,Detected in all,,,0.0,Not detected,Not detected,,,0.0,,"Cancer-related genes, Disease related genes, FDA approved drug targets, Plasma proteins, Predicted intracellular proteins, Predicted membrane proteins, Transporters",0.5025,0.35,0.5025
IL22:Q9GZX6:OID31407:v1,IL22,IL22,Q9GZX6,1,Tissue enhanced,Detected in single,,urinary bladder,1.4,Not detected,Not detected,,,0.0,Secreted to blood,Predicted secreted proteins,0.865,0.35,0.865
IL2RG:P31785:OID31361:v1,IL2RG,IL2RG,P31785,1,Tissue enhanced,Detected in many,,lymphoid tissue,317.8,Tissue enriched,Detected in single,301,lymphoid tissue,30082.3,,"Cancer-related genes, CD markers, Disease related genes, FDA approved drug targets, Human disease related genes, Predicted intracellular proteins, Predicted membrane proteins",0.8318770749882494,1.0,1.0
IMMT:Q16891:OID31397:v1,IMMT,IMMT,Q16891,1,Tissue enhanced,Detected in all,,tongue,270.0,Tissue enhanced,Detected in all,,heart muscle,539864858.1,,"Essential proteins, Predicted intracellular proteins, Transporters",0.8271744872940756,0.865,0.865
INSL4:Q14641:OID31370:v1,INSL4,INSL4,Q14641,1,Tissue enriched,Detected in some,11,placenta,14.9,Not detected,Not detected,,,0.0,Secreted to blood,Predicted secreted proteins,0.788449537612739,0.35,0.788449537612739
INSL5:Q9Y5Q6:OID31448:v1,INSL5,INSL5,Q9Y5Q6,1,Tissue enriched,Detected in some,106,intestine,115.3,Not detected,Not detected,,,0.0,Secreted to blood,Predicted secreted proteins,0.9500000000000001,0.35,0.9500000000000001
IST1:P53990:OID31497:v1,IST1,IST1,P53990,1,Low tissue specificity,Detected in all,,,0.0,Low tissue specificity,Detected in all,,,0.0,,"Plasma proteins, Predicted intracellular proteins",0.5025,0.5025,0.5025
ITIH5:Q86UX2:OID31430:v1,ITIH5,ITIH5,Q86UX2,1,Tissue enhanced,Detected in many,,adipose tissue,105.7,,,,,0.0,Secreted to blood,"Predicted intracellular proteins, Predicted secreted proteins",0.8001914001142356,0.4475,0.8001914001142356
JPT2:Q9H910:OID31520:v1,JPT2,JPT2,Q9H910,1,Tissue enhanced,Detected in all,,brain,116.7,Low tissue specificity,Detected in all,,,0.0,,Predicted intracellular proteins,0.8030317920254463,0.5025,0.8030317920254463
KAZN:Q674X7:OID31481:v1,KAZN,KAZN,Q674X7,1,Tissue enhanced,Detected in many,,lymphoid tissue,88.0,Group enriched,Detected in some,3680,salivary gland,522049.4,,Predicted intracellular proteins,0.7949405323567453,0.9324999999999999,0.9324999999999999
KIAA2013:Q8IYS2:OID31392:v1,KIAA2013,KIAA2013,Q8IYS2,1,Low tissue specificity,Detected in all,,,0.0,Tissue enriched,Detected in many,,liver,4777696.4,,Predicted membrane proteins,0.5025,1.0,1.0
KIR2DL2:P43627:OID31431:v1,KIR2DL2,KIR2DL2,P43627,0,,,,,0.0,,,,,0.0,,,0.4475,0.4475,0.4475
KIR2DS4:P43632:OID31432:v1,KIR2DS4,KIR2DS4,P43632,1,Not detected,Not detected,,,0.0,,,,,0.0,Secreted to blood,Predicted secreted proteins,0.35,0.4475,0.4475
KIR3DL2:P43630:OID31191:v1,KIR3DL2,KIR3DL2,P43630,1,Tissue enhanced,Detected in single,,lymphoid tissue,1.8,Not detected,Not detected,,,0.0,,"CD markers, Predicted membrane proteins",0.865,0.35,0.865
KLK15:Q9H2R5:OID31427:v1,KLK15,KLK15,Q9H2R5,1,Tissue enhanced,Detected in some,,salivary gland,3.7,Not detected,Not detected,,,0.0,Secreted to blood,"Cancer-related genes, Enzymes, Predicted intracellular proteins, Predicted secreted proteins",0.8150000000000001,0.35,0.8150000000000001
LACRT:Q9GZZ8:OID31367:v1,LACRT,LACRT,Q9GZZ8,1,Tissue enriched,Detected in single,16,salivary gland,12.4,Tissue enriched,Detected in many,,cerebral cortex,93398530.5,Secreted to digestive system,"Plasma proteins, Predicted intracellular proteins, Predicted secreted proteins",0.86486430675019,1.0,1.0
LARP1:Q6PKG0:OID31372:v1,LARP1,LARP1,Q6PKG0,1,Low tissue specificity,Detected in all,,,0.0,Low tissue specificity,Detected in all,,,0.0,,"Plasma proteins, Predicted intracellular proteins",0.5025,0.5025,0.5025
LMNB1:P20700:OID31501:v1,LMNB1,LMNB1,P20700,1,Tissue enhanced,Detected in many,,lymphoid tissue,45.9,Tissue enhanced,Detected in all,,bone marrow,960103367.9,,"Disease related genes, Human disease related genes, Plasma proteins, Predicted intracellular proteins",0.7763954047688357,0.865,0.865
LRRC37A2:A6NM11:OID31440:v1,LRRC37A2,LRRC37A2,A6NM11,1,Tissue enriched,Detected in single,9,testis,6.5,Not detected,Not detected,,,0.0,,"Predicted intracellular proteins, Predicted membrane proteins",0.8246226950319173,0.35,0.8246226950319173
LRRFIP1:Q32MZ4:OID31344:v1,LRRFIP1,LRRFIP1,Q32MZ4,1,Low tissue specificity,Detected in all,,,0.0,Low tissue specificity,Detected in all,,,0.0,,"Plasma proteins, Predicted intracellular proteins, Transcription factors",0.5025,0.5025,0.5025
LSM8:O95777:OID31269:v1,LSM8,LSM8,O95777,1,Low tissue specificity,Detected in all,,,0.0,Tissue enriched,Detected in all,,bone marrow,315195900.7,,"Essential proteins, Plasma proteins, Predicted intracellular proteins",0.5025,1.0,1.0
LTB:Q06643:OID31383:v1,LTB,LTB,Q06643,1,Group enriched,Detected in many,8,lymphoid tissue,220.1,Tissue enriched,Detected in single,45,lymphoid tissue,4476.6,,"Cancer-related genes, Plasma proteins, Predicted intracellular proteins",0.7054157018634651,0.9403552537536637,0.9403552537536637
LUZP2:Q86TE4:OID31402:v1,LUZP2,LUZP2,Q86TE4,1,Group enriched,Detected in some,5,brain,16.6,Not detected,Not detected,,,0.0,Secreted in brain,"Predicted intracellular proteins, Predicted secreted proteins",0.6683828684844482,0.35,0.6683828684844482
LYZL2:Q7Z4W2:OID31180:v1,LYZL2,LYZL2,Q7Z4W2,1,Tissue enriched,Detected in single,685,testis,68.4,Not detected,Not detected,,,0.0,Secreted in male reproductive system,"Enzymes, Predicted intracellular proteins, Predicted secreted proteins",1.0,0.35,1.0
MAMDC4:Q6UXC1:OID31342:v1,MAMDC4,MAMDC4,Q6UXC1,1,Tissue enhanced,Detected in many,,liver,31.0,Not detected,Not detected,,,0.0,,Predicted membrane proteins,0.7653288150616121,0.35,0.7653288150616121
MANEAL:Q5VSG8:OID31244:v1,MANEAL,MANEAL,Q5VSG8,1,Tissue enhanced,Detected in many,,brain,23.5,Tissue enriched,Detected in single,118419,cerebral cortex,11841896.9,Intracellular and membrane,Predicted intracellular proteins,0.7575976741026471,1.0,1.0
MAP2K1:Q02750:OID31468:v1,MAP2K1,MAP2K1,Q02750,1,Low tissue specificity,Detected in all,,,0.0,Tissue enhanced,Detected in many,,cerebral cortex,89747761.4,,"Cancer-related genes, Disease related genes, Enzymes, FDA approved drug targets, Human disease related genes, Predicted intracellular proteins, RAS pathway related proteins",0.5025,0.865,0.865
MAPK13:O15264:OID31205:v1,MAPK13,MAPK13,O15264,1,Low tissue specificity,Detected in many,,,0.0,Tissue enhanced,Detected in many,,intestine,5583529.4,,"Enzymes, Predicted intracellular proteins",0.5525,0.865,0.865
MAPKAPK2:P49137:OID31293:v1,MAPKAPK2,MAPKAPK2,P49137,1,Low tissue specificity,Detected in all,,,0.0,Low tissue specificity,Detected in many,,,0.0,,"Cancer-related genes, Enzymes, Predicted membrane proteins",0.5025,0.5525,0.5525
MAPRE3:Q9UPY8:OID31177:v1,MAPRE3,MAPRE3,Q9UPY8,1,Tissue enhanced,Detected in all,,brain,161.0,Tissue enhanced,Detected in many,,cerebral cortex,81800347.0,,Predicted intracellular proteins,0.812279690703877,0.865,0.865
MCTS1:Q9ULC4:OID31444:v1,MCTS1,MCTS1,Q9ULC4,1,Low tissue specificity,Detected in all,,,0.0,Low tissue specificity,Detected in all,,,0.0,,Predicted intracellular proteins,0.5025,0.5025,0.5025
MEP1A:Q16819:OID31459:v1,MEP1A,MEP1A,Q16819,1,Tissue enriched,Detected in some,101,intestine,440.6,Tissue enriched,Detected in single,266160,intestine,26615964.0,,"Enzymes, Plasma proteins, Predicted membrane proteins",0.9763097602826353,1.0,1.0
MINDY1:Q8N5J2:OID31399:v1,MINDY1,MINDY1,Q8N5J2,1,Low tissue specificity,Detected in all,,,0.0,Low tissue specificity,Detected in many,,,0.0,,"Enzymes, Predicted intracellular proteins",0.5025,0.5525,0.5525
MPRIP:Q6WCQ1:OID31420:v1,MPRIP,MPRIP,Q6WCQ1,1,Low tissue specificity,Detected in all,,,0.0,Low tissue specificity,Detected in many,,,0.0,,Predicted intracellular proteins,0.5025,0.5525,0.5525
MTHFSD:Q2M296:OID31305:v1,MTHFSD,MTHFSD,Q2M296,1,Low tissue specificity,Detected in all,,,0.0,Tissue enriched,Detected in some,,Stomach,4684540.1,,Predicted intracellular proteins,0.5025,1.0,1.0
MTIF3:Q9H2K0:OID31513:v1,MTIF3,MTIF3,Q9H2K0,1,Low tissue specificity,Detected in all,,,0.0,Tissue enriched,Detected in many,,pancreas,624369.2,,Predicted intracellular proteins,0.5025,1.0,1.0
MTSS1:O43312:OID31492:v1,MTSS1,MTSS1,O43312,1,Low tissue specificity,Detected in all,,,0.0,Tissue enriched,Detected in many,,ovary,19863898.8,,"Plasma proteins, Predicted intracellular proteins",0.5025,1.0,1.0
MTSS2:Q765P7:OID31409:v1,MTSS2,MTSS2,Q765P7,1,Tissue enhanced,Detected in all,,brain,289.4,Group enriched,Detected in many,,cerebral cortex,4174598.7,,Predicted intracellular proteins,0.8291760190976922,0.9324999999999999,0.9324999999999999
MTUS1:Q9ULD2:OID31315:v1,MTUS1,MTUS1,Q9ULD2,1,Low tissue specificity,Detected in many,,,0.0,Group enriched,Detected in some,,heart muscle,694800.9,,"Disease related genes, Predicted intracellular proteins, Predicted membrane proteins",0.5525,0.9324999999999999,0.9324999999999999
NAP1L4:Q99733:OID31475:v1,NAP1L4,NAP1L4,Q99733,1,Low tissue specificity,Detected in all,,,0.0,Low tissue specificity,Detected in all,,,0.0,,"Plasma proteins, Predicted intracellular proteins",0.5025,0.5025,0.5025
NCR3LG1:Q68D85:OID31490:v1,NCR3LG1,NCR3LG1,Q68D85,1,Tissue enhanced,Detected in many,,parathyroid gland,7.0,Not detected,Not detected,,,0.0,,Predicted membrane proteins,0.755,0.35,0.755
NDUFB7:P17568:OID31521:v1,NDUFB7,NDUFB7,P17568,1,Low tissue specificity,Detected in all,,,0.0,Group enriched,Detected in many,,heart muscle,40006899.5,,"Essential proteins, Metabolic proteins, Predicted intracellular proteins",0.5025,0.9324999999999999,0.9324999999999999
NEK7:Q8TDX7:OID31250:v1,NEK7,NEK7,Q8TDX7,1,Tissue enhanced,Detected in all,,heart muscle,131.4,Low tissue specificity,Detected in many,,,0.0,,"Enzymes, Predicted intracellular proteins, Transporters",0.8064387338838847,0.5525,0.8064387338838847
NENF:Q9UMX5:OID31354:v1,NENF,NENF,Q9UMX5,1,Low tissue specificity,Detected in all,,,0.0,Low tissue specificity,Detected in all,,,0.0,Secreted to blood,"Plasma proteins, Predicted secreted proteins",0.5025,0.5025,0.5025
NFU1:Q9UMS0:OID31510:v1,NFU1,NFU1,Q9UMS0,1,Low tissue specificity,Detected in all,,,0.0,Tissue enriched,Detected in all,,heart muscle,97596155.9,,"Disease related genes, Human disease related genes, Predicted intracellular proteins",0.5025,1.0,1.0
NMI:Q13287:OID31378:v1,NMI,NMI,Q13287,1,Low tissue specificity,Detected in all,,,0.0,Low tissue specificity,Detected in many,,,0.0,Secreted to blood,"Plasma proteins, Predicted intracellular proteins, Predicted secreted proteins",0.5025,0.5525,0.5525
NUBP1:P53384:OID31412:v1,NUBP1,NUBP1,P53384,1,Low tissue specificity,Detected in all,,,0.0,Low tissue specificity,Detected in all,,,0.0,,"Essential proteins, Predicted intracellular proteins",0.5025,0.5025,0.5025
NUDT16:Q96DE0:OID31484:v1,NUDT16,NUDT16,Q96DE0,1,Low tissue specificity,Detected in all,,,0.0,Low tissue specificity,Detected in all,,,0.0,,"Enzymes, Predicted intracellular proteins",0.5025,0.5025,0.5025
OGA:O60502:OID31465:v1,OGA,OGA,O60502,1,Low tissue specificity,Detected in all,,,0.0,Tissue enhanced,Detected in all,,cerebral cortex,58531713.7,,"Enzymes, Metabolic proteins, Predicted intracellular proteins",0.5025,0.865,0.865
OGT:O15294:OID31300:v1,OGT,OGT,O15294,1,Low tissue specificity,Detected in all,,,0.0,Tissue enriched,Detected in many,,cerebral cortex,44017520.6,,"Disease related genes, Enzymes, Essential proteins, Human disease related genes, Metabolic proteins, Potential drug targets, Predicted intracellular proteins",0.5025,1.0,1.0
OTUD6B:Q8N6M0:OID31487:v1,OTUD6B,OTUD6B,Q8N6M0,1,Low tissue specificity,Detected in all,,,0.0,Tissue enhanced,Detected in all,,cerebral cortex,5677127.2,,"Disease related genes, Enzymes, Human disease related genes, Potential drug targets, Predicted intracellular proteins",0.5025,0.865,0.865
PAFAH2:Q99487:OID31286:v1,PAFAH2,PAFAH2,Q99487,1,Tissue enhanced,Detected in all,,lymphoid tissue,45.4,Group enriched,Detected in many,,kidney,1011044.2,,"Enzymes, Metabolic proteins, Predicted intracellular proteins",0.7760851255199003,0.9324999999999999,0.9324999999999999
PAIP2B:Q9ULR5:OID31228:v1,PAIP2B,PAIP2B,Q9ULR5,1,Tissue enhanced,Detected in many,,brain,122.7,Tissue enhanced,Detected in some,,heart muscle,4054508.2,,Predicted intracellular proteins,0.804471132882675,0.865,0.865
PALM:O75781:OID31515:v1,PALM,PALM,O75781,1,Tissue enhanced,Detected in many,,brain,292.8,Tissue enriched,Detected in all,,cerebral cortex,525513533.0,,Predicted intracellular proteins,0.8295129823033914,1.0,1.0
PARD3:Q8TEW0:OID31301:v1,PARD3,PARD3,Q8TEW0,1,Low tissue specificity,Detected in many,,,0.0,Tissue enhanced,Detected in many,,pancreas,38806262.3,,"Disease related genes, Plasma proteins, Predicted intracellular proteins",0.5525,0.865,0.865
PBK:Q96KB5:OID31158:v1,PBK,PBK,Q96KB5,1,Group enriched,Detected in many,5,testis,65.7,Tissue enriched,Detected in single,7286,bone marrow,728594.3,,"Enzymes, Plasma proteins, Predicted intracellular proteins",0.6399736641368564,1.0,1.0
PBXIP1:Q96AQ6:OID31435:v1,PBXIP1,PBXIP1,Q96AQ6,1,Tissue enhanced,Detected in all,,choroid plexus,672.0,Group enriched,Detected in all,,skeletal muscle,130450901.5,,"Predicted intracellular proteins, Predicted membrane proteins",0.8535070620581545,0.9324999999999999,0.9324999999999999
PCDH7:O60245:OID31456:v1,PCDH7,PCDH7,O60245,1,Tissue enhanced,Detected in many,,blood vessel,48.2,Tissue enhanced,Detected in many,,cerebral cortex,20205522.2,,"Plasma proteins, Predicted intracellular proteins, Predicted membrane proteins",0.7777813549024073,0.865,0.865
PCDH9:Q9HC56:OID31516:v1,PCDH9,PCDH9,Q9HC56,1,Tissue enriched,Detected in many,4,brain,38.4,Tissue enriched,Detected in single,972094,cerebral cortex,97209390.5,,"Plasma proteins, Predicted membrane proteins",0.678407052496816,1.0,1.0
PCDHB15:Q9Y5E8:OID31377:v1,PCDHB15,PCDHB15,Q9Y5E8,1,Low tissue specificity,Detected in many,,,0.0,Not detected,Not detected,,,0.0,,"Predicted intracellular proteins, Predicted membrane proteins",0.5525,0.35,0.5525
PCNA:P12004:OID31161:v1,PCNA,PCNA,P12004,1,Tissue enhanced,Detected in all,,bone marrow,361.5,Tissue enhanced,Detected in all,,bone marrow,104777323.4,,"Cancer-related genes, Disease related genes, Essential proteins, Human disease related genes, Plasma proteins, Predicted intracellular proteins",0.8355958501215999,0.865,0.865
PCSK7:Q16549:OID31410:v1,PCSK7,PCSK7,Q16549,1,Low tissue specificity,Detected in all,,,0.0,Not detected,Not detected,,,0.0,,"Enzymes, Predicted intracellular proteins, Predicted membrane proteins",0.5025,0.35,0.5025
PCYT2:Q99447:OID31519:v1,PCYT2,PCYT2,Q99447,1,Tissue enhanced,Detected in all,,testis,248.9,Tissue enhanced,Detected in all,,liver,61753843.9,,"Disease related genes, Enzymes, Human disease related genes, Metabolic proteins, Plasma proteins, Potential drug targets, Predicted intracellular proteins",0.824827957836076,0.865,0.865
PDIA5:Q14554:OID31209:v1,PDIA5,PDIA5,Q14554,1,Tissue enhanced,Detected in all,,liver,75.0,Low tissue specificity,Detected in many,,,0.0,Intracellular and membrane,"Enzymes, Metabolic proteins, Predicted intracellular proteins",0.7903694328029279,0.5525,0.7903694328029279
PHLDB1:Q86UU1:OID31467:v1,PHLDB1,PHLDB1,Q86UU1,1,Low tissue specificity,Detected in many,,,0.0,Low tissue specificity,Detected in all,,,0.0,,Predicted intracellular proteins,0.5525,0.5025,0.5525
PITHD1:Q9GZP4:OID31215:v1,PITHD1,PITHD1,Q9GZP4,1,Low tissue specificity,Detected in all,,,0.0,Low tissue specificity,Detected in all,,,0.0,,Predicted intracellular proteins,0.5025,0.5025,0.5025
PKN3:Q6P5Z2:OID31311:v1,PKN3,PKN3,Q6P5Z2,1,Low tissue specificity,Detected in many,,,0.0,Tissue enriched,Detected in single,872,skeletal muscle,87157.8,,"Enzymes, Predicted intracellular proteins",0.5525,1.0,1.0
PPIE:Q9UNP9:OID31279:v1,PPIE,PPIE,Q9UNP9,1,Low tissue specificity,Detected in all,,,0.0,Low tissue specificity,Detected in many,,,0.0,,"Enzymes, Essential proteins, Metabolic proteins, Predicted intracellular proteins",0.5025,0.5525,0.5525
PPP1CC:P36873:OID31360:v1,PPP1CC,PPP1CC,P36873,1,Low tissue specificity,Detected in all,,,0.0,Tissue enhanced,Detected in all,,cerebral cortex,8508513.5,,"Enzymes, Plasma proteins, Predicted intracellular proteins",0.5025,0.865,0.865
PPP1R12B:O60237:OID31304:v1,PPP1R12B,PPP1R12B,O60237,1,Tissue enhanced,Detected in all,,heart muscle,334.5,Tissue enhanced,Detected in all,,heart muscle,235315522.8,,"Plasma proteins, Predicted intracellular proteins",0.8333551419084575,0.865,0.865
PPP2R5A:Q15172:OID31502:v1,PPP2R5A,PPP2R5A,Q15172,1,Low tissue specificity,Detected in all,,,0.0,Low tissue specificity,Detected in all,,,0.0,,Predicted intracellular proteins,0.5025,0.5025,0.5025
PRUNE2:Q8WUY3:OID31270:v1,PRUNE2,PRUNE2,Q8WUY3,1,Low tissue specificity,Detected in all,,,0.0,Group enriched,Detected in many,,intestine,23522754.4,,"Predicted intracellular proteins, Predicted membrane proteins",0.5025,0.9324999999999999,0.9324999999999999
PSAPL1:Q6NUJ1:OID31473:v1,PSAPL1,PSAPL1,Q6NUJ1,1,Group enriched,Detected in some,14,skin 1,95.9,Tissue enhanced,Detected in all,,skin,21880672.7,Secreted - unknown location,Predicted secreted proteins,0.7378722252597839,0.865,0.865
PSCA:O43653:OID31493:v1,PSCA,PSCA,O43653,1,Tissue enriched,Detected in many,5,stomach 1,3010.1,Tissue enriched,Detected in many,,Stomach,95023401.8,,"Cancer-related genes, Predicted intracellular proteins, Predicted membrane proteins",0.7858828684844481,1.0,1.0
PTPRH:Q9HD43:OID31433:v1,PTPRH,PTPRH,Q9HD43,1,Tissue enhanced,Detected in many,,intestine,64.6,Tissue enriched,Detected in some,,intestine,2430328.4,,"Enzymes, Predicted membrane proteins",0.7861093990041635,1.0,1.0
PTPRK:Q15262:OID31461:v1,PTPRK,PTPRK,Q15262,1,Low tissue specificity,Detected in many,,,0.0,Low tissue specificity,Detected in many,,,0.0,,"Cancer-related genes, Enzymes, Plasma proteins, Predicted intracellular proteins, Predicted membrane proteins",0.5525,0.5525,0.5525
PXDNL:A1KZ92:OID31405:v1,PXDNL,PXDNL,A1KZ92,1,Tissue enriched,Detected in some,5,heart muscle,43.4,Tissue enriched,Detected in single,119,heart muscle,11937.7,Intracellular and membrane,Predicted intracellular proteins,0.7358828684844482,1.0,1.0
RAB2B:Q8WUD1:OID31362:v1,RAB2B,RAB2B,Q8WUD1,1,Low tissue specificity,Detected in all,,,0.0,Tissue enhanced,Detected in many,,pancreas,9826771.8,,"Enzymes, Predicted intracellular proteins",0.5025,0.865,0.865
RAB44:Q7Z6P3:OID31346:v1,RAB44,RAB44,Q7Z6P3,1,Tissue enriched,Detected in some,41,bone marrow,55.6,Tissue enriched,Detected in some,,bone marrow,51863192.5,,Predicted intracellular proteins,0.8834561657979288,1.0,1.0
RALY:Q9UKM9:OID31382:v1,RALY,RALY,Q9UKM9,1,Low tissue specificity,Detected in all,,,0.0,Low tissue specificity,Detected in all,,,0.0,,"Plasma proteins, Predicted intracellular proteins",0.5025,0.5025,0.5025
RAPGEF2:Q9Y4G8:OID31337:v1,RAPGEF2,RAPGEF2,Q9Y4G8,1,Low tissue specificity,Detected in all,,,0.0,Tissue enriched,Detected in many,,cerebral cortex,20055095.0,,"Disease related genes, Human disease related genes, Predicted intracellular proteins",0.5025,1.0,1.0
RBP7:Q96R05:OID31526:v1,RBP7,RBP7,Q96R05,1,Tissue enhanced,Detected in all,,breast,412.3,Tissue enhanced,Detected in many,,pancreas,7714114.2,,Predicted intracellular proteins,0.8393924604055722,0.865,0.865
RCC1:P18754:OID31356:v1,RCC1,RCC1,P18754,1,Low tissue specificity,Detected in all,,,0.0,Low tissue specificity,Detected in all,,,0.0,,"Essential proteins, Plasma proteins, Predicted intracellular proteins",0.5025,0.5025,0.5025
REG3G:Q6UW15:OID31408:v1,REG3G,REG3G,Q6UW15,1,Tissue enriched,Detected in some,22,pancreas,3450.0,Not detected,Not detected,,,0.0,Secreted to digestive system,Predicted secreted proteins,0.8877885846253728,0.35,0.8877885846253728
RFC4:P35249:OID31376:v1,RFC4,RFC4,P35249,1,Low tissue specificity,Detected in all,,,0.0,Low tissue specificity,Detected in many,,,0.0,,"Essential proteins, Plasma proteins, Predicted intracellular proteins",0.5025,0.5525,0.5525
RNF4:P78317:OID31321:v1,RNF4,RNF4,P78317,1,Low tissue specificity,Detected in all,,,0.0,Tissue enriched,Detected in single,15999,intestine,1599924.5,,"Enzymes, Essential proteins, Predicted intracellular proteins",0.5025,1.0,1.0
RNF43:Q68DV7:OID31291:v1,RNF43,RNF43,Q68DV7,1,Tissue enhanced,Detected in many,,intestine,21.4,Not detected,Not detected,,,0.0,,"Cancer-related genes, Disease related genes, Enzymes, Potential drug targets, Predicted membrane proteins",0.7550035117231113,0.35,0.7550035117231113
RPE:Q96AT9:OID31324:v1,RPE,RPE,Q96AT9,1,Low tissue specificity,Detected in all,,,0.0,Low tissue specificity,Detected in all,,,0.0,,"Enzymes, Essential proteins, Metabolic proteins, Predicted intracellular proteins",0.5025,0.5025,0.5025
S100A3:P33764:OID31352:v1,S100A3,S100A3,P33764,1,Tissue enriched,Detected in many,5,skin 1,98.8,Tissue enriched,Detected in some,,lung,2095938.2,,Predicted intracellular proteins,0.7191389567479738,1.0,1.0
SAT2:Q96F10:OID31306:v1,SAT2,SAT2,Q96F10,1,Low tissue specificity,Detected in all,,,0.0,Tissue enhanced,Detected in many,,liver,45180597.5,,"Enzymes, Metabolic proteins, Predicted intracellular proteins",0.5025,0.865,0.865
SDCCAG8:Q86SQ7:OID31423:v1,SDCCAG8,SDCCAG8,Q86SQ7,1,Low tissue specificity,Detected in all,,,0.0,Tissue enriched,Detected in single,1061,fallopian tube,106076.2,,"Disease related genes, Human disease related genes, Predicted intracellular proteins",0.5025,1.0,1.0
SDHB:P21912:OID31436:v1,SDHB,SDHB,P21912,1,Tissue enhanced,Detected in all,,tongue,542.0,Tissue enhanced,Detected in all,,heart muscle,159170866.9,,"Cancer-related genes, Citric acid cycle related proteins, Disease related genes, Enzymes, Human disease related genes, Metabolic proteins, Plasma proteins, Potential drug targets, Predicted intracellular proteins, Transporters",0.8472936121220412,0.865,0.865
SERPINH1:P50454:OID31322:v1,SERPINH1,SERPINH1,P50454,1,Low tissue specificity,Detected in all,,,0.0,Low tissue specificity,Detected in all,,,0.0,Intracellular and membrane,"Disease related genes, Human disease related genes, Plasma proteins, Predicted intracellular proteins",0.5025,0.5025,0.5025
SERPINI2:O75830:OID31504:v1,SERPINI2,SERPINI2,O75830,1,Tissue enriched,Detected in some,265,pancreas,1338.6,Tissue enriched,Detected in single,1118100,pancreas,111809979.9,Secreted to digestive system,Predicted secreted proteins,1.0,1.0,1.0
SH3BP1:Q9Y3L3:OID31439:v1,SH3BP1,SH3BP1,Q9Y3L3,1,Tissue enhanced,Detected in many,,esophagus,38.9,Group enriched,Detected in many,,lymphoid tissue,10207803.8,,"Metabolic proteins, Predicted intracellular proteins",0.771716085362671,0.9324999999999999,0.9324999999999999
SHPK:Q9UHJ6:OID31292:v1,SHPK,SHPK,Q9UHJ6,1,Low tissue specificity,Detected in all,,,0.0,Tissue enhanced,Detected in many,,liver,64732967.5,,"Disease related genes, Enzymes, Metabolic proteins, Potential drug targets, Predicted intracellular proteins",0.5025,0.865,0.865
SLC28A1:O00337:OID31220:v1,SLC28A1,SLC28A1,O00337,1,Group enriched,Detected in some,21,liver,106.7,Group enriched,Detected in some,3876,kidney,523992.2,,"Disease related genes, Metabolic proteins, Potential drug targets, Predicted membrane proteins, Transporters",0.7669174663971451,0.9324999999999999,0.9324999999999999
SLC34A3:Q8N130:OID31203:v1,SLC34A3,SLC34A3,Q8N130,1,Tissue enhanced,Detected in some,,kidney,14.3,Tissue enriched,Detected in single,19,kidney,1943.9,,"Disease related genes, Human disease related genes, Metabolic proteins, Potential drug targets, Predicted membrane proteins, Transporters",0.8150000000000001,0.877189364160208,0.877189364160208
SLC9A3R2:Q15599:OID31445:v1,SLC9A3R2,SLC9A3R2,Q15599,1,Tissue enhanced,Detected in many,,heart muscle,571.9,Low tissue specificity,Detected in all,,,0.0,,"Predicted intracellular proteins, Transporters",0.8488453204455464,0.5025,0.8488453204455464
SLIRP:Q9GZT3:OID31174:v1,SLIRP,SLIRP,Q9GZT3,1,Low tissue specificity,Detected in all,,,0.0,Low tissue specificity,Detected in all,,,0.0,,Predicted intracellular proteins,0.5025,0.5025,0.5025
SLMAP:Q14BN4:OID31441:v1,SLMAP,SLMAP,Q14BN4,1,Low tissue specificity,Detected in all,,,0.0,Tissue enhanced,Detected in all,,heart muscle,204222403.4,,"Predicted intracellular proteins, Predicted membrane proteins",0.5025,0.865,0.865
SMAD2:Q15796:OID31353:v1,SMAD2,SMAD2,Q15796,1,Low tissue specificity,Detected in all,,,0.0,Tissue enhanced,Detected in many,,intestine,53644951.8,,"Cancer-related genes, Disease related genes, Human disease related genes, Plasma proteins, Predicted intracellular proteins, Predicted membrane proteins, Transcription factors",0.5025,0.865,0.865
SMAD3:P84022:OID31418:v1,SMAD3,SMAD3,P84022,1,Low tissue specificity,Detected in all,,,0.0,Tissue enhanced,Detected in many,,pancreas,1977138.2,,"Cancer-related genes, Disease related genes, Human disease related genes, Predicted intracellular proteins, Transcription factors",0.5025,0.865,0.865
SMNDC1:O75940:OID31471:v1,SMNDC1,SMNDC1,O75940,1,Low tissue specificity,Detected in all,,,0.0,Tissue enhanced,Detected in many,,bone marrow,8596453.0,,"Essential proteins, Predicted intracellular proteins",0.5025,0.865,0.865
SNX18:Q96RF0:OID31476:v1,SNX18,SNX18,Q96RF0,1,Tissue enhanced,Detected in all,,bone marrow,64.2,Tissue enhanced,Detected in all,,blood vessel,77208203.4,,"Plasma proteins, Predicted intracellular proteins",0.7859323417134417,0.865,0.865
SNX2:O60749:OID31374:v1,SNX2,SNX2,O60749,1,Low tissue specificity,Detected in all,,,0.0,Low tissue specificity,Detected in all,,,0.0,,Predicted intracellular proteins,0.5025,0.5025,0.5025
SPINT3:P49223:OID31509:v1,SPINT3,SPINT3,P49223,1,Group enriched,Detected in some,6,seminal vesicle,10.1,Not detected,Not detected,,,0.0,Secreted in male reproductive system,Predicted secreted proteins,0.6800732973134807,0.35,0.6800732973134807
SPRING1:Q9H741:OID31197:v1,SPRING1,SPRING1,Q9H741,1,Tissue enhanced,Detected in all,,thyroid gland,35.0,Not detected,Not detected,,,0.0,,Predicted intracellular proteins,0.7687384898704221,0.35,0.7687384898704221
SPRR1B:P22528:OID31296:v1,SPRR1B,SPRR1B,P22528,1,Tissue enhanced,Detected in many,,esophagus,2176.6,Not detected,Not detected,,,0.0,,"Cancer-related genes, Essential proteins, Predicted intracellular proteins",0.865,0.35,0.865
SSH3:Q8TE77:OID31216:v1,SSH3,SSH3,Q8TE77,1,Low tissue specificity,Detected in all,,,0.0,Low tissue specificity,Detected in many,,,0.0,,"Enzymes, Predicted intracellular proteins",0.5025,0.5525,0.5525
SSNA1:O43805:OID31453:v1,SSNA1,SSNA1,O43805,1,Low tissue specificity,Detected in all,,,0.0,Tissue enriched,Detected in many,,heart muscle,13749274.9,,Predicted intracellular proteins,0.5025,1.0,1.0
STAU1:O95793:OID31210:v1,STAU1,STAU1,O95793,1,Low tissue specificity,Detected in all,,,0.0,Low tissue specificity,Detected in all,,,0.0,,"Plasma proteins, Predicted intracellular proteins",0.5025,0.5025,0.5025
STOML2:Q9UJZ1:OID31183:v1,STOML2,STOML2,Q9UJZ1,1,Low tissue specificity,Detected in all,,,0.0,Low tissue specificity,Detected in all,,,0.0,,Predicted intracellular proteins,0.5025,0.5025,0.5025
SUGP1:Q8IWZ8:OID31524:v1,SUGP1,SUGP1,Q8IWZ8,1,Low tissue specificity,Detected in all,,,0.0,Tissue enhanced,Detected in many,,fallopian tube,649634.9,,"Essential proteins, Predicted intracellular proteins",0.5025,0.865,0.865
SUSD4:Q5VX71:OID31398:v1,SUSD4,SUSD4,Q5VX71,1,Tissue enhanced,Detected in many,,brain,47.5,Not detected,Not detected,,,0.0,Intracellular and membrane,"Predicted intracellular proteins, Predicted membrane proteins",0.7773665239809878,0.35,0.7773665239809878
SWAP70:Q9UH65:OID31477:v1,SWAP70,SWAP70,Q9UH65,1,Low tissue specificity,Detected in all,,,0.0,Tissue enhanced,Detected in many,,lymphoid tissue,69211058.3,,Predicted intracellular proteins,0.5025,0.865,0.865
TAB2:Q9NYJ8:OID31319:v1,TAB2,TAB2,Q9NYJ8,1,Low tissue specificity,Detected in all,,,0.0,Tissue enhanced,Detected in many,,heart muscle,2852850.8,,"Disease related genes, Human disease related genes, Predicted intracellular proteins",0.5025,0.865,0.865
TADA3:O75528:OID31422:v1,TADA3,TADA3,O75528,1,Low tissue specificity,Detected in all,,,0.0,Group enriched,Detected in many,,bone marrow,2981039.9,,Predicted intracellular proteins,0.5025,0.9324999999999999,0.9324999999999999
TDP1:Q9NUW8:OID31403:v1,TDP1,TDP1,Q9NUW8,1,Low tissue specificity,Detected in all,,,0.0,Group enriched,Detected in some,,bone marrow,746521.5,,"Disease related genes, Human disease related genes, Predicted intracellular proteins",0.5025,0.9324999999999999,0.9324999999999999
TET2:Q6N021:OID31266:v1,TET2,TET2,Q6N021,1,Low tissue specificity,Detected in many,,,0.0,Not detected,Not detected,,,0.0,,"Cancer-related genes, Disease related genes, Enzymes, Human disease related genes, Potential drug targets, Predicted intracellular proteins",0.5525,0.35,0.5525
TG:P01266:OID31359:v1,TG,TG,P01266,1,Tissue enriched,Detected in many,685,thyroid gland,8743.8,Tissue enriched,Detected in single,223,cerebral cortex,22271.7,Secreted in other tissues,"Cancer-related genes, Disease related genes, Human disease related genes, Plasma proteins, Predicted intracellular proteins, Predicted secreted proteins",1.0,1.0,1.0
TGFB2:P61812:OID31417:v1,TGFB2,TGFB2,P61812,1,Low tissue specificity,Detected in many,,,0.0,Tissue enriched,Detected in many,,blood vessel,729042.0,Secreted to blood,"Cancer-related genes, Disease related genes, Human disease related genes, Predicted secreted proteins",0.5525,1.0,1.0
THAP12:O43422:OID31238:v1,THAP12,THAP12,O43422,1,Low tissue specificity,Detected in many,,,0.0,Tissue enriched,Detected in single,2770,lymphoid tissue,276953.9,,"Plasma proteins, Predicted membrane proteins, Transcription factors",0.5525,1.0,1.0
THTPA:Q9BU02:OID31375:v1,THTPA,THTPA,Q9BU02,1,Low tissue specificity,Detected in all,,,0.0,Low tissue specificity,Detected in all,,,0.0,,"Enzymes, Metabolic proteins, Predicted intracellular proteins",0.5025,0.5025,0.5025
TIGIT:Q495A1:OID31320:v1,TIGIT,TIGIT,Q495A1,1,Tissue enriched,Detected in some,7,lymphoid tissue,36.1,Not detected,Not detected,,,0.0,,Predicted membrane proteins,0.7577000073848724,0.35,0.7577000073848724
TK1:P04183:OID31294:v1,TK1,TK1,P04183,1,Tissue enhanced,Detected in many,,bone marrow,73.4,Group enriched,Detected in some,210,bone marrow,27357.2,,"Cancer-related genes, Enzymes, Metabolic proteins, Plasma proteins, Predicted intracellular proteins",0.7897534781446156,0.9324999999999999,0.9324999999999999
TMED8:Q6PL24:OID31462:v1,TMED8,TMED8,Q6PL24,1,Low tissue specificity,Detected in all,,,0.0,Tissue enhanced,Detected in many,,cerebral cortex,4114227.8,,Predicted intracellular proteins,0.5025,0.865,0.865
TMEM106A:Q96A25:OID31411:v1,TMEM106A,TMEM106A,Q96A25,1,Tissue enhanced,Detected in many,,kidney,20.4,Tissue enriched,Detected in single,152,lymphoid tissue,15233.5,,"Predicted membrane proteins, Transporters",0.755,1.0,1.0
TNFAIP2:Q03169:OID31446:v1,TNFAIP2,TNFAIP2,Q03169,1,Tissue enhanced,Detected in all,,urinary bladder,258.7,Tissue enhanced,Detected in many,,Stomach,5380843.8,,"Cancer-related genes, Plasma proteins, Predicted intracellular proteins, Transporters",0.8259415096136833,0.865,0.865
TOP1:P11387:OID31449:v1,TOP1,TOP1,P11387,1,Low tissue specificity,Detected in all,,,0.0,Low tissue specificity,Detected in many,,,0.0,,"Cancer-related genes, Disease related genes, Enzymes, Essential proteins, FDA approved drug targets, Predicted intracellular proteins",0.5025,0.5525,0.5525
TRDMT1:O14717:OID31335:v1,TRDMT1,TRDMT1,O14717,1,Low tissue specificity,Detected in many,,,0.0,Not detected,Not detected,,,0.0,,"Enzymes, Metabolic proteins, Predicted intracellular proteins",0.5525,0.35,0.5525
TRIM24:O15164:OID31271:v1,TRIM24,TRIM24,O15164,1,Low tissue specificity,Detected in all,,,0.0,Tissue enhanced,Detected in some,,ovary,523072.6,,"Cancer-related genes, Disease related genes, Enzymes, Plasma proteins, Potential drug targets, Predicted intracellular proteins",0.5025,0.865,0.865
TRIM25:Q14258:OID31482:v1,TRIM25,TRIM25,Q14258,1,Low tissue specificity,Detected in all,,,0.0,Low tissue specificity,Detected in many,,,0.0,,"Cancer-related genes, Enzymes, Plasma proteins, Predicted intracellular proteins",0.5025,0.5525,0.5525
TRIM58:Q8NG06:OID31429:v1,TRIM58,TRIM58,Q8NG06,1,Group enriched,Detected in some,4,bone marrow,30.3,Tissue enriched,Detected in some,,bone marrow,6567836.4,,"Enzymes, Predicted intracellular proteins",0.6545560259036266,1.0,1.0
TSPAN8:P19075:OID31470:v1,TSPAN8,TSPAN8,P19075,1,Tissue enhanced,Detected in many,,intestine,891.6,Group enriched,Detected in many,,Stomach,25049876.5,,"Cancer-related genes, Predicted membrane proteins",0.8616820004246435,0.9324999999999999,0.9324999999999999
TXK:P42681:OID31262:v1,TXK,TXK,P42681,1,Tissue enhanced,Detected in many,,lymphoid tissue,14.4,Not detected,Not detected,,,0.0,,"Enzymes, Predicted intracellular proteins",0.755,0.35,0.755
UFD1:Q92890:OID31486:v1,UFD1,UFD1,Q92890,1,Low tissue specificity,Detected in all,,,0.0,Low tissue specificity,Detected in all,,,0.0,,"Essential proteins, Predicted intracellular proteins, Transporters",0.5025,0.5025,0.5025
UNC79:Q9P2D8:OID31181:v1,UNC79,UNC79,Q9P2D8,1,Group enriched,Detected in some,4,brain,12.8,Not detected,Not detected,,,0.0,,"Predicted membrane proteins, Transporters",0.6545560259036266,0.35,0.6545560259036266
USP25:Q9UHP3:OID31428:v1,USP25,USP25,Q9UHP3,1,Tissue enhanced,Detected in all,,skeletal muscle,112.9,Tissue enriched,Detected in many,,pancreas,16238057.9,,"Enzymes, Metabolic proteins, Plasma proteins, Predicted intracellular proteins",0.8020817469055543,1.0,1.0
VCPKMT:Q9H867:OID31179:v1,VCPKMT,VCPKMT,Q9H867,1,Low tissue specificity,Detected in all,,,0.0,Group enriched,Detected in some,,cerebral cortex,1803783.1,,Predicted intracellular proteins,0.5025,0.9324999999999999,0.9324999999999999
VPS28:Q9UK41:OID31273:v1,VPS28,VPS28,Q9UK41,1,Low tissue specificity,Detected in many,,,0.0,Low tissue specificity,Detected in all,,,0.0,,"Essential proteins, Predicted intracellular proteins",0.5525,0.5025,0.5525
VPS4B:O75351:OID31386:v1,VPS4B,VPS4B,O75351,1,Low tissue specificity,Detected in all,,,0.0,Low tissue specificity,Detected in all,,,0.0,,"Enzymes, Plasma proteins, Predicted intracellular proteins",0.5025,0.5025,0.5025
VSIG10:Q8N0Z9:OID31400:v1,VSIG10,VSIG10,Q8N0Z9,1,Low tissue specificity,Detected in many,,,0.0,Group enriched,Detected in some,4370,intestine,469571.7,,"Predicted intracellular proteins, Predicted membrane proteins",0.5525,0.9324999999999999,0.9324999999999999
VSIG2:Q96IQ7:OID31371:v1,VSIG2,VSIG2,Q96IQ7,1,Tissue enriched,Detected in many,5,stomach 1,584.2,Tissue enriched,Detected in some,,Stomach,14345392.2,,Predicted membrane proteins,0.7703431329657862,1.0,1.0
WDR46:O15213:OID31389:v1,WDR46,WDR46,O15213,1,Low tissue specificity,Detected in all,,,0.0,Tissue enriched,Detected in single,331,lymphoid tissue,33084.0,,"Essential proteins, Plasma proteins, Predicted intracellular proteins",0.5025,1.0,1.0
WFDC1:Q9HC57:OID31366:v1,WFDC1,WFDC1,Q9HC57,1,Tissue enhanced,Detected in many,,seminal vesicle,108.3,Not detected,Not detected,,,0.0,Secreted to extracellular matrix,Predicted secreted proteins,0.8008883487726789,0.35,0.8008883487726789
YARS1:P54577:OID31494:v1,YARS1,YARS1,P54577,1,Low tissue specificity,Detected in all,,,0.0,Tissue enhanced,Detected in all,,pancreas,228167153.9,,"Disease related genes, Enzymes, Essential proteins, Human disease related genes, Metabolic proteins, Plasma proteins, Potential drug targets, Predicted intracellular proteins",0.5025,0.865,0.865
YJU2:Q9BW85:OID31404:v1,YJU2,YJU2,Q9BW85,1,Low tissue specificity,Detected in all,,,0.0,Group enriched,Detected in some,,bone marrow,592428.2,,"Essential proteins, Predicted intracellular proteins",0.5025,0.9324999999999999,0.9324999999999999
ZFYVE19:Q96K21:OID31452:v1,ZFYVE19,ZFYVE19,Q96K21,1,Low tissue specificity,Detected in all,,,0.0,Tissue enhanced,Detected in many,,kidney,456758.2,,"Disease related genes, Human disease related genes, Predicted intracellular proteins",0.5025,0.865,0.865
ZNF830:Q96NB3:OID31350:v1,ZNF830,ZNF830,Q96NB3,1,Low tissue specificity,Detected in all,,,0.0,Tissue enriched,Detected in some,,lymphoid tissue,15686592.7,,"Essential proteins, Predicted intracellular proteins",0.5025,1.0,1.0
ZNRD2:O60232:OID31450:v1,ZNRD2,ZNRD2,O60232,1,Low tissue specificity,Detected in all,,,0.0,Low tissue specificity,Detected in all,,,0.0,,Predicted intracellular proteins,0.5025,0.5025,0.5025
ZNRF4:Q8WWF5:OID31347:v1,ZNRF4,ZNRF4,Q8WWF5,1,Tissue enriched,Detected in single,455,testis,112.5,Not detected,Not detected,,,0.0,,"Enzymes, Predicted membrane proteins",1.0,0.35,1.0
